surah_number,ayah_number,tafsir_text
9,1,"بيان تفصيلي للسورة

قوه تعالى :  {  براءة من الله ورسوله إلى الذين عهدتم من المشركين 1 فسيحوا في الأرض أربعة أشهر واعلموا أنكم غير معجزي الله وأن الله مخزي الكافرين } .

هذه السورة العظيمة من أواخر ما أنزل على رسول الله صلى الله عليه وسلم ؛  فقد روي البخاري عن البراءة قال :  أخر آية نزلت {  يستفتونك قل الله يفتيكم في الكلالة } وآخر سورة نزلت براءة .  وإنما لم يبسمل في أولها ؛  لأن الصحابة لم يكتبوا البسملة في أولها في المصحف الإمام بل اقتدوا في ذلك بأمير المؤمنين عثمان بن عفان رضي الله عنه .  وقد روي الترمذي بإسناده عن ابن عباس قال :  قلت لعثمان بن عفان :  ما حملكم أن عمدتم إلى الأنفال وهي من المثاني ،  وإلى براءة وهي من المئين وقرنتم بينهما ولم تكتبوا بينهما سطر {  بسم الله الرحمان الرحيم } ووضعتموها في السبع الطوال .  ما حملكم على ذلك ؟  فقال عثمان :  كان رسول الله صلى الله عليه وسلم كان مما يأتي عليه الزمان وهو ينزل عليه السور ذوات العدد ،  فكان إذا نزل عليه الشيء دعا بعض من كان يكتب فيقول :  ( ضعوا هذه الآية في السورة التي يذكر فيها كذا وكذا ) وكانت الأنفال من أول ما نزل بالمدية وكانت براءة من آخر ما نزل من القرآن وكان قصتها شبيهة بقصتها وخشيت أنها منها ،  وقبض رسول الله صلى الله عليه وسلم ولم يبين لنا أنها منها ؛  فمن أجل ذلك قرنت بينهما ولم أكتب بينهما سطر {  بسم الله الرحمان الرحيم } ووضعتها في السبع الطوال .

قوله :  {  براءة من الله ورسوله } {  براءة } ،  مرفوع خبر لمبتدأ محذوف .  وتقديره :  هذه براءة .  وقيل :  براءة مرفوع على أنه مبتدأ وخبره قوله :  {  إلى الذين عهدتم }  والبراءة تعني انقطاع العصمة .  يقال :  برئت من فلان أبرأ براءة ؛  أي انقطعت بيننا العصمة .

وقد روي أن النبي صلى الله عليه وسلم لما خرج إلى غزوة تبوك وتخلف المنافقون وأرجفوا بالأراجيف ،  جعل المشركون ينقضون العهد ،  فنبذ رسول الله صلى الله عليه وسلم إليهم العهد .

وإذا قل :  كيف يجوز للنبي أن ينقض العهد ؟  فإنه يجاب عن ذلك بأنه يجوز له نقض العهد مع المشركين على ثلاثة أوجه :

الوجه الأول :  أن تظهر منهم الخيانة فيخشى معها غدرهم وضررهم فينبذ لهم العهد حتى يستوي المؤمنون والكافرون مع معرفة نقض العهد .  وهو ما بيناه سابقا في النبذ على سواء عند الخوف من خيانة العدو .

الوجه الثاني :  أن يكون الإمام قد شرط لهم أو لبعضهم أن يقرهم على العهد فيما ذكر من المدة إلى أمر الله تعالى بقطعه فلما أمر بقطعه قطعه لأجل الشرط .

الوجه الثالث :  أن يكون مؤجلا إلى مدة معلومة ،  فإذا قضي الأجل انقضى العهد .  وفيما وراء هذه الأحوال الثلاثة لا يجوز نقض العهد ."
9,2,"قوله :  {  فسيحوا في الأرض أربعة أشهر } سيحوا من السياحة وهي الضرب في الأرض والبعد عن المدن والعمران مع الإقلال من الطعام والشراب .  والمعنى :  اذهبوا في الأرض كيف شئتم .  وليس ذلك من باب الأمر ؛  بل المقصود الإباحة فهي إطلاق ،  لهم وإعلام بحصول الأمان لهم وزوال الخوف عنهم ؛  فهم بذلك يسيحون في الأرض آمنين مطمئنين من القتل في هذه المدة .  ويستفاد من قوله :  {  أربعة أشهر } أن من كانت مدة عهده أكثر من أربعة أشهر حطها إلى أربعة ومن كانت مدته أقل من أربعة أشهر رفعها إلى أربعة .

والمراد من ذلك تنذير المشركين وتحذيرهم ؛  فيتفكرون خلال هذه المدة ؛  ليعلموا أنه لا حيلة لهم في مواجهة المسلمين وقتالهم ؛  فليس لهم إلا الإسلام ؛  ليكونوا مع بقية المسلمين سواء في العقيدة والدين ،  أو الجزية ؛  فيأمنون على أنفسهم وأموالهم وعبادتهم وإقامتهم .  وإن أبوا ؛  فلا يستحقون بذلك عنه غير المواجهة والقتال .

قوله :  {  واعلموا أنكم غير معجزي الله وأن الله مخزي الكافرين } ذلك إعلان للمشركين أنهم غير فائتين ولا هاربين من إحاطة الله وقدره وإن أمهلهم الله ؛  فإنه في كل الأحوال محيط بهم ،  وهو مخزيهم بإيجاب قتلهم وأسرهم في الدنيا ،  وتعذيبهم بناره في الآخرة ."
9,3,"قوله تعالى :  {  وأذان من الله ورسوله إلى الناس يوم الحج الأكبر أن الله برئ من المشركين فإن تبتم فهو خير لكم وإن توليتم فاعلموا أنكم غير معجزي الله وبشر الذين كفروا بعذاب أليم } {  وأذان } ،  معطوف على براءة .  وفيه الوجهان من الإعراب اللذان ذكرا في {  براءة } وهو أنه خبر مبتدأ محذوف .  أو أنه مبتدأ ،  وخبره قوله :  {  إلى الناس يوم الحج }  والأذان ،  معناه الإعلام .  وهذا إعلام صادر من الله ورسوله إلى الناس وهم جميع الخلق {  يوم الحج الأكبر } واختلفوا في المراد بالحج الأكبر على قولين .  أحدهما :  أنه يوم عرفة ،  وهو مروي عن ابن عباس وعمر وعثمان وسعيد بن المسيب وابن الزبير وعطاء وطاووس ،  وهو مذهب أبي حنيفة والشافعي ؛  فقد احتجوا بما روي عن رسول الله صلى الله عليه وسلم أنه خطيب عشية عرفة فقال :  ( أما بعد ،  فإن هذا يوم الحج الكبر ) .

ثانيهما :  أنه يوم النحر ،  الذي هو أفضل المناسك وأظهرها .  وهو رواية عن أبي عباس ،  وهو قول المغيرة بن شعبة وسعيد بن جبير –واحتجوا بما رواه أبو داود عن ابن عكر أن رسول الله صلى الله عليه وسلم وقف يوم النحر في الحجة التي حج فيها فقال :  ( أي يوم هدا ؟  ) فقالوا :  يوم النحر .  فقال :  ( هذا يوم الحج الأكبر ) .

وأخرج البخاري عن أبي هريرة قال :  بعثني أبو بكر بالصديق ( رضي الله عنه ) فيمن يؤذن يوم النحر بمنى :  لا يحج بعد العام مشرك ،  ولا يطوف بالبيت عريان ،  ويوم الحج الكبر يوم النحر .  وقيل :  يوم الحج الكبر ،  أيام منى كلها .

أما سبب التسمية بالحج الكبر ؛  فلأن العمرة تسمى الحج الأصغر .  وهذا هو الحج الأكبر .  وقيل :  سمي بذلك ؛  لاجتماع المسلمين والمشركين فيه ؛  فقد حجوا جميعا في تلك السنة .  وقيل غير ذلك .

قوله :  {  أن الله برئ من المشركين ورسوله } رسوله ،  مرفوع بالابتداء ،  وخبره محذوف وتقديره :  ورسوله برئ .  وقيل :  مرفوع بالعطف على الضمير المرفوع في {  برئ }  على أن الفرق بين قوله :  {  براءة من الله ورسوله إلى الذين عاهدتم من المشركين } وقوله :  {  أن الله برئ من المشركين ورسوله :  {  من وجهين :

الوجه الأول :  أن المقصود من الكلام الأول :  الإخبار بثبوت البراءة .  أما المقصود من الكلام الثاني :  إعلام جميع الناس بما حصل وثبت .

الوجه الثاني :  أن الله تعالى قد أظهر في الكلام الأول البراءة عن المشركين الذين عاهدوا ونفضوا العهد .  أما في هذه الآية :  فقد أظهر الله فيها البراءة عن المشركين من غير أن يصفهم بوصف معين ،  وفي ذلك تنبيه إلى أن الموجب لهذه البراءة هو كفرهم وشركهم .

قوله :  {  فإن تبتم فهو خير لكم وإن توليتم فاعلموا أنكم غير معجزي الله } يدعوا الله المشركين إلى التوبة من الشرك والضلال ،  فإن تابوا فهو خير لهم ؛  لما يفضي إليه ذلك من النجاة في الدارين .  لكنهم عن تولوا واستمروا على شركهم وضلالهم وعتوهم ؛  فإنهم غير معجزين ؛  بل إن الله قادر عليهم ؛  فهم في قبضته وتحت قهره وجبروته ،  فلا يعز عليه إهلاكهم وتدميرهم .

قوله :  {  وبشر الذين كفروا بعذاب أليم } لفظ البشارة ورد هنا على سبيل التهكم والاستهزاء بالمشركين الذين ظلموا أنفسهم وسفهوا عقولهم بشركهم وضلالهم .  والمراد الإخبار من اله بأن لهم العذاب الشديد في الآخرة فوق ما يحيق بهم من العذاب في الدنيا بالإذلال والخزي .

قال محمد بن إسحاق في هذا الصدد عن أبي جعفر محمد بن علي بن الحسين ابن علي قال :  لما نزلت براءة رسول الله صلى الله عليه وسلم ،  وقد كان بعث أبا بكر ليقيم الحج للناس فقيل :  يا رسول الله لو بعثت إلى أبي بكر ،  فقال :  ( لا يؤدي عني إلا رجل من أهل بيتي ) ثم دعا عليا فقال :  ( اذهب بهذه القصة من سورة براءة وأذن في الناس يوم النحر إذا اجتمعوا بمنى أنه لا يدخل الجنة كافر ،  ولا يحج بعد العام مشرك ،  ولا يطوف بالبيت عريان ،  ومن كان له عهد عند رسول الله صلى الله عليه وسلم فهو له إلى مدته ) فخرج علي ( رضي الله عنه ) على ناقة رسول الله صلى الله عليه وسلم العضباء حتى أدرك أن أبا بكر في الطريق فلما رآه أبو بكر قال :  أمير أو مأمور ؟  فقال :  بل مأمور .  ثم مضيا ،  فأقام أبو بكر للناس الحج ذاك في تلك السنة على منازلهم من الحج التي كانوا عليها في الجاهلية ،  حتى إذا كان يوم النحر قام علي بن أبي طالب فأذن في الناس بالذي أمره رسول الله صلى الله عليه وسلم ،  فقال :  يا أيها الناس إنه لا يدخل الجنة كافر ،  ولا يحج بعد العام مشرك ،  ولا يطوف بالبيت عريان ،  ومن كان له عهد عند رسول الله صلى الله عليه وسلم فهو إلى مدته .  فلم يحج بعد ذلك العام مشرك ،  ولم يطف بالبيت عريان .  ثم قدما على رسول الله صلى الله عليه وسلم ،  فكان هذا من براءة فيمن كان من أهل الشرك من أهل العهد وأهل المدة إلى الأجل المسمى .

وعن أبي الصهباء البكري قال :  سألت عليا عن يوم الحج الأكبر .  فقال :  إن رسول الله صلى الله عليه وسلم بعث أبا بكر بن أبي قحافة يقيم للناس يوم الحج ،  وبعثني معه بأربعين آية من براءة ،  حتى أتى عرفة فخطب الناس يوم عرفة ،  فلما قضى خطبته التفت إلي فقال :  قم يا علي فأد رسالة رسول الله صلى الله عليه وسلم .  فقمت فقرأت عليهم أربعين أية من براءة ،  ثم صدرنا فأتينا منى ،  فرميت الجمرة ،  ونحرت البدنة ،  ثم حلقت رأسي ،  وعلمت أن أهل الجمعة لم يكونوا كلهم حضروا خطبة أبي بكر يوم عرفة ،  فطفت أتتبع بها الفساطيط أقرأها عليهم ."
9,4,"قوله تعالى :  {  إلا الذين عاهدتم من المشركين ثم لم ينقضوكم شيئا ولم يظاهروا عليكم أحدا فأتموا إليهم عهدهم إلى مدتهم إن الله يحب المتقين } الاستثناء من حيث عودة فيه قولان .  أحدهما :  أنه عائد إلى {  براءة } والتقدير هو {  براءة من الله ورسوله } إلى المشركين المعاهدين إلا من الذين لم ينقضوا العهد .

ثانيهما :  أنه مستثنى من قوله :  {  فسيحوا في الأرض } لأن الكلام خطاب للمسلمين فيكون المعنى :  براءة من الله ورسوله إلى الذين عاهدتم من المشركين ،  فقالوا لهم :  سيحوا إلا الذين عاهدتم منهم ثم لم ينقضوا فأتموا إليهم عهدهم ،  ولا تجروهم مجراهم ،  ولا تجعلوا الوفي كالغادر .  وهذا قول الزمخشري في الكشاف .

قوله :  {  ثم لم ينقضوكم شيئا } أي لم يقع منهم أيما نقص في الوفاء بعدهم {  ولم يظهروا عليكم أحدا } أي لم يعانوا عليكم أحدا من أعدائكم {  فأتموا إليهم عاهدهم إلى مدتهم } أي أدوا عهدهم الذي عاهدتموهم إلى مدتهم وإن كانت أكثر من أربعة أشهر .  فلا تعاملوا الأوفياء معاملة الناكثين الغادرين بعد المدة المذكورة .

قال ابن عباس في هذا الصدد :  بقي لحي من كنانة من عهدهم تسعة أشهر فأتم إليهم عهدهم .

قوله :  {  إن الله يحب المتقين } الذين يوفون بعدهم ؛  فإن من شيم الإيمان وعلائم التقوى :  الصدق في القول ،  والوفاء في العهود والمواثيق ."
9,5,"قوله تعالى :  {  فإذا انسلخ الأشهر الحرام فاقتلوا المشركين حيث وجدتموهم وخذوهم واحصروهم واقعدوا لهم كل مرصد فإن تابوا وأقاموا الصلاة وآتوا الزكاة فخلوا سبيلهم إن الله غفور رحيم } انسلاخ الأشهر الحرم ؛  أي مضيها .  سلخت الشهر :  أمضيته وصرت في آخره .

واختلف العلماء في المراد بالأشهر الحرم في هذه الآية على ثلاثة أقوال :

القول الأول :  إنها الأشهر الحرم المعروفة التي هي ذو القعدة وذو الحجة ومحرم ورجب ؛  فهي ثلاثة سرد ،  وواحدا فرد .  وعلى هذا المعنى وجب الإمساك عن قتال من ليس له عهد من المشركين حتى انسلاخ الأشهر الحرم وهي مدة خمسين يوما ؛  لأن النداء بذلك كان يوم النحر ؛  فكان الباقي من الأشهر الحرم التي هي المسودة خمسين يوما تنقضي بانقضاء شهر محرم .  وقد أمرهم الله بعد مرور هذه المدة أن يتقلوا المشركين حيث يجدونهم .  وهو قول جماعة ،  وهي رواية عن ابن عباس .

القول الثاني :  إن المراد بها شهور العهد وهي الأربعة المشار إليها في قوله :  {  فأتموا إليهم عهدهم إلى مدتهم } وسميت حرما ؛  لأن الله حرم فيها على المؤمنين دماء المشركين أو التعرض لهم بأذى .

القول الثالث :  إنها الأشهر المذكورة في قوله :  {  فسيحوا في الأرض أربعة أشهر } وهي رواية أخرى عن ابن عباس ،  وقول جماعة آخرين .

قوله :  {  فاقتلوا المشركين حيث وجدتموهم } المشركون عام في كل مشرك .  لكن هذا العموم مخصوص بالسنة ؛  فخرج من المشركين في وجوب القتال كل من النساء والصبيان والرهبان والعاجزون عن القتال لهرم ونحوه .  وقد مر تفصيل هذه المسألة في سورة البقرة .  وهو كذلك مخصوص بأهل الكتاب ؛  فإنهم يجوز لهم أن يعقد لهم المسلمون عقد الذمة على أن يؤدوا الجزية .

قوله :  {  حيث وجدتموهم } أي في كل موضع يجدونهم فيه .  وقيل :  هذا عام وقد خص بتحريم القتال في الحرم .  وهو قول أبي حنيفة محتجا بقوله تعالى :  {  ولا تقتلوهم عند المسجد الحرام حتى يقاتلوكم فيه فإنه قتلوكم فاقتلوهم } .

قوله :  {  وخذوهم واحصروهم } المراد بالأخذ هنا ،  الأسر ،  فإن أسروهم ؛  قضوا فيهم ما يرونه أصلح ،  سواء في ذلك المن أو الفداء أو القتل .  وذلك منوط بالإمام ومعه الفئة الظاهرة من أهل العلم والاجتهاد .

أما حصرهم :  فالمراد به منعهم من الخروج أو التصرف في البلاد .

قوله :  {  واقعدوا لهم كل مرصد } {  كل } ،  منصوب ،  على الظرف والمرصد ،  هو موضع الرصد .  ومنه الرصد ؛  أي الراقب .  والترصد معناه الترقب والمراد بالرصد هنا ؛  الموضع الذي يرقب فيه العدو ؛  أي اقعدوا لهم على كل طريق يمضون فيه إلى البيت أو الصحراء أو التجارة .

قوله :  {  فإن تابوا وأقاموا الصلاة وآتوا الزكاة فخلوا سبيلهم } أي تابوا عن الشرك وخلعوا عن أنفسهم هوى العبودية لغير الله من الأصنام ونحوها .  فآمنوا بالله ورسوله .  وثمة شرطان آخران مضافان للإيمان بالله ورسوله لتتحقق التوبة الصحيحة فيخلى المسلمون سبيلهم .  أولهما :  الصلاة .  ولا خلاف بين المسلمين أن من ترك الصلاة أو سائر الفرائض استحلالا أو جحدا ؛  فقد كفر .  أما من تركها من غير جحد لها ولا استحلال ،  بل على سبيل التهاون والتثاقل أو الكسل ؛  فإنه يكون فاسقا لكنه يقتل حدا وعقوبة ،  في قول مالك والشافعي ؛  ويقتل كفرا ،  في قوله أحمد وإن لم يكن جاحدا لها .  وقال أبو حنيفة :  لا يقتل بل يسجن ويضرب حتى يصلي .

وثانيهما :  الزكاة ؛  فغنها تؤخذ من ذوي النصاب قسرا إن أبوا ،  ويقاتلون عليها قتالا إن منعوها ؛  فهي اشرف أركان الإسلام وواجباته بعد الشهادة والصلاة لما فيها من منفعة للفقراء والمساكين والمحاويج .

ولهذا اعتمد الصديق ( رضي الله عنه ) في قتال مانعي الزكاة على هذه الآية ،  وعلى غيرها من أدلة السنة .  ومنها ما جاء في الصحيحين عن ابن عمر ( رضي الله عنهما ) عن رسول الله صلى الله عليه وسلم أنه قال :  ( أمرت أن أقاتل الناس حتى يشهدوا أن لا إله إلا الله وأن محمدا رسول الله ،  ويقيموا الصلاة ،  ويؤتوا الزكاة ) .

قوله :  {  فخلوا سبيلهم إن الله غفور رحيم } أي إن تحقق الشرط وهو توبتهم عن الشرك وأداؤهم الصلاة وإيتاؤهم الزكاة ؛  فدعوهم يتصرفون في بلادكم ويدخلون البيت الحرام ؛  فغن الله يغفر لمن تاب عن الذنوب وأناب إلى ربه بالطاعة وحسن العبادة .  ذلكم وأن الله رحيم بعباده يتجاوز عن سيئاتهم وخطيئاتهم ،  ويسكنهم فسيح جناته ،  ويغشاهم بفضله ورضوانه ."
9,6,"قوله تعالى :  {  وإن احد من المشركين استجارك فأجره حتى يسمع كلام الله ثم أبلغه مأمنه ذالك بأنهم قوم لا يعلمون } {  أحد } ،  فاعل لا مبتدأ ،  مرفوع بفعل مقدر دل عليه الظاهر .  وتقديره :  وإن استجارك أحد من المشركين استجارك ؛  لأن ( إن ) الشرطية تقتضي الفعل .  واستجارك أي سألك جوارك ،  والجوار معناه الأمان والذمام والعهد .  وكلام الله يراد به القرآن .  فيكون المعنى :  إذا استأمنت ،  أو طلب منك الأمان والذمام أحد من المشركين الذين أمرتك بقتالهم بعد انسلاخ الأشهر الحرم ليسمع منك القرآن عسى أن يعلمه ويتعظ به ،  فإن آمن به وصدق فحسن ،  وإن أبي ولم يتعظ مما سمعه منك ؛  فرده إلى مأمنه حيث يقيم ويأمن ؛  وهو أن يلحق بداره وقومه من المشركين .

على أن ذلك فيمن يأتي المسلمين مبتغيا سماع القرآن والوقوف على منهج الاسلام وتعاليمه .  أما الذي يأتي للتجارة أو مصالحه الأخرى فللمسلمين أن ينظروا في إجارته أو عدمها تبعا لما تقتضيه مصلحهم .

ويستوقفنا مثل هذا المعنى حواه القرآن الحكيم ،  إذ يوجب أن تعطي الفرصة كاملة للمشركين والضالين كيما يستمعوا إلى رسالة الإسلام استماعا مباشرا وعن كثب من أجل أن تطرق أسماعهم وأفئدتهم حقائق هذا الدين الكريم المفضل بما يحمله للبشرية من معالم رصينة في الأخوة والرحمة والمنطق السليم ،  وقواعد ثوابت في الحق والخير والعدل .  ومقتضى ذلك :  أن الكافر المرتاب الذي يتيه في جهالته المطبقة للإسلام والذي تحيط به المعوقات والفتن والشبهات المصطنعة والمفتراة على الإسلام –إذا جاء يطلب الحجة من المسلمين على حقيقة دينهم وصدق رسالتهم ،  قبلوه وعرضوا عليه منهج الإسلام بعقيدته السمحة المرغوبة ،  وشرعه المتكامل الميسور ،  وتصوره المحبب الرائع الذي يتفق وفطرة البشر وطبائع الناس وينسجم وطبيعة هذا الكون الرتيب المتسق .  لا جرم أن ذلك برهان ساطع على تكريم الإسلام للإنسان مسلما أو غير مسلم .  وتكريم الإنسان المسلم معلوم في تصور الإسلام .  وفي تشريعه الكبير .  وكذلك غير المسلم ؛  فإن الإسلام يحقق له من الأسباب والذرائع الحسية والذهنية ما يفضي إلى إقناعه في حرية موفورة وتودد بالغ ،  ويكشف اللبس والشبهات عن ذهنه وبصيرته بالحجة الواعية الكافية والمجادلة الحكيمة المستفيضة حتى يستيقن غير المسلم روعة هذا الدين وأنه الحق المبين المنزل من عند الله هداية الناس كافة .

من أجل ذلك شرع الأمان للمشركين في كل الأحوال كيما يتمكنوا من الدخول على المسلمين فيتعلموا منهم حقيقة هذا الدين عسى أن يهتدوا .  على أن الأمان من حيث إعطاؤه يناط بكل واحد من آحاد المسلمين سواء كان رئيسا أو مرؤوسا ،  ذكرا أو أنثى ،  حرا أو عبدا .  فأيما مسلم يجوز له أن يعطي الأمان لأحد المشركين ليلج عليه فيوفقه على مزايا هذا الدين وتعاليمه .

قال صاحب الكشاف .  وهذا الحكم ثابت إلى ثوم القيامة .  قال الحسن البصري :  هذه الآية محكمة إلى يوم القيامة .

قوله :  {  ذالك بأنهم قوم لا يعلمون } ذلك عائد إلى الإجازة ؛  أي ذلك الأمر بإجارة المشركين كان بسبب كونهم جهلة لا يعلمون عن الإسلام شيئا ،  أو يعلمون عنه ظاهرا مصطنعا من المفاهيم المشوهة والأخبار الملفقة تلفيقا .  أما حقيقة الإسلام بنصوعه وروعة نظامه الرحيم الشامل ؛  فلا يدرك منه المشركون شيئا ."
9,7,"قوله تعالى :  {  كيف يكون للمشركين عهد عند الله ورسوله إلا الذين عاهدتم عند المسجد الحرام فما استقاموا لكم فاستقيموا لهم إن الله يحب المتقين } {  كيف } استفهام إنكاري متضمن للتعجيب .  كما نقول :  كيف تستحي من الحق ؟  !  أي ما كان ينبغي لك أن تستحي من الحق .  والله جل وعلا يبين في هذه الآية حكمته في البراءة من المشركين وإنظاره إياهم أربعة أشهر ثم يرقون بعد ذلك القتال حيثما ثقفوا .  وذلك في قوله :  {  كيف يكون للمشركين عهد } يعني أنى يكون للمشركين بالله عهد أو ذمة عند الله وعند رسوله فيوفي لهم ويتركوا بسببه آمنين يتصرفون في بلاد المسلمين طلقاء كيف شاءوا ؟  فما ينبغي أن يكون لهؤلاء المتربصين الخائنين عهد أو ذمة .  بل الواجب النبذ إليهم على سواء لقتالهم وكسر شوكتهم إذهابا للظلم والباطل عن وجه الأرض .

ثم استدرك بقوله :  {  إلا الذين عاهدتم عند المسجد الحرام } أي لكن الذين عاهدتموهم عند المسجد الحرام ولم تظهر منهم بادرة من بوادر النكث والخيانة {  فما استقاموا لكم فاستقيموا لهم } أي فما استقاموا على الوفاء بالعهد فأقيموا لهم علة مثل ذلك {  إن الله يحب المتقين } أي بحب الأتقياء والأوفياء الذين يوفون بعدوهم مجانبين للغدر والخيانة ."
9,8,"قوله تعالى :  {  كيف وإن يظهروا عليكم لا يرقبوا فيكم إلا ولا ذمة يرضونكم بأفواههم وتأبي قلوبهم وأكثرهم فاسقون 8 اشتروا بآيات الله ثمنا قليلا فصدوا عن سبيله إنهم ما كانوا يعلمون } أعاد التعجيب والاستفهام الإنكاري في قوله ك {  كيف } بما يدل على استبعاد ثبات المشركين على العهد ؛  أي كيف يعطي هؤلاء الناكثون المتربصون عهدا ،  وحالهم من الخبث والغدر أنهم إن ظهروا عليكم بالغلبة أو الاستعلاء فسوف لا يرعون فيكم ولا يحفظون لكم {  إلا } والإل معناه القرابة .  وقيل :  الحلف .  {  ولا ذمة } وهي العهد .  وهم مع ذلك كله إنما يصانعوكم مصانعة ويداهنونكم مداهنة تتدلى منها حلاوة الكلام المراوغ الملفق لخداعهم ،  ولكي ترضوا عنهم {  وتأبي قلوبهم } أي ما في قلوبهم مخالف تماما لا يظهرونه من معسول الكلام وملق الحديث المخادع .  فقلوبهم إنما تنثني على الحقد والاضطغان وتفيض بالكراهية بالبالغة للإسلام والمسلمين .

قوله :  {  وأكثرهم فاسقون } أكثر المشركين راضون عن الكيد لكم والنكث بعدوهم معكم والانقضاض عليكم لاستئصالكم .  فديدن المشركين النكث ونقض العهود والتحلل من كل التزام ميلا منهم للغدر والباطل ورغبة في الطمع والإيذاء ."
9,9,قوله :  {  اشتروا بآيات الله ثمنا قليلا } لقد استبدل هؤلاء المشركون الضالون ،  بالقرآن والإسلام {  ثمنا قليلا } وهو اتباع أهوائهم وشهواتهم جريا وراء الدنيا بحطامها العارض ولعاعاتها التافهة الخسيسة .  وفوق ذلك صدوا عن سبيل الله ؛  إذ صرفوا الناس عن دين الله بفتنتهم وإغوائهم بكل صور الفتنة والغواية {  إنهم ساء ما كانوا يعملون } ساء عملهم من اتباع الباطل بالحق ،  والضلال بالهداية ومن صدهم الناس عن منهج الله وشرعه القويم .
9,10,قوله تعالى :  {  لا يرقبون في مؤمن إلا ولا ذمة وأولئك هم المعتدون } ليس في هذا تكرار ؛  لأن الأول على الخصوص ،  إذ قال :  {  لا يرقبوا فيكم } فالمراد المؤمنين زمن النبوة ؛  إذ كان المشركون يمكرون بهم ولا يرعون لهم عهدا أو قربى .  لكن الثاني على العموم ؛  لأنه قال :  {  لا يرقبون في مؤمن } وهذه صفة عامة لصيقة بالمشركين الظالمين الذين يكرهون الإسلام .  وهم على الدوام لا يرعون للمسلمين عهدا ولا حلفا ولا ميثاقا ؛  فهم متربصون حانقون {  وأولئك هم المعتدون } أي الذين جاوزوا الغاية في الكيد والظلم وافتعال الشر .
9,11,"قوله تعالى :  {  فإن تابوا وأقاموا الصلاة وآتوا الزكاة فإخوانكم في الدين ونفصل الآيات لقوم يعلمون 11 وإن نكثوا أيمانهم من بعد عهدهم وطعنوا في دينكم فقاتلوا أئمة الكفر إنهم لا أيمان لهم لعلهم ينتهون } إن عاد هؤلاء المشركون إلى الحق وأنابوا إلى الله وجانبوا الشرك والوثنية والتزموا أحكام الإسلام بإقامة الصلاة وإيتاء الزكاة ؛  فقد صاروا إخوانا لنا في الدين لا يفرق بيننا بعد ذلك أيما فارق من وطن أو إقليم أو لون أو جنس أو لغة أو مذهب ،  بل إن الجميع بعد ذلك إخوة مؤتلفون مستوون في دين الإسلام .

قوله :  {  ونفصل الآيات لقوم يعلمون } أي نبين الدلائل والبينات والبراهين ليعيها أهل التفكير وولو العلم .  وقد خصهم بذلك ؛  لأنهم أحرى أن يقفوا على حقيقة ما أنزل الله دون الجلة والرعاع ."
9,12,"{  وإن نكثوا أيمانهم من بعد عهدهم وطعنوا في دينكم } أي إن نقضوا عهودهم من بعد ما عاهدوكم وأعطوكم المواثيق بعدم الخيانة أو مظاهرة أعدائكم عليكم {  وطعنوا في دينكم } أي قدحوا في الإسلام وعابوه وانتقصوا من قدره أو ألحقوا به عيب أو مثلبة فقاتلوهم ؛  فإنهم بذلك باتوا رؤوسا في الكفر .  ويستدل بهذه الآية على وجوب قتل كل من طعن في دين الإسلام ،  فهو بطعنه ينقلب كافرا .  ومن وجوه الطعن أن ينسب خبيث أو مارق إلى الإسلام ما لا يليق به ،  أو يتقول عليه تقولا يراد به الاستخفاف أو السخرية من هذا الدين المبرأ من كل النقائص والعيوب .  لا جرم أنه لا يجترئ على قدح الإسلام والطعن فيه بشيء من وجوه الانتقاض والاستخفاف والافتراء إلا مرتد أثيم أو كافر لئيم .  وهو بكفره الشنيع هذا قد انتكس انتكاسا يهوي به في زمرة المرتدين والكافرين الخاسرين الذين نكثوا عهودهم وخانوا الله والمرسلين مع الأشقياء والمقبوحين .

ويلحق بالطاعنين الخاسرين ،  أولئك الذين يجاوزون في عصيانهم مجاوزة فظيعة تولجهم في الأخسرين الأذلين وهم الذين يسبون الرسول صلى الله عليه وسلم ،  أو يسبون الذات الإلهية ،  أو يشتمون الدين الرباني الحق .  ومن المعلوم بالضرورة أن دين الله لهم جماع الحق كله ،  وفيه تنضوي كل المعاني الكريمة في الخير والفضل والرحمة .  فشاتم الدين الحق مغال في العتو والتمرد .  وأمثال هؤلاء الخاسرين الهلكي يجب قتالهم لقوله سبحانه :  {  فقاتلوا أئمة الكفر } والأئمة جمع إمام .  والمراد به من أقدام على نكث العهد والطعن في دين الله ؛  إذ يصير بذبك رأسا من رؤوسه أو إمام من أئمته .

قوله :  {  إنهم لا أيمان لهم لعلهم ينتهون } أي لا عهود لهؤلاء المشركين الماكرين ،  فهم مخادعون دجاجلة لا يوفون بعهد ولا يؤتمنون على إيمان أو مواثيق ؛  فهم لا تعطفهم أساليب اللين والهوادة عن الشر والعداون .  لا يعطفهم إلا أن تكسر شوكتهم وتزال سطوتهم ويتبدد طغيانهم .  فلعل في ذلك ما يرجعهم عن الشرك والضلال ويحملهم على إدراك الحق والتزامه ."
9,13,"قوله تعالى :  {  ألا تقاتلون قوما نكثوا أيمانهم وهموا بإخراج الرسول وهم بدءوكم أول مرة أتخشونهم فالله أحق أن تخشوه إن كنتم مؤمنين 13 قاتلوهم يعذبهم الله بأيديكم ويخزهم وينصركم عليهم ويشف صدورهم قوم مؤمنون 14 ويذهب غيظ قلوبهم ويتوب الله على من يشاء والله عليم حكيم } .

في قوله :  {  ألا تقاتلوا } دخلت الهمزة على ( لا ) النافية للاستفهام التوبيخي .  والمراد التحضيض على سبيل المبالغة ،  على قتال هؤلاء المشركين المضلين الذين نقضوا عهدهم معكم ،  وطعنوا في دينكم وظاهروا عليكم عدو الله وعدوكم .  وهم الذين هموا بإخراج الرسول من بين أظهرهم فأخرجوه عقب تمالئهم عليه في دار الندوة .  وكذلك هم الذين بدأوكم أول مرة بالقتال ؛  إذ جمعوا لكم في بدر قاصدين استئصالكم {  أتخشونهم } كرر زيادة في التأكيد والتحضيض على قتال المشركين المعتدين وهم أجدر ألا يخافون المسلمون .  بل الله أحق أن يخشوه {  إن كنتم مؤمنين } عن كنتم تقرون أن الله أحق بالخشية من هؤلاء الجبناء الأنذال .  فما ينبغي للمؤمنين أولي العقيدة المتينة الحكيمة والصلة بالله العزيز الحميد والاعتصام بخير ملة عرفتها الدنيا ووفقت عليها البشرية –أن يخشوا أهل الباطل والضلال من المشركين .  إنما يخشى المؤمنون ربهم خشية تفوق كل خشية ."
9,14,"قوله :  {  قاتلوهم يعذبهم الله بأيديكم ويخزهم وينصركم عليهم ويشف صدور قوم مؤمنين } ذلك تحريض من الله للمؤمنين على قتال المشركين المعتدين .  وهو وعد منه للمؤمنين ؛  بالنصر إن قاتلوهم .  فلسوف يعذب الله هؤلاء المعتدين الظالمين بأيدي المؤمنون إذ يقتلوهم ويأسرونهم فيحيق بهم الخزي وذل الأسر .

وبذلك يجعل الله الغلبة والنصر لبعاده ،  المؤمنين الصابرين المجتهدين {  ويشف صدور قوم مؤمنين } أي يبرئ الله قلوبهم مما أصابها من موجدة وغيظ نتيجة لما نالهم من أذى المشركين وعدوانهم ."
9,15,قوله :  {  و يتوب الله على ما يشاء والله عليم حكيم } يتوب مرفوع على الاستئناف ؛  لأن ذلك ابتداء كلام وإخبار من الله بان بعض أهل مكة سوف يتوب عن كفره وقد تحقق ذلك في الواقع ؛  فقد اسلم أناس منهم وحسن إسلامهم كأبي سفيان وعكرمة بن أبي جهل وغيرهما {  والله عليم حكيم } فهو سبحانه أعلم بما سيكون وهو كذلك أعلم بما قد كان .  وهو سبحانه {  حكيم } لا يصدر عنه إلا ما اقتضته الحكمة .
9,16,"قوله تعالى :  {  أم حسبتم أن تتركوا ولما يعلم الله الذين جاهدوا منكم ولم يتخذوا من دون الله ولا رسوله ولا المؤمنين وليجة والله خبير بما تعلمون } أم منقطعة بمعنى بل وهو حرف إضراب لأجل الانتقال من كلام إلى كلام آخر .  والهمزة للاستفهام والتوبيخ ،  على وجود الحسبان .  والمعنى :  أنكم لا تتركون على ما انتم عليه حتى يستبين المخلصون منكم وهم الأتقياء الذين أخلصوا دينهم لله وحده والذين جاهدوا في سبيله ،  ومن اجل مرضاته ولم يتخذوا من دون الله ورسوله ولا من دون المؤمنين {  وليجة } من الولوج .  فالداخل الذي يكون في القوم وليس منه فهو وليجة .  فالوليجة فعلية من ولج كالدخيلة من دخل .

والمراد بها هنا البطانة من المشركين ؛  أي كيف تتخذون أنفسكم بطانة من هؤلاء الكافرين الماكرين الذين يتربصون بكم الدوائر ويودون لو يقض عليكم فتبيدوا ؟  !  فغنه لا يفعل ذلك إلا كل مغفل مغرور أو منافق مرتاب يروق له من الخلة مصاحبة المشركين فيبوح لهم بما لديه من أسرار المسلمين .  والله سبحانه مطلع على الخفايا ،  عالم بنيات هؤلاء القوم وأعمالهم لا يخفى عليه من شيء وهو قوله :  {  والله خبير بما تعملون }  ."
9,17,"قوله تعالى :  {  ما كان للمشركين أن يعمروا مساجد الله شاهدين على أنفسهم بالكفر أولئك حبطت أعمالهم وفي النار هم خالدون 17 إنما يعمر مساجد الله من آمن بالله واليوم الأخر وأقام الصلاة وآتى الزكاة ولم يخش إلا الله فعسى أولئك أن يكونوا من المهتدين } أي ليس من المستقيم ولا الصحيح أن المساجد كلها وإمامها .  أو لأن كل بقعة منه مسجد .  وقيل :  المراد جنس المساجد ؛  لأنه قبلة المساجد كلها وإمامها .  أو لأن كل بقعة منه مسجد .  وقيل :  المراد جنس المساجد .  فإذا لم يصلح المشركون لإعمار جنسها دخل ذلك في أن لا يعمروا المسجد الحرام {  شاهدين على أنفسهم بالكفر } {  شاهدين } ،  منصوب على الحال ؛  أي ما ينبغي للمشركين إعمار مساجد الله وحالهم يشهد على أنهم كافرون .  وشهادتهم هي ظهور كفرهم وأنهم نصبوا أصنامهم حول البيت ليعبدوها ويطوفوا من حولها عراة .  وكانوا كلما طافوا شوطا سجدوا لها .  فكيف يعقل أن يعمر هؤلاء الضالون السفهاء مساجد الله .

ولما أسر العباس يوم بدر أقبل عليه المسلمون فغيروه بكفره بالله وقطيعة الرحم وأغلظ له علي ،  وقال :  ألكم محاسن ؟  فقال :  نعمر المسجد الحرام ،  ونحجب الكعبة ( من الحجابة ) ونسقي الحاج ،  ونفك العاني .  فانزل الله تعالى ردا على العباس {  ما كان للمشركين أن يعمروا مساجد الله }  .

على أن عمارة المساجد قسمان :  أولهما :  لزومها وكثرة الإقبال عليها من أجل الصلاة أو العبادة والذكر .  وثانيهما :  العمارة من حيث البناء .  فإن أريد المعنى الثاني ؛  فغنه لا يجوز للكافر إذن أن يقوم بعمارة مسجد من مساجد المسلمين .  ولو أوصى بها لم تقبل وصيته .  وليس لغير المسلم أن يدخل مسجدا إلا بإذن من المسلمين .  وإن دخل بغير إذن منهم استحق التعزيز .

قوله :  {  أولئك حبطت أعمالهم وفي النار هم خالدون } أعمال هؤلاء المشركين قد أتى عليها الحبوط وهو البطلان .  فلا جدوى لهم في الآخرة من أعمالهم .  وليس لهم من ذاك إلا ثناء المطرين والمداحين في الدنيا .  لكن أعمالهم في الآخرة ماضية بغير اعتبار كأنما هي هباء متناثر في أجواز الفضاء بغير وزن أو قيمة ؛  لأن المشركون لم يقصدوا من أعمالهم وجه الله أو طاعته ولم يكونوا في الأصل مخلصين لله بحسن العبادة وتمام التوحيد ولكنهم كانوا ضالعين في الشرك والوثنية .  وفوق ما أصابهم من الحبوط ؛  فإنهم ماكثون في النار طيلة الآباد ."
9,18,"قوله :  {  إنما يعمر مساجد الله من آمن بالله واليوم الآخر وأقام الصلاة وآتى الزكاة ولم يخش إلا الله فعسى أولئك أن يكونوا من المهتدين } أي إنما يعمر مساجد الله برمها وتنظيفها وتنويرها بالمصابيح وكسوها بالحصير والفرش وبتكريمها وتعظيمها وارتيادها للذكر والعبادة –من كان مصدقا بوحدانية الله مخلصا العبادة والطاعة ،  مصدقا بيوم الدين ،  مقيما للصلاة المكتوبة على وجهها الصحيح بتمام أركانها وشروطها وواجباتها ومندوباتها ،  مؤديا زكاة ماله إلى المستحقين .  وهو أيضا لا يخشى أحدا كخشية من الله ؛  فخشية الله في قلب المؤمن تفوق كل خشية مما سواها {  فعسى أولئك أن يكونوا من المهتدين } أي فخليق بأولئك الذين سبقت صفتهم أن يكونوا ممن هداهم الله للحق وبلوغ الصواب .

روي الإمام أحمد عن أبي سعيد الخدري أن رسول الله صلى الله عليه وسلم قال :  ( إذا رأيتم الرجل يعتاد المسجد فاشهدوا له بالإيمان ) .

وقال الإمام أحمد أيضا بإسناده عن معاد بن جبل أن النبي صلى الله عليه وسلم قال :  ( إن الشيطان ذئب الإنسان كذئب الغنم يأخذ الشاة القاصية والناحية ،  فإياكم والشعاب وعليكم بالجماعة ،  والعامة ،  والمسجد )  ؛  وقال عليه الصلاة والسلم :  ( من أسرج في مسجد سراجا ؛  لم تزل الملائكة وحملة العرش تستغفر له ما دام في ذلك المسجد ضوؤه ) ."
9,19,قوله تعالى :  {  أجعلتم سقاية الحاج وعمارة المسجد الحرام كمن آمن بالله واليوم الآخر وجاهد في سبيل الله لا يستون عند الله والله لا يهدي القوم الظالمين 19 الذين آمنوا وهاجروا وجاهدوا في سبيل الله بأموالهم وأنفسهم أعظم درجة عند الله أولئك هم الفائزون 20 يبشرهم ربهم برحمة منه ورضوان وجنات لهم فيها نعيم مقيم 21 خالدين فيها أبدا إن الله عنده أجر عظيم ) روي عن ابن عباس قوله :  قال العباس بن عبد المطلب حين أسر يوم بدر :  لئن كنتم سبقتمونا بالإسلام والهجرة والجهاد ؛  لقد كنا نعمر المسجد الحرام ،  ونسقي الحاج ،  ونفك العاني ؛  فأنزل الله {  أجعلتم سقاية الحاج } الآية الساقية والعمارة مصدران ،  من سقى وعمر ،  كالصيانة والوقاية .  وثمة محذوف وتقديره ( أهل ) .  أي أجعلتم أهل السقاية الحاج وأهل عمارة المسجد الحرام كمن آمن بالله واليوم الآخر وجاهد في سبيل الله .  والمراد إنكار تسبيه المشركين بالمؤمنين مع ما بينهما من فوق عظيم ؛  فالمؤمنون على التوحيد الخالص لله دون أحد سواه ،  والمشركون على الشرك والجحود ،  مذعنون الوثنية البلهاء ،  سادرون في الضلالة العمياء .  فلا يسوي بين الفريقين إلا كل مضلل مأفون ،  لا جرم أن التسوية بينهما محض ظلم وزور ،  ومجانية لقواعد المنطق السليم .  وعلى هذا تتضمن الآية توبيخا من الله جل جلاله لأولئك المضللين الذين افتخروا بالسقاية وسدانة البيت مع شركهم وكفرانهم ،  فأعلمهم الله أن الفخر إنما يكون في الإيمان بالله واليوم الآخر والجهاد في سبيل الله ،  وليس فيما افتخروا به من مظاهر شكلية مقرونة بالشرك {  والله لا يهدي القوم الظالمين } أي لا يجعل الله التوفيق والهداية لمن كان على الكفر والباطل ،  مجانبا لمنهج الله ،  حائدا عن التوحيد .
9,20,قوله :  {  الذين آمنوا وهاجروا وجاهدوا في سبيل الله بأموالهم وأنفسهم أعظم درجة عند الله } يفرق الله بين طائفتين ،  إحداهما ،  طائفة المؤمنين الذين آمنوا بوحدانية الله وخلعوا عن أنفسهم لوثة الجاهلية والوثنية ثم هاجروا بدينيهم تاركين وراءهم ديارهم وأهليهم ،  قاصدين أرضا من بلاد الله يعبدون الله فيها آمنين ؛  ويدعون الناس إلى عبادة الله وحده مطمئنين كيما يكف الناس عن الوثنية والضلال والشرك .  وبادروا أيضا بالجهاد في سبيل الله لإعزاز الحق وإعلاء كلمة الإسلام بأموالهم وأنفسهم ،  وذلك أقصى غايات السخاء والجود .  فلا ريب أن هذه الطائفة خير وأفضل من الطائفة الأخرى ،  طائفة المشركين الذين يفاخرون بسقاية الحاج وسدانة البيت وهم متشبثون بالأصنام حيث السفاهة والعمه وهوان الحلوم لا جرم أن الأولين أعظم درجة ( منزلة ) من سقاة الحاج وعمار المسجد الحرام وهم مشركون .  فكان الأولون هم الفائزين برضوان الله والجنة ،  الناجين من عذاب الله وغضبه .
9,21,قوله :  {  يبشرهم ربهم برحمة منه ورضوان وجنات لهم فيها نعيم مقيم } يبشرهم ؛  أي يعلمهم ،  من البشارة ،  وهي الخبر السار لا يعلمه المخبر به .  والمعنى :  أن الله يبشر هؤلاء المؤمنين المهاجرين في سبيل الله ؛  إذ يخبرهم في هذه الدنيا برحمته لهم في الآخرة ،  وبرضوانه الذي يفوق في روعته وبهجته كل تصور ،  وأنه قد كتب لهم الجنة يتقلبون في نعيمها الواصب ورغدها الدائب ؛  فهم ماكثون في هذا النعيم أبدا .  وهو نعيم كبير أعده الله جزاء كريما لبعاده المؤمنين العاملين المجاهدين .  وهو قوله :  {  خالدين فيها أبدا إن الله عنده أجر عظيم }  .
9,22,/ت21
9,23,"قوله تعالى :  {  يا أيها الذين آمنوا لا تتخذوا آبائكم وإخوانكم أولياء إن استحبوا الكفر على الإيمان ومن يتولهم منكم فأولئك هم الظالمون 23 قل إن كان آباؤكم وأبنائكم وإخوانكم وأزواجكم وعشيرتكم وأموال اقترفتموها وتجارة تخشون كسادها ومساكن ترضونها أحب إليكم من الله ورسوله وجهاد في سبيله فتربصوا حتى يأتي الله بأمره والله لا يهدي القوم الفاسقين } ذكر في سبب نزول هذه الآية أنه لما أمر رسول الله صلى الله عليه وسلم بالهجرة إلى المدينة جعل الرجل يقول لأبيه وأخيه وامرأته :  إنا قد أمرنا بالهجرة ،  فمنهم من يسرع إلى ذلك ويعجبه ،  ومنهم من يتعلق به زوجته وعياله وولده فيقولون :  نشدناك الله إن تدعنا إلى غير شيء فنضيع ،  فيرق فيجلس معهم ويدع الهجرة فنزلت :  {  يا أيها الذين آمنوا لا تتخذوا آبائكم وإخوانكم }  وفي هذه الآية يأمر الله المؤمنين بمباينة الكافرين وعدم موالاتهم وإن كانوا آباءهم وإخوانهم إن اختاروا الكفر على الإيمان .  وهذه مفاصلة ظاهرة بين الإيمان والكفر ،  أو بين الحق والباطل .  فهما نقيضان متضادان لا يلتقيان .  أو هما سبيلان مختلفان أعظم اختلاف ؛  فسبيل الإيمان والهداية والتقى غير سبيل الكفران والعماية والفجور .  فاولئكم يدعون إلى الحق والخير والجنة ،  وهؤلاء يدعون إلى الضلال والباطل والجحيم .  لا جرم أن الفريقين لا يستويان ،  كما لا يستوي أهل الجنة وأهل النار .

ولذلك حذر الله تعالى تحذيرا من موالاة المؤمنين للكافرين ؛  فإنه لا يتولى الكافرين أو يتبعهم ويناصرهم إلا من كانوا لهم نظراء وشركاء .  وقد توعد الله في آية أخرى من يتولى الكافرين بقوله :  {  لا تجد قوما يؤمنون بالله واليوم الآخر يوادون من حاد الله ورسوله ولو كانوا آباءهم أو أبناءهم أو إخوانهم أو عشيرتهم }"
9,24,"وتوعد الله أيضا من يؤثر الحياة الدنيا على الآخرة ،  أو الذي يؤثر أهله وماله وأقرباءه ليحيد بذلك عن منهج الله وعن صراطه المبين ،  صراط الإسلام الحكيم ؛  فقال سبحانه :  {  قل إن كان آبائكم وأبنائكم وإخوانكم وأزواجكم وعشيرتكم وأموال اقترفتموها وتجارة تخشون كسادها ومساكن ترضونها أحب إليكم من الله ورسوله وجهاد في سبيله } يعني إن كانت هذه الأشياء وهي الأقارب والخلان وما كسبتموه من أموال وتجارة ومنازل فاخرة {  أحب إليكم من الله ورسوله وجهاد في سبيله } أي إن كنتم تفضلون هذه الأشياء على الله ورسوله ،  فتحيدون عن الهجرة إلى دار الإسلام ،  وتؤثرون البقاء في دار الحرب والركون فيها للمشركين ،  وتأبون أن تجاهدوا في سبيل الله إعلاء شأن الاسلام {  فتربصوا حتى يأتي الله بأمره } أي انتظروا ما يحل بكم من العقاب والنكال في الدنيا والآخرة ،  جزاء تفريطكم في حق الله .  والله جل وعلا لا يجعل التوفيق والهداية للناكبين عن دينه الخارجين عن طاعته إلى عصيانه .  وهو قوله :  {  لا يهدي القوم الفاسقين } .

وفي هذه الكلمات الربانية المؤثرة تركيز بالغ على قضية الموالاة وهي المناصرة ؛  فما يجوز بحال أن تكون الموالاة من المسلمين للكافرين ،  وإنما يوالي المسلمون إخوتهم في الدين والعقيدة دون غيرهم من الكافرين .  والأصل في ذلك أن المؤمنين بعضهم أولياء بعض ؛  فإنه لا يوالي الكافرين أو يناصرهم بالإسلام الدوائر والبلايا .  فأنى لامرئ مسلم تستكن في قلبه أثارة من إيمان أو إخلاص أو صدق مع الله ،  يوالي الكافرين ويناصرهم ويميل بقلبه وحسه ومشاعره إليهم ليحبهم ويهواهم من دون المسلمين ؟  !  لا شك أن ذلكم فسق عن دين الله ،  أو تجاوز مفرط يولج الخائرين الخاسرين من ضعاف القلوب والهمم دار البوار .

روي الإمام أحمد بإسناده عن زهرة بن معبد عن جده قال :  كنا مع رسول الله صلى الله عليه وسلم وهو آخذ بيد عمر بن الخطاب فقال :  والله يا رسول الله لأنت أحب إلي من كل شيء إلا من نفسي .  فقال رسول الله صلى الله عليه وسلم :  ( لا يؤمن أحدكم حتى أكون أحب إليه من نفسه ) فقال عمر :  فأنت الآن والله أحب إلي من نفسي ،  فقال رسول الله :  ( الآن يا عمر ) .

وثبت في الصحيح عن النبي صلى الله عليه وسلم أنه قال :  ( والذي نفسي بيده لا يؤمن أحدكم حتى أكون أحب إليه من والده وولده والناس أجمعين ) .

وفي التنديد بالناكلين عن الجهاد في سبيل الله ،  الجانحين للمنافع الدنيوية من بيع وزرع ونحوها روي الإمام أحمد وأبو داود عن ابن عمر قال :  سمعت رسول الله صلى الله عليه وسلم يقول :  ( إذا تبايعتم بالعينة ،  وأخذتم بأذناب البقر ،  ورضيتم بالزرع ،  وتركتم الجهاد ،  سلط الله عليكم ذلا لا ينزعه حتى ترجعوا إلى دينكم )  ."
9,25,"قوله تعالى :  {  لقد نصركم الله في مواطن كثيرة ويوم حنين إذ أعجبتكم كثرتكم فلم تغن عنكم شيئا وضاقت عليكم الأرض بما رحبت ثم وليتم مدبرين 25 ثم أنزل الله سكينته على رسوله وعلى المؤمنين وأنزل جنودا لم تروها وعذب الذين كفروا وذلك جزاء الكافرين 26 ثم يتوب الله من بعد ذلك على من يشاء والله غفور رحيم } ذلك تذكير بفضل الله على المؤمنين وإحسانه غليهم ؛  إذ نصرهم في مواطن كثيرة من غزواتهم مع رسول الله صلى الله عليه وسلم .  وما كان ذلك عم كبير عدة أو كثرة عدد وإنما كان بتأييد الله وتقديره .  وكان عدد المسلمين الذين جاءوا مع النبي صلى الله عليه وسلم بعد فتحة لمكة عشرة آلاف من المهاجرين والأنصار ومعه الذين أسلموا مع أهل مكة وهم الطلقاء في ألفين ،  فسار بهم النبي صلى الله عليه وسلم إلى العدو فاتلوا بواد بين مكة والطائف يقال له حنين ،  حيث كمنت فيه هوازن ،  فلما تواجهوا لم يشعر المسلمون إلا والمشركون يبادرونهم الرشق بالنبال وإصلات السيوف ،  ففوجئ المسلمون بذلك أعظم مفاجأة ؛  إذ أخذهم العدو على غرة فولوا مدبرين ،  فلم يغنهم جمعهم وكثرتهم شيئا ،  فهزموا وبلغت فلولهم مكة بعد أن أعجبتهم كثرتهم ؛  فتملكهم الاغترار والإعجاب بالنفس وطنوا أنهم منصورون لا محالة ركونا إلى عددهم وكثرة جموعهم ،  لكن النبي صلى الله عليه وسلم ظل صابرا ثابتا لا يتزحزح من أرض النزال ولم يبرح ساحة الوغي ومن حوله قلة من المسلمين منهم عمه العباس ؛  إذ كان آخذا بلجام دابته ،  وآخرون من صناديد الصحابة الأبرار ،  وإذ ذاك ضاقت بهم الأرض على سعتها حتى ما يجد المسلمون موضعا يهربون إليه لفرط ما أصابهم من الرعب {  ثم وليتم مدبرين } أي منهزمين .  ثم أمر النبي صلى الله عليه وسلم عمه العباس –وكان جهير الصوت- أن ينادي بأعلى صوته :  يا أصحاب الشجرة ،  يا أصحاب البقرة .  فجعلوا يقولون :  يا لبيك يا لبيك .

وانعطف الناس فترجعوا إلى رسول الله صلى الله عليه وسلم ،  فلما اجتمعت منهم شرذمة قليلة عند رسول الله صلى الله عليه وسلم ،  أمرهم أن يصدقوا الحملة ،  فنظر رسول الله صلى الله عليه وسلم إلى مجتلد القوم فقال :  ( الآن حمي الوطيس ) فكتب الله لهم النصر ،  وجعل الهزيمة والخزي على المشركين الظالمين ."
9,26,"قوله :  {  ثم أنزل الله السكينة على رسوله وعلى المؤمنين } أي بعد أن زلزل المسلمون لما أصابهم من هول المباغتة واشتداد الكرب ،  أنزل الله عليهم ما يسكنهم ويثبت قلبوهم بالرحمة والطمأنينة ،  فمكثوا ثابتين أشداء لا يروعهم الفزع ولا جموع المشركين .

قوله :  {  وأنزل جنودا لم تروها } أي أنزل الملائكة ليكونوا مع المؤمنين في ساحة القتال يشتدون أزرهم ويقوون من بأسهم وعزيمتهم ،  ويضعفون الكافرين بالتخذيل والتجبين من حيث لا يراهم أحد .  وفي هذا الصدد قال الإمام أبو جعفر ابن جرير عن أبي جميلة الأعرابي قال :  سمعت عبد الرحمن مولى أم برثن قال :  حدثني رجل كان في المشركين يوم حنين ،  قال :  لما التقينا نحن وأصحاب رسول الله صلى الله عليه وسلم يوم حنين لم يقوموا لنا حلب شاة ،  قال :  فلما كشفناهم جعلنا نسوقهم في أدبارهم حتى انتهينا إلى صاحب البغلة البيضاء ،  فإذا هو رسول الله صلى الله عليه وسلم ،  قال :  فتلقانا عنده رجال بيض حسان الوجوه ،  فقالوا بنا :  ( شاهت الوجوه ،  ارجعوا ) فانهزمنا وركبوا أكتافا .

قوله :  {  وعذاب الذين كفروا وذالك جزاء الكافرين } أي عذاب الله الكافرين في الدنيا بالقتل والإذلال والهزيمة على أيدي المسلمين .  وهذا جزاء كفرهم وجحودهم ومحاربتهم لله ولرسوله وللمؤمنين ."
9,27,قوله :  {  ثم يتوب الله من بعد ذلك على من يشاء والله غفور رحيم } بقد تاب الله على من بقي من هوازن بعد ما حل بهم من القتل والهزيمة فأسلم من بقي منهم ؛  إذ قدموا على رسول الله صلى الله عليه وسلم .  والله جل شأنه غفار للذنوب والخطايا ؛  فهو يتوب على التائبين المنيبين منهم ،  ويشملهم برحمته وفضله ؛  فلا يؤاخذهم بما كسبوا من الإشراك والمعاصي بعد أن تابوا وأنابوا .
9,28,"قوله تعالى :  {  يا أيها الذين آمنوا إنما المشركون نجس فلا تقربوا المسجد الحرام بعد عامهم هذا وإن خفتم علية فسوف يغنيكم الله من فضله إن شاء إن الله عليم حكيم } النجس ،  مصدر نجس نجسا وقذر قذرا .  ومعناه ذو نجس ،  وقال الليث :  النجس ،  الشيء القذر من الناس ومن كل شيء .  ورجل نجس وقوم أنجاس ،  واختلفوا في معنى النجاسة المتلبسة بالمشرك ؛  فقيل :  إن نجاسته عينية فهو بذلك نجس البدن ،  وهو قول أهل الظاهر .  وري عن ابن عباس قوله :  إن أعيانهم نجسة كالكلاب والخنازير .  أما الفقهاء وأكثر أهل العلم على أن أبدانهم طاهرة وإنما نجاستهم حكيمة لا حسية ؛  فهي إنما يراد بها ما يعتقدونه من الكفران والشرك .  ويحتج لطهارة أبدانهم بما روي أن النبي صلى الله عليه وسلم شرب من أوانيهم .

على أن الكافر إذا أسلم وجب عليه أن يغتسل .  وهو قول المالكية والحنبلية ،  وآخرين .  وقيل :  لا يجب في حقه الغسل بل يستحب .  وهو قول الشافعي .

أما دخول الكافرين المسجد الحرام أو غيره من المساجد ففي حكمه أقوال :

القول الأول :  الآية عامة في سائر المشركين وسائر المساجد .  وبذلك لا يجوز للمشركين أن يدخلوا مسجدا من المساجد سواء كان ذلك المسجد الحرام أو غيره ؛  وهو قول عمر بن عبد العزيز ،  وذهب إليه الإمام مالك .

القول الثني :  الآية عامة في سائر المشركين لكنها خاصة في المسجد الحرام وبذلك لا يمنعون من دخل غير المسجد الحرام ؛  وهو قول الإمام الشافعي ،  وهو أن الكفار جميعا يمنعون من دخول المسجد الحرام خاصة ؛  وبذلك يباح دخول اليهود والنصارى سائر المساجد من غير المسجد الحرام .

القول الثالث :  لا يمنع أهل الكتاب من اليهود والنصارى من دخول المسجد الحرام أو غيره من المساجد .  ولا يمنع من دخول المسجد الحرام سوى المشركين وأهل الأوثان .  ومثل هذا الإطلاق يرده ظاهر الآية من حيث منطوقها فلا ينبغي التعويل على هذا القول .

على أن المراد بالمسجد الحرام هو جميع الحرام .  وقيل :  المراد نفس المسجد .  ويستدل على صواب الأول بقوله تعالى :  {  وإن خفتم علية فسوف يغنيكم الله من فضله } وذلك لأن موضع التجارات ليس هو عين المسجد ؛  فلو كان المقصود من هذه الآية المنع من المسجد خاصة ؛  لما خافوا بسبب هذا المنع من العلية ،  وإنما يخافون العلية إذا منعوا من حضور الأسواق والمواسم .  ويتأكد هذا القول بقوله سبحانه وتعالى :  {  سبحان الذي أسرى بعيده ليلا من المسجد الحرام إلى المسجد الأقصا } وإنما رفع النبي صلى الله عليه وسلم من البيت أم هانئ .

قوله :  {  وإن خفتم علية فسوف يغنيكم الله من فضله إن شاء } العلية ،  بمعنى الفقر .  وذلك أن الناس قالوا :  لتقطعن عنا الأسواق ،  ولتهلكن التجارة ،  ولتذهبن عنا الخيرات وما كنا نصيب من المرافق فانزل الله الآية .  ثم حقق الله وعده للمؤمنين إذ عوضهم مما أعطاهم من الجزية بدلا مما كانوا يسكبونه من المشركين قبل منعهم من قربان المسجد الحرام .  {  الله عليم حكيم } الله أعلم بما يصلح عليه الناس وما يستقيم عليه شأنهم .  وهو كذلك {  حكيم } في أوامره ونواهيه وأحكامه .  ولا يصدر ذلك كله إلا عن حكمة بالغة وتدبير رباني منزه عن الخطأ والزلل ،  ويحتمل إغناؤهم من الله وجها آخر ،  وهو إدرار المطر عليهم ،  وقد أسلمت العرب فتمادى حجهم ونحرهم وذلك يفضي إلى تحصيل السعة لهم والبحبوحة ."
9,29,"قوله تعالى :  {  قاتلوا الذين لا يؤمنون بالله ولا باليوم الأخر ولا يحرمون ما حرم الله ورسوله ولا يدينون دين الحق من الذين أتوا الكتاب حتى يعطوا الجزية عن يد وهم صاغرون } .

بعد استقرار الحال في جزيرة العرب ودخول المشركين في دين الله أفواجا مسلمين ،  أمر الله في هذه الآية بقتال أهل الكتاب .  بذلك أمر الله في هذه الآية نبيه صلى الله عليه وسلم بالاستعداد لقتال أهل الكتاب من اليهود والنصارى وذلك في سنة تسع .  ومن أجل ذلك تجهز رسول الله صلى الله عليه وسلم لقتال الروم في تبوك .  وقد اجتمع له من المقاتلة نحو ثلاثين ألفان ويستدل من هذه الآية أن الجزية إنما تؤخذ من أهل الكتاب فقط أو من أشبههم المجوس ؛  فقد صح أن رسول الله صلى الله عليه وسلم أخذها من مجوس هجر .  وبذلك لا تؤخذ الجزية من غير أهل الكتاب كالمشركين والوثنين ،  وهذا مذهب الشافعية والحنبلية ،  أما الحنفية الجزية عندهم من جميع الأعاجم سواء فيهم أهل الكتاب أو المشركين ،  لكنها لا تؤاخذ من العرب من غير أهل الكتاب ولا من المرتدين ؛  لأن كفر هؤلاء قد تغلظ ؛  فمشركو العرب قد نشأ النبي صلى الله عليه وسلم بين أظهرهم ،  والقرآن نزل بلغتهم ،  فالمعجزة في حقهم أظهر .  أما المرتد :  فلأنه كفر بربه بعد أن هدى للإسلام ووقف على روائعه وكماله ،  فلا يقبل من الفريقين سوى الإسلام أو القتال زيادة في العقوبة .

أما الإمام مالك فقال بجواز أخذ الجزية من جميع الكفار ،  من أهل الكتاب والمجوس والوثنين .

قوله :  {  قاتلوا الذين لا يؤمنون بالله ولا باليوم الأخر } نفي الله بالإيمان بالله عن أهل الكتاب ؛  لأن سبيلهم سبيل من لا يؤمن بالله ؛  إذ يصفون الله بما لا يليق أن يوصف به ؛  فقد جعلوا له والدا ؛  كيهود جعلت عزيزا ابن الله ،  والنصارى جعلوا المسيح ابن الله وقالوا بالأقانيم الثلاثة ،  إلى غير ذلك من المقولات المفتراة الظالمة فصارت بذلك عقائدهم مجرد تخيلات موهومة وتصورات مظنونة لا تطوي على غير التخريص الفاضح والضلال الشاطح دون استناد إلى ذرة من دليل سليم .  من أجل ذلك نفي الله عنهم الإيمان به .  وفوق ذلك فإنهم كفروا بنبوة محمد صلى الله عليه وسلم وحسبهم ذلك ضلالة وكفرنا ،  مع أنهم كانوا يجدونه مكتوبا عندهم في التوراة والإنجيل .

وكذلك فإن إيمانهم بالآخرة مريب ومصطنع ؛  فقد أنقل عن اليهود والنصارى إنكار البعث الجسماني ،  فكأنهم يعتقدون البعث الروحاني .  ومثل هذا التصور لا يستحق مجرد التسمية بالإيمان ؛  لأن ما يتقولونه ويهرفون به ليس إلا ضربا من التصور المريض الواهم ،  أو الحلم المطوح في الخيالات من عالم اللاشعور .  وليس ذلك من الإيمان في شيء .

قوله :  {  ولا يحرمون ما حرم الله ورسوله } المراد بالرسول محمد صلى الله عليه وسلم ،  إذ لم يتبعوا دينه ولا شريعته ففيهما ما احل الله ورسوله أو حرم .  وقيل :  المراد بالرسول رسولهم الذي يزعمون أنهم يتبعونه ؛  فإنهم بدلوا شريعته ،  واحلوا ما حرم الله عليهم وحرموا ما احل الله لهم .  وكل ذلك من عند أنفسهم اتباعا لأهوائهم ؛  فهم بذلك لم يتبعوا شريعة الإسلام القائمة على الكتاب والسنة ،  ولم يتبعوا شريعتهم المنزلة على رسلهم ؛  فهم بذلك غير مؤمنين إيمانا صحيحا لا بشريعتنا ولا بشريعتهم الخالصة المبرأة من التزييف والتحريف ،  فما يزعمون لأنفسهم من إيمانا بما ليس له وزن أو اعتبار لما بيناه ؛  فوجب بذلك قتالهم .

قوله :  {  ولا يدينون دين الحق } أي الدين الثابت الكامل ،  الدين الحقيق الصحيح الذي تصلح عليه البشرية طيلة الدهر ،  الدين الذي تجتمع فيه مزايا الصلوح للحياة في كل مكان وزمان ؛  وذلكم هو الإسلام دون غيره من الأديان والملل والشرائع .  لكن أهل الكتاب إنما يدينون ما تسوله لهم أهواؤهم وغرائزهم وشهواتهم ومنافعهن الدنيوية ؛  فهم بذلك دينا سماويا حقيقا سليما من التلاعب والتبديل ،  وما يزعمونه أنهم أهل كتاب ليس إلا التوهيم المكشوف الذي لا يخفى على أحد ،  وهو ليس إلا التحذلق المصطنع الذي لا يغني من الحق شيئا .  لا جرم أن اليهود والنصارى أبعد الناس كافة عن حقيقة التوراة العظيمة ذات التشريع الرباني النافع ،  وعن حقيقة الإنجيل الرفاف الساطع الذي ينهي أشد النهي عن الفساد والشر والعدوان وظلم الإنسان لأخليه الإنسان .  وما نجده أو نسمعه أو نقرأه من أخبار مذهلة عن فظائع اقترافها اليهود والنصارى في حق البشرية والمسلمين خصوصا يبرأ منها كليم الله موسى وروح الله عيسى المسيح .  وهي فظائع شنيعة تجعل من انتساب هؤلاء الظالمين للتوراة والإنجيل شيئا مستهجنا ،  مثيرا للسخرية والاشمئزاز .  إن هذه الفظائع تطبع هؤلاء الجناة بطابع الوحوش الكواسر في الغابات ،  لا جرم أن دين موسى وعيسى عليهما الصلاة والسلام مبرآن من أفاعيل هؤلاء الطغاة الذين نكلوا بالشعوب المسلمة تنكيلا ،  والذين أذاقوا المسلمين وغيرهم عبر زمان طويل أعتى النوازل والويلات ،  وما زالوا على هذه الحال من تقتيل للمسلمين وترويعهم في كل بقاع الدنيا .

قوله :  {  حتى يعطوا الجزية عن يد وهم صاغرون } والجزية ،  من الجزاء وهي للإجزاء عن حقن دم الذمي .  والجزية اسم مفرد وجمعه جزي مثل :  لحية ولحي .  أما الجزية في اصطلاح الشرعي :  فهي المال الذي يؤخذ بعقد من أهل الكتاب لإقامتهم بدار الإسلام آمنين ،  وذلك على سبيل الإسهام في بناء الدولة التي ينعمون بالأمن والخير في ظلها .

ممن تقبل الجزية

اجمع المسلمون على قبول الجزية من أهل الكتاب وهم اليهود ومن دان بدينهم كالسامرة الذين يدينون بالتوراة ويعملون بشريعة موسى .  وكذلك النصارى وفرقهم من اليعقوبية والنسطورية وغيرهم ممن دان بالإنجيل .

أما الصابئة :  فملتهم وعقيدتهم موضع خلاف ؛  فقد قيل :  إنهم جنس من النصارى .  وقيل :  إنهم من اليهود ؛  لأنهم يسبتون ،  وقيل غير ذلك .

أما الذين لهم شبهة كتاب :  فهم المجوس ؛  فإنه يروي أنه كان لهم كتاب قديم فصار لهم بذلك شبهة وجب بها أن تحقن دماؤهم ،  وأن تؤخذ منهم الجزية لكنهم لا تنكح نساؤهم ولا تحل ذبائحهم .  وقد ذهب إلى هذا أكثر العلماء .

المشركون من غير أهل الكتاب

والمراد بهم الكافرون من غير اليهود والنصارى والمجوس ؛  أي بعدة الأوثان الذين ليس لهم كتاب منزل كعبدة الناس والشمس والقمر والكواكب والتماثيل والأحجار وغير ذلك من أشكال الأوثان .  ويحلق بهم الدهريون والماديون والملحدون الذين يجحدون النبوة والأديان والرسالات جميعا ؛  فهؤلاء من حيث وجوب الجزية في حقهم موضع خلاف .  وثمة أقوال في ذلك :

القول الأول :  وهو أن الجزية تؤخذ من أهل الكتاب والمجوس وعبدة الأوثان من العجم ،  ولا تؤخذ من عبدة الأوثان من العرب ؛  لأن الرسول الله صلى الله عليه وسلم قد نشأ بين أظهرهم ،  وقد أنزل القرآن بلغتهم ،  فالمعجزة في حقهم أظهر ؛  فلا يقبل منهم غير الإسلام أو قتالهم .  وهو قول الحنفية .

القول الثاني :  وهو أن الجزية مال يضربه الإمام على كل كافر سواء كتابيا أو مشركا أو غيرهما ولو كان قرشيا .  وهو قول المالكية .

القول الثالث :  وهو قول الشافعية والحنبلية وأهل الظاهر ؛  فقد ذهب هؤلاء إلى أنه لا يقر عبدة الأوثان والملائكة والشمس والقمر والنجوم ونظائرهم ؛  فلا تؤخذ منهم الجزية ،  ولا يقبل منهم غير الإسلام أو القتال .  واستدلوا على ذلك بقوله تعالى :  {  فاقتلوا المشركين حيث وجدتموهم } وذلك عام وقد خص منه أهل الكتاب .  وكذلك خص فيه المجوس بالخبر :  ( سنوا بهم سنة أهل الكتاب )  .

أركان الجزية

ثمة أركان خمسة للجزية هي :

الركن الأول :  الصيغة .  وهي الإيجاب والقبول ،  فالإيجاب من الإمام أو نائبه ؛  فهو الموجب ؛  إذ يقول لهم :  أقررتكم ،  أو أقركم .  ثم القبول من الطرف الآخر وهو المؤدي للجزية ،  فيقول :  قبلت أو رضيت بذلك .

الركن الثاني :  العاقد ،  وهو الإمام أو نائبه ،  ولا يصح عقد الجزية من غيرهما .

الركن الثالث :  المعقود له ،  وله شروط هي :

أولا :  العقل ؛  فلا تجب الجزية على المجنون ذي الجنون المطبق ؛  لعدم تكليفه .

ثانيا :  البلوغ ؛  فلا تجب الجزية على الصبي لعدم تكليفه .

ثالثا :  الحرية ؛  فلا تجب على العبد ؛  لأنه مملوك لصاحبه ؛  فهو غير مكلف .

رابعا :  الذكورة ؛  فلا تجب الجزية على النساء ؛  لأنهن لسن من أهل القتال .

خامسا :  أن يكون المعقود له كتابيا وهم النصارى واليهود .  وكذلك المجوس لما فيهم من شبهة كتاب .

الركن الرابع :  المكان القابل للتقرير ،  وهو سائر بلاد الإسلام باستثناء الحجاز .

على أن الجزية لا تؤخذ من كل من الزمن وهو الذي أصابته هاعة أو آفة ولا يرجي برؤه منها ولا يقدر على القتال .

ثم الأعمى ؛  لأنه ليس من أهل القتال ؛  لعدم قدرته على ذلك ؛  فهو في ذلك كالصبيان والنساء .  وهو قول أكثر أهل العلم .

وكذلك الشيخ الهرم ؛  وهو الكبير الفاني ؛  فغنه غير مطالب بالجزية في قول أكثر العلماء ،  وهو قول الحنفية والمالكية والحنبلية ،  والشافعية في أحد القولين لهم .  وعلى هذا لا تجب الجزية على كل من الزمن والأعمى والشيخ الكبير الفاني .  وهم في ذلك كالنساء والصبيان ؛  لعجزهم عن القتال .

وكذلك الفقير غير المعتمر ؛  فإنه غير مطالب بأداء الجزية ،  وهو قول أكثر العلماء .  ووجه ذلك :  أن الفقير العاجز غير مكلف ؛  لقوله تعالى :  {  لا يكلف الله نفسا إلا وسعها } واحتجوا أيضا بما أخرجه البيهقي عن محمد بن عبد الله الثقفي قال :  وضع عمر بن الخطاب –يعني الجزية- على رؤوس الرجال ،  على الغني ثمانية وأربعين درهما ،  وعلى الوسط أربعة وعشرون درهما ،  وعلى الفيقر اثني عشر درهما .  وقالوا المراد بالفقير هنا غير المعتل .

وكذلك الرهبان من النصارى ،  ومصدره الرهبة والرهبانية ،  وتعني التعبد بما فيه الاختصاء واعتناق السلاسل وليس المسوح ونحو ذلك ؛  فإن هؤلاء على العموم لا تجب في حقهم الجزية ،  وهو قول الحنفية والمالكية ،  خلافا للشافعية وأهل الظاهر .

قوله :  {  حتى يعطوا الجزية عن يد وهم صاغرون } {  حتى } ،  للغاية التي تمتد إليها العقوبة ،  وهذه ترتفع بالبدل وهي الجزية .  و {  عن يد } ،  يراد بها يد المعطي ؛  وهي أن تكون مؤاتية غير ممتنعة لأن من أبي وامتنع لم يعط يده ،  وذلك بخلاف المطيع المنقاد ،  ولذلك يقال :  أعطى يده إذا انقاد أطاعه .  وقيل :  حتى يعطوها عن يد إلى يد نقدا غير نسيئة ليس مبعوثا عن يد أحد ولكن عن يد المعطي على يد الآخر .  وقيل غير ذلك .

أما قوله :  {  وهم صاغرون } يعني أذلاء خاضعون مطيعون للدولة التي يعيشون في ظلها وه دولة الإسلام .

وهذه واحدة من المسائل التي يثار من اجلها اللغط والتهويش والتشويش على الإسلام بقصد الطعن فيه وتجريحه والإساءة إليه ،  أو لكي ينفروا منه أهل الكتاب تنفيرا بعد أن يغرسوا في نفوسهم الحقد والكراهية لهذا الدين .

إن مسألة الجزية قد اتخذها الصليبيون والمستشرقون والاستعماريون والعملاء والأتباع الناعقون من ورائهم –سبيلا يلجون منه على الإسلام من اجل تشويهه في أنظار الناس .  ولقد سيق كثير من المثقفين والدارسين خلف هذه الدعاية الخبيثة التي أثارها أسيادهم من جهابذة الاستعمار والصليبية والاستشراق ؛  أولئك الذين تتقطع قلوبهم وأعصابهم تغيظا من الإسلام ،  فهم دائما عاكفون بغير كلالة ولا كلل على الكيد للإسلام بكل أساليب الطعن والقدح والتشويه ،  وهم في ذلك كله لا يسندهم منطق ولا تشفع لهم حجة سليمة إلا الغيظ ومحض التعصب والجهالة .

والمسألة في غاية البساطة لو تصورها الخصوم والجاهلون والمارقون فأحسنوا تصورها .  وهي أن الجزية مبلغ محمد من المال يؤديه غير المسلم إسهاما منه في بناء الدولة التي يعيش في ظلها والتي ينعم في أمنها ورخائها كغيره من الناس .  وهي في مقابل فريضة الزكاة التي يؤديها المسلم للدول ،  بل إن الجزية دون الزكاة كثيرا ،  وهي لا يؤديها غير القادرين من العاجزين كالفقراء والصبيان والنساء والشيوخ ؛  فلا داعي إذن لكل هذه الضجة المصطنعة الفاجرة ولمثل هذا اللغط المستعمر المحموم  !  لا داعي لكل هذا الافتراء على الإسلام والإساءة إليه ما دامت المسألة مجرد مبلغ محدود وهين من المال يؤديه غير المسلم ليشارك المسلمين في بناء البلاد وإعمارها .  وهذا المبلغ من المال لا يعدو أن يكون نظيرا للضريبة التي يؤديها المواطن للدولة التي يستظل بظلها .  وهل كان إلزام الناس بدفع الضرائب قسرا ،  مثيرا لمثل هذا الصخب العارم الذي يثيره الاستعماريون والصليبيون والمستشرقون وأتباعهم من العملاء حول الإسلام ؟  !  إنه لا شيء من ذلك .  لكنه الحقد الطاغي والمركوز ،  والكراهية المسيطرة العمياء ،  والتعصب الجهول الذي تتعطل من خلاله العزائم والضمائر والإرادات ."
9,30,"قوله تعالى :  {  وقالت اليهود عزير ابن الله وقالت النصارى المسيح ابن الله ذلك قولهم بأفواههم يضاهون قول الذين كفروا من قبل قتالهم الله أنى يؤفكون 30 اتخذوا أحبارهم ورهبانهم أربابا من دون الله والمسيح ابن مريم وما أمروا إلا ليعبدوا إلها واحدا لا إله إلا هو سبحانه عما يشركون } .

هذه واحدة من افتراءات اليهود والنصارى على الله بما يصمهم العتو الفادح المغالي ويجعلهم في عداد المشركين الكفرة لا محالة .  إن ذلك تخريص من تخريصات الفريقين وهم يفترون على الله الكذب ،  إذ يزعمون أنه أب لمولود ،  تعالى الله عن ذلك علوا كبيرا .  أما عزير :  فهي نبي من أنبياء بني إسرائيل بعثه الله فيهم ليجدد لهم التوراة ،  وليكون لهم آية بعد ما أماته الله مائة عام ثم بعثه .  وذلك بعد أن عزا بختنصر بيت المقدس وظهر على بني إسرائيل فقتل رجالهم وسبى نساءهم وصغارهم وأحرق توراتهم وسامهم سوء الإذلال والتنكيل .  ثم خرج عزير وهو غلام يسيح في الأرض فأتاه جبريل عليه السلام ولقاه التوراة فحفظها ،  ثم أملاها على بين إسرائيل دون أن يفقد منها حرفا .  فقالوا :  ما جمع الله التوراة في صدر عزير وهو غلام إلا لأنه ابنه .  وهذا محض باطل وهراء ما ينبغي لذي مسكة عقل أن يجترها لسانه .

وكذلك النصارى قالوا :  المسيح ابن الله ؛  وذلك لما اشتبهت عليهم ولادته من غير أب ،  فسدروا في الافتراء والضلالة باختلاق هذه الفرية الفظيعة التي تنفر منها أبسط مراتب التفكير السليم .  والمسيح برئ من كل هذا اللغط الأحمق الفاجر ؛  إذ كان عليه السلام يزجرهم زجرا ويتبرأ من مقاتلهم المقبوحة ويبين لهم في قطع أبلج أنه عبد الله ورسوله ،  وأن أمه مريم العذراء البتول أفضل نساء العالمين طهرا وتقي وعفافا وقد ولدته من غير أب بمشيئة الله .

قوله :  {  ذلك قولهم بأفواههم يضاهون قول الذين كفروا من قبل } {  يضاهون } بمعنى يشابهون .  والمشاهأة تغني المضاهاة وهي المشابهة ؛  ضاهاه :  شاكله .  وضهيك يعني شبيهك ،  والمعنى :  أنهم يلغطون بهذا الغلط الظالم المفترى بأفواههم من غير برهان على ذلك ولا حجة ،  فليس قولهم هذا إلا الألفاظ المهملة المفرغة من أي مضمون معتبر أو معنى يستحق الذكر ،  وهم في ذلك {  يضاهون قول الذين كفروا من قبل } أي يشابهون في قوله من حيث العتو وشناعة الكفر قول الذين كفروا من قبلهم وهم المشركون الذين قالوا :  الملائمة بنات الله –سبحانه وتعالى عما يقولون- قوله :  {  قاتلهم الله أنى يؤفكون } هذا دعاء عليهم ،  ولا ريب أن الهلاك حائق بمن قاتلهم الله .  وقيل :  لعنهم الله .  وهو قول ابن عباس .

وفي الجملة :  فإن المراد التشنيع على هؤلاء الضالين الساردين في ظلمة الإشراك بالله {  أنى يؤفكون } أي كيف يصرفون عن الحف إلى الباطل بعد وضوح الدليل وسطوح الحجة ."
9,31,"قوله :  {  اتخذوا أحبارهم ورهبانهم أربابا من دون الله والمسيح ابن مريم } الأحبار ،  جمع حبر بالفتح والكسر .  وهم علماء اليهود ،  وهو يطلق على العالم سواء كان مسلما أو ذميا ؛  فقد كان يقال لابن عباس :  الحبر .  أما الرهبان : فهم علماء النصارى من أصحاب الصوامع .  وهم جمع ومفرد راهب ،  وهو مأخوذ من الرهبة ؛  أي الخوف ،  وكانوا لذلك يتخلون من أشغال الدنيا ويتركون ملاذها وشهواتها ،  ويؤثرون الزهد فيها والعزلة عن أهلها وتعمد مشاقها ؛  حتى إن منهم من كان يختصي كيلا يرغب في النساء .  ومن هنا حذر الرسول صلى الله عليه وسلم من مثل هذا السلوك فقال ( لا رهبانية في الإسلام ) .

لقد اتخذ اليهود والنصارى الأحبار والرهبان أربابا من دون الله وكذل المسيح .  أي أطاعوهم في تحريم ما أحل الله ،  وتحليل ما حرمه الله .  وهذا هو التفسير المأثور .  عن رسول الله صلى الله عليه وسلم ؛  فقد روي الإمام أحمد والترمذي وابن جرير من طرق عن عدي بن حاتم ( رضي الله عنه ) أنه لما بلغته دعوة رسول الله صلى الله عليه وسلم فر إلى الشام وكان قد تنصر في الجاهلية فأسرت أخته وجماعة من قومه ثم من رسول الله صلى الله عليه وسلم على أخته وأعطاها فرجعت إلى أخيها فرغبته في الإسلام وفي القدوم على رسول الله صلى الله عليه وسلم فقدم عدي إلى المدينة وكان رئيسا في قومه طيئ ،  وأبوه حاتم الطائي المشهور بالكرم .  فتحدث الناس بقدومه ،  فدخل على رسول الله صلى الله عليه وسلم وفي عنق عدي صليب من فضة ،  وهو يقرأ هذه الآية {  اتخذوا أحبارهم ورهبانهم أربابا من دون الله } فقلت أي –عدي- :  غنهم لم يعبدوها .  فقال صلى الله عليه وسلم :  ( بلى إنهم حرموا عليهم الحلال ،  وأحلوا لهم الحرام ،  فاتبعوهم ،  فذلك عبادتهم إياهم ) وقال رسول الله صلى الله عليه وسلم :  ( يا عدي ما تقول ؟  أيضرك أن يقال الله أكبر ؟  فهل تعلم شيئا اكبر من الله .  ما يضرك أيضرك أن يقال لا إله إلا الله فهل تعلم إلها غير الله ؟  ) ثم دعاه إلى الإسلام فأسلم وشهد شهادة الحق .  قال :  فلقد رأيت وجهه استبشر ثم قال :  ( إن اليهود مغضوب عليهم والنصارى ضالون ) وهكذا قال حذيفة ابن اليمان وعبد الله بن عباس وغيرهما في تفسير :  {  اتخذوا أحبارهم ورهبانهم أربابا من دون الله } غنهم اتبعوهم فيما حللوا وحرموا .

قوله :  {  وما أمروا إلا ليعبدوا إلها واحدا لا إله إلا هو سبحانه عما يشركون } أي أن هؤلاء جميعا أمروا في الكتب السماوية المنزلة من السماء على لسان أنبيائهم أن لا يعبدوا إلا الله وحده ؛  فهو الله ذو الجلال والكبرياء يشهد أنه ليس من إله معبود سوى الله {  سبحانه عما يشركون } أي تعالى الله وتقدس وتنزه عما يختلقون من الشركاء والنظراء والأولاد .

على أنه يستفاد من هذه الآية فداحة العصيان الشنيع وفظاعة النكر الموبق في الركون إلى الساسة والعادة وأولي الأمر في التشريع للناس ؛  إذ يحلون لهم ما حرمه الله عليهم ،  أو يحرمون ما أحله الله لهم ولذلك في معزل عن دين الله وشرعه بل تبعا لما تجده أهواؤهم وأمزجتهم .  حتى إذا أطاعهم الناس واتبعوهم فيما شرعوه لهم صاروا عبدة لهم .  فما يطيع المرء أحدا من البشر في شرع من عنده مخالف لشرع الله فيما احل أو حرم إلا كان عابدا له من دون الله .  وأيما امرئ من البشر شرع للناس تشريعا فيه تحليل لما حرمه الله ،  أو تحريم لما أحل الله ؛  فقد اصطنع لنفسه خصيصة من خصائص الإلهية التي لا تنبغي لأحد سوى الله .  وما الناس الطائعون الراضون بعد ذلك إلا المشركون الذين يعبدون مع الله آلهة مشرعة أخرى من البشر .

ويستبين بذلك مدى الجريمة البالغة التي يتلبس بها المشرعون للناس من عند أنفسهم مما لم يأذن به الله ،  ومما لم ينزل الله به سلطانا .  بل يصطنعون للناس تشريعا مخالفا لمنهج الله سواء في التحليل أو التحريم ،  فهم لذلك يحلون ما حرم الله ،  ويحرمون ما أحل الله .  لا جرم أن هذه فاقرة فظيعة يسقط فيها الساسة والقادة وأولوا الأمر الذين يفتاتون على الله بما شرعوه للناس .  وما شرعوه لهم مخالف لمنهج الله .  وذلكم غاية العصيان والكفران .

وكذلك الرعاع من التابعين الذين يهرعون لطاعة الحاكم في كل ما أمر من غير تمحيص لما هو مخالف لشرع الله أو غير مخالف .  منهم لا يعبأون عن كانت أوامر الحاكم مغايرة لشرع الله .  وإنما يخفون سراعا وفي غاية الاستحقاق والرعونة ؛  ليطيعوا الحاكم طمعا في بلوغ مأرب مهين مسف ،  أو لمجرد النفاق والمداهنة والخفة وخواء الضمير .  لا جرم أن هؤلاء واقعون في مستنقع الشرك الذي غاص فيه سائر الكافرين والمنافقين والملحدين وعباد الملوك ولسلاطين .

ولا يظنن جاهل من الجاهلين أنه بصلاته وزكاته وصيامه ناج من الانهيار في الهاوية ليكون في زمرة المشركين الذين عبدوا الرؤساء والحاكمين ؛  إذ أطاعوهم عن رضى ومودة ."
9,32,"قوله تعالى :  {  يريدون أن يطفئوا نور الله بأفواههم ويأبى الله إلا أن يتم نوره ولو كره الكافرون 32 هو الذي أرسل رسوله بالهدى ودين الحق ليظهره على الدين كله ولو كره المشركون } .

يريد الكافرون من أهل الكتاب والوثنين والملحدين وغيرهم من أهل الكفر {  أن يطفئوا نور الله } وهو القرآن الكريم ؛  فهو أصل الإسلام كله .  الدين الكبير الشامل الذي يتناول القضايا والمشكلات والمسائل البشرية كافة .  ذلكم الإسلام العظيم الرحب يريد الكافرون على اختلاف مللهم ونجلهم ومذاهبهم أن يطفئوه بأفواههم .  وذلك بأقاويلهم الباطلة وافتراءاتهم الكاذبة التي يثيرونها في كل مكان ومجال .  وذلك هو ديدن الكافرين في كل الأزمنة ،  وخصوصا في هذا العصر الذي تنشط فيه أفواه الظالمين من خصوم الإسلام من استعمارين وصليبين وصهيونيين ووثنين ومحلدين وعملاء .  كل أولئك يريدون أن يطفئوا نور الإسلام بما يبثونه وينشرونه من الكلمات والخطابات المنطوقة ،  لا يبتغون من ذلك إلا تشويه الإسلام والإساءة إلى سمعته وروعته وصلوحه .

ويلحق بما يخرج من الأفواه ما تخطه أقلام الظالمين والمعوقين الذين يصدون عن منهج الله ،  والذين يحرضون البشرية على الشرود والنفور من الإسلام وجنبته والارتداد عنه .  ومجال الأقلام في محاربة الإسلام هائل وخطير وبالغ التأثير ؛  فإن الأقلام التي تخط المقالات والمنشورات والكتب في محاربة الإسلام وصد الناس عن هذا الدين لهي فظيعة وخبيثة ومؤثرة .  وكم عانى المسلمون من افتراءات الكافرين الظالمين الذين يشنعون على المسلمين في سمعتهم وقيمهم وأخلاقهم وعاداتهم تشنيعا !  وكم واجه الإسلام نفسه من أباطيل أعدائه المتربصين الذين يكيدون له طيلة الزمان كيدا  !  وذلك بمختلف الأساليب في التشويه والتشكيك والتنفير للحيلولة بين البشرية وهذا الدين .

ولقد بلغ الكافرون والمتربصون غاياتهم في تشويه الإسلام بما تخطه أيديهم الأثيمة من مقالات السوء والافتراء ،  واصطناع الشبهات والأكاذيب الملفقة عن الإسلام .  وبالرغم مما يبذله المشركون والحاقدون العتاة من هائل الطاقات المنطوقة والمخطوطة والمصورة في الكيد لهذا الدين من اجل تدميره أو استئصاله ؛  فإن هذه الجهود والطاقات لسوف تبوء بالفشل الذريع .  وهو قوله سبحانه وتعالى :  {  ويأتي الله إلا أن يتم نوره } وذلك قرار رباني كبير وخالد لا يقبل الشك أو الجدل ؛  وهو أن هذا الدين لا جرم قائم ،  وأنه شائع في الآفاق وفي سائر أنحاء الدنيا ؛  فقد ثبت في الصحيح عن رسول الله صلى الله عليه وسلم أنه قال :  ( عن الله زوى لي الأرض مشارقها ومغاربها ،  وسيبلغ ملك أمتي ما زوي لي منها ) .

وروي الإمام أحمد بإسناده عن تميم الداري ( رضي الله عنه ) قال :  سمعت رسول الله صلى الله عليه وسلم يقال :  ( ليبلغن هذا الأمر ما بلغ الليل والنها .  ولا يترك الله بيت مدر ولا بر إلا أدخله هذا الدين يعز عزيزا ويذل ذليلا ؛  عزا يعز الله به الإسلام ،  وذلا يذل الله به الكفر ) .

ولئن ظهر الإسلام وشارع في العصور الفائتة تحقيقا قوله تعالى :  {  ويأبى الله إلا أن يتم نوره ولو كره الكافرون } فإن عود الإسلام من جديد كيما يهيمن على الواقع البشري كله ليس بالأمر البعيد .  بل إن ذلك مرهون بالأسباب التي تفضي بالضرورة لهيمنة الإسلام وتطبيق شريعته في المجتمع .  وسبيل المسلمين لهذا الأمل الكبير المنتظر أن يتلاقوا جميعا على عقيدة التوحيد بعيدا عم كل ألوان الشرك والنفاق والرياء والفرقة والأثرة .  وأن تترسخ في قلوبهم حقيقة التقوى وهي الخوف من الله وحده دون أحد سواه .  وأن تتركز بينهم آصرة الأخوة في العقيدة والدين فتسمو هذه على كل الأواصر المحدودة الأخرى .  وأن يتهيأوا لليوم الفاصل الذي يواجهون فيه أعدائهم المتربصين فيستعيدون لذلك كامل الاستعداد من غير تفريط ولا تقصير ولا تردد .  فيتزودون لذلك بزاد القوة الكافية التي يرهب بها المسلمون عدو الله وعدوهم .  وهذه إحدى الوسائل التي لا مناص من التلبس بها ؛  لأن أعداء الله لا تردعهم أساليب المجادلات والمحاورات المنطقية ،  ولا يصدهم الخلق الكريم ،  أو التعامل بالرفق والمودة واللين ،  إن أعداء الله لا يردعهم ولا يصدهم عن الشر والعدوان على المسلمين إلا قوة السلاح المرعب بكل ما تعنيه القوة من الأسباب العلمية والتقنية والمادية والعسكرية .  وهو مقتضى قوله تعالى :  {  وأعدوا لهم ما استطعتم من قوة } وبغير ذلك لسوف يبقى الظالمون والأشرار يعتدون على الإسلام والمسلمين ،  فيكيلون لهم الضربات والويلات بغير رادع ولا انقطاع .

وعلى أية حال ؛  فإن الإسلام باق لا يزول ولا يفنى مهما طغى عليه العتاة والمتجبرون .  ومهما تزاحمت من حوله المؤامرات والخيانات والافتراءات .  إن الإسلام باق بقاء الشمس والقمر ،  وبقاء النجوم والكواكب التي توجب أجواز الفضاء بغير انقطاع ولا توقف حتى تقوم القيامة ؛  لأن الإسلام قدر رباني حكيم وثابت .  وظاهرة كونية كبرى من ظواهر هذا الوجود المستديم إلى قيام الساعة ؛  وبذلك لا تقوى قوى البغي والظلام والعدوان والشر على استئصال الإسلام من الدنيا .  وهو بالرغم من يعتريه الآن من ظواهر الضعف والاضطراب لفرط ما يحيق به من كيد وتآمر ولكثافة الضربات التي يوجهها إليه الظالمون والأشرار ؛  فإنه لن يفنى ولن يزول بل إنه راسخ ومستطير وسيعاود الظهور والاستعلاء لا محالة ؛  ليظهر على العالمين بإذن الله .  وهذا مقتضى قوله سبحانه :  {  وهو الذي أرسل رسوله بالهدى ودين الحق ليظهره على الدين كله ولو كره المشركون } ."
9,33,/ت32
9,34,"قوله تعالى :  {  يا أيها الذين آمنوا إن كثيرا من الأحبار والرهبان ليأكلوا أموال الناس بالباطل ويصدون عن سبيل الله والذين يكنزون الذهب والفضة ولا ينفقونها في سبيل الله فبشرهم بعذاب أليم 34 يوم يحمي عليها في نار جهنم فتكوي بها جباههم وجنوبهم وظهورهم هذا ما كنزتم لأنفسكم فذوقوا ما كنتم تكنزون } .

بعد أن ندد بتهافت الأتباع والرعاع من الناس الذين اتخذوا الأحبار والرهبان أربابا من دون الله ،  شرع في الكشف عن فساد الأحبار والرهبان أنفسهم ؛  فإن كثيرا منهم فاسدون مفسدون ضالعون في الخطيئة والرجس ،  ويضلون الناس عن صراط الله الحق ويعمدون عن جشع وطمع إلى أخذ أموال الناس بغير حق ؛  وذلك على سبيل الرشا والابتزاز والكذب ؛  فهم يفترون على الناس بما يصطنعونه لهم من كاذب الأحكام ليحلوا لهم الحرام ،  ويحرموا عليهم الحلال ،  ويغيروا من معالم دينهم وشريعتهم ،  أو يبدلونها تبديلا ؛  ترضية للرعية في مقابلة ما يؤدونه لهم من العطايا والضرائب والبراطيل .  كل ذلك على حساب دينهم الذي بغوا عليه وجاروا على أحكامه أشد الجور فاستحال إلى أشتات من الكلام المختلط المتهافت .  الكلام الذي أتى عليه التحريف والتزيف فبدله دينا غير الله .

وفي ذلك تنبه للمسلمين وتحذير شديد من أن يسقط علماؤهم مثل ذلك السقطة التي انحدر إليها الأحبار والرهبان .  ذلك تحذير للمسلمين في كل زمان كيلا تغريهم مباهج الدنيا وزينتها من الأموال والمناصب فيميلوا عن الحق فيما يبينونه للناس من علوم الشريعة وأحكامها .  والعلماء في نظر الإسلام ( ورثة الأنبياء ) فهم احرص الناس كافة على صلاح السريرة والنصح للدين والأمة والأوطان ،  والاستعلاء على الشبهات والشهوات ومجانبة الباطل والسحت والغش والافتراء .  بل إن العلماء خليق بهم أن يكونوا أعزة كراما مع أنفسهم ومع الناس من حولهم ؛  فهم بذلك يسخرون بالنفاق والمنافقين ،  ويستهجنون التهافت حول أعتاب الساسة والرؤساء ؛  لأن العلماء أعظم قدرا وتشريفا ممن سواهم من أولى الزمام الذين يتقلدون المناصب وقيادة البلاد والعباد ؛  فلا حاجة للعلماء –على كبير قدرهم وبالغ شرفهم- للتزلف أو المصانعة أو الملق .  وهم إذا عرفوا حقيقة أنفسهم وأقدارهم تجافوا بأنفسهم عن كل ظواهر الإسفاف والضعة والهبوط .  وترفعوا عن كل الدنايا والرزايا والشبهات التي تحيط بأولي المناصب والكراسي والثراء ؛  فيضل العلماء على الدوام أبرارا أتقياء وقد صانوا دينهم وشرفهم أن ينخرم أو يتدنس .  وبذلك تتحدث بذكرهم وفضلهم الألسن والقراطيس إلى يوم الدين ،  يوم يقوم الناس لرب العالمين .

قوله :  {  ويصدون عن سبيل الله } أي يصدون الناس عن دين الإسلام ،  أو عن المسلك الحقيقي الذي قرره الله في كتبهم .  إنهم يصدون الناس عن ذلك إلى ما افتراه وحرفوه .  وهم مع أكلهم الحرام يصدون غيرهم عن اتباع الحق ويخلطون الحق بالباطل ليلبسوا على الناس دينهم فلا يميزوا فيه بين الصواب والخطأ ،  ولا يعرفوا المحرف فيه من السليم .  ومع ذلك كله فإنهم يظهرون لعامة الناس أنهم يدعون إلى الخير ويأمرون بالمعروف ،  والله يعلم ،  وكذا الراسخون في العلم يعلمون أنهم مبطلون مخادعون دجاجلة ؛  فلا يدعون إلا للباطل ولا يقودون أنفسهم والذين اتبعوهم إلا إلى النار وبئس القرار .

قوله :  {  والذين يكنزون الذهب والفضة ولا ينفقونها في سبيل الله فبشرهم بعذاب أليم } الواو في قوله :  {  والذين } فيها ثلاثة وجوه .  الأول :  أنها استئنافية ،  والذين ،  مبتدأ ضمن معنى الشرط ،  فدخلت الفاء في خبره .

الثاني :  أن الموصول هنا من أوصاف الكثير من الأحبار والرهبان .

الثالث :  أنه منصوب بفعل مقدر يفسره قوله :  {  فبشرهم }  .

قوله :  {  يكنزون } من الكنز .  وهو في اللغة يعني :  المال المدفون :  وهو أيضا بمعنى الذهب والفضة وما يحرز به المال ولا يختص الكنز بالذهب والفضة بل يعم غيرهما من الأموال مما سواهما .

حكم الكنز

ثمة خلاف في المال الذي أدى صاحبه زكاته ،  هل يسمى كنزل أم لا ؟  للعلماء في ذلك أقوال ثلاثة :

القول الأول :  أربعة آلاف فما دونها نفقة فما كان أكثر من ذلك فهو كنز وإن أديت زكاته ،  وهو قول علي رضي الله عنه .

القول الثاني :  الكنز ،  ما فضل عن الحاجة ؛  فهو بذلك تحريم ادخار ما زاد على نفقة العيال ،  وهو مذهب أبي ذر رضي الله عنه .  وهو من شدائده ومما انفرد به .  وعلى هذا لا يجوز الكنز ،  بل يجب إنفاق الذهب والفضة جميعا مما يفضل عن حاجة العيال –واحتج أبو ذر بظاهر الآية {  والذين يكنزون الذهب والفضة } الآية .

القول الثالث :  ما أديت منه زكاته أو من غيره فليس بكنز ،  ولا يحرم جمعه أو ادخاره وإن كان كثيرا .  وهو قول أكثر العلماء وهو الصحيح .  ويستدل على ذلك من السنة بما أخرجه الترمذي عن أبي هريرة أن النبي صلى الله عليه وسلم قال :  ( إذا أديت زكاة مالك فقد قضيت ما عليك ) .  وكذلك ما أخرجه أبو داود عن أم سلمة قالت :  كنت ألبس أوضاحا من ذهب فقلت :  يا رسول الله أكنز هو ؟  فقال :  ( ما بلغ أن تؤدي زكاته فزكي فليس بكنز ) .

والمراد تخويف الكافرين الذين يمتنعون من تزكية أموالهم المكنوزة ؛  لما في ذلك من العدوان على حق الفقراء والمساكين بما يفضي إلى غضب الرحمن ،  وإعواز المحاويج وإحساسهم بالأم والحسرة ؛  وبذلك فقد أعد الله للكانزين الأشحة المانعين الزكاة شديد العذاب ،  وتوعدهم بالنار تصطلي بها جلودهم وأبدانهم .  وذلك من خلال الآية وهي غاية البلاغة والتأثير تفيض بهما روعة هذا التعبير .  وهو من كلام اله المعجز الذي ينكص دونه كل كلام ،  وتدنو دونه الكلمات وبراعة الأقلام"
9,35,"{  يوم يحمى عليها في نار جهنم فتكوي بها جباههم وجنوبهم وظهورهم } {  يوم } ،  منصوب بمحذوف يدل عليه قوله :  {  بعذاب } أي يعبدون يوم يحمي عليها .  أو منصوب بفعل تقديره :  واذكر يوم يحمى .  والمعنى :  أن ما أكتنزه المالكون من أموال لم تؤد زكاتها سوف توقد عليها نار الحامية ،  والشديدة الحرارة .  وقد جعل الإحماء للنار مبالغة في التنكيل والتحريق ؛  لأن النار في نفسها حامية ،  فإذا وصفت بأنها تحمى ؛  دل ذلك على شدة توقدها وفظاعة اشتعالها وتحريفها .  والمراد أن النار تحمى على المال المكنوز ليصير حاميا بالغ الحرارة ،  ثم تكوى بها بعد ذلك جباه الكانزين وجنوبهم وظهورهم .  وقد خصت هذه المسميات بالذكر ؛  لأن غرض الكانزين هم كنزهم وجمعهم المال أن يكونوا عند الناس ذوي وجاهة وإطراء فينزعون بذلك إعجاب الناس وتكريمهم لهم ،  فضلا عن ظواهر الرغد والتنعيم بالشهي من المطعوم وفاخر الملبوس .  ومن أجل ذلك يكتوون على الأعضاء التي كانت تبرز فيهم لدى المفاخرة والاختيال ،  وعند طلب الوجهة وحسن الصيت ،  وهي الجباه .  ثم جنوبهم وظهورهم التي كانت محلفة بالسمن لفرط الأكل والترف والتنعم بطيبات الحطام الفاني .  لا جرم أن الكي على هذه المواضع أشنع وأوجع وأخزى ؛  فهي مواضع التعبير عن الغرور الذي هوى فيه هؤلاء اللئام الأشحة ،  أو البطر الذي غشيهم فأنساهم حق الفقراء والمساكين والمعوزين فيما كنزوه .

قوله :  {  فذوقوا ما كنتم تكنزون } ما ،  مصدرية ح أي ذوقوا وبال كنزكم .  وقيل :  موصولة ؛  أي ذوقوا وبال المال الذي كنتم تكنزونه .  ويقال لهم ذلك على سبيل التقريع والتهكم وزيادة في التنكيل الأليم كقوله :  {  ثم صبوا فوق رأسه من عذاب الحميم 38 ذق إنك أنت العزيز الكريم } فهذا هو الذي كنتم تكنزونه لأنفسكم فذوقوا كيه ومس لظاه .  وفي الصحيح مسلم عن أبي هريرة أن رسول الله صلى الله عليه وسلم قال :  ( ما من رجل لا يؤدي زكاة ماله ،  إلا جعل له يوم القيامة صفائح من نار فيكوى بها جنبه وجبهته وظهره في يوم كان مقدراه خمسين ألف سنة ،  حتى يقضي بين العباد ،  ثم يرى سبيله إما إلى الجنة ،  وإما إلى النار )  ."
9,36,"قوله تعالى :  {  إن عدة الشهور عند الله اثنا شهرا في كتاب الله يوم خلق السموات والأرض منها أربعة حرم ذلك الدين القيم فلا تظلموا فيهن أنفسكم وقاتلوا المشركين كافة كما يقلونكم كافة واعلموا أن الله مع المتقين } .

ذكر أن العرب كانت لا عيش لأكثرها إلا من الغارات والحروب ،  فكانت إذا توالت عليها الأشهر الأربعة الحرم ضاقت عليهم الحال وافتقروا .  فرغبهم ذلك في أن ينسئوا الشهور للعرب ؛  أي أن يؤخرها ؛  فكانوا يأتون إلى من نسئ لهم الهر ويقولونه له :  أنسئنا شهرا ؛  أي أخر عنا حرمة المحرم فاجعلها في صفر ،  فيحل لهم المحرم فيغيرون فيه ويعيشون ،  ثم يلزمون حرمة صفر ليوافقوا عدة الأشهر الأربعة ويسمون ذلك الصفر المحرم ويسمون ربيعا الأول صفرا وربيعا الآخر ربيعا الأول وهكذا في سائر الشهور ،  فتجيء السنة من ثلاثة عشر شهرا أولها المحرم للمحلل ،  ثم المحرم الذي هو في الحقيقية صفر ،  حتى حج أبو بكر في ذي القعدة حقيقة ،  ثم حج رسول الله صلى الله عليه وسلم سنة عشر في ذي الحجة حقيقة .  وفي ذلك أخرج مسلم عن أبي هريرة قال :  قال رسول الله صلى الله عليه وسلم :  ( إن الزمان قد استدار كهيئته يوم خلق الله السموات والأرض و {  إن عدة الشهور عند الله اثنا عشر شهرا في كتاب الله يوم خلق السموات والأرض منها أربعة حرم } ثلاثة متواليات :  ذو القعدة وذو الحجة والمحرم ورجب مضر ،  الذي بين جمادى وشعبان ) وقد أضاف رجب إلى مضر ليبين صحة قولهم في رجب أنه الشهر الذي بين جمادى وشعبان لا كما تظنه ربيعة من أن رجب المحرم هو الشهر الذي بين شعبان وشوال وهو رمضان اليوم ؛  فبين صلى الله عليه وسلم أنه رجب مضر لا رجب ربيعة .

قوله :  {  في كتاب الله } أي في اللوح المحفوظ .  وقيل :  في القرآن .  وقيل :  في حكم الله .

قوله :  {  يوم خلق السموات والأرض } أي في ابتداء إيجاد هذا العالم .  والمراد أنه في ابتداء ذلك كانت الشهور عدتها ما ذكر وهي الآن على ما كانت عليه .

قوله :  {  ذالك الدين القيم } الإشارة عائدة إلى تحريم الأشهر الأربعة ،  وإلى ما ينبغي لها من التفخيم والتعظيم {  الذين القيم } أي القضاء المستقيم ،  وهو قول بن عباس ،  وقيل :  الشرع القويم ؛  إذ هو دين إبراهيم عليه السلام .

قوله :  {  فلا تظلموا فيهن أنفسكم } الضمير في قوله :  {  فيهن } راجع إلى الأشهر الحرام ؛  فقد نهي المسلمين عن هتك حرمتهن وارتكاب ما حرم فيهن كنهيه عن المظالم في هذه الأشهر العظيمة خصوصا ،  تشريفا لها وتعظيما ؛  فقد خصها بالذكر ،  وإن كانت المظالم منهيا عنها في كل زمان .

على أن تحريم القتال في هذه الأشهر الأربعة منسوخ عند جمهور العلماء وأن الظلم المنهي عنه فيهن مؤول بارتكاب المعاصي .  وقد بينا آنفا أن تخصيصها بالنهي عن ارتكاب المعاصي والآثام فيها ،  لتعظيمها ،  مع أن المعاصي منهي عنها مطلقا .

وعن عطاء بن أبي رباح أنه لا يحل القتال للناس في الأشهر الحرم إلا أن يقاتلوا دفعا لعدوان وقع عليهم .  لكن الراجح القول بالنسخ .  وبذلك فإن قتال الكافرين في الأشهر الحرم بات فير محظور ،  ويؤيد هذا :  أن النبي صلى الله عليه وسلم حاصر الطائف وغزا هوازن بحنين في شوال وذي القعدة سنة ثمان .  ولئن وقع على المسلمين عدوان من الكافرين بات قتالهم أعظم وجوبا وأشد تأكيدا .

قوله :  {  وقاتلوا المشركين كافة كما يقاتلوكم كافة } {  كافة } ،  منصوب على المصدر في موضع الحال كقولهم :  عافاه الله عافية ،  ورأيتهم عامة وخاصة ؛  أي قاتلوا المشركين مجتمعين غير مختلفين ،  ومؤتلفين غير متفرقين كما يقاتلكم المشركون جميعا مجتمعين غير متفرقين .  وبعبارة أخرى :  قاتلوهم جميعكم كما يقاتلونكم جميعهم .  وذلك تهييج للمسلمين وتحضيض لهم على قتال المشركين مجتمعين مؤتلفين ،  غير متفرقين .  كقوله تعالى :  {  إن الله يحب الذين يقاتلوهم في سبيله صفا كأنهم بنيان مرصوص } وذلك يذكرنا بأن المشركين الذين يكرهون الإسلام ويناصبونه العداء والكيد دوما ،  يواجهون المسلمين مجتمعين وقد حشدوا لقتالهم كل قواهم وطاقاتهم ،  واستنفروا من القدرات والأموال والعساكر كل ما لديهم .  وذلك يوجب على المسلمين أن لا يتنازعوا ولا تختلف كلمتهم فتختلف قلوبهم وتلين قناتهم ويهون بأسهم وكيانهم في نظر أعدائهم ؛  بل عليهم أن يلتئموا جميعا ليكونوا على قلب رجل واحد إن كانوا حقا مؤمنين يخشون الله في أنفسهم وعقيدتهم وأوطانهم وأمتهم .

إن على المسلمين أن يحشدوا جموعهم وعساكرهم ويستعدوا للقاء العدو الظالم ،  وهم مجتمعون متحدون ؛  فإن أعداءهم ماكرون حاقدون ،  وهم كثيرون مجتمعون على محاربة الإسلام والمسلمين ،  وما فتئوا يتآمرون في الظلام ليكيدوا لهذا الدين أبلغ الكيد ؛  فلا مندوحة إذن عن استعداد المسلمين في سائر أقطار الأرض للقاء الكافرين المعتدين دفاعا عن أنفسهم ،  ودرءا للمخاطر أن تحقي بدينهم وأمتهم .

وإذا لم يعبأ المسلمون بمواجهة الظالمين وركنوا إلى الدنيا بحطامهما وزخارفها ،  واستسلموا للإياس والخور والسلاطين الفسقة ؛  فلسوف تزداد من حولهم المخاطر والشدائد حتى يعودوا إلى دينهم الإسلام عودا حقيقيا .

قوله :  {  واعلموا أن الله مع المتقين } ذلك إعلان من الله للمؤمنين أنهم إن اتقوه وأطاعوه شرعه والتزموا ما أمرهم به كاجتماعهم كافة على قتال المشركين ؛  فغنه سبحانه لا محالة ناصرهم ومؤيدهم وجاعل الغلبة لهم ."
9,37,"قوله تعالى :  {  إنما النسيء زيادة في الكفر يضل به الذين كفروا يحلونه عاما ويحرمونه عاما ليواطؤا عدة ما حرم الله فيحلوا ما حرم الله زين لهم سوء أعمالهم والله يهدي القوم الكافرين } {  النسيء } معناه التأخير .  وهو مصدر بمعنى الإنساء وهو التأخير ،  أنسأته إنساء ؛  إذا أخرته عنه .  والاسم النسيئة والنسء .  ومنه :  أنسأ الله فلانا أجله .  ونسأ في أجله والمراد :  تأخير حرمة الشهر إلى شهر آخر ؛  فقد كانت العرب تحرم القتال في الأشهر الحرم المذكورة سابقا ،  فإذا دعتهم الحاجة إلى القتال فيها ،  قاتلوا حرموا غيرها بدلا منها ،  فإذا قاتلوا مثلا في المحرم ،  حرموا بدلا منه شهر صفر وهكذا في غيره .  وقد حملهم على ذلك أن أكثرهم كانوا يعيشون من الغارات وغزو بعضهم بعضا ونهب ما يمكنهم أن ينبهوه ،  فيقع بسبب ذلك بينهم القتال ،  ومن أجل ذلك كانوا يحللون لأنفسهم بعض الأشهر الحرم ؛  ليحرموا مكانه بقدره من أشهر أخرى غير الحرم .  وهذا هو النسيء .

قوله :  {  زيادة في الكفر } يعني هذا النسيء الذي بينا معناه آنفا ،  زيادة في كفرهم .  فقد أتوا وجوها في الكفر ،  منها :  جحودهم الخالق ،  وإنكارهم البعث ،  وتكذيبهم النبيين والمرسلين .  فجاء النسيء زيادة على هذه الوجوه ؛  أي أنهم ازدادوا بالنسيء كفرا على كفرهم ؛  فهو كفر آخر ضموه إلى كفرهم فضلوا به ضلالا زائدا .  وهو قوله :  {  يضل به الذين كفروا يحلونه عاما ويحرمونه عاما } .

قوله :  {  ليوطئوا عدة ما حرم الله } {  ليوطئوا } :  ليجتمعوا ويتفقوا .  واطأه على الأمر :  وافقه .  تواطأوا عليه ؛  أي اتفقوا .  والمعنى :  أنهم يوافقون بعدة الشهور التي يحرمونها عدة الأشهر الأربعة التي حرمها الله من غير زيادة عليها ولا نقصان منها .  فهم بذلك لم يحلوا شهرا إلا حرموا بدلا منه شهرا آخر ؛  ليبقى الأشهر الحرم أربعة ؛  وبذلك يحلون ما رحم الله من الأشهر الحرم التي أبدلوها بغيرها .

قوله :  {  زين لهم سوء أعمالهم } أي زين الشيطان لأتباعه المشركين الضالين ما اقترفوه من المعاصي وأنواع الكفر ،  ومن جملتها ذلك .

قوله :  {  والله لا يهدي القوم الكافرين } وذلك إذا اختاروا الباطل فمالت إليه نفوسهم بعد أن جنحوا عن طريق الله وأبوا إلا المضي في طريق الشيطان ."
9,38,"قوله تعالى :  {  يا أيها الذين آمنوا ما لكم إذا قيل لكم انفروا في سبيل الله اثاقلتم إلى الأرض أرضيتم بالحياة الدنيا من الآخرة فما متاع الحياة الدنيا في الآخرة إلا قليل 38 إلا تنفروا يعذبكم عذابا أليما ويستبدل قوما غيركم ولا تضروه شيئا والله على كل شيء قدير } نزلت في الحث على غزوة تبوك ؛  وذلك أن رسول الله صلى الله عليه وسلم لما رجع من الطائف وغزوة حنين أمر بالجهاد لغزو الروم ،  وذلك في زمان عسرة من البأس ،  وجدب من البلاد ،  وشدة من الحر ،  حين أخرفت النخل وطابت الثمار ،  فعظم على الناس غزو الروم ،  وأحبوا الظلال والمقام في المساكين والمال ،  وشق عليهم الخروج إلى القتال ،  فلما علم الله تثاقل الناس أنزل هذه الآية .

قوله :  {  ما لكم إذا قيل لكم انفروا في سبيل الله } ما ،  حرف استفهام معناه التوبيخ .  والتقدير :  أي شيء يمنعكم عن كذا ؛  وذلك على سبيل العتاب والتوبيخ لمن تخلف من المسلمين عن رسول الله صلى الله عليه وسلم في غزوة تبوك وكانت سنة تسع من الهجرة بعد الفتح بعام .

وقوله :  {  انفروا } من النفر ،  بسكون الفاء ،  وهو في الأصل يعني الخروج من مكان إلى مكان آخر لأمر واجب .  واسم القوم الذين يخرجون لذلك ،  النفير ؛  أي ما لكم إذا قيل لكم اخرجوا مجاهدين في سبيل الله لجهاد أعدائه {  اثاقلتم إلى الأرض } أي تثاقلتم إلى نعيم الحياة ولزوم الأرض وما فيها من متاع وزينة ،  أو ملتم إلى الإقامة بأرضكم ومساكنكم حيث الاستقرار والدعة ،  وزهدتم في الخروج للقاء المشركين الظالمين .

قوله :  {  أرضيتم بالحياة الدنيا من الآخرة } أي أرضيتم بنعيم الدنيا بدلا من نعيم الآخرة ؟  !  أرضيتم بهذه العاجلة التي تمر في عجل عابر وتغفلون عن الآخرة حيث النعيم المستديم ؟  !  فنعيم الدنيا حطام زائل ،  ونعيم الآخرة ماكث سرمد .  فكيف يستعاض عن الماكث الباقي بالحطام الدائر ؟  إنه لا يفعل ذلك إلا ضال مأفون .

قوله :  {  فما متاع الحياة الدنيا في الآخرة إلا قليل } أي فما الذي تستمتعون به في دنياكم هذه مما فيها من اللذات والنعيم في جنب الآخرة {  إلا قليل } أي متاع صغير بالغ الهوان ."
9,39,"قوله :  {  إلا تنفروا يعذبكم عذابا أليما ويستبدل قوما غيركم ولا تضروه شيئا } ذلك وعيد من الله للمؤمنين لئن تركوا النفر إلى عدوهم لقتالهم وصدهم ؛  فلسوف يعذبهم الله عذابا العاجل الموجع في هذه الدنيا ،  كحبس المطر عنهم ونحوه ،  وكذلك يستبدل الله بكم آخرين ينفرون إذا استنفروا {  ولا تضرون شيئا } أي أن المؤمنين لا يضرون الله بتركهم الجهاد ؛  بل إن الله لا يعبأ بضلال العالمين جميعا ولا حاجة به سبحانه إلى الناس ؛  بل إن الناس هم المحتاجون إليه .

قوله :  {  والله على كل شيء قدير } الله قادر على تعذيب المفرطين الذين نكلوا عن فريضة الجهاد ،  وقادر على استبدال آخرين غيرهم ،  بل إن الله قادر أن يفعل ما يشاء ."
9,40,"قوله تعالى :  {  إلا تنصروه فقد نصره الله إذا أخرجه الذين كفروا ثاني اثنين إذ هما في الغار إذ يقول لصاحبه لا تحزن إن الله معنا فانزل الله سكينته عليه وأيده بجنود لم تروها وجعل كلمة الذين كفروا السفلى وكلمة الله هي العليا والله عزيز حكيم } {  إذ أخرجه } ،  في محل نصب ظرف زمان .  و {  ثاني اثنين } .  أي أحد اثنين ،  منصوب على الحال ،  {  إذ هما في الغار } ،  بدل من :  {  إذ أخرجه } .  {  إذ يقول } ،  بدل ثان .

والمعنى :  إن لم تنصروا رسول الله صلى الله عليه وسلم فتركتم بذل العون له والتأييد ؛  فإن الله جل وعلا يتكفل بذلك ؛  فقد نصره الله في مواطن الشدة والخطر ،  وهو سبحانه ينصره في كل المواطن إن شاء مثلما نصره وثبته في أشد الأحوال من الخوف البالغ والخطر المحدق {  إذ أخرجه الذين كفروا ثاني اثنين } يعني أحد اثنين .  وكان صاحبه في الهجرة المباركة المشهودة صديقه المخلص الودود أبو بكر الصديق ( رضي الله عنه ) فقد خرجا كلاهما بدينهما إلى المدينة ،  ثم لجئا في الطريق إلى غار ثور ثلاثة أيام ،  حتى إذا جاء المشركون في اغترار بالغ وسفاهة عاتية حمقاء ،  أحاطوا بالغار ليجدوا من فيه ،  أو يفضوا إلى رسول الله صلى الله عليه وسلم فيوقعوا به ما ائتمروا به وهو القتل .  والرسول صلى الله عليه وسلم مع ذلك مطمئن ثابت ؛  بل هو أقوى في شموخه وثباته من الرواسي الشم ،  فما تزعزع فيه مثقال ذرة من مشاعره وأعصابه ،  ولا اضطراب من بدنه أو كيانه مثقال قطمير ،  ولا ازدادت في صدره خفقات قلبه الكبير ولو بقدر خفقة واحدة أو نصيفها ،  وحسبه هذا الحدث الهائل وحده شاهدا على صدق نبوته وحقيقة رسالته للعالمين كافة .

قوله :  {  إذ يقول لصاحبه لا تحزن إن الله معنا } أي بالنصر والتأييد والكلاءة وإنما كان حزن أبي بكر ؛  إشفاقا على رسول الله صلى الله عليه وسلم ،  وخشية أن يناله من أذى المشركين شيء ،  ولم يكن النبي صلى الله عليه وسلم إذ ذاك معصوما بالصون والحفظ المحتومين ؛  فقد نزل عليه في المدينة قول الله تعالى :  {  والله يعصمك من الناس } .

وروي الإمام أحمد عن أنس أن أبا بكر حدثه قال :  قلت للنبي صلى الله عليه وسلم ونحن في الغار :  لو أن أحدهما نظر إلى قدميه لأبصرنا تحت قدميه .  فقال ( يا أبا بكر ما ظنك باثنين الله ثالثهما ؟  ) .

والله جل وعلا خالق كل شيء وبارئ المؤمنين والمجرمين قادر أن يرد كيد المجرمين في نحورهم ،  وأن ينشر الأمن والسكينة في قلب نبيه المعظم صلى الله عليه وسلم ،  فيشد من عزيمته البالغة التي لا تأتي عليها الأهوال والمحن ،  ولا يفلها مكر الشياطين من البشر الجاحد المتربص .  وهذا مقتضى قوله سبحانه :  {  فأنزل الله السكينة } أي أنزل تأييده ونصره وتثبيته على الرسول صلى الله عليه وسلم {  وأيده بجنوده لم تروها } أي أيده بنزول الملائكة الأطهار مؤيدين له ومعززين .

قوله :  {  وجعل كلمة الذين كفروا السفلى وكلمة الله هي العليا } كلمة الله مرفوعة على الابتداء .  و {  هي العليا } ،  خبر المبتدأ .

أما {  كلمة الذين كفروا } فهي جامعة لمعاني الشرك والظلم والباطل والضلال ؛  فقد جعلت هذه {  السفلى } وذلك بالتبديد والمحق والقهر ؛  فكل مقهور ومغلوب لهم أسفل من الغالب ،  والغالب لهو الأعلى .

أما {  كلمة الله } فهي الحق بكل ما تشتمل عليه هذه الكلمة من معاني الخير والبركة والعدل والفضل .  لا جرم أن يأتي في قمة ذلك كله شهادة أن لا إله إلا الله ؛  فهي الشهادة العظمى التي تأتي في الذروة السامقة من مراتب الحق والخير في هذا الوجود كله .  وقد جاء في الصحيحين عن أبي موسى الأشعري ( رضي الله عنه ) قال :  سئل رسول الله صلى الله عليه وسلم عن الرجل يقاتل شجاعة ،  ويقاتل حمية ،  ويقاتل رياء ،  أي ذلك في سبيل الله ؟  فقال :  ( من قاتل لتكون كلمة الله هي العليا فهي في سبيل الله ) .

إن كلمة الله بالشهادة العظمى ومنهج الله الحكيم القويم وما حواه ذلك من معاني راسخة في الخير والجلال والفضيلة ؛  لهم الحق الأبلج الثابت الذي يصلح عليه الناس وتستقيم على أساسه الدنيا .  لكن كلمة الكافرين تضم الشر والشقاء والباطل ،  وذلك كله في الأسفلين والأذلين حيث يصير إليه الكافرون بما استفرخ في أذهانهم وصدورهم من عقائد الضلال والكفر .

على أنه يستفاد من حدث الهجرة جواز الفرار بالدين خوفا من العدو ،  وكذلك الاستخفاء منهم مخافة كيدهم وإيذائهم ،  ومخافة أن يذهب الدين نفسه بذهاب دعاته وحملته .  وما ينبغي الاحتجاج بما يقوله بعض الجاهلين ،  وهو أن من خاف مع الله سواه كان ذلك نقصا في توكله وتقواه ولم يؤمن بالقدر ،  ومثل هذا القول مجانب للصواب ،  ومخالف لسنة المصطفى صلى الله عليه وسلم ؛  فقد دلت سنته العملية على فراره بدينه في حدث الهجرة ليكون ذلك مثالا يحتذى لدى المسلمين طيلة الزمان كلما حزب أحدهما أو بعضهم من الكافرين والخائنين كيد أو مكر فيفر بدينه .  لا جرم أن ذلك أسلم للنفس أن يستحوذ عليها الكافرين بالفتنة أو القتل ،  فضلا عما في ذلك من مراعاة حقيقة لفطرة الإنسان التي تهتف بالخوف من الموت .  وهذه حقيقة أساسية من حقائق كثيرة جبل عليها الإنسان .  وخلاف ذلك من القول المغاير ليس إلا التكليف أو الجهل بطبيعة الإنسان وحقيقة فطرته التي جيىء به عليها {  لا تبديل لخلق الله } .

أما رسولنا الهادي صلى الله عليه وسلم فما كان يخشى الكافرين على نفسه بقدر خشيته على الدين أن يفنى بهلاكه ،  ويكون في هجرته مناص للمكروبين من دعاة الحق والدين أن يفروا بأنفسهم إذا أحاطت بهم أسباب المنون بفعل الظالمين والخائنين .

قوله :  والله عزيز حكيم } إنه لا يعز على الله أن يزلزل الطغاة والمستبدين والظالمين ،  وأن يقهرهم ويذيقهم الإذلال ومرارة التعس والشقاء ،  وهو أيضا قادر على نصر عباده المؤمنين المخبتين الصابرين ،  وهو يقضى في ذلك كله حسب مشيئته وتقديره وتقديره .  وهو سبحانه حكيم في تدبيره وتصريفه لأمور العباد ."
9,41,"قوله تعالى :  {  انفروا خفافا وثقالا وجاهدوا بأموالكم وأنفسكم في سبيل الله ذلكم خير لكم إن كنتم تعلمون } {  خفافا وثقالا } ،  منصوب على الحال .  ذلك تحريض بالغ على رفض العدوان والظلم أن يصيب المسلمين فيؤذيهم أو يذلهم .  إنه تحريض قائم مجلجل يهتف بالمسلمين في كل مكان وزمان لكي يرفضوا الضيم لأنفسهم فيدرأوه درءا ويدفعوه بكل الأسباب من غير تردد في ذلك ولا نكوص .

إن على المسلمين –بناء على هذه الآية ونظائرها من الآيات في هذا الصدد- أن يلتئموا جميعا ليكونوا يدا واحدة على من سواهم من المعتدين المتربصين الذين يتحرشون بالمسلمين ليطغوا عليهم أو يبيدوهم إبادة .  وليس أدل على التحريض البالغ لصد المعتدين من هذا القول الرباني الهاتف المؤثر {  انفروا خفافا وثقالا } فقد أمر الله المسلمين بالنفر في أحوال والثقل ليجاهدوا في سبيل الله بأموالهم وأنفسهم .  وتأويل الخفة والثقال هنا موضع خلاف ؛  فقد قيل :  المراد بالخفة هنا الشباب .  أما الثقل فيراد به الشيخوخة ؛  أي انفروا شيبا وشبانا ،  أو شيوخا وشبانا ،  أو كهولا وشبانا .  وقيل :  أغنياء وفقراء .  وقيل :  نشاطا وغير نشاط .  وقيل :  ركبانا ومشاة .  وقيل :  مشاغيل وغير مشاغيل .

قوله :  {  ذالكم خير لكم إن كنتم تعلمون } يعني هذا الذي أمرتكم به من النفر في سبيل الله خفافا وثقالا للقاء العدو مجاهدين بأموالكم وأنفسكم لهم أنفع لكم من الركون للاسترخاء والدعة والنكول عن الجهاد {  عن كنتم تعلمون } إن كنتم تعون وتدركون أهمية الجهاد في سبيل الله وفداحة الخطر الداهم الذي سيحيق بكم إذا نكلتم وتقاعستم عن الجهاد ."
9,42,"قوله تعالى :  {  لو كان عرضا قريبا وسفرا قاصدا لاتبعوك ولكن بعدت عليهم الشقة وسيحلفون بالله لو استطعنا لخرجنا معكم يهلكون أنفسهم والله يعلم إنهم لكاذبون } .

كانت جماعة من أصحاب النبي صلى الله عليه وسلم قد استأذنوه في التخلف عنه حين خرج إلى تبوك فأذن لهم .  وفي ذلك يقول سبحانه كاشفا عما يختلج في قلوب هؤلاء المعتذرين من خبايا النفاق والأثرة والإخلاد إلى الأرض حيث الدعة والاسترخاء {  لو كان عرضا قريبا وسفرا قاصدا لاتبعوك } العرض ،  بالتحريك ،  هو ما يعرض من منافع الدنيا .  والمراد بالعرض القريب :  الغنيمة القريبة .  والسفر القاصد :  معناه الموضع القريب السهل .  فالمعنى :  لو كان ما تدعو المتخلفين عنك إليه ،  والمستأذنين منك في ترك الخروج إليه –لو كان غنيمة حاضرة قريبة وموضعا قريبا سهلا لا تبعوك ونفروا معك إليهما ؛  لكنك استنفرتهم إلى موضع بعيد ،  وكلفتهم سفرا شاقا عليهم ؛  لأنك قد استنهضتهم في وقت الحر الشديد وفي زمن القيظ ،  وعن الحاجة إلى الدعة والاستكنان ،  وحيث التلذذ بالهجوع والرقود .  ولهذا قال :  {  ولاكن بعدت عليهم الشقة } أي السفر إلى أرض بعيدة .  والمراد بذلك غزوة تبوك .

قوله :  {  وسيحلفون بالله لو استطعنا لخرجنا معكم } سيحلف هؤلاء المستأذنون في ترك الخروج إلى لقاء المشركين اعتذارا منهم إليك بالباطل لتقبل منهم عذرهم فتأذن لهم في التخلف عنك ،  سيحلفون بالله كاذبين {  لو استطعنا لخرجنا معكم } أي لو أطقنا الخروج معكم ،  بان كان لنا ما يحتاجه المسافر الغازي من سعة المال والمراكب وصحة البدن ؛  لخرجنا معكم للقاء العدو .  ولقد قالوا ذلك وهم يعلمون أنهم كاذبون .  وما تذعروا بما تذعروا بع إلا لضعف إيمانهم وعزائمهم وجنوحهم للإخلاد إلى القعود والتنعم بالراحة والرقود مع الخوالف .

قوله :  {  يهلكون أنفسهم والله يعلم إنهم لكاذبون } أي يوقعون أنفسهم في الهلاك والإفضاء إلى سخط الله وعقابه الأليم من اجل نفاقهم ،  وبما حلفوه من الأيمان الكاذبة .  والله جل وعلا عليهم بأنهم كاذبون فيما حلفوا عليه بالله ؛  فقد كانوا مطيقين أن يخرجوا معكم بوجود السبيل إلى ذلك من الأموال وصحة الأبدان وما يحتاجه المسافر في سفره ؛  لكنهم يريدون أن يتخلفوا إيثارا للدعة والراحة والإخلاء للعيش حيث اللذائذ والمنافع .  لقد قالوا ما قالوه وهم يعلمون أنهم كاذبون ،  وما تذرعوا به إلا لضعف إيمانهم وجنوحهم للإخلاد إلى القعود إلى العقود والتنعم بالراحة والرقود مع الخوالف ."
9,43,"قوله تعالى :  {  عفا الله عنك لم أذنت لهم حتى يتبين لك الذين صدقوا وتعلم الكاذبين 43 لا يستأذنك الذين يؤمنون بالله واليوم الأخر أن يجاهدوا بأموالهم وأنفسهم والله عليم بالمتقين 44 إنما يستأذنك الذين لا يؤمنون بالله واليوم الآخر وارتابت قلوبهم فهم في ريبهم يترددون } هذا عتاب من الله لنبيه صلى الله عليه وسلم من اجل إذنه لمن أذن لهم في التخلف عنه في تبوك لقتال الروم .  والتقدير :  عفا الله عنك يا محمد ما كان منك من الإذن لهؤلاء المنافقين الكاذبين الذين استأذنوك في العقود والتخلف عنك ،  من قبل أن تعلم صدقهم من كذبهم ،  أو ما كان ينبغي لك أن تأذن لهؤلاء في التخلف عن تبوك حتى تعلم الصادق من المنافق .

وثمة تأويل آخر لقوله :  {  عفا الله عنك } وهو أن هذا افتتاح كلام كما تقول :  أصلحك الله وأعزك ورحمتك .  لقد كان كذا وكذا ."
9,44,"قوله :  {  لا يستأذنك الذين يؤمنون بالله واليوم الآخر أن يجاهدوا بأموالهم وأنفسهم } ذلك إخبار من الله عن سيما المنافقين ؛  فغن من سماتهم وعلاماتهم التي تكشف نفاقهم :  تخلفهم عن الجهاد في سبيل الله ؛  إذ يستأذنوك الرسول صلى الله عليه وسلم في ترك الخروج بعد أن يتذرعوا بالمعاذير الكاذبة .

أما المؤمنون الصادقون المخلصون :  فغنهم لا يستأذنون للقعود ولا للخروج ؛  بل إنهم يبتدرون القيام بالواجب والمسارعة في الطاعة دون حاجة إلى استئذان .  قوله :  {  والله عليم بالمتقين } الله أعلم بمن يخافه فيبادر بطاعته واجتنبا عصيانه ،  ويسارع بغير تردد إلى الجهاد بماله ونفسه في سبيل الله ."
9,45,"قوله :  {  إنما يستأذنك الذين لا يؤمنون بالله واليوم الآخر وارتابت قلوبهم } إنما يستأذن في التخلف عن الجهاد ،  فيقعد مع القاعدين ،  هم الخوالف المنافقون الذين خوت قلوبهم من الإيمان بالله واليوم الأخر ؛  فغن التخلف عن ركب رسول الله صلى الله عليه وسلم وجماعة المؤمنين ،  والقعود عن أداء الواجب العظيم بغير عذر ولا سبب مقبول ،  لا يفعله أولو العقيدة والتقوى ،  ولا الذين يخشون الله ويلتزمون دينه والعمل شبعه وأحكامه ،  إنما يفعله الخاوون الخاسرون الذين ضؤل في قلوبهم الإحساس بالإيمان الصحيح ،  بل تسرب إلى نفوسهم الشك في حقيقة الإيمان بالله واليوم الآخر .

قوله :  {  فهم في ريبهم يترددون } أي هؤلاء المستأذنون لعدم الخروج مرتابون حائرون ؛  فهم سادرون في الحيرة والتردد والاضطراب ."
9,46,"قوله تعالى :  {  ولو أرادوا الخروج لأعدوا له عدة ولكن كره الله انبعاثهم فثبطهم وقيل اقعدوا مع القاعدين 46 لو خرجوا فيكم ما زادوكم إلا خبالا ولأوضعوا خلالكم يبغونكم الفتنة وفيكم سامعون لهم والله عليم بالظالمين 47 لقد ابتغوا الفتنة من قبل وقلبوا لك الأمور حتى جاء الحق وظهر أمر الله وهم كارهون } أي أن هؤلاء المستأذنين في تلاك الخروج للجهاد لو أرادوا الخروج لهذه الوجيبة العظيمة ؛  لأعدوا لذلك العدة ،  فتأهبوا للسفر استعداد للقيام بالأمر .  لكن تركهم الاستعداد لذلك دليل قصدهم التخلف ،  وأنهم ينتوون القعود دون الخروج .

قوله :  {  ولاكن كره الله انبعاثهم } أي كره الله أن يخرجوا معكم .  ومن اجل ذلك ثبطهم ؛  أي خذلهم دون الخروج تخذيلا فاستخفوا القعود في منازلهم واستثقلوا السفر والخروج مع إخوانهم المجاهدين .

قوله :  {  وقيل اقعدوا مع القاعدين } يعني اقعدوا مع المتخلفين من المرضى والضعفاء والعجزة الذين لا يجدون ما ينفقونه للخروج .  وكذلك اقعدوا مع الخوالف وهم النساء والصبيان .  وقد ثبطهم الله عن الخروج مع رسول الله صلى الله عليه وسلم والمؤمنين لعلمه سبحانه أنهم أهل نفاق وخيانة وأنهم مخادعون لله ولرسوله وللمؤمنين ،  وأنهم لو خرجوا معهم لأقعدوا فيهم الوقيعة والفساد ."
9,47,"قوله :  {  لو خرجوا فيكم ما زادوكم إلا خبالا } {  خبالا } ،  استثناء منقطع وهو أن لا يكون المستثنى من جنس المستثنى منه .  والخبال في اللغة معناه :  النقصان والهلاك والفساد والجنون .  والمعنى :  انه لو خرج فيكم هؤلاء المنافقون لم يزيدوكم بخروجهم إلا الخبال وهو الفساد والشر وإيقاع الفتنة والاختلاف والأراجيف .

قوله :  {  ولأوضعوا خلالكم يبغونكم الفتنة } أوضعوا ،  من الإيضاع وهو الإسراع ؛  أوضع بين القوم بمعنى أفسد بينهم .  وأوضع الراكب الدابة إذا حملها على السير السريع .  و {  خلالكم } ،  أي فيما بينكم .  والمعنى :  أن هؤلاء المنافقين لو خرجوا فيكم لأسرعوا السير بينكم بالنميمة والفتنة والتثبيط {  يبغونكم الفتنة } جملة فعلية في موضع نصب على الحال من واو أوضعوا ؛  أي يطلبون لكم ما تفتنون به عن خروجكم وذلك بتثبيطهم لكم .

قوله :  {  وفيكم سماعون لهم } أي فيكم عيون للمنافقين يحدثونهم عن أخباركم ،  وقيل :  فيكم من يسمع كلام هؤلاء المنافقين فيطيع لهم ويستجيب لحديثهم ويغتر بكلامهم وتثبيطهم .

قوله :  {  والله عليم بالظالمين } الله عليم بالمقاصد والأسرار المستكنة في الضمائر والصدود ؛  فهو عليم بمن يستأذن لعذر صحيح معقول .  ومن يستأذن عن شك وتردد ونفاق .  وهو كذلك عليم بالخائنين الذين يسمعون الحديث من المؤمنين ليخبروا به المنافقين .  فأولئك جميعا من الظالمين ."
9,48,قوله :  {  لقد ابتغوا الفتنة من قبل وقلبوا لك الأمور حتى جاء الحق وظهر أمر الله وهم كارهون } لقد التمس هؤلاء المنافقون الفتنة لكم من قبل أن يفتضح أمرهم ؛  فقد ابتغوا أن يصدوا المؤمنين عن دينهم ليردوهم إلى الكفر ؛  وذلك بتخذيلهم عن رسول الله صلى الله عليه وسلم وأصحابه ،  كالذي فعله عبد الله بن أبي بن سلول يوم أحد {  وقلبوا لك الأمور } أي أجالوا الرأي من اجل إبطال دين الله بالتخذيل عن المؤمنين وتثبيطهم عن المضي في صراط الله الحق {  حتى جاء الحق } أي ظهر أمر الإسلام وعلا شأنه بأسه وسلطانه {  وهم كارهون } أي كاروهن للإسلام أن تعلو رايته إيذانا بانتصاره وعلو شأنه .  وكارهون أن يعز الإيمان والمؤمنين فيكونوا غالبين أقوياء .  وذلك هو ديدن المنافقين الذين يغتاظون من الإسلام أن يعلو مجده ويسمو شأنه ويظهر على الدين كله .
9,49,"قوله تعالى :  {  ومنهم من  يقول ائذن لي ولا تفتني ألا في الفتنة سقطوا وإن جهنم لمحيطة بالكافرين 49 إن تصبك حسنة تسؤهم وإن تصبك مصيبة يقولوا قد أخذنا أمرنا من قبل ويتولوا وهم فرحون 50 قل لن يصيبنا إلا ما كتب الله لنا هو مولانا وعلى الله فيتوكل المؤمنون } من المنافقين من استأذن رسول الله صلى الله عليه وسلم في القعود عن الخروج للقاء الروم متذرعا بخشيته من الافتتان بالجواري من نساء الروم ؛  فقد روي أن النبي صلى الله عليه وسلم قال ذات يوم للجد بن قيس أخي بني سلمة :  ( هل لك يا جد العام في جلاد بني الأصفر ؟  ) فقال :  يا رسول الله ،  أو تأذن لي ولا تفتني ،  فوالله لقد عرف قومي ما رجل أشد عجبا بالنساء مني ،  وإني أخشى إن رأيت نساء بني الأصفر أن لا أصبر عنهن ،  فأعرض عنه رسول الله صلى الله عليه وسلم وقال :  قد أذنت لك ) ففي الجد بن قيس نزل قوله :  {  ومنهم من يقول ائذن لي ولا تفتني } الآية .

والمعنى :  أن المنافقين المتخلفين عن الخروج للجهاد إن كانوا يتذرعون بالاحتراز عن الوقوع في فتنة النساء ؛  فقد وقعوا في عين الفتنة ؛  لقد وقعوا فيما هو أشد من فتنة النساء وأعظم وهو الكفر بالله ورسوله والتمرد على دينه بعصيانه ومخالفة أمره .

قوله :  {  وإن جهنم لمحيطة بالكافرين } النار الحامية المستعرة يوم القيامة مطبقة على الكافرين الجاحدين ؛  فهي تحدق إليهم بهم إحداقا لا منجاة لهم منه ولا مهرب ."
9,50,قوله :  {  إن تصبك حسنة تسؤهم } يعني إن أصابك الله بخير أو سرور لأجل نعمة أنعمها عليك أو فتح من عنده ؛  فإن ذلك يسوء المنافقين ويسومهم التنغيص والتغيط .  وفي مقابل ذلك :  إذا أصابك مكروه من هزيمة أو نحوها من المساءات والأضرار {  يقولوا قد أخذنا أمرنا } أي أخذنا الحيطة والحذر بتخلفنا عن الخروج وتركنا الذين خرجوا للقاء الكافرين وحدهم من قبل أن تحل بهم هذه المصيبة {  ويتولوا وهم فرحون } أي يتخلفوا عن رسول الله صلى الله عليه وسلم وأحابه مرتدين منتكسين وقد غمرهم الإعجاب والفرح بما عملوا .  لا جرم أن ذلك ديدن المنافقين الخبثاء ،  أولئك الذين يكنون في أنفسهم الغيظ والحسد للإسلام وأهله ويظهرون بالمداهنة والملق من الكلام الغرور أنهم مع المسلمين .  وهم في حقيقة الأمر ليسوا إلا صنفا من البشر الفاسد المارق .  البشر الماكر المداهن اللئيم الذي لا يستمرئ غير الغش والخيانة والخداع والتلصص ،  أولئك هم المنافقون في كل زمان يخفون في أفشهم الخداع والكذب ،  ويظهرون لمن حولهم من المسلمين أنهم منهم .  والله يعلم أنهم كاذبون وأنهم لا يبتغون بانتسابهم للإسلام والمسلمين غير منافع دنيوية يريدونها لأنفسهم ،  أو مصالح مهينة عاجلة من المال أو الوجاهة أو غير ذلك من سفاسف الهوى وتفاهات الشهوة .
9,51,"قوله :  {  قل لن يصيبنا إلا ما كتب الله لنا } أبلغ المنافقين والناس انه لن يصيبنا من المكروه إلا ما كتبه الله لنا في اللوح المحفوظ وقضاه علينا ؛  فلا شيء في الحياة والخلق غنما يجري بقضاء الله وقدره الذي لا يتخلف ولا يتبدل .

قوله :  {  هو مولانا وعلى الله فليتوكل المؤمنون } أي الله هو ناصرنا ،  وليتوكل عليه المؤمنون .  والتوكل معناه تفويض الأمر إلى الله وعقد الرجاء عليه لا على أحد غيره من العظماء وأولى السطوة والسلطان .  فما يتوكل المؤمن إلا على ربه فيدعوه ويتضرع إليه ويلح عليه في الدعاء والرجاء في كل الأحوال .  سواء في الأمن أو الخوف .  في اليسر أو العسر .  في الابتهاج أو الاغتمام ؛  فهو سبحانه مزيل الضر والبلوى ،  كاشف الهم والحزن ،  جابر الزلات والعثرات ؛  غافر الذنوب والخطايا ."
9,52,"قوله تعالى :  {  قل هل تربصون بنا إلا إحدى الحسنيين ونحن نتربص بكم أن يصيبكم الله بعذاب من عنده أو بأيدينا فتربصوا إنا معكم متربصون 52 قل أنفقوا طوعا أو كرها لن يتقبل منكم إنكم كنتم قوما فاسقين 53 وما منعهم أن تقبل منهم نفقاتهم إلا أنهم كفروا بالله وبرسوله ولا يأتون الصلاة إلا وهم كسالى ولا ينفقون إلا وهم كارهون } الاستفهام للتوبيخ .  و {  تربصون } من التربص ؛  وهو الانتظار ؛  أي قل لهؤلاء المنافقين الذين لا يردون لكم غير السوء والمكروه :  هل ينتظرون بنا إلا إحدى العاقبتين التين هما حسنى العواقب ؛  وهما النصرة والشهادة ؟  فإما أن يكتب الله لنا الظفر والغلبة على عدونا ؛  وهذه حسنى يتمن الله بها علينا ،  وإما أن يكتب لنا الشهادة في سبيله والفوز بالجنة والرضوان ؛  وهذه حسنى عز ونظيرها .

قوله :  {  ونحن نتربص بكم أن يصيبكم الله بعذاب من عنده أو بأيدينا } ونحن من جهتنا ننتظر بكم أن يصيبكم الله من عنده بعقوبة ماحقة تأتي عليكم فتهلككم إهلاكا {  أو بأيدينا } وذلك بقتلكم وأسركم وإذلالكم .

قوله :  {  فتربصوا إنا معكم متربصون } ذلك تهديد ووعيد ؛  أي انتظروا فوزنا بإحدى الخلتين الشريفتين وهما كلتاهما كسب عظيم ومنجاة كبرى نحظى بهما .  لكننا نحن ننتظر بكم أن تسقطوا في عذاب الله الموجع ،  أو بأيدينا نحن المسلمين ؛  لنقتلكم فنكسر شوكتكم ونذلكم ."
9,53,قوله :  {  قل أنفقوا طوعا أو كرها لن يتقبل منكم } أي قل لهؤلاء المنافقين :  أنفقوا أموالكم كيف شئتم ،  فمهما أنفقتم طائعين أو مكرهين لن يتقبل الله منكم نفقاتكم ؛  لأنكم خارجون عن الإيمان بالله وعن زمرة المؤمنين الصادقين وذلك من احل نفاقكم وارتيابكم في دين الله .
9,54,"قوله :  {  وما منعهم أن تقبل منهم نفقاتهم إلا أنهم كفروا بالله وبرسوله } أي أن ما منع هؤلاء المنافقين من أن تقبل منهم نفقاتهم التي ينفقونها في مختلف الوجوه أو السبل غلا كفرهم بالله وبرسوله ؛  فلئن أظهروا للناس الإيمان ؛  فإن الله يعلم أنهم كاذبون منافقون .  وكذلك الناس يقفون على نفاقهم من هيئة سلوكهم وفي لحن حديثهم .

وكذلك فإن المنافقين لا يصلون إلا متثاقلين فلا يؤدون صلاتهم إلا كسالى .  قال ابن عباس في ذلك :  عن كان ( المنافق ) في جماعة صلى وإن انفرد لم يصل .  وهو الذي لا يرجو على الصلاة ثوابا ولا يخشى في تركها عقابا .

وهذا مقتضى قوله تعالى :  {  ولا يأتون الصلاة إلا وهم كسالى } .

قوله :  {  ولا ينفقون إلا وهم كارهون } أي لا يبتغي المنافقون من إنفاق أموالهم أيما ثواب من الله .  وهم لا يعبأون بالإيمان أو الطاعة لله ؛  فهم بذلك يعدون الإنفاق مغرما ووضعية ،  ومن أجل ذلك فإن المنافين أموالهم عن اضطرار لا عن رغبة أو طواعية واختبار .  وعلى هذا فإن قبول الطاعة بالإنفاق مرهون بصدق النية وبراءة القصد من النفاق أو الرياء . وجمة ذلك أن يبتغي باذل المال مرضاة لله ولأن يكون إنفاقه عن إخبات لله وإخلاص ."
9,55,"قوله تعالى :  {  فلا تعجبك أموالهم ولا أولادهم إنما يريد الله ليعذبهم بها في الحياة الدنيا وتزهق أنفسهم وهم كافرون 55 ويحلفون بالله إنهم لمنكم وما هم منكم ولكنهم قوم يفرقون 56 لو يجدون ملجأ آو مغرات أو مدخلا لولوا إليه وهم يجمحون } أي لا يعجبك أموال هؤلاء المنافقين ولا أولادهم في الحياة الدنيا إنما يريد الله ليعذبهم بها في الآخرة ،  وبذلك يكون في الكلام تقديم وتأخير .  وهو قول ابن عباس فيكون المعنى :  فلا تعجبك أموالهم ولا أولادهم في الحياة الدنيا إنما يريد الله ليعذبهم بها في الآخرة .  وقيل :  معنى ذلك إنما يريد الله ليعذبهم بها في الحياة الدنيا بما ألزمهم فيها من فرائضه كأخذ الزكاة والنفقة في سبيل الله وذلك من غير طيب نفس منهم .  لا جرم أن يجد المنافقون في أنفسهم بالغ المضاضة والابتئاس ؛  إذ يبذلون أموالهم مكرهين غير راضين ،  وذلكم عذاب .  لكن المؤمنين يبذلون أموالهم في وجوه الإنفاق المشروع فيجدون في أنفسهم الرضى والسكينة والشرح .

قوله :  {  وتزهق أنفسهم وهم كافرون } أي يموتون على كفرهم وجحدوهم .  وذلك إنباء من الله بأنهم يموتون كافرين ."
9,56,"قوله :  {  ويحلفون بالله إنهم لمنكم وما هم منكم } يحلف لكم هؤلاء المنافقون كذبا وزورا {  إنهم لمنكم } أي على دينكم وملتكم ؛  فهم مؤمنون أمثالكم .  والله جل وعلا يقرر أنهم كاذبون وأنهم فاسدون مبطلون ؛  فهم أهش شك ونفاق ،  وليسوا من أهل دينكم أو ملتكم .

قوله :  {  ولكنهم قوم يفرقون } {  يفرقون } ،  من الفرق ،  بالتحريك ،  ومعناه الخوف ؛  أي أنهم قوم يخافونكم ؛  فهم يخشون أن يظهروا لكم على حقيقة كفرهم وجحدوهم فتعاقبوهم بالقتل وإقامة الحدود فيهم ؛  فهم بذلك يزعمون بألسنتهم أنهم على يدنكم ليأمنوا على أنفسهم فلا يقتلوا ."
9,57,قوله :  {  لو يجدون ملجأ أو مغرات أو مدخلا لولوا إليه وهم يجمحون } لو يجد هؤلاء المنافقون ملجئا من حصن أو معقل يأوون إليه منكم ،  أو يجدون {  مغرات } واحدتها مغارة ،  وهي الموضع الذي يغور فيه الإنسان ويستتر ،  أو يجدون {  مدخلا } وهم المسلك الذي يختفي فيه من يدخله ،  لنفروا إلى دخوله فزعا من المسلمين ؛  إنهم لو يجدون شيئا من هذه المواضع لأدبروا إليه {  وهم يجمحون } أي وهم يسرعون هربا منكم لفرط كراهيتهم لكم ونفورهم منكم ؛  فهم لم يتلبثوا بينكم إلا على سبيل الحرص على أموالهم والاستقرار في منازلهم وبين أهليهم ،  وهم يظهرون لكم التلبس بدينكم مصانعة منهم لكم ونفاقا .
9,58,"قوله تعالى :  {  ومنهم من يلمزك في الصدقات فإن أعطوا منها رضوا وإن لم يعطوا منها إذا هم يسخطون } روي الشيخان عن أبي سعيد الخدري في قصة ذي الخويصرة واسمه حرقوص وهو أصل الخوارج لما اعترض على النبي صلى الله عليه وسلم حين قسم غنائم حنين فقال له :  اعدل فإنك لم تعدل ،  فقال :  ( لقد خبت وخسرت إن لم أكن أعدل ) ثم قال رسول الله صلى الله عليه وسلم وقد رآه مقفيا :  ( إنه يخرج من ضئضي هذا قوم يحقر أحدكم صلاته مع صلاتهم وصيامه مع صيامهم ،  يمرقون من الدين مروق السهم من الرمية ،  فأينما لقيتموهم فاقتلوهم ؛  فإنهم شر قتلى تحت أديم السماء ) فنزلت الآية من أجل ذلك أن فريقا من عابوا على رسول الله صلى الله عليه وسلم في قسم الصدقات واتهموه في ذلك بعدم العدل .  وفي الحقيقة إنهم هم المتهمون المأفونون ،  بل

إنهم هم الميبون الخاطئون بنفاقهم وخيانتهم وفساد ضمائرهم .  وهم فوق ذلك يخدشون الجناب المعصوم .  الجناب الذي ترفرف على العالمين نسائم فضله الأكرم ،  وتشع على الخافقين سواطع نوره المشرق .  يعيه المنافقون التافهون الجبناء بأكذوبة مفضوحة تندلق من حناجرهم القذرة وهي تزدرد مثل هذا التقول المكذوب على أقدس كريم أظلته السماء أو أقلته الأرض .

وقوله :  {  يلمزك في الصدقات } من اللمز ،  وهو العيب .  وأصله الإشارة بالعين ،  ونحوها .  ورجل لمزة ؛  أي عياب .

قوله :  {  فإن أعطوا منها رضوا وإن لم يعطوا منها إذا هم يسخطون } {  يسخطون } من السخط ،  وهو الغضب .  تقول :  أسخطه فسخط ؛  أي أغضبته فغضب ،  والمعنى :  أن هؤلاء المنافقين الذين يعيبونك في قسم أموال الزكاة ،  ويطعنون عليك فيها لم يكن مرادهم الرغبة في العدل أو في الدين ؛  بل كان مبتغاهم الاستكثار من النصيب ؛  فإن أنت أعطيتهم منها ما يرضيهم رضوا ،  وإن أنت لم تعطهم منها سخطوا عليك وعابوك ."
9,59,قوله تعالى :  {  ولو أنهم رضوا ما آتاهم الله ورسوله وقالوا حسبنا الله سيؤتينا الله من فضله ورسوله إنا إلى الله راغبون } أي لو أن هؤلاء الذين عابوا على رسول الله صلى الله عليه وسلم في الصدقات ،  ورضوا ما أعطاهم الله ورسوله من العطاء ،  وقالوا عقب ذلك :  الله كافينا ،  سيؤتينا الله من فضله ،  وسيؤتينا الرسول من الصدقة وغيرها :  {  إن إلى الله راغبون } ليس مرادنا من الدين والإيمان أخذ الأموال والفوز بالمناصب الدنيوية وإنما مرادنا وغايتنا أن نسعد برضوان الله ورحمته والفوز بالجنة والنجاة من النار .  أما جواب لو :  فهو محذوف وتقديره :  لكان خيرا لهم .
9,60,"قوله تعالى :  {  إنما الصدقات للفقراء والمساكين والعاملين عليها والمؤلفة قلوبهم وفي الرقاب والغارمين وفي سبيل الله وابن سبيل فرضية من الله والله عليم حكيم } .

{  الصدقات } جمع صدقة .  وهي إذا أطلقت في القرآن دلت على أنها الزكاة المفروضة .  على أن الزكاة المفروضة قد جعلها الله لأصناف ثمانية من الناس على الخصوص دون غيرهم ،  وقد بينهم الآية .  ويأتي في طليعة هذه الأصناف من الناس المستحقين للزكاة :  الفقراء والمساكين .  وثمة خلاف بين العلماء في الفرق بين الفقير والمسكين .  وذلك على عدة أقوال نقتضب منها أربعة .

القول الأول :  الفقير هو المحتاج المتعفف ،  أما المسكين فهو الفقير السائل ،  فالفقير لا يسأل الناس ،  والمسلكين يسألهم .

القول الثاني :  الفقير ،  هو الذي ليس له شيء .  وأما المسكين فهو الذي له شيء ،  وبذلك فإن المسكين أسوأ حالا من الفقير ،  ويحتج لذلك بما رسول عن النبي صلى الله عليه وسلم أنه تعوذ من الفقر .  وروي عنه أنه قال :  ( اللهم أحيني مسكينا ،  وأمتني مسكينا ) .  ولو كان المسلكين أسوأ حالا والفقير لتناقض الخبران .  والفقير في اللغة أو المفقور هو الكسير الفقار .  أو المكسور فقار الظهر .  وهو يدل على شدة الحاجة وسوء الحال .  هذا قول الشافعية .

القول الثالث :  المسكين هو الذي لا شيء له ،  والفقير هو الذي له أدنى بلغة ،  أو الذي له بعض ما يكفيه ويقيمه .  وهو قول الكرخي .  وحكاه أبو العباس ثعلب ،  ويحتج لذلك بما روي البخاري عن أبي هريرة ( رضي الله عنه ) أن النبي صلى الله عليه وسلم قال :  ( ليس المسكين الذي ترده الأكلة والأكلتان ؛  ولكن المسكين الذي ليس له غنى ويستحق أو لا يسأل الناس إلحافا ) .  وأخرج البخاري كذلك عن أبي هريرة أن رسول الله صلى الله عليه وسلم قال :  ( ليس المسكين الذي يطوف على الناس ترده اللقمة واللقمتان والتمرة والتمرتان ،  ولكن المسلكين الذي لا يجد غنى يغنيه ،  ولا يفطن به فيتصدق عليه ،  ولا يقوم فيسأل الناس ) وذلك يدل على أن المسكين لهم أسوأ حالا من الفقير .

القول الرابع :  الفقير هو المحتاج الذي به زمانة ،  والمسكين هو المحتاج الصحيح .  وهو قول قتادة .

الصنف الثالث :  {  العاملين عليها } وهم السعاة أو الجباة الذين يبعثهم الإمام لجمع الزكاة من المالكين ؛  فهم بذلك وكلاء عن الإمام في هذه الوجيبة ،  وهؤلاء السعاة يستحقون حظا من الزكاة جزاء عملهم .

أما ما يأخذونه من الزكاة ،  فقيل :  يأخذون الثمن .  وذلك بقسمة الله الصدقات على أصناف ثمانية .  وهو قول الشافعي .  وقيل :  يعطون قدر عملهم من الأجرة .  وهو قول الحنفية والمالكية .  وقال به ابن عمر ،  وعمر بن عبد العزيز .  وقيل :  يعطون من بيت المال ،  ومن غير مال الزكاة ،  وهو ضعيف ؛  لأن سهمهم في الزكاة مذكورا نصا في الآية {  والعاملين عليها } .

الصنف الرابع :  {  المؤلفة قلوبهم } وهم قوم يتألفهم المسلمون على الإسلام فيعطون نصيبا من الزكاة .  وهم ثلاثة أنواع :

النوع الأول :  كفار يعطون لدفع معرتهم وكف أذيتهم عن المسلمين والاستعانة بهم على غيرهم من المشركين ،  والمعرة هي الإثم وهو يعر قومه ؛  أي يدخل عليهم مكروها ،  وعرة بضم العين ،  وعارورة ؛  أي قذر .

النوع الثاني :  كفار يعطون لاستمالة قلوبهم وقلوب غيرهم من الكفار من اجل الدخول في الإسلام ،  ولئلا يمنعوا من أسلم من قومهم من الثبات على الإسلام ،  وعلى هذا فالمؤلفة قلوبهم من الكفار صنفان :  من يرجي إسلامه ،  ومن يخشى شره .  فهؤلاء كان النبي صلى الله عليه وسلم يعطيهم من اجل استمالتهم او دفع شرهم .

النوع الثالث :  مسلمون حديثو عهد بالكفر ،  يتألفهم الإمام من سهم الزكاة أو المصالح ،  على الخلاف في ذلك .  وذلك لترسيخ العقيدة الإسلامية في قلوبهم ودفع الفتنة عنهم ،  المحتملة من الشرك والمشركين .

وما ينبغي لمرتاب أو جاهل أن يعجب أو يتساءل عن وجه الإعطاء لها النصيب من الزكاة من أجل أن تتألف قلوب الكافرين والحاقدين والمترددين ؛  فإنه المسألة معقولة وجلية لمن تدبر أو تفكر .  وأساس الأمر في هذه المسألة أن الإسلام يراعي أصناف البشر من حيث اختلاف طبائعهم وأهوائهم وفطرهم فما خلق الله الناس على نسق واحد متحد من الطبع والفطرة .  وإنما الناس في ذلك مختلفون متفاوتون .  فمن الناس من تستميله الكلمة الرقيقة الرحيمة والأسلوب الكريم الحاني ليسلس لمحدثه القياد والطاعة فيسير معه في لين وود ،  ومنهم من يؤثر فيه البرهان الساطع والحجة الدامغة حتى إذا دخله اليقين وغشيته القناعة ؛  جنح للصواب ،  واستجاب لنداء الحق المبين ،  وسار مع السائرين في ظل الله وفي ضوء منهجه الحكيم الشافي .  ومن الناس من لا تستميله حجة ولا برهان ،  ولا يؤثر فيه علم ولا بيان ،  ولا يعطف عقله أو قلبه أساليب العاطفة الغامرة أو التحنان الندي ؛  بل تؤثر فيه أسباب القوة والسنان ،  وتردعه عن ظلمه وترديه في الفاحشة والضلال ؛  شدة البأس وقوة الشكيمة والترهيب .  ومن الناس من لا يعطفه أو يؤثر فيه شيء مما ذكر ؛  فلا يجدي معه النقاش والبرهان ،  ولا يستميله الخلق وقوة البيان .  ولا يستميله أو يستعطفه الترهيب واشتداد الشكيمة .  وإنما يستميله المال وحده .  فإذا هو أوتي نصيبا من المال رق ولان ،  وجنح لحب من يحسن إليه بالعطية .  ومن أجل ذلك شرع الإسلام نصيب المؤلفة قلوبهم من الزكاة مراعاة لطبائع البشر التي لا يحبط بحقيقتها ولا يعلمها كامل العلم إلا بارئها {  ألا يعلم من خلق وهو اللطيف الخبير } .

انقطاع سهم المؤلفة قلوبهم .

هل انقطع سهم المؤلفة قلوبهم من الزكاة بعد موت النبي صلى الله عليه وسلم ؟  ثمة قولان للعلماء في ذلك :

القول الأول :  وهو سقوط سهم المؤلفة قلوبهم بعد وفاة النبي صلى الله عليه وسلم .  وهو قول الحنيفة والشافعية في أحد القولين لهم .  وقال به عمر والحسن والشعبي وآخرون ؛  فقد ذهب هؤلاء إلى انقطاع هذا الصنف من مستحقي الزكاة بعز الإسلام وظهوره .  وعللوا انتهاء هذا الحكم بانتهاء علته ؛  وذلك كانتهاء جواز الصوم بانتهاء وقته وهو النهار .  وأجيب عن ذلك :  بأن الحكم في البقاء لا يحتاج إلى علته كما في الرمل والاضطباع في الطواف ،  فإن انتهاءها لا يستلزم انتهاءه .

القول الثاني :  إثبات سهم المؤلفة قلوبهم وعدم انقطاعه ،  وهو قول الحنبلية والشافعية في المعتمد من مذهبهم ،  واحتجوا بظاهر الآية ؛  فقد سمى الله المؤلفة قلوبهم في الأصناف الثمانية الذين سمى لهم الصدقة .  وكذلك السنة ؛  فقد أخرج البيهقي بإسناده عن زياد بن الحارث الصدائي ( رضي الله عنه ) صاحب رسول الله صلى الله عليه وسلم قال :  أتيت رسول الله صلى الله عليه وسلم فبايعته على الإسلام ،  ثم أتاه آخر فقال :  أعطني من الصدقة ،  فقال له رسول الله صلى الله عليه وسلم :  ( إن الله عز وجل لم يرض فيها بحكم نبي ولا غيره في الصدقات حتى يحكم هو فيها ؛  فجزأها ثمانية أجواء ،  فغن كنت من تلك الأجزاء أعطيتك –أو أعطيناك- حقك ) وقد ثبن عن النبي صلى الله عليه وسلم في أخبار مشهورة أنه أعطى المؤلفة قلوبهم ولم يزل كذلك حتى مات .  ولا يجوز نرك كتاب الله وسنة رسوله إلا بنسخ ؛  ولا نسخ .

قال الزهري في هذا المعنى :  لا أعلم شيئا نسخ حكم المؤلفة .  وقال ابن العربي أيضا :  الذي عندي أنه إن قوي الإسلام زالوا ،  وإن احتيج إليهم أعطوا سهمهم كما كان يعطيه رسول الله صلى الله عليه وسلم .

والراجح عندي أن إعطاءهم منوط بالإمام ؛  فإن وجد في إعطائهم مصلحة للإسلام أعاطهم ،  وإلا توقف إعطاؤهم ؛  فإنما يعول في ذلك على مصلحة الإسلام من حيث ترغيب الناس فيه واستمالتهم إليه ودرء شرهم وكيديهم عنه .

الصنف الخامس :  {  وفي الرقاب } والمراد بهؤلاء موضع خلاف نوجزه في قولين :

الصنف الأول :  المراد بهم المكاتبون ؛  وهو أن يصرف إليهم هذا السهم من الزكاة ؛  فلا يجزي العتق من الزكاة ؛  وهو قول أكثر العلماء ؛  وهو أن إعطاء المكاتبين من الزكاة هو المراد من الآية ،  أما عنق الرقبة ؛  فإنه لا يسمى صدقة ؛  لأن إيتاء الزكاة تمليك الأخذ ،  وليس العتق تمليكا لمال .  ويستدل على ذلك أيضا من السنة بما أخرجه البيهقي عن يزيد بن أبي حبيب أن أبا مؤمل أول مكاتب في الإسلام على عهد رسول الله صلى الله عليه وسلم .  فقال النبي صلى الله عليه وسلم :  ( أعينوا أبا مؤمل ) فأعين ما أعطى كتابه ،

وفضلت فضلة فاستفتى فيها رسول الله صلى الله عليه وسلم فأمره أن يجعلها في سبيل الله .

القول الثاني :  {  وفي الرقاب } معناه فك الرقاب ؛  وبذلك يجوز للإمام أن يشتري رقابا من مال الصدقة ويعتقها عن المسلمين ويكون ولاؤهم لجماعة المسلمين ،  وإن اشتراهم صاحب الزكاة وأعتقهم جاز ،  وهو قول المالكية ،  وقد روي عن ابن عباس والحسن ،  وهي رواية عن أحمد ،  وقال به إسحاق وأبو عبيد وأبوة ثور .  واحتجوا بقوله :  {  وفي الرقاب } فإن كان للرقاب سهم من الصدقات كان له أن يشتري الفرس فيحمل عليه في سبيل الله .  فإذا كان له أن يشتري فرسا من الزكاة ؛  فإنه يجوز له أن يشتري رقبة ،  ولا فرق بين ذلك .

الصنف السادس :  {  والغارمين } وهو جمع ومفرده الغارم .  وهو المدين ،  وقد يكون الغريم الدائن .  والغرامة ما لزم أداؤه .  وكذا المغرم والغرم ،  وعلى العموم فإن الغارمين هم الذين أثقلهم الدين وليس عندهم ما يوفون به دينهم ،  فإن هؤلاء يعطون من الزكاة بغير خلاف إلا إذا كان استدان في سفاهة ؛  فإنه لا يعطي من الزكاة إلا أن يتوب إلى ربه .  وثمة مسائل في هذا الصدد :

المسألة الأولى :  إذا كان لرجل على معسر دين فأراد أن يجعله عن زكاته فقال له :  جعلته عن زكاتي ؛  ففي جواز ذلك قولان :

القول الأول :  عمد الجواز ،  وهو قول الحنبلية والشافعية ،  وكذا المالكية في أحد القولين لهم .  ووجه ذلك :  أن الزكاة في ذمة المزكي ولا يبرأ إلا بإقباضها .  واحتسابها بدلا عن الدين لا يكون إقباضا ؛  فلا يحتسب الدين من الزكاة قبل قبضه .  ومعلوم أن الزكاة إيتاء ،  أما هذا فهو إسقاط ،  وهما مختلفان .

القول الثاني :  الجواز ،  وعلى هذا لو تصدق على مدينه الفقير جاز ؛  لأن المدين قبض عينا ،  والعين تجوز عن العين والدين جميعا ،  وهو قول الحنفية وكذا الشافعية والمالكية في قول لهم ،  وقد ذهب إليه الحسن البصري وعطاء .

المسألة الثانية :  لو مات وعليه دين وليس له تركة ،  هل يقضي دينه من سهم الغارمين ؟  ثمة قولان في هذا :

أحدهما :  الجواز ،  وهو قول المالكية ،  والشافعية في أحد قوليهم .  وعلى هذا لو مات فإنه يوفى دينه من الزكاة إن استدان في غير فساد كشرب خمر أو قمار ونحو ذلك .

ثانيهما :  عدم الجواز ،  وهو قول الحنفية ،  والشافعية في قولهم الثاني ،  وهو مذهب أحمد .  ووجه هذا القول :  أن قضاء دين الغير لا يقتضي التمليك منه .  ودليل ذلك أن ما أخرجه الدراقطني أن النبي صلى الله عليه وسلم قال :  ( أنا أولى بكل مؤمن من نفشه ؛  من ترك كالا فلورثته ،  ومن ترك دينا أو ضياعا فإلي ؛  أنا أقضي دينه ،  وأفك عانيه )  .

المسألة الثالثة :  وهي نقل الزكاة من بلد على بلد آخر .  فثمة خلاف بين العلماء في ذلك ؛  فقد ذهبت الحنفية إلى أن الزكاة تقسم في كل بلد في فقرائه ولا يخرجها إلى غيره من البلدان .  وإن أخرجها وأعطاها الفقراء جاز مع الكراهة .  وروي عن أبي حنيفة قوله إنه لا بأس أن يبعث الزكاة من بلد إلى آخر إلى ذي قرابته .

وذهبت الشافعية إلى أن صرف الزكاة إلى الأصناف في البلد الذي فيه المال دون غيره واجب .  أما إن نقلها إلى بلد آخر ففي المذهب قولان :  الجواز ؛  لأنهم من أهل الصدقات .  والثاني :  عدم الجواز ؛  لأن الزكاة حق واجب لأصناف البلد .  فإذا نقل عنهم إلى غيرهم لا يجزئه ذلك .

وذهبت الحنبلية إلى أن الصدقة لا يجوز نقلها من بلدها إلى مسافة القصر واحتجوا بالخبر وهو ما قاله رسول الله صلى الله عليه وسلم لمعاذ لما بعثه إلى اليمن :  ( أخبرهم أن عليهم صدقة تؤخذ من أغنيائهم فترد في فقرائهم ) وهذا يختص بفقراء بلدهم ،  ولأن المقصود إغناء الفقراء بها فإذا نقلها أفضى ذلك إلى بقاء فقراء ذلك البلد محتاجين .  على أنه لو خالف ونقلها إلى بلد آخر أجزأه ذلك .  وهو قول أكثر العلماء .

الصنف السابع :  {  وفي سبيل الله } وفي ذلك تفصيل وخلاف بين العلماء ،  فالمراد بذلك عند أبي يوسف من الحنفية :  فقراء الغزاة وهم المجاهدون .  وقال محمد ابن الحسن الشيباني :  المراد به منقطع الحاج .  واحتج بما روي البخاري عن أبي لاس قال :  ( حملنا النبي صلى الله عليه وسلم على إبل الصدقة للحج ) ولا تصرف الزكاة باتفاق الحنفية إلى أغنياء الغزاة ،  فإن مصرف الزكاة هم الفقراء ؛  وذلك لما أخرجه البخاري عن ابن عباس قال :  قال رسول الله صلى الله عليه وسلم لمعاذ بن حنبل حين بعثه إلى اليمن :  {  فأخبرهم أن الله قد فرض عليهم صدقة تؤخذ من أغنيائهم فترد على فقرائهم ) وهذا يدل على أن الزكاة لا تصرف لأغنياء المجاهدين بل للفقراء .

أما الشافعية فذهبوا إلى أن سهم سبيل الله المذكور في الآية يصرف إلى الغزاة الذين لا حق لهم في ديوان السلطان بل يغزون متطوعين ،  واحتجوا من السنة بما أخرجه ابن ماجه عن أبي سعيد الخدري قال :  قال رسول الله صلى الله عليه وسلم :  ( لا تحل الصدقة لغني إلا لخمسة :  لعامل عليها ،  أو لغاز في سبيل الله ،  أو لغني اشتراها بماله ،  أو فقير تصدق عليه فأهداها لغني أو غارم ) وبذلك فإنه يعطي المجاهد سواء كان غنيا أو فقيرا ،  ويعطي ما يستعين به على الغزو من نفقة الطريق وما يشتري به السلاح والدابة وغير ذلك من أسباب الحرب .  على أنه يعطي الدين يتطوعون للجهاد وليس لهم أرزاق مرتبة في الديوان .  أما الغزاة المرتبون في ديوانه السلطان ولهم فيه حق :  فلا تعطون من الزكاة من غير خلاف في المذهب .

وذهبت المالكية إلى أن المراد بهذا الصنف الغزاة وموضع الرباط ؛  فهم يعطون ما ينفقون في غزوهم سواء كانوا أغنياء أو فقراء واحتجوا بما ٍأخرجه أبو داود عن عطاء بن يسار أن رسول الله صلى الله عليه وسلم قال :  ( لا تحل الصدقة لغني إلا لخمسة :  لغاز في سبيل الله ،  أو لعامل عليها ،  أو لغارم ،  أو لرجل اشتراها بماله ،  أو لرجل كان له جار مسكين فتصدق على المسكين فأهداها المسكين للغني ) .

أما الحنبلية فقالوا :  إن المراد بقوله :  {  وفي سبيل الله } :  الحج .  وبذلك يعطي هذا السهم للحجاج والعمار .  وهو قول الحسن وإسحق .  وقال به محمد بن الحسن من الحنفية .  واستدلوا على ذلك بقول أبي لاس :  حملنا النبي صلى الله عليه وسلم على إبل الصدقة للحج .

الصنف الثامن :  {  وابن السبيل } والمراد به المسافر الذي انقطعت به الأسباب في سفره عن بلده وماله وإن كان غنيا في بلده ؛  فإنه يعطي من الصدقة وإن كان له مال في بلده ولا يلزمه إشغال ذمته بالدين .

وعلى هذا فإن ابن سبيل وهو المسافر المجتاز في بلد وليس معه شيء يستعين به على سفره ،  يعطي من الصدقات ما يكفيه إلى بلده .  وكذلك من أنشأ سفرا من بلده وليس معه شيء ؛  فإنه يعطي من مال الزكاة ما يكفيه في ذهابه وإيابه ،  ويستدل على ذلك بظاهر الآية ،  وبالخبر :  ( لا تحل الصدقة لغني إلا في سبيل الله ،  أو ابن السبيل ،  أو جار فقير تصدق عليه فيهدي لك أو يدعوك ) .

ويعطي المسافر ما يحتاجه للمؤونة فيلا سفره ولا يضر غناه في غير سفره .  وإن كان سفره في طاعة كحج أو جهاد أو زيارة مفروضة أو مندوبة أو نحو ذلك ؛  دفع إليه من الزكاة .  بغير خلاف في ذلك .  أما إن كانت سفره في معصية كقطع الطريق ونحو ذلك من وجوه المعصية والإفساد ؛  فلا يعطي من الزكاة بغير خلاف لما في الدفع إليه من عون على المعصية .  وأما إن كان السفر في مباح كتحصيل رزق ،  أو استيطان في بلد ،  أو يقصد التنزه ؛  فإنه يدفع له على الأصح .  وذلك على سبيل الرفق بالمسافر في المباح ،  قياسا على الرفق به في الطاعة .

أما هل تعطي الزكاة لصنف واحد ،  فثمة قولان في ذلك :

القول الأول :  جواز إعطاء الزكاة صنفا واحدا من الأصناف الثمانية ،  فإن أعطاها صنفا واحدا أجزأته .  وهو قول الحنفية والمالكية والحنبلية ،  وقال به من السلف عمر وحذيفة وابن عباس ،  وسعيد بن جبير والسحن والنخعي وعطاء وعمر ابن عبد العزيز .  واستدلوا على ذلك بظاهر قوله تعالى :  {  إن تبدوا الصدقات فنعما هي وإن تخفوها وتؤتوها الفقراء فهو خير لكم } وهذا عموم في جميع الصدقات ؛  لأنه اسم جنس لدخول الألف وللام عليه .  ويدل ذلك على دفع جميع الصدقات إلى صنف واحد من المذكورين وهم الفقراء .  وكذلك قوله تعالى :  {  في أموالهم حق معلوم 24 للسائل والمحروم } وهذا يجوز إعطاء الصدقة هذين الصنفين والمستحقين وهو ما ينفي وجوب قسمتها على ثمانية أصناف .

واستدلوا من السنة بقول الرسول صلى الله عليه وسلم لمعاذ :  ( فأخبرهم أن الله تعالى فرض عليهم صدقة تؤخذ من أغنيائهم فترد على فقرائهم ) فدل ذلك على أنه مأمور برد الصدقة بجملتها في الفقراء وهم صنف واحد ولم يذكر سواهم .

واستدلوا بجملة من الآثار منها ما أخرجه البيهقي عن حذيفة قال :  إذ أعطى الرجل الصدقة صنفا واحدا من الأصناف الثمانية أجزأه .  وكذلك ما أخرجه البيهقي عن سعيد بن جبير في قوله تعالى :  {  إنما الصدقات للفقراء } قال :  يجزيك أن تجعلها في صنف واحد من هذه الأصناف .

القول الثاني :  وجوب صرف الزكاة إلى ثمانية أصناف وهم المذكورون في الآية .  ودليل ذلك قوله تعالى :  {  إنما الصدقات للفقراء والمساكين والعاملين عليها والمؤلفة قلوبهم وفي الرقاب والغامرين وفي سبيل الله وابن سبيل } فقد أضاف جميع الصدقات إلى الأصناف الثمانية كلهم .  وذلك بلام التمليك وأشرك بينهم بواو التشريك .  فدل ذلك على أن مال الزكاة مملوك لهم ،  مشترك بينهم .  على أنه يجب التسوية بين الأصناف الثمانية في التوزيع دون تفضيل بينهم .  وهذا قول الشافعية وأهل الظاهر ؛  لأن الله سوى بينهم في الآية .  فإن وجدت الأصناف الثمانية وجب لكل صنف ثمن .  وإن وجد منهم خمسة أصناف وجب لكل صنف خمس ،  ولا يجوز تفضيل صنف على صنف بالاتفاق في المذهب .  وإذا فقد بعض الأصناف فلم يوجدوا في البلد ولا غيره ،  قسمت الزكاة بكمالها على الموجودين من باقي الأصناف .

صرف الزكاة في غير مصارفها الثمانية

لقد خصت الآية الأصناف الثمانية بالزكاة .  وتبين ذلك من قوله :  {  إنما الصدقات للفقراء والمساكين } الآية ،  وإنما ،  تفيد الحصر .  فالزكاة بذلك يجب حصرها في الأصناف الذين ذكرتهم الآية وهم ثمانية دون غيرهم .  وعلى هذا لا تصرف الزكاة في وجوه البر أو المشاريع الخيرية المختلفة كبناء المساجد والقناطير والجسور والسقايات وإصلاح الطرقات وتكفين الموتى والتوسعة على الأضياف ونحو ذلك من وجوه الخير والإصلاح . 3 وقد ذهب إلى ذلك هامة أهل العلم احتجاج بقوله تعالى :  {  إنما الصدقات } فقوله :  {  إنما } يفيد الحصر والإثبات ؛  فهي تثبت المذكور وتنفي ما عداه .  وذهب أنس والحسن إلى صرف الزكاة في المشاريع الخيرية ومختلفة وجوة البر والإصلاح من غير الأصناف استنادا إلى عموم قوله تعالى :  {  وفي سبيل الله }  .

حد الغنى

اختلفوا في وصف الغني الذي لا يجوز معه أخذ الزكاة ؛  فقد ذهبت الحنفية إلى أن الغني هو ملك النصاب ؛  فمن ملك نصابا كان غنيا ،  وليس له أن يأخذ من الزكاة .

وذهب الحنبلية في الأظهر من مذهبهم إلى أن الغنة هو مالك خمسين درهما أو قيمتها من الذهب ،  أو وجود ما تحصل به الكفاية من كسب أو تجارة أو عقار أو نحو ذلك .  ولو ملك من العروض أو الحبوب أو السائمة أو العقار ما لا تحصل به الكفاية لم يكن غنيا وإن ملك النصاب ،  وهو الظاهر من مذهب أحمد ،  وقال به الثوري والنخعي وإسحاق .

أما المالكية والشافعية في جملة قولهم :  أن الغني من كانت عنده كفاية تغنيه .  وعلى هذا فالفقير الذي يستحق سهما في الزكاة هو الذي ليس له كفاية من مال وهو غير متكسب ؛  فمن كان له دار يسكنها أو ثوب يلبسه متجملا به وليس له مال أو كسب فهو فقير .

قوله :  {  فريضة من الله } {  فريضة } منصوب على المصدر ؛  أي فرض الله الصدقات على المسلمين فريضة .

قوله :  {  والله عليم حكيم } الله عليم بما ينفع الناس وما يصلح عليه حالهم من الأحكام ،  وهو كذلك حكيم ؛  إذ يضع الأشياء في مواضعها ،  ويدبر الأمور ،  خير تدبير وذلك عن حكمة بالغة وعلم أزلي مطلق ."
9,61,"قوله تعالى :  {  ومنهم الذين يؤذون النبي ويقولون هو أذن قل أذن خير لكم يؤمن بالله ويؤمن للمؤمنين ورحمة للذين آمنوا منكم والذين يؤذون رسول الله لهم عذاب أليم } نزلت هذه في رجل من المنافقين يقال له نيتل بن الحارث ،  وكان رجلا أذلم أحمر العينين أسفع الخدين مشوه الخلقة ،  وهو الذي قال عنه النبي صلى الله عليه وسلم :  من أراد أن ينظر الشيطان فلينظر إلى نبتل بن الحارث .  وكان ينم حديث النبي صلى الله عليه وسلم إلى المنافقين فقيل له :  لا تفعل ،  فقال :  إنما محمد أذن ،  من حديثه شيئا صدقه ،  نقول ما شئنا ثم نأتيه فنحلف له فيصدقنا ،  فأنزل الله تعالى هذه الآية .

وهذا صنف آخر من المنافقين الذين كانوا يبسطون ألسنتهم لرسول الله صلى الله عليه وسلم بالسوء والأذية والتشويه ؛  إذ يأفكون بالباطل والزور إفكا ظالما كاذبا أن رسول الله صلى الله عليه وسلم {  أذن } أي مستمع قابل ،  أو يقبل كل ما قيل له ،  أو هو أذن سامعه يسمع من كل أحد ما يقول فيقبله ويصدقه .  لا جرم أن ما يفتريه المنافقون من إيذاء خبيث لهو الباطل .  فما كان رسول الله صلى الله عليه وسلم كما يوهمون ويخصون ،  بل إن رسول الله صلى الله عليه وسلم خير مستمع في العالمين لخير الكلام وليس دونه من شر الكلام وسوءه .  وهو قوله سبحانه {  قل إذن خير لكم } {  أذن خير } ،  خبر لمبتدأ مقدر ،  وتقديره :  هو أذن خير ؛  أي هو مستمع شر وفساد ؛  أي هو أذن خير لا أذن شر ؛  إذ يسمع الخير ولا يسمع الشر ،  ويعرف الصادق من الكاذب .

قوله :  {  يؤمن بالله ويؤمن للمؤمنين } أي يصدق بالله وحده لا شريك له ،  إلها خالقا معبودا ،  ويصدق المؤمنين لا الكافرين ولا المنافقين .  وهذا رد لمقالة المنافقين والكافرين بأن محمدا صلى الله عليه وسلم مستمع خبر ،  مصدق بالله وما أوحي إليه من عنده سبحانه ،  ومصدق المؤمنين وليس المنافقين والكافرين .

قوله :  {  ورحمة للذين آمنوا منكم } أي جعل الله رسوله رحمة لمن اتبعه من الناس واهتدى بهديه ؛  بل إن رسول الله صلى الله عليه وسلم رحمة مهداة للعالمين كافة ،  يهيديهم إلى سوء السبيل ويقودهم إلى النجاة والسلامة في الدارين ،  دار الفناء ودار البقاء .

قوله :  {  والذين يؤذون رسول الله لهم عذاب أليم } هذا وعيد من الله للمنافقين الخبثاء الذين يعيبون رسول الله صلى الله عليه وسلم ؛  إذ يصفونه بأنه {  أذن } أن لهم جهنم حيث العذاب الأليم ."
9,62,"قوله تعالى :  {  يحلفون بالله لكم ليرضوكم والله ورسوله أحق أن يرضوه إن كانوا مؤمنين 62 ألم يعلموا أنه من يحادد الله ورسوله فإن له نار جهنم خالدا فيها ذلك الخزي العظيم } روي أن رجلا من المنافقين قال :  والله إن هؤلاء لخيارنا وأشرفنا وإن كان ما يقول محمد حقا لهم شر من الحمير ،  فسمعها رجل من المسلمين ،  فقال :  والله إن ما يقول محمد لحق ولأنت أشر من الحمار ،  فسعى بها الرجل إلى النبي صلى الله عليه وسلم فأخبره ،  فأرسل إلى الرجل فدعاه فقال :  ( ما حملك على الذي قلت ؟  ) فجعل يلتعن ويحلف بالله ما قال ذلك ،  وجعل الرجل المسلم يقول :  اللهم صدق الصادق وكذب الكاذب ،  فأنزل الله :  {  يحلفون بالله لكم } الآية .

وقيل :  خرج المنافقون مع رسول الله صلى الله عليه وسلم إلى تبوك وكانوا إذا خلا بعضهم ببعض سبوا رسول الله صلى الله عليه وسلم وأصحابه وطعنوا في الدين ،  فنقل حذيفة ما قالوا إلى النبي صلى الله عليه وسلم فقال رسول الله صلى الله عليه وسلم :  ( يا أهل النفاق ما هذا الذي بلغني عنكم ،  فحلفوا ما قالوا شيئا من ذلك ؛  فأنزل الله تعالى هذه الآية إكذابا لهم .

والمعنى :  أن هؤلاء المنافقين يحلفون لكم أيها المؤمنون بالله لترضوا عنهم ولتصدقوهم فيما أنكروه وكذبوه مما نسب إليهم من إيذاء وطعن في رسول الله صلى الله عليه وسلم ؛  فقد حلفوا الأيمان الفاجرة أنهم ما قالوا شيئا مما نسب إليهم ،  وأنهم على دينكم وهم معكم على من خالفكم .  وهم في الحقيقة إنما يبتغون بذلك إرضاءكم أنتم غير عابئين بكونهم كاذبين فاسقين .

قوله :  {  والله ورسوله أحق أن يرضوه إن كانوا مؤمنين } لفظ الجلالة مبتدأ .  وخبره {  أحق } .  والتقدير :  والله أحق أن يرضوه ،  ورسوله أحق أن يرضوه ؛  أي أن الله أحق أن يبتغوا رضوانه بالتوبة إليه والإنابة مما اقترفوه من الكذب والباطل على رسول الله إن كانوا صادقين مصدقين بالله ورسوله وما أنزل على رسول الله صلى الله عليه وسلم من الحق ."
9,63,"قوله :  {  ألم يعلموا أنه من يحادد الله ورسوله فأن له نار جهنم خالدا فيها أبدا ذلك الخزي العظيم } المراد المنافقون .  وقوله :  {  يحادد } من المحادة وأصلها المحاددة .  حاددته ؛  أي خالفته .  والمحاددة كالمجانبة والمخالفة .  واشتقاقه من الجد .  وحاد فلان فلانا ؛  أي صار في حد غير حده .  كقوله :  {  شاقه أي صار في شق غير شقه ،  ومعنى يحادد الله ؛  أي يصير في حد غير حد الله ورسوله والمؤمنين .

والمعنى :  ألم يعلم هؤلاء المنافقون الذين يحلفون بالله كذبا لإرضاء المؤمنين أنه من يحارب الله ورسوله فيكون على سبيل مخالف لسبيلهما ،  ودين غير دينهما ،  سيؤول إلى نار جهنم خالدا فيها .  {  ذالك الخزي العظيم } ذلك هو الهوان البالغ في الفظاعة والتنكيل .  الهوان الذي يهون دونه كل هوان .  وفي ذلك من الوعيد للمنافقين ،  والتنديد بهم ما يزجرهم أعظم زجرا لو كانوا يعقلون ."
9,64,"قوله تعالى :  {  يحذر المنافقون أن تنزل عليهم سورة تنبئهم بما في قلوبهم قل استهزؤا إن الله مخرج ما تحذرون } .

ذكر أن بعض المنافقين قالوا :  والله وددت لو أني قدمت فجلدت مائة ولا ينزل فينا شيء يفضحنا .  فنزلت الآية .

والمعنى :  أن المنافقين يتحرزون من نول سورة على المؤمنين تخبرهم بمخازي المنافقين ومفاسدهم وما يستسرونه فيما بينهم منس سوء الكلام عن رسول الله صلى الله عليه وسلم وعن المؤمنين .  ومن أجل ذلك سميت هذه السورة الفاضحة ؛  لأنها تفضح المنافقين ؛  إذ تكشف ما يبطونه في قلوبهم ،  وسميت الحافرة ؛  إذ حفرت عما في قلوب المنافقين .  وغير ذلك من الأسماء التي بيناها في أول السورة .

ذلك هو شأن المنافقين مع أنفسهم ؛  فهم يعلمون أنهم على الباطل وأن المسلمين على الحق .  وهم موقنون تمام اليقين أن ملة الإسلام لهي الصواب وعين الحق ؛  لكنهم منتكسون خاسئون أمام سطوة الغريزة الجامحة ،  فركنوا للضلالة والهوى ،  وأبوا إلا العتو والاستكبار ؛  خنوعا للشهوات ؛  لكي تتحصل لهم المنافع المالية والاجتماعية والشخصية وغير ذلك من وجوه المنافع المسفة .

قوله :  {  قل استهزؤا إن الله مخرج ما تحذرون } وهذا أمر وعيد وتهديد ؛  أي استهزئوا فالله سيفضحكم بإظهاره عليكم ما كنتم تحذرون أن تظهروه .

والمنافقون واهمون سفهاء إن كانوا يظنون أن مقاصدهم وأسرارهم ستظل حبيسة مستكنة في صدورهم طيلة الزمان كيلا تظهر للناس .  والحقيقة خلاف ذلك ،  وهي أن المنافقين مهما برعوا في التحيل والخداع والاستتار وإخفاء المثالب ؛  فإنهم لا محالة مفضوحون ؛  لتظهر للناس أستارهم ونوايا السوء فيهم ."
9,65,"قوله تعالى :  {  ولئن سألتهم ليقولن إنما كنا نخوض ونلعب قل أبالله وآياته ورسوله كنتم تستهزئون 65 ولا تعتذروا قد كفرتم بعد أيمانكم إن نعف عن طائفة منكم نعذب طائفة بأنهم كانوا مجرمين } روي عن زيد بن أسلم أن رجلا من المنافقين قال لعوف بن مالك في غزوة تبوك :  ما لقرائنا هؤلاء أرغبنا بطونا ،  وأكذبنا ألسنة ،  وأجبننا عند الله ،  فقال له عوف :  كذبت ؛  ولكنك منافق ،  لأخبرن رسول الله صلى الله عليه وسلم ،  فذهب عوف إلى رسول الله صلى الله عليه وسلم يخبره فوجد القرآن قد سبقه ،  فقال زيد :  قال عبد الله بن عمر :  فنظرت إليه متعلقا بحقب ناقة رسول الله صلى الله عليه وسلم تنكبه الحاجرة يقول :  غنما كنا نخوض ونعلب .  فيقول له النبي صلى الله عليه وسلم :  ( أبالله وآياته ورسوله كنتم تستهزئون ) .

وعن قتادة قال :  بينا رسول الله صلى الله عليه وسلم يسير في غزوته إلى تبوك وبين يديه ناس من المنافقين قالوا :  أيرجو هذا الرجل أن يفتح قصور الشام وحصونها هيهات هيهات .  فأطلع الله نبيه صلى الله عليه وسلم :  ( احبسوا علي هؤلاء الركب ) فأتاهم .  فقال :  ( قلتم كذا .  قلتم كذا ) قالوا :  يا نبي الله إنما كنا نخوض وتلعب .  فأنزل الله تبارك وتعالى فيهم ما تسمعون .

والخوض ،  أصله الدخول في مائع كالماء والطين .  ثم كثر استعماله حتى أطلق على كل دخول فيه تلويث وأذى ؛  أي كنا نخوض في الباطل .

قوله :  {  قل أبالله وآياته ورسوله كنتم تستهزئون } استفهام يستنكر فعل المنافقين ؛  إذ كانوا يتهكمون ويستهزئون بالله وكتابه ورسوله .

وعلى هذا فإنه لا يسخر من آيات الله أو بعض آياته أو من نبيه صلى الله عليه وسلم إلا كان كفور أثيم ؛  فإن ذلك خوض في دين الله بالباطل ،  يستوي في ذلك ما لو كان الخوض على سبيل الجد أو الهزل ؛  فإن ذلكم كله كفر بغير خلاف ."
9,66,"قوله :  {  لا تعتذروا قد كفرتم بعد إيمانكم } أي لا تعتذروا بالباطل فتقولوا :  كما نخوض ونعلب ،  أو لا تذكروا هذا العذر الباطل في دفع ذلك الجرم الفظيع .  وبذلك نهاهم عن الاعتذار ؛  لأن قولهم {  إنما كنا نخوض ونلعب } لي عذرا حقيقيا في الذين فعلوه من الاستهزاء والتهكم .

وقوله :  {  قد كفرتم بهد إيمانكم } أي إيمانكم الذي أظهرتموه للمسلمين ؛  فقد ظهر لكم كفركم بعد أن كنتم في ظنهم مسلمين .

ويستفاد من ذلك أن الاستهزاء بالدين كفر بالله ؛  لأن الاستهزاء ضرب من الاستخفاف وهو خلاف ما يستوجبه الله على العباد من تعظيمه .  والجمع بين الاستخفاف والتعظيم محال .  ويستفاد أيضا أن الكفر يقع بالأفعال والأقوال من غير اشتراط لنوايا القلوب ،  وهذا يدل على بطلان قول من يقول إن الكفر لا يدخل إلا في أفعال القلوب .

قوله :  {  إن نعف عن طائفة منكم نعذب طائفة بأنهم كانوا مجرمين } يتبين من هذه الآية أن ثمة طائفتين ،  إحداهما ،  المعفو عنها ،  والثانية المعذبة .  وقد ذكر المسفرون أن الطائفتين كانوا ثلاثة .  استهزأ اثنان وضحك واحد ،  فالطائفة الأولى الضاحك ،  والطائفة الثانية الهازئان .  ولما كان ذنب الضاحك أخف ؛  فقد عفا الله عنه ،  وذنب الهازئين أعظم فما عفا الله عنهما .

قوله :  {  بأنهم كانوا مجرمين } أي نعذب الطائفة المستهزئة بما اكتسبوه من الجرم وهو الكفر بالله وطعنهم في رسول الله صلى الله عليه وسلم ."
9,67,"قوله تعالى :  {  المنافقون والمنافقات بعضهم من بعض يأمرون بالمنكر وينهون عن المعروف ويقبضون أيديهم نسوا الله فنسهم إن المنافقين هم الفاسقون 67 وعد الله المنافقين والمنافقات والكفار نار جهنم خالدين فيها هي حسبهم ولعنهم الله ولهم عذاب مقيم } {  المنافقون والمنافقات } هم الذين يظهرون بألسنتهم للمسلمين أنهم مسلمون مثلكم ،  لكنهم يسرون الكفر بالله ورسوله وكتابه .  وهم جميعا بعضهم من بعض ،  أي هم صنف واحد ،  وأمرهم من حيث إظهار الإيمان وإخفاء الكفر واحد لا يختلف ؛  فهم كالشيء الواحد أو الصنف الواحد في كفرهم وخروجهم من دين الله .  سواء في ذكورهم وإناثهم .

ثم بين الله تفصيل حال المنافقين والمنافقات بما يكشف عن فضائحهم وقبائحهم وأفعالهم المنكرة .  ومن جملة ذلك :  أنهم يأمرون الناس بالمنكر ،  ويدخل فيه كل معصية أو قبيح .  وفي طليعة ذلك الكفر بالله ورسوله وكتابه .  وهم أيضا ينهون عن فعل المعروف ،  ويدخل فيه كل حسن .  وأعظم ما في ذلك الإيمان بالله ورسوله وكتابه .

وهم أيضا يقبضون أيديهم ؛  أي يمسكونها عن فعل الخيرات كإيتاء الزكوات والصدقات ،  وأداء النفقات ،  وبذل الخير للمحاويج والمكروبين .

قوله :  {  نسوا الله فنساهم } النسيان هنا بمعنى الترك ؛  أي تركوا ما أمرهم به الله فتركهم الله يسدرون في الشك والحيرة وقد حرمهم من توفيقه ورحمته .

قوله :  {  إن المنافقين هم الفاسقون } ذلك تأكيد من الله على المنافقين خارجون عن الإيمان بالله وبرسوله وبكتابه ؛  بل إن المنافقين لأشد عتوا من الكافرين .  ومن اجل ذلك كانوا في الدرك الأسفل من النار ."
9,68,"قوله :  {  وعد الله المنافقين والمنافقات والكفار نار جهنم خالدين فيها } ذلك وعيد من الله للمنافقين والمنافقات والكفار بان لهم نار جهنم يصلونها ماكثين فيها ،  فلا يخرجون منها البتة ،  ولا يبرحهم لظالها المستعر .

قوله :  {  هي حسبهم } نار جهنم تكفيهم عقابا وجزاء على كفرهم بالله وخروجهم عن الإيمان بالله وطاعته .

قوله :  {  ولعنهم الله ولهم عذاب مقيم } أي أبعدهم الله من رحمته وأعد لعم العذاب الدائم الذي لا يحول ولا يزول ."
9,69,"قوله تعالى :  {  كالذين من قبلكم كانوا أشد منكم قوة وأكثر أموالا وأولادا فاستمتعوا بخلاقهم كما استمتع الذين من قبلكم بخلاقهم وخضتم كالذي خاضوا أولئك أعمالهم في الدنيا والآخرة وأولئك هم الخاسرون } الكاف في قوله :  {  كالذين } في موضع نصب صفة لمصدر محذوف وتقديره :  وعدا كما وعد الذين من قبلكم ؛  أي قل لهؤلاء المنافقين الخائضين المستهزئين بالله وآياته ورسوله إنكم كنتم تستهزئون كما استهزأ الذين من قبلكم من الأمم ؛  إذ فلعوا ما فعلتم من الاستهزاء ،  فأخذهم الله بذنوبهم فاحذروا أن يحل بكم من العقاب ما حل بهم ،  مع أنهم كانوا أعظم منكم قوة وأكثر أموالا وأولادا .

قوله :  {  فاستمتعوا بخلاقهم فاستمتعتم بخلاقكم كما استمتع الذين من قبلكم بخلاقهم } الخلاق ،  معناه النصيب .  يبين الله لهؤلاء المنافقين أن الذين من قبلهم من الأمم السابقة تمتعوا بنصيبهم وحظهم من ملاذ الدنيا .  وكذلك أنتم تمتعتم بنصيبكم كما تمتع الذين من قبلكم بنصيبهم .  فأنتم في هذا الاستمتاع مشابهون للذين من قبلكم .  والمراد من هذا التمثيل :  التنديد بهؤلاء المنافقين من أجل مشابهتهم الذين من قبلهم من الكفار في الاستمتاع بما رزقهم الله ؛  أي أن المنافقين سلكوا سبيل الكافرين من الأمم السابقة في الاستمتاع بلذائذ الحياة الدنيا والإدبار عن أوامر الله ونسيان الآخرة .

قوله :  {  وخضتم كالذي خاضوا } أي خضتم أيها المنافقون في الباطل والكذب على الله كخوض الكافرين من الذين سبقوكم .  قال ابن عباس في هذه الآية :  ما أشبه الليلة بالبارحة {  كالذين من قبلكم } هؤلاء بنو إسرائيل شبهنا بهم .  وعن أبي هريرة ( رضي الله عنه ) قال :  قال رسول الله صلى الله عليه وسلم :  ( والذي نفسي بيده لتتبعن سنن الذين من قبلكم شبرا بشير وذراعا بذراع حتى لو دخلوا جحر ضب لدخلتموه ) قالوا :  ومن هم يا رسول الله ؟  أهل الكتاب ؟  قال ؟  ( فمن ؟  ) .

قوله :  {  أولئك حبطت أعمالهم في الدنيا والآخرة وأولئك هم الخاسرون } هؤلاء المنافقون قد حبطت أعمالهم التي كانت على صورة الطاعة ؛  فقد ذهبت باطلا ،  إذ لا جزاء لهم عليها إلا النار .  أما بطلانها في الدنيا :  فلأنها تفضي إلى النقيض مما كانوا يرجونه بعد أن أتت عليها أحوال شتى من الموت والفقر والتحول من القوة إلى الضعف ونحو ذلك .  وأما بطلانها في الآخرة :  فليصرورتها إلى الزوال والفناء ؛  فهي بذلك تمر بغير قيمة أو اعتبار .  {  وأولئك هم الخاسرون } السادرون في الهلاك والخسران ."
9,70,"قوله تعالى :  {  ألم يأتهم نبأ الذين من قبلهم ونوح وعاد وثمود وقوم إبراهيم وأصحاب مدين والمؤتفكات أتتهم رسلهم بالبنيات فما كان الله ليظلهم ولكن كانوا أنفسهم يظلمون } الاستفهام للتقرير .  والضمير في {  يأتيهم } عائد إلى المنافقين الذين يسرون الكفر وينهون الناس عن الإيمان بالله ورسوله وعن فعل الصالحات أولئك الذين يشبه حالهم حال الكافرين السابقين الذين دمر الله عليهم تدميرا وهو قوله :  {  نبأ الذين من قبلهم } أي خبر الأمم السابقة وما فعلون من العصيان والتمرد وتكذيب المرسلين ،  وما حل بهم في مقابل ذلك من العقاب الشديد .  أفلم يأت هؤلاء المنافقين أنباء ما حل بنظرائهم السابقين من العذاب فيزدجروا وينتهوا عما هم فيه من الظلم والعصيان لكي ينجوا مما يعددهم من العقاب .

على أن المشبه بهم من السابقين هنا في الآية ست أمم وهم :  قوم نوح وقد أهلكهم الله بالطوفان والتغريق ،  ثم قوم عاد وقد أهلكهم الله بالريح العقيم ،  الريح الصرصر العاتية ،  ثم قوم ثمود وقد أخذتهم الصيحة ،  ثم قوم إبراهيم وقد بعض الله عليهم البعوض فنخرهم نخرا حتى فنوا ،  ثم أصحاب مدين وهم قوم شعيب ،  وقد أهلكهم الله بعذاب يوم الظلة ،  ثم أصحاب المؤتفكات وهي قرى قوم لوط ،  وقد سميت بالمؤتفكات ،  من الائتفاك وهو الانقلاب ؛  فقد انقلب بهم الأرض حتى صار عاليها سافلها .

هذه الأمم جميعا {  أتتهم رسلهم بالبينات } أي جاءهم المرسلون بالنور والهدى ليؤمنوا بالله ويستقيموا على دينه وشرعه فأبوا وعصوا ؛  فجزاهم الله بما فعلوه شر الجزاء ؛  إذ بعث عليهم عذاب الخزي في الحياة الدنيا ،  وسيأتيهم يوم القيامة من سوء العذاب ما هو أشد وأخزى .

قوله :  {  فما كان الله ليظلمهم ولكن كانوا أنفسهم يظلمون } أي لم يكن الله ليظلم أحدا في العالمين ولا ليظلم هذه الأمم بما حل بهم من البلاء وسوء العقاب ؛  ولكنهم هم استحقوا من الله أن يحيق بهم العذاب بسبب إجرامهم وما تلبسوا به من الجحود والمعاصي ."
9,71,"قوله تعالى :  {  والمؤمنون والمؤمنات بعضهم أولياء بعض يأمرون بالمعروف وينهون عن المنكر ويقيمون الصلاة ويؤتون الزكاة ويطيعون الله ورسوله أولئك سيرحمهم الله إن الله عزيز حكيم } بعد الحديث عن حال المنافقين في سوء خوضهم وكذبهم وفاحش أعمالهم ،  يذكر الله في هذه الآية حال المؤمنين المتوادين المتآلفين مبينا بعض صفاتهم وهو أن بضعهم أعون بعض ؛  فهم فيما بينهم متناصرون متآخون في عقيدة الإسلام ؛  كما جاء في الصحيح عن النبي صلى الله عليه وسلم قوله :  ( المؤمن للمؤمن كالبنيان يشد بعضه بعضا ) وشبك بين أصابعه .

وفي الصحيح كذلك عن رسول الله صلى الله عليه وسلم قوله :  ( مثل المؤمنين في توادهم وتراحمهم كمثل الجسد الواحد إذا اشتكى منه عضو تداعى لع سائر الجسد بالحمى والسمر ) .

قوله :  {  يأمرون بالمعروف وينهون عن المنكر ويقيمون الصلاة ويؤتون الزكاة ويطيعون الله ورسوله } وهذه صفة ظاهرة ومميزة للمؤمنين من أمة محمد صلى الله عليه وسلم ؛  فهم يدعون الناس إلى الخير ،  ويأمرونهم بكل وجوه المعروف ،  ويأتي في طليعة ذلك حضهم ودعوتهم للإيمان بالله وحده دون غيره من الشركاء والأنداد ،  وما يقتضيه ذلك من جوه العبادات وأعمال الإحسان والبر .

وهم كذلك ينهون الناس جميعا عن المنكر بكل صوره وأشكاله ،  ويأتي في طليعة ذلك :  الإشراك بالله ،  والخضوع والاستسلام الامتثال لأوامره الشبر التي تخالف منهج الله ،  ثم ينهون بعد ذلك عن كل وجوه المحظور والمنكر على اختلاف أنواعه وضروبه من المعاصي والآثام .

من الصفات الظاهرة المميزة لهذه الأمة :  أداؤهم الصلوات المفروضة أداء صحيحا تاما من غير تثاقل أو إغفال او تفريط ؛  وذلك لما في الصلاة من بالغ الحكمة والمعنى وعظيم الرباط والصلة برب العباد ؛  وهي صلة روحية وثيقة تديم الخطاب المخلص المباشر والمناجاة العقلية والقلبية والوجدانية العليا بين العبد المخلوق ،  والإله الخالق .

ومن صفاتهم الظاهرة المميزة :  أنهم يبذلون زكاة أموالهم طيبة بها نفوسهم إلى إخوانهم المؤمنين من المحاويج والعالة .  وهم كذلك إنما يطيعون الله وحده فيما أمر ويزدجرون عما زجر ،  ولا يذعنون للمعاصي والسيئات من أوامر البشر .  يضاف إلى طاعتهم لله طاعتهم لرسوله المبلغ الهادي إلى سواء السبيل .

قوله :  {  أولئك سيرحمهم الله } هؤلاء المتصفون بهذه الصفات العظيمة المميزة ستنالهم من الله رحمة غامرة رضية ،  فيمضون في الحياة آمنين كرماء في ظل منهج الله الحكيم الذي شرعه لعباده .  ويوم القيامة يصيرون إلى السعادة الدائمة التي لا يأتي عليها فناء ولا نهاية .

قوله :  {  إن الله عزيز حكيم } الله قوي غالب على كل شيء ،  لا يعز علي في الخلق ما يريد .  وهو سبحانه حكيم في تدبيره وما يفعل ؛  فإنه يضع الأشياء في مواضعها دون خلل في ذلك ولا نقصان ."
9,72,"قوله تعالى :  {  وعد الله المؤمنين والمؤمنات جنات تجري من تحتها الأنهار خالدين فيها ومساكن طيبة في جنات عدن ورضوان من الله أكبر ذلك هو الفوز العظيم } ذلك وعد الله لبعاده المؤمنين والمؤمنات ،  والعاملين بكتابه وسنة رسوله ،  المجانبين للشرك والضلال –وعدهم {  جنات تجري من تحتها الأنهار } وهي المنازل الفخمة والمقامات العالية الكريمة حيث الخير والسعادة والجمال بما يعز على المرء أن يتصور مبلغ روعته ومداه حتى يعاينه ويراه .  وهذه هي جنات عدن ؛  أي دار إقامة وخلود .

وقوله :  {  ورضوان من الله أكبر } وهو غاية ما يزين الجنة من كمال البهجة والفضل والحبور ؛  بل إنه أقصى ما يخطر للأذهان والقلوب من كمال السعادة والاستشراق والرضى .  إن رضوان الله على المؤمنين في الجنة يفوق كل ما حوته الجنات من صنوف اللذات والدرجات وألوان النعيم .  وهذا ما ينبه إليه الوصف بقوله :  {  أكبر } .

قوله :  {  ذالك هو الفرز العظيم } الإشارة عائدة إلى ما تقدم مما وعد الله به عباده المؤمنين من جنات الخلود حيث الإقامة الدائمة والقرار المكين السعيد .  ثم رضوان الله الذي يفوق كل ما دونه من ألوان النعيم .  لا جرم أن هذا لهو الفوز العظيم .  الفوز الذي يهون دونه كل فوز مما يتخيله الناس أو يحسونه ."
9,73,"قوله تعالى :  {  يا أيها النبي جاهد الكفار والمنافقين وأغلظ عليهم ومأواهم جهنم وبئس المصير 73 يحلفون بالله ما قالوا ولقد قالوا كلمة الكفر وكفروا بعد إسلامهم وهموا بما لم ينالوا وما نقموا إلا أن أغناهم الله ورسوله من فضله فإن تابوا يك خيرا لهم وإن يتولوا يعذبهم الله عذابا أليما في الدنيا والآخرة وما لهم في الأرض من ولي ولا نصير } .

أمر الله نبيه صلى الله عليه وسلم أن يجاهد الكفار والمنافقين .  أما الكفار :  فيجاهدهم بالسلاح والقتال .  وأما المنافقون الذين يظهرون الإسلام ويخفون في نفوسهم الكفر :  فإنه يجاهدهم باللسان وحجة البيان وأن لا يرفق بهم ،  وهو قول ابن عباس .

قوله :  {  وأغلظ عليهم } أي اشدد عليهم بالقتال والإثخان والإرعاب .  قوله :  {  ومأواهم جهنم وبئس المصير } أي بئس المكان الذي يصير إليه هؤلاء المجرمون من الكافرين والمنافقين ؛  فإنهم صائرون إلى نار جهنم ؛  فهي مقامهم الدائم ولبثهم الذي لا يزول ."
9,74,"قوله :  {  يحلفون بالله ما قالوا ولقد قالوا كلمة الكفر وكفروا بعد إسلامهم } نزلت في عبد الله بن أبي ،  وذلك أنه اقتتل رجلان جهني وأمصاري فعلا الجهني على الأنصاري ،  فقال عبد الله للأنصار :  ألا تنصروا أخاكم ؟  والله ما مثلنا ومثل محمد إلا كما قال القائل :  سمن كلبك يأكلك .  وقال :  لئن رجعنا إلى المدينة ليخرجن الأعز منها الأذل ،  فسعى بها رجل من المسلمين إلى النبي صلى الله عليه وسلم فأرسل إليه فسأله فجعل يحلف بالله ما قاله ؛  فأنزل الله فيه هذه الآية .

وقيل :  نزلت في الجلاس بن سويد بن الصامت أقبل هو وابن امرأته مصعب من قباء .  فقال الجلاس :  إن كان ما جاء به محمد حقا فنحن أشر من الحمير التي نحن عليها .  فقال له ابن امرأته :  والله يا عدو الله لأخبرن رسول الله بما قلت ؛  فإني أن لا أفعل أخاف أن يصيبني قارعة وأؤاخذ بخطيئتك فدعا النبي صلى الله عليه وسلم الجلاس فقال :  ( يا حلاس أقلت كذا وكذا ؟  ) فحلف ما قال .  فأنزل الله الآية .

قوله :  {  وهموا بما لم ينالوا } أي هموا أن يدفعوا ليلة العقبة وكانوا قوما قد أجمعوا على أن يقتلوا رسول الله صلى الله عليه وسلم وهم معه يلتمسون غرته حتى اخذ في عقبة ،  فتقدم بعضهم وتأخر بعضهم وذلك كان ليلا ،  قالوا :  إذا أخذ في العقبة دفعناه عن راحلته في الوادي ،  وكان قائده في تلك الليلة عمار بن ياسر وسائقه حذيفة ،  فسمع حذيفة وقع أخفاف الإبل .  فالتقت فإذا هو بقوم ملثمين .  فقال :  إليكم يا أعداء الله ،  فأمسكوا .  ومضى النبي صلى الله عليه وسلم حتى نزل منزله الذي أرده .  فأنزل الله قوله {  وهموا بما م ينالوا } يعني المنافقين هموا بقتل النبي صلى الله عليه وسلم ليلة العقبة في غزوة تبوك ،  وكانوا اثني عشر رجلا .  قال حذيفة :  سماهم رسول الله صلى الله عليه وسلم حتى عدهم كلهم .

قوله :  {  وما نقموا إلا أن أغناهم الله ورسوله من فضله } نقموا ،  بمعنى أنكروا وعابوا .  والمراد بذلك المنافقون الذين يكرهون النبي صلى الله عليه وسلم ودينه ويفترون عليها الكذب والباطل ،  وكانوا قبل قدوم النبي صلى الله عليه وسلم في ضنك من العيش ،  فلما قدم عليهم صلى الله عليه وسلم استغنوا بالغنائم وصاروا في سعة وبحبوحة .  فيكون المعنى :  أنهم ما أنكروا على رسول الله صلى الله عليه وسلم شيئا إلا أن أغناهم ورسوله من فضله .  فما للرسول صلى الله عليه وسلم عندهم من ذنب إلا أن الله أغناهم ببركته ويمن مقامه فيهم .  وذلك كما قال عليه الصلاة والسلام للأنصاري :  ( ألم أجدكم ضلالا فهداكم الله بي ،  وكنتم متفرقين فألفكم الله بي ،  وعالة فأغناكم الله بي ؟  ) والمثل المناسب في هذا الصدد قول القائل :  ( اتق شر من أحسنت إليه ) .

قوله :  {  فإن يتوبوا يك خيرا لهم } أي هؤلاء المنافقون الذين قالوا كلمة الكفر ؛  فإنهم إن تابوا من قيلهم الذي قالوه فرجعوا عنه إلى الإيمان والتصديق والطاعة ،  تكن توبتهم وإدبارهم عن الباطل والنفاق خيرا لهم من حالهم في النفاق والغش وخيانة الإسلام والمسلمين .  أما إن تمردوا وأدبروا عن التوبة وأبوا الجحود والاستكبار والنفاق {  يعذبهم الله عذابا أليما } أي يأخذهم الله في هذه الدنيا بالقتل والإذلال ،  ويأخذهم في الآخرة بالعذاب الموجع البئيس وهو عذاب النار التي أعدها الله للأشقياء من الناس وأشرارهم .  ولئن أخذهم الله بعذابه الأليم فلن ينصرهم من الله أيما نصير ،  وليس من مجير يجيرهم أو ينقذهم مما يحل بهم من الخزي والتنكيل .  وهو قوله سبحانه :  {  وما لهم في الأرض من ولي ولا نصير }  ."
9,75,"قوله تعالى :  {  ومنهم من عاهد الله لئن آتانا من فضله لنصدقن ولنكونن من الصالحين 75 فلما آتاهم من فضله بخلوا به وتولوا وهم معرضون 76 فأعقبهم نفاقا في قلوبهم إلى يوم يلقونه بما أخلفوا الله ما وعدوه وبما كانوا يكذبون 77 ألم يعلموا أن الله يعلم سرهم ونجواهم وأن الله علام الغيوب } نزلت هذه الآية الكريمة في ثعلبة بن حاطب الأنصاري ؛  فقد روي أنه قال لرسول الله صلى الله عليه وسلم :  اعد الله أن يرزقني مالا .  فقال رسول الله صلى الله عليه وسلم :  ( ويحك يا ثعلبة قليل تؤدي شكره خير من كثير لا تطيق ) ثم قال ( ثعلبة ) مرة أخرى .  فقال ( أما ترضى أن تكون مثل نبي الله ؟  فو نفسي بيده لو شئت أن تسير الجبال معي ذهبا وفضة لسارت ) قال :  والذي بعضك بالحق لئن دعوت الله فرزقني مالا لأعطين كل ذي حق حقه .  فقال رسول الله صلى الله عليه وسلم :  ( اللهم ارزق ثعلب ) فاتخذ غنما فنمت كما ينمي الدود ،  فضاقت عليه المدينة فتنحى عنها فنزل واديا من أوديتها حتى جعل يصلي الظهر والعصر في جماعة ويترك ما سواهما .  ثم نمت وكثرت فتنحى حتى ترك الصلوات إلا الجمعة وهي تنمي كما ينمي الدود حتى ترك الجمعة ،  فطفق يتلقى الركبان يوم الجمعة ليسألهم عن الأخبار ،  فقال رسول الله صلى الله عليه وسلم :  ( ما فعل ثعلبة ؟  ) فقالوا :  يا رسول الله اتخذ غنما فضاقت عليه المدينة فأخبروه بأمره .  فقال :  يا ويح ثعلبة .  يا ويح ثعلبة ) وأنزل الله جل ثناؤه {  خذ من أموالهم صدقة } الآية .  ونزلت فرائض الصدقة ،  فبعث رسول الله صلى الله عليه وسلم رجلين على الصدقة من المسلمين رجلا من جهينة ورجلا من سليم ،  وكتب لهما كيف يأخذان الصدقة من المسلمين ،  وقال لهما :  ( مرا بثعلبة وبفلان –رجل من بني سليم- فخذا صدقاتهما ) فخرجا حتى أتيا ثعلبة فسألاه الصدقة وأقرآه كتاب رسول الله صلى الله عليه وسلم .  فقال :  ما هذه إلا جزية ،  ما هذه إلا أهت الجزية ،  ما أدري ما هذا ؟  انطلقا حتى تفرغا ثم عودا إلي .  فانطلقا وسمع بهما السلمي فنظر إلى خيار أسنان إبله فعزلها للصدقة ثم استقبلهما بها ،  فلما رأوه قالوا ،  ما يجب عليك هذا ،  وما نريد أن تأخذ هذا منك .  فقال :  بلى فخذوها فإن نفسي بذلك طيبة ،  وإنما هي لله ،  فأخذاها منه ومرا على الناس فأخذا الصدقات ،  ثم رجعا إلى ثعلبة فقال :  أروني كتابكما ،  فقرأه ،  فقال :  ما هذه إلا جزية ،  ما هذه إلا أخت الجزية ،  انطلقا حتى أرى رأيي ،  فانطلقا حتى أتيا النبي صلى الله عليه وسلم فلما رآهما قال :  ( يا ويح ثعلبة ) قبل أن يكلهما ودعا للسلمي بالبركة .  فأخبراه بالذي صنع ثعلبة والذي صنع السلمي .  فانزل الله عز وجل {  ومنهم من عاهد الله لئن آتانا من فضله لنصدقن } الآية .  وعند رسول الله صلى الله عليه وسلم رجل من أقارب ثعلبة فسمع ذلك ،  فخرج حتى أتاه فقال :  ويحك يا ثعلبة قد أنزل الله فيك كذا وكذا ،  فخرج ثعلبة حتى أتى النبي صلى الله عليه وسلم فسأله ان يتقبل منه صدقته فقال :  ( إن الله منعني أن أقبل منك صدقتك ) فجعل يحثو على رأسه التراب .  فقال له رسول الله صلى الله عليه وسلم :  ( هذا عملك ،  قد أمرتك فلم تعطني ) فلما أبى رسول الله صلى الله عليه وسلم أن يقبض صدقته رجع إلى منزله فقبض رسول الله صلى الله عليه وسلم صدقته .  فقال أبو بكر :  لما يقبلها منك رسول الله صلى الله عليه وسلم ولا أبو بكر وأنا أقبلها منك ؟  فقبض ولم يقبلها .  فلم ولي عثمان ( رضي الله عنه ) أتاه فقال :  اقبل صدقتي .  فقال :  لم يقبلها رسول الله صلى الله عليه وسلم ولا أبو بكر ولا عمر وأنا اقبلها منك ؟  فلم يقبلها منه ،  فهلك ثعلبة في خلافة عثمان .

وقوله :  {  ومنهم من عاهد الله لئن آتانا من فضله لنصدقن ولنكونن من الصالحين } أي ومن هؤلاء المنافقين من أعطى الله عهده وميثاقه لئن رزقه الله من رزقه الله بعمل أهل الصلاح من الإحسان وصلة الأرحام والبر والإنفاق في سبيل الله ."
9,76,فلما رزقه الله من فضله مالا ووسع عليه فيه بخل ولم يوف ما عاهد الله عليه من ذب الصدقة وفعل الإحسان {  وتولوا وهم معرضون } أي أدبروا عما عاهدوا الله عليه ،  وهم ديدنهم الإعراض عن دين الله وطاعته .
9,77,"قوله :  {  فأعقبهم نفاقا في قلوبهم إلى يوم يلقونه } الفاعل هو الله جل شأنه .  {  فأعقبهم نفاقا في قلوبهم } أي جعل عاقبة فعلهم من البخل والإعراض عن دين الله وطاعته نفاقا في قلوبهم {  إلى يوم يلقونه } أي يلقون ربهم بالموت أو يوم القيامة .  وذلك {  بما أخافوا الله ما وعدوه } الباء للسببية ؛  أي بسبب إخلافهم ما وعدوه من التصدق والبذل والإنفاق في وجوع البر والإصلاح بسبب كذبهم في قيلهم .  وهو معنى قوله :  {  وبما كانوا يكذبون } .

ويستذل من ذلك أن الكذب في الحديث له أمارة من أمارات النفاق المتلبس بالقلب ،  فما يكذب المرء ويكثر كذبه أو يزداد من غير وازع ولا ندامة إلا من ران على قلبه النفاق ليكون في زمرة المنافقين الخاسرين أعاذنا الله منهم .  وفي الصحيحين عن رسول الله صلى الله عليه وسلم أنه قال :  ( آية المنافق ثلاث :  إذا حدث كذب ،  وإذا وعد أخلف ،  وإذا اؤتمن خان ) .

قال الرازي في هذا الصدد :  ظاهرة الآية يدل على أن نقض العهد وخلف الوعد يورث النفاق ،  فيجب على المسلم أن يبالغ في الاحتراز عنه .  فإذا عاهد الله في أمر فليجتهد في الوفاء به .  ومذهب الحسن البصري :  أنه يوجب النفاق لا محالة ."
9,78,قوله :  {  ألم يعلموا أن الله يعلم سرهم ونجواهم وأن الله علام الغيوب } وهذا توبيخ من الله لهؤلاء المنافقين الخاسرين الذين يكفرون بالله وبرسوله وبدينه سرا ويظهرون للمؤمنين أنهم منهم والله سبحانه يبين لهم في تقريع واستنكار في هذا المعنى :  ألم يعلموا أن الله يعلم ما يسرون في أنفسهم من الخبث والخداع ،  وما تنطوي عليه قلوبهم من الكفر والكراهية لدين الإسلام ؟  !  ألم يعلم هؤلاء المنافقون أن الله يسمع نجواهم ؛  إذ يتناجون فيما بينهم بالطعن في دين الله ورسوله والمسلمين ؟  !  أفلا يخشى هؤلاء المنافقون أن تحل بدارهم القوارع والمثلاث من الله عقابا لكفرهم وفساد قلوبهم وسرائرهم ؟  !  .
9,79,"قوله تعالى :  {  الذين يلمزون المطوعين من المؤمنين في الصدقات والذين لا يجدون إلا جهدهم فيسخرون منهم سخر الله ولهم عذاب أليم } {  يلمزون } ،  من اللمز وهو العيب والإشارة بالعين ونحوها .  واللمزة بضم اللام المشددة معناه العياب باللسان .

ذلك إخبار عن فضائح المنافقين وعن صفة من صفاتهم الذميمة وهي للمز .  والمنافقون صنف لئيم خسيس عياب من الناس لا ينجو أحد من عيبهم ولمزهم في كل الأحوال .  فإن أحسن الناس وكثر إحسانهم عابهم المنافقون وطعنوا في حقيقية مقاصدهم واتهموهم بالرياء .  وإن أحسنوا قليلا شنعوا عليهم وتقالوا إحسانهم ،  وسخروا مما بذلوه على أنه حقير ويسير ليست له قيمة .  هؤلاء هم المنافقون الأنذال أولو الضمائر الخاوية ،  والألسن التي لا تبرع إلا في الحسد واللمز والثرثرة وعتك الأستار في أسلوب خسيس وخبيث ومبتذل .

وفي هذا الصدد روي البخاري بإسناده عن ابن مسعود ( رضي الله عنه ) قال :  لنا نزلت آية الصدقة كما نحامل على ظهورنا ،  فجاء رجل فتصدق بشيء كثير ،  فقالوا :  مرائي ،  وجاء رجل فتصدق بصاع فقالوا :  إن الله لغني عن صدقة هذا ،  فنزلت {  الذين يلمزون المطوعين } الآية و {  المطوعين } أي المتطوعين .  من التطوع ،  وهو التبرع والبذل تقربا لله وابتغاء مرضاته .  قوله :  {  والذين لا يجدون إلا جهدهم } أي أن المنافقين يلمزون المتطوعين من المؤمنين الذين يقدمون ما في وسعهم مما يجدونه فاضلا عن حاجتهم وليس عندهم غيره وهو جهد المؤمن المقل .  والجهد ،  بالضم معناه القدرة والطاقة {  فيسخرون منهم } معطوف على يلمزون .  والمعنى :  أن هؤلاء المنافقين يستهزئون بالمتطوعين المؤمنين الذين يتصدقون بالقليل ؛  لأنه غاية ما يقدرون عليه ويتمكنون منه ؛  إنهم يستهزئون بهم وبما يقدمونه من الصدقات لقتلها وبساطتها .  قوله :  {  سخر الله منهم ولهم عذاب أليم } أي جازاهم الله بما يستحقونه من المجازاة والعقاب في مقابلة استسخارهم بالمؤمنين ؛  فقد أخزاهم الله بفضح نواياهم وما تكنه صدورهم من خبيث المقاصد ،  فضلا عما أعده لهم من أليم العذاب في جهنم ."
9,80,"قوله تعالى :  {  استغفر لهم أو لا تستغفر لهم إن تستغفر لهم سبعين مرة فلن يغفر الله لهم ذلك بأنهم كفروا بالله ورسوله والله لا يهدي القوم الفاسقين } يبين الله لنبيه صلى الله عليه وسلم أنه لن يغفر لهؤلاء المنافقين ما وقعوا فيه من النفاق والغش والخيانة ،  وإن استغفرت لهم بالغ الاستغفار .  وقد ذكر السبعين للتأكيد على عدم حصول المغفرة للمنافقين ؛  ولذلك قال :  إن تستغفر لهم سبعين مرة فلن يغفر الله لهم } {  سبعين } منصوب على أنه صفة لمصدر محذوف .  والسبعون هنا جار مجرى المثل ف كلام العرب للتكثير وليس على التحديد والغاية ؛  فإن العرب في أساليب كلامها كانت تذكر السبعين على سبيل المبالغة ولا تريد التحديد بها ولا أن يكون ما زاد عليها بخلافها .

وذهب بعض أهل العلم إلى التقييد بهذا العدد وهو السبعون يدل على قبول الاستغفار في الزيادة على هذا العدد وهو مفهوم المخالفة .  فما زاد على السبعين من الاستغفار لم يشمله التيئيس من الاستغفار ،  وحتجوا بما روي أنه لما ثقل عبد الله بن أبي انطلق ابنه إلى النبي صلى الله عليه وسلم فقال :  إن أبي قد احتضر فأجب أن تشهده وتصل عليه .  فقال له النبي صلى الله عليه وسلم :  ( ما اسمك ) قال :  الحباب بن عبد الله .  قال :  ( بل أنت عبد الله بن عبد الله ؛  إن الحباب اسم شيطان ) فانطلق معه حتى شهده وألبسه قميصه وهو عرق وصلى عليه .  فقيل له :  أتصلي عليه ؟  قال ( إن الله قال :  {  إن تستغفر لهم سبعين مرة } ولأستغفرن لهم سبعين وسبعين ) .

والراجح من القولين عدم المغفرة للمنافقين مهما استغفر لهم المستغفرون .  ويدل على ذلك قوله :  {  ذالك بأنهم كفروا بالله ورسوله } {  ذلك } ،  إشارة إلى اليأس من المغفرة لهم .  والباء للسببية ؛  أي لن يغفر الله لهم بسبب كفرهم بالله ورسوله {  والله لا يهدي القوم الفاسقين } فتبين بذلك أن العلة التي لأجلها لا ينفع المنافقين استغفار الرسول لهم وإن بلغ استغفارهم سبعين مرة ،  هي كفرهم وفسقهم ."
9,81,"قوله تعالى :  {  فرح المخالفون بمقعدهم خلاف رسول الله وكرهوا أن يجاهدوا بأموالهم وأنفسهم في سبيل الله وقالوا لا تنفروا في الحر قل نار جهنم أشد حرا لو كانوا يفقهون 81 فليضحكوا قليلا وليبكوا كثيرا جزاء بما كانوا يكسبون } .

يفرح المنافقون أشد الفرح كلما نالوا حظا من حظوظ الدنيا ،  كالمال والراحة والدعة والاستمتاع بكل ألوان المتاع والمكاسب في الحياة الدنيا وسفاسفها .  وأشد ما يواجه المنافقين في حياتهم تكليفهم ما يشق عليهم ؛  كالتكليف باحتمال المصاعب والمخاطر مثل الجهاد ،  إنهم أشد الناس هروبا وتخلقا عن فريضة الجهاد ؛  ولذلك قد فرح المنافقون بخلفهم عن صحبة رسول الله صلى الله عليه وسلم في جهاد الكافرين في تبوك .  والمراد بالمخلفين :  هم المتروكون الذين استأذنوا رسول الله صلى الله عليه وسلم في غزوة تبوك فأذن لهم وخلفهم في المدينة ،  أو هم الذين خلفهم الشيطان ،  او تخاذلهم ونفاقهم وإخلادهم إلى الأرض ؛  لقد فرحوا {  بمقعدهم } أي بقعودهم {  خلاف رسول الله } {  خلاف } منصوب ،  على أنه مفعول له .  وقيل :  على المصدر .  وخلاف ،  بمعنى خلف .  أو بمعنى مخالفين ؛  أي أنهم قعدوا عن الجهاد لمخالفة رسول الله صلى الله عليه وسلم ،  أو مخالفين أمره بالخروج .

قوله :  {  وكرهوا أن يجاهدوا بأموالهم وأنفسهم في سبيل الله } لقد كره هؤلاء المنافقون المخلفون ان يخرجوا للقاء أعداء الله فيجاهدوهم بأموالهم وأنفسهم في سبيل الله ،  جانحين إلى الدعة والاسترخاء والتخاذل ،  ومؤثرين الحياة الدنيا على الآخرة ،  وشحا بالمال الذي تهون بصدده العقيدة والملة والقيم في نظرهم .

لما استنفر النبي صلى الله عليه وسلم الناس للسفر إلى تبوك من أجل الجهاد ،  وكان ذلك في حين من اشتداد الحر إبان الصيف الحرور ،  وقد حان أوان القطاف وجني الثمار ؛  تثاقل المنافقون وانثنوا عن الخروج انثناء فاضحا كشف اللثام عن نواياهم الخبيثة وعن مبلغ إخلادهم المسرف إلى حطام الدنيا ،  ثم تواصوا فيما بينهم قائلين بعضهم لبعض :  {  لا تنفروا في الحر } ثم قال لهم الله على لسان نبيه صلى الله عليه وسلم :  {  قل نار جهنم أشد حرا } فإن نار جهنم بلظاها المخوف المفظع ،  واستعار لهيبها المتأجج المضطرم ؛  لهي أحرى أن تحذروها وأن تحسبوا لها كل حساب واستعداد .  قوله :  {  لو كانوا يفقهون } لو كان المنافقون يتدبرون هذه الحقيقة المذهلة عن شدة العذاب وفظاعة اللهب يوم القيامة لما تخلفوا عن صحبة رسول الله صلى الله عليه وسلم والسفر معه للقاء العدو ."
9,82,"قوله :  {  فليضحكوا قليلا وليبكوا كثيرا } وهذا أمر بمعنى التهديد ؛  أي فليضحكوا فرحين قليلا في هذه الدنيا الفانية بقعودهم في منازلهم مخالفين رسول الله صلى الله عليه وسلم ؛  إذ خرج إلى لقاء الكافرين .  وفي المقابل ليبكوا طويلا وهم في جهنم .  قال ابن عباس :  الدنيا قليل فليضحكوا فيما ما شاءوا ،  فإذا انقطعت الدنيا وصاروا إلى الله عز وجل ؛  استأنفوا بكاء لا ينقطع أبدا .

وقيل :  الآية أمر بمعنى الخبر ؛  أي أنهم سيضحكون قليلا وسيبكون كثيرا {  جزاء بما كانوا يكسبون } أي جزاء من الله على تخلفهم عن رسول الله وانثنائهم عن الخروج للقاء الكافرين ."
9,83,"قوله تعالى :  {  فإن رجعك الله إلى طائفة منهم فاستأذنوك للخروج فقل لن تخرجوا معي أبدا ولن تقتلوا معي عدوا إنكم رضيتم بالقعود أول مرة فاقعدوا مع الخالفين 83 ولا تصل على أحد منهم مات أبدا ولا تقم على قبره إنهم كفروا بالله ورسوله وماتوا وهم فاسقون } {  رجعك الله } ،  مع الرجع ،  بالسكون ؛  وهو مصير الشيء إلى المكان الذي كان فيه .  نقول :  رجعته رجعا ؛  أي رددته ردا .  والمراد بالطائفة في الآية ،  طائفة المنافقين ،  وقد ذكر أنهم كانوا اثني عشر رجلا .  وقد خصص الطائفة ؛  لأن جميع من أقام بالمدينة ما كانوا منافقين ،  بل كان بعضهم مخلصين معذورين كالعجزة من المسنين والنساء والمرضى .

والمعنى :  إن ردك الله يا محمد من غزوتك هذه إلى المدينة حيث المنافقون فاستأذنوك للخروج معك في غزوة أخرى {  فقل لن تخرجوا معي أبدا ولن تقاتلوا معي عدوا } أمر الله نبيه الكريم أن يقول لهم ذلك عقابا هم وتعزيزا ،  وقد علل ذلك في الآية بقوله :  {  إنكم رضيتم بالقعود أول مرة فاقعدوا مع الخالفين } أي الرجال الذين تخلفوا عن الجهاد .  والمعنى :  اقعدوا مع الذين قعدوا من المنافقين مخالفين رسول الله صلى الله عليه وسلم ؛  فقد صرتم منهم وأنتم الآن على ملتهم وطريقتهم ."
9,84,"قوله :  {  ولا تصل على أحد منهم أبدا } نزلت هذه الآية في شأن الصلاة على عبد الله بن أبي بن سلول ؛  فقد أخرج الإمام أحمد بإسناده عن ابن عباس قال :  سمعت عمر بن الخطاب ( رضي الله عنه ) يقول :  لما توفي عبد الله بن أبي دعي رسول الله صلى الله عليه وسلم للصلاة عليه .  فقام إليه ،  فلما وقف عليه يريد الصلاة تحولت حتى قمت في صدره فقلت :  يا رسول الله أعلى عدو الله عبد الله بن أبي القائل يوم كذا كذا وكذا –يعدد أيامه ؟ - قال :  ورسول الله صلى الله عليه وسلم يتبسم ،  حتى إذا أكثرت عليه قال :  ( أخر عني يا عمر .  إني خيرت فاخترت .  قد قيل لي :  {  استغفر لهم أو لا تستغفر لهم إن تستغفر لهم سبعين مرة فلن يغفر الله لهم } لو أعلم أني لو زدت على سبعين غفر له لزدت ) قال :  ثم صلى عليه ومشى معه وقام على قبره حتى فرغ منه .  قال :  فعجبت من جرأتي على رسول الله صلى الله عليه وسلم .  قال :  فوالله ما كان يسيرا حتى نزلت هاتان الآيتان {  ولا تصل على أحد منهم مات أبدا } الآية ،  فما صلى رسول الله صلى الله عليه وسلم على منافق ولا قام على قبره حتى قبضه الله عز وجل .  فيستدل من ذلك على عدم الصلاة على المنافق الذي يظهر للمسلمين أنه منهم ولكنه يكتم في قلبه الكفر .

قوله :  {  ولا تقم على قبره } كان رسول الله صلى الله عليه وسلم إذا دفن الميت وقف على قبره ودعا له بالتثبيت ؛  فقد روي أبو داود بإسناده عن عثمان بن عفان ( رضي الله عنه ) قال :  كان رسول الله صلى الله عليه وسلم إذا فرغ من دفن الميت وقف عليه وقال :  ( استغفروا لأخيكم واسألوا له التثبيت ؛  فإنه الآن يسأل ) .

قوله :  {  إنهم كفروا بالله ورسوله وماتوا وهم فاسقون } وهذا تعليل لترك الصلاة على المنافقين أو القيام على قبورهم .  وهو أنهم كانوا يخفون في صدورهم الكفر بالله ورسوله ولم يتوبوا عن ذلك ،  بل ظلوا على حالهم من الكفر والجحود حتى ماتوا {  وهم فاسقون } أي ماتوا وهم خارجون من ملة الإسلام مفارقون أمر الله ورسوله ."
9,85,"قوله تعالى :  {  ولا تعجبك أموالهم وأولادهم إنما يريد الله أن يعذبهم بها في الدنيا وتزهق أنفسهم وهم كافرون } ما ينبغي للمؤمنين أن تغرهم كثرة الأموال والأولاد لدى الكافرين والمنافقين ليسترضوهم ويداهنوهم .

ما ينبغي لأهل الإسلام ،  أهل الكرامة والشهامة والاستعلاء أن يستحوذ عليهم الإعجاب بما أوتي الكافرون والمنافقون من زخارف الدنيا وزينتها .  فما أوتيه هؤلاء من خير وولد منصب ،  ليس إلا فتنة لهم ،  فيعذبهم الله بها في الدنيا من فرط ما يغشاهم من الهموم ودوام التفكير والاغتمام من أجلهم .  فضلا عما يبتلي الله به في أموالهم وأولاهم من الرزايا والنائبات .  وبعد ذلك كله تزهق أنفسهم ؛  أي يموتون ،  فيفارقون المال والولد وزينة الحياة الدنيا كلها .  وإذ ذاك تهب على أرواحهم لواعج كثاف من الحسرة الغامرة ،  والالتياع الممض أسفا على فراق ما تركوه وراء ظهورهم ."
9,86,"قوله تعالى :  {  وإذا أنزلت سورة أن آمنوا بالله وجاهدوا مع رسوله الله استأذنوك أولوا الطول منهم وقالوا ذرنا نكن مع القاعدين 86 رضوا بأن يكونوا مع الخوالف وطبع على قلوبهم فهم لا يفقهون 87 لكن الرسول والذين آمنوا معه جاهدوا بأموالهم وأنفسهم وأولئك لهم الخيرات وأولئك هم المفلحون 88 أعد الله لهم جنات تجري من تحتها الأنهار خالدين فيها ذلك الفوز العظيم } .

إذا أنزل الله على رسوله سورة من القرآن فيها دعوة المنافقين إلى الإيمان بالله وتصديق رسوله صلى الله عليه وسلم ،  وتآمرهم بالجهاد مع رسول الله بادر {  وأولوا الطول منهم } أي أهل الغنى والسعة والمال –بالاستئذان في التخلف عن السفر للقاء العدو فيمكثوا في أهليهم قاعدين :  سالمين {  وقالوا ذرنا نكن مع القاعدين } أي دعنا يا محمد نقعد في منازلنا مع الضعفاء والعجزة من الناس .  وذلك هو شأن المترفين البطرين من الأغنياء والموسرين في كل زمان .  أولئك الذين وهنت عزائمهم واسترخت نفوسهم إزاء المال المركوم بقناطير المقنطرة ،  فانفلت قلوبهم عن الإيثار والشجاعة والغيرة على الدين والوطن والعباد ؛  فهم لإيغالهم المسرف في حب المال ،  والاجتهاد اللحوح المضني في تحصيله وجمعه ؛  لا تميل نفوسهم إلا إلى الدنيا وما فيها من زهرة الحياة ومتاعها ؛  فهم بذلك أشد ممن سواهم نكولا عن الجهاد أو التفكير في لقاء العدو حرصا على أرواحهم أن تزهق ،  وعلى أموالهم أن يصيبها البخس .  وبذلك آثروا أن يكونوا مع القاعدين وهم الضعفاء من الناس كالمرضى والعميان والأطفال والمسنين ."
9,87,"قوله :  {  رضوا بأن يكونوا مع الخوالف } {  الخوالف } ،  جمع خالفة .  والهاء للمبالغة .  والخالفة هي القاعدة في الدار من النساء .  وهو المتخلف عن القوم في الغزو ،  والفاسد من الناس ،  والذي لا يخر فيه .  والمراد بالخوالف في الآية ،  النساء والصبيان وأصحاب الأعذار من الرجال .  لقد رضي هؤلاء الجبناء الخائرون الرعاديد لأنفسهم أن يكونوا في زمرة النساء وغيرهن من العجزة كالصبيان والعميان والمسنين والمرضى .  وفي ذلك من التوبيخ اللاذع بحقهم ما لا يخفى .

قوله :  {  وطبع على قلوبهم فهم لا يفقهون } أي ختم الله على قلوب هؤلاء المنافقين من أجل نكولهم عن الجهاد وإيثارهم الدعة والاسترخاء مع العجزة والنساء ؛  فهم بذلك لا يفهمون ما فيه صلاحهم وما يضرهم ؛  بل إنهم فاسدون سفهاء ."
9,88,قوله :  {  لكن الرسول والذين آمنوا معه جاهدوا بأموالهم وأنفسهم } لكن حرف استدراك .  والمعنى المستفاد منه :  أن تخلف هؤلاء المنافقين عن الجهاد لا يضير ولا يغير من حتمية للإسلام ،  فإن ثمة من يقوم بفريضة الجهاد خير قيام .  {  وأولئك لهم الخيرات وأولئك هم المفلحون } أعد الله لعبادة المؤمنين المخلصين الذين بذلوا أموالهم ودماءهم في سبيل الله وهم يقاتلون أعداء الله –أعد لهم الخيرات وهي ما حوته الجنة من أصناف اللذائذ والنعم مما لم يخطر على قلب بشر .  ولا جرم أن هؤلاء بما من الله عليهم من أنواع الخيرات والبركات والمباهج في الجنة –هم الفائزون حق الفوز ،  الناجون تمام النجاة .
9,89,/ت88
9,90,"قوله تعالى :  {  وجاء المعذرون من الأعراب ليؤذن لهم وقعد الذين كذبوا الله ورسوله سيصيب الذين كفروا منهم عذاب أليم } {  المعذرون } ،  بالتشديد ،  في قراءة الجمهور .  وفي تأوليه وجهان .  أحدهما :  أن يكون أصله المعتذرين ،  وهو جمع معتذر ،  وقد أدغمت التاء في الذال .  وهو المحق الذي له عذر .

ثانيهما :  أن يكون المعذر ،  بالتشديد ،  غير محق ؛  لأنه ليس له عذر ،  أو هو الذي يعتذر بغي عذر .  وعلى هذا فالمعذرون مبطلون ؛  لأنهم اصطنعوا أعذرا لا أصل لها ؛  فيكون المعنى :  أن هؤلاء الأعراب جاءوا بأعذارهم إلى رسول الله صلى الله عليه وسلم محقين أو مبطلين –على الوجهين السابقين- لكي يأذن لهم الرسول صلى الله عليه وسلم في القعود والتخلف عن القتال {  وقعد الذين كذبوا الله ورسوله } وهذه طائفة أخرى قعدوا عن الجهاد من غير أن يعتذروا ،  وهم منافقون من الأعراب قد كذبوا على الله ورسوله واعتذروا لرسول الله صلى الله عليه وسلم بالباطل .

قوله :  {  سيصيب الذين كفروا منهم عذاب أليم } وهذا وعيد من الله للمنافقين الجاحدين الذين تخلفوا عن الجهاد مع رسول الله صلى الله عليه وسلم بما اصطنعوه من كاذب الأعذار .  أو الذين قعدوا عن الجهاد دون اعتذار .  لقد توعدهم الله جميعا بأليم العذاب في هذه الدنيا ،  بافتضاحهم وإيقاعهم في الخزي والذل .  وكذلك في النار وبئس المصير والقرار ."
9,91,"قوله تعالى :  {  ليس على الضعفاء ولا على المرضى ولا على الذين لا يجدون ما ينفقون حرج إذا نصحوا لله ورسوله ما على المحسنين من سبيل والله غفور رحيم 91 ولا على الذين إذا ما أتوك لتحملهم قلت لا أجد ما أحملكم عليه تولوا وأعينهم تفيض من الدمع حزنا ألا يجدوا ما ينفقون } هذا أصل في عدم التكليف في حق ذوي الأعذار من أهل الزمانة والهرم والمرض أو العاجزين عن السفر لسبب حقيقي معقول .  أو الذين لا يملكون أهبة الجهاد من النفقة .  ونحو ذلك من المعاذير المشروعة التي تحول بين المرء وفريضة الجهاد .  وهذا مدلول من مدلولات الإسلام في مراعاته لقدرات البشر وإمكاناتهم المادية والجسدية والمعنوية ،  بعيدا عن التكليف بما لا يطاق .  والأصل في ذلك كله أنه {  لا يكلف الله نفسا إلا وسعها } وعلى هذا فإنه ليس من إثم على الضعفاء ولا المرضى ولا الفقراء العالة الذين لا يجدون أهبة للجهاد .  إنه ليس على هؤلاء المعذورين من بأس أو مساءلة في التخلف عن الجهاد لضعفهم وعجزهم عن القيام بهذا الواجب الكبير الذي لا يحتمله غير الأصحاء والأسوياء والقادرين من الناس .

قوله :  {  إذ نصحوا لله ورسوله } {  نصحوا } من النصيحة ،  وهي قول فيه دعا إلى صلاح ونهي عن فساد .  ومنه الناصح ،  وهو الخالص من كل شيء .  نصح الشيء نصحا ونصوحا ونصاحة ؛  أي خلص .  ونصح قلبه ؛  أي خلا من الغش .  والمعنى المراد هنا :  هو قبول الأعذار من هؤلاء المعذورين ،  ورفع الإثم عنهم لتخلفهم عن الجهاد على أن يلتزموا النصيحة لله ورسوله في مقابلة قعودهم ،  فإذا لبثوا في المدينة قاعدين أذاعوا في الناس الأخبار السارة ،  ونشروا في أوساطهم الأمن والطمأنينة ،  وبذلوا لهم من العون المعنوي ما يحول بينهم وبين الأراجيف وأخبار السوء .

قال الرازي في تأويل قوله :  {  إذا نصحوا لله ورسوله } :  معناه :  أنهم أقاموا في البلد احترزوا عن إلقاء الأراجيف ،  وعن إثارة الفتن ،  وسعوا في إيصال الخير إلى المجاهدين الذين سافروا ،  إما بان يقوموا بإصلاح مهمات بيوتهم ،  وإما بأن يسعوا في إيصال الأخبار السارة من بيوتهم إليهم ؛  فغن جملة هذه الأمور جارية مجرى الإعانة على الجهاد .

قوله :  {  ما على المحسنين من سبيل والله غفور رحيم } أي من نصح لله ورسوله بعد أن تخلف عن الجهاد مع رسول الله صلى الله عليه وسلم لعذر من الأعذار ،  ليس عليه سبب يوجب عقابه .  أو ليس على المعذورين الناصحين من سبب يدعو إلى عقابهم ومؤاخذتهم ؛  بل إن الله يستر على المحسنين ذنوبهم ويشملهم برحمتهم فلا يعذبهم ."
9,92,"قوله :  {  ولا على الذين إذا ما أتوك لتحملهم قلت لا أجد ما أحملكم عليه } نزلت في البكائين وكانوا سبعة :  مقعل بن يسار وصخر بن خنيس وعبد الله ابن كعب الأنصاري وسالم بن عمير وثعلبة بن غنيمة وعبد الله بن مغفل ،  أتوا رسول الله صلى الله عليه وسلم فقالوا :  يا نبي الله إن الله عز وجل ندبنا للخروج معك فاحملنا على الخفاف المرقوعة والنعال المخصوفة معك .  فقال :  لا أجد ما أحملكم عليه ،  فتولوا وهم يبكون .

هذه نماذج من المؤمنين الأبرار الذين تتعلق قلوبهم وأهواؤهم بعقيدة الإسلام .  فلا تعبأ بالشهوات والمنافع الدنيوية إلا بقدر ما يكفل لها العيش المبسط المعقول .  العيش الوسط المجانب لكل من النقيضين وهما الترف والشظف .

أولئك نفر من المؤمنين الأتقياء الذين رغبوا في الجهاد مع رسول الله صلى الله عليه وسلم .  لكنهم قد منعهم من ذلك مانع الفقر وقلة المؤونة والعجز عن الأهبة للحرب ،  فأدبروا راجعين وأعينهم تفيض دمعا ؛  إذ يبكون حزنا أنهم لم يجدوا ما يمكنهم من الذهاب لقاء العدو .  لا ريب أن ذكر هذا النفر بمثل هذه الكلمات الكريمة المؤثرة يبين أن خصلة الإخلاص لهي القمة السامقة في درجات الخصال العظام التي تجعل المسلم في عداد الصالحين المتقين .  فما يعود هؤلاء الأبرار وهم باكون إلا لإخلاصهم لله وأوامره ،  وغيرتهم على هذا الدين المستهدف من قبل المتربصين في كل مكان وزمان .  وقد جاء في الصحيحين في ذلك من حديث أنس أن رسول الله صلى الله عليه وسلم قال :  ( إن بالمدينة أقواما ما قطعتم واديا ،  ولا سرتم سيرا إلا وهم معكم ) قالوا :  وهم بالمدينة ؟  قال :  ( نعم حبسهم العذر ) .

وروي الإمام أحمد عن جابر قال :  قال رسول الله صلى الله عليه وسلم :  ( لقد خلفتم بالمدينة رجالا ما قطعتم واديا ،  ولا سلكتم طريقا إلا شركوكم في الأجر حبسهم المرض )  ."
9,93,قوله تعالى :  {  إنما السبيل على الذين يستأذنوك وهم أغنياء رضوا بأن يكونوا مع الخوالف وطبع الله على قلوبهم فهم لا يعلمون } {  السبيل } معناه هنا الإثم والمؤاخذة ،  فهما على المنافقين الذين يستأذنون في القعود عن الجهاد وهم أغنياء أصحاب ؛  فقد أنبهم الله تأنيبا ووبخهم بما يستحقونه من التوبيخ المقرع ؛  لأنهم رضوا أن يقعدوا عن الجهاد فيكونوا في صف الخوالف من النساء {  وطبع الله على قلوبهم فهم لا يعلمون } هؤلاء المنافقون المخادعون قد ختم الله على قلوبهم بفساد ما يخفون من سوء النوايا ،  وبما اكتسبوا من الذنوب ،  وهم في ذلك كله لا يعلمون ما ينتظرهم من سوء العواقب في الدنيا حيث الخزي والتقريع وسوء الذكر والسيرة ،  وفي الآخرة الجحيم والنار .  أعاذنا الله من كل ذلك عوذا كبيرا .
9,94,"قوله تعالى :  {  يعتذرون إليكم إذا رجعتم إليهم قل لا تعذروا لن نؤمن لكم قد نبأنا الله من أخباركم وسيرى الله عملكم ورسوله ثم تردون إلى عالم الغيب والشهادة فينبئكم بما كنتم تعملون 94 سيحلفون بالله لكم إذا انقلبوا إليهم لتعرضوا عنهم فاعرضوا عنهم إنهم رجس ومأواهم جهنم جزاء بما كانوا يكسبون 95 يحلفون لكم لترضوا عنهم فإن ترضوا عنهم فإن الله لا يرضى عن القوم الفاسقين } .

يعتذر المنافقون الذين تخلفوا عن الجهاد مع رسول الله صلى الله عليه وسلم فينتحلون للمؤمنين لدى رجوعهم إلى المدينة مختلف المعاذير والأباطيل المكشوفة .  والله جل وعلا يأمر المؤمنين أن لا يعذروهم ولا يقبلوا لهم معذرة {  قل لا تعتذروا لن نؤمن لكم } أي لن نصدقكم فيما تقولون وتنتحلون من المعاذير البطالة {  قد نبأنا الله من أخباركم } لقد أعلمنا الله من أمركم وأخباركم ما يبين لنا أنكم كاذبون مبطلون ؛  فأنتم المنافقون الخادعون ،  البارعون في الغش والتخريص .

قوله :  {  وسيرى الله عملكم ورسوله } أي يسري الله ورسوله فيما بعد أنكم باقون على هذه الحالة التي تزعمونها من الصدق وإظهار المحبة للمؤمنين ،  أو أنكم مقيمون على خداعكم ونفاقكم .

قوله :  {  ثم تردون إلى عالم الغيب والشهادة فينبئكم بما كنتم تعملون } بعد دنياكم هذه وما كسبتموه فيها من الكذب والنفاق والقعود مع الخوالف دون المؤمنين المجاهدين –لسوف ترجعون إلى بارئكم الذي يعلم الغيب والشهادة ،  المطلع على الأسرار والخفايا وبواطن الأمور .  الله الذي يستوي عنده السر والعلن ،  أو الظاهر والمستور ؛  فإنه يوم القيامة يخبركم بما كنتم تقارفون من الأعمال فيجازيكم بها الجزاء الذي تستحقون ."
9,95,"قوله :  {  سيحلفون بالله لكم إذا انقلبتم إليهم لتعرضوا عنهم } هؤلاء المنافقون الذين فرحوا بتخلفهم عن الجهاد مع رسول الله صلى الله عليه وسلم سيحلفون للمؤمنين إذا رجعوا إليهم من تبوك لكي يصدقوهم فيعرضوا عن مؤاخذتهم وتأنيبهم ،  ويصحفوا عنهم .  قوله :  {  فأعرضوا عنهم } أي دعوا تأنيبهم وخلوا بينهم وبين ما اختاروا لأنفسهم من الكفر والنفاق .

قوله :  {  إنهم رجس ومأواهم جهنم جزاء بما كانوا يكسبون } الرجس معناه النجس والخبث ؛  أي أن قلوبهم وأعمالهم واعتقاداتهم خبيثة نجسة ؛  فهم بذلك مأواهم ومنزلهم {  جهنم جزاء بما كانوا يكسبون } فمصيرهم إلى النار ؛  فهي مسكنهم وقرارهم الدائم الذي يأوون إليه في الآخرة جزاء لهم في مقابل ما عملوه من المعاصي ،  أو اكتسبوه من الغش والكذب وخيانة القلوب ."
9,96,قوله :  {  يحلفون لكم لترضوا عنهم فإن ترضوا عنهم فإن الله لا يرضى عن القوم الفاسقين } هؤلاء المنافقون الذين فرحوا بتخلفهم عن الجهاد مع رسول الله صلى الله عليه وسلم يحلفون للمؤمنين بالباطل والزور اعتذارا عن تخلفهم عن الخروج إلى تبوك لكي يرضى عنهم المؤمنون ويصفحوا عنهم .  ويحذر الله المؤمنين من قبول معاذيرهم أو الرضى عنهم .  ولئن رضوا عنهم –لعدم علمهم بما تخفيه صدورهم من الخبث والكيد- فإن الله لا يرضى عنهم ؛  فهم خارجون عن دين الله وطاعته .
9,97,"قوله تعالى :  {  الأعراب أشد كفروا ونفاقا وأجدر ألا تعلموا حدود ما أنزل الله على رسوله والله عليم حكيم } {  الأعراب } جمع أعربي ،  وهو البدوي الذي يطلب مساقط الغيث والكلأ سواء كان من العرب أو من مواليهم .  ويجمع الأعرابي على الأعراب والأعاريب وهم سكان البادية ،  والأعرابي إذا قيل له :  يا عربي ،  فرح ،  لكن العربي إذا قيل له :  يا أعربي ،  غضب له .  فمن استوطن القرى العربية فهم عرب .  ومن نزل البادية فهم أعراب .

وقيل :  إنما سمي العرب بهذا الاسم ؛  لأن أولاد إسماعيل نشأوا بعربة وهي من تهامة ،  فنسوا إلى بلدهم ،  وكل من يسكن جزيرة العرب وينطق بلسانهم فهو منهم ؛  لأنهم إنما تولدوا من أولاد إسماعيل .  وقيل :  سموا بالعرب ؛  لأن ألسنتهم معربة عما في ضمائرهم .  واللسان العربي مختص بأنواع من الفصاحة والجزالة لا توجد في سائر الألسنة .

والمعنى المقصود هنا :  أن الأعراب أشد جحودا وعصيانا لله وأعظم نفاقا من أهل الحضر في القرى والأمصار ،  وقد وصفهم الله بذلك ؛  لشدة جفائهم ،  وقسوة قلوبهم ،  ولقلة ما يستمعون إلى أهل العلم ؛  فهم أبعد الناس عن معرفة السنن وسماع التنزيل ؛  فهم بذلك أقل علما ودراية بحقوق الله {  وأجدر ألا يعلموا حدود ما أنزل الله على رسوله } و {  حدود ما انزل الله } ،  أي شرعه وأحكام دينه .  والأعراب اخلق وأحق من غيرهم أن لا يعلموا حدود ما أنزل الله على رسوله من الأحكام والفرائض .  قوله :  {  والله عليم حكيم } عليم بحقائق الخلق وبما تكنه الصدور من نوايا .  وهو كذلك حكيم في تقديره وتعريفه لشؤون الخلق والعباد ."
9,98,"قوله تعالى :  {  ومن الأعراب من يتخذ ما ينفق مغرما ويتربص بكم الدوائر عليهم دائرة السوء والله سميع عليم 98 ومن الأعراب من يؤمن بالله واليوم الآخر ويتخذ ما ينفق قربات عند الله وصلوات الرسول ألا إنها قربة لهم سيدخلهم الله في رحمته إن الله غفور رحيم } نزلت في الأعراب كانوا يعدون ما يؤخذ منهم من الصادقات أو الزكاة أو غير ذلك من نفقه في سبيل الله –مغرما .  وهو الغرم أي الخسارة .  وكذلك كانوا يعتقدون أن ما ينفقونه في الجهاد أو غيره من وجوه الخير خسرا أو غرامة وهي ما يلزم أداؤه ،  أو كل نفقة لا تهواها النفس ،  أو هي إلزام ما لا يلزم .

هذه هي حقيقية المنافقين من الأعراب الجفاة ،  إذ ينفقون أموالهم وهم يعدون أنها جزية أو خسرا يؤدونه قسرا ،  فلا ينفقونها إلا رياء وتقية .

قوله :  {  ويتربص بكم الدوائر } أي ينتظرون بالمؤمنين البلايا والمصائب التي يرجون أن تحل بهم وبدارهم .  ليتخلصوا بذلك من ظل الإسلام ومن أداء الزكاة ،  ثم يركنون بعد ذلك للشرك والباطل .

قوله :  {  عليهم دائرة السوء } ذلك دعاء عليهم بما تربصوا بالمسلمين لتحيق بهم هم البلايا والمصائب .

قوله :  {  والله سميع عليم } سميع بما قالوه من كلمات السوء عند الإنفاق أو التربص .  وهو سبحانه عليم بما تنثني عليه صدورهم من خبيث النوايا ."
9,99,"قوله :  {  ومن الأعراب من يؤمن بالله واليوم الآخر ويتخذ ما ينفق قربات عند الله وصلوات الرسول } وفي مقابل المنافقين من الأعراب ثمة فريق آخر منهم مخالف لهم ،  وهم المؤمنون منهم الذين يؤمنون بالله واليوم الآخر على الوجه الصحيح المأمور به في كتاب الله وسنة رسوله صلى الله عليه وسلم {  ويتخذ ما ينفق قربات عند الله } قربات ،  جمع قربة ،  وهي ما يتقرب به المؤمن إلى الله .  وقربات مفعول به ثان للفعل يتخذ .  والمعنى :  أن هذا الفريق من الأعراب مؤمنون صادقون يتخذون ما ينفقون سببا للتقرب إلى الله ونيل مرضاته {  وصلوات الرسول } معطوف على قربات ؛  أي يعدون ما ينفقون من أموالهم سببا لدعاء الرسول صلى الله عليه وسلم ؛  فقد كان عليه الصلاة والسلام يدعو الذين يتصدقون بالخير والبركة ويستغفر لهم .  لا جرم أن الدعاء الزكي الكريم من خير الأنام رسول الله صلى الله عليه وسلم بغية كل مؤمن صادق مخلص يهفو قلبه لمثل هذا الدعاء المبارك عسى أن يحظى بالاستجابة من الله .  والله جل وعلا يتقبل الدعاء من عبده الطائع المخبت إذا ما دعاه متضرعا إليه متوسلا ،  فيكف بالداعي إن كان خير البرية ،  وأكرمها على الله في العالمين صلى الله عليه وسلم ؟  ومن أجل ذلك فإنه يسن لآخذ الصدقة أن يدعو بالخير للمتصدق عند أخذها .

قوله :  {  ألا إنها قربة لهم سيدخلهم الله في رحمته } {  ألا } ،  حرف تنبيه .  والضمير في {  إنها } عائد إلى النفقة في الراجح .  وهذه هنا شهادة من الله للمتصدقين بصحة ما اعتقدوه من أن ما أنفقوه قربات عند الله وصلوات .  إنها شهادة لهم من جلال الله بصحة ما اعتقدوه وتصديق لما رجوه .

قوله :  {  سيدخلهم الله في رحمته } وذلك وعد حق من الله بإدخالهم في رحمته ،  ومن أدخله الله في رحمته كان من الآمنين الناجين من كل ما يصيب المخلوقات من مكروه ،  فضلا عما ينعم به المرحومون من الله بالخيرات والبركات والخلد في الجنات حيث البهجة والحبور وانشراح الصدور .  جعلنا الله من عباده المرحومين .

قوله :  {  إن الله غفور رحيم } الله غفار الذنوب والخطايا ،  ومتجاوز عن السيئات والمعاصي .  وهو سبحانه وتعالى يرحم عباده المؤمنين والتائبين والمستغفرين الذين يرجون منه الرحمة والفضل والغفران ."
9,100,"وله تعالى :  {  والسابقون الأولون من المهاجرين والأنصار والذين اتبعوهم بإحسان رضي الله عنهم ورضوا عنه أوعد لهم جنات تجري تحتها الأنهار خالدين فيها أبدا ذلك الفوز العظيم } هذا بيان لفضل أشرف المسلمين وهم الأوائل .  والمراد بهم موضع خلاف ؛  فقد قيل :  المراد بهم الذين صلوا إلى القبلتين .  وقيل :  هم أهل بدر .  وقيل :  هم أهل بيعة الرضوان وكانت الحديبية .  وقيل :  هم الذين أسلموا قبل الهجرة .  وقيل :  المراد بالسابقين جميع المهاجرين والأنصار .  وهم سابقون لكونهم الأولين بالنسبة لسائر المسلمين .  وبهذا تبين فضل الصحابة جمعيا ؛  فقد غفر الله لجميهم ،  وكتب لهم الجنة والرضوان ،  والقرار في الجنان بفضله ذي الرحمة والغفران .  سواء في ذلك محسنهم ومسيئهم ؛  فهم جميعا مكرمون لشرف الصحبة مع رسول الله صلى الله عليه وسلم بما يقتضي تعظيمهم كلهم وعدم الطعن أو التجريح أو الإساءة إلى أحدهم .

قوله :  {  رضي الله عنهم ورضوا عنه } يتجلى رضوان الله على المرء في قبول ما قدمه من الصالحات والطاعات .  ولئن تقبل الله العمل من عباده فذلكم الفوز العظيم ،  والنجاة البالغة الكبرى .  وهم إذ يسعدون بقبول أعمالهم وطاعاتهم لا جرم أن ذلك في حقهم خير الأماني ؛  بل إنه أقصى ما يأملونه أو يرتجون أن يبلغوه .

قوله :  {  وأعد لهم جنات تجري تحتها الأنهار خالدين فيها أبدا } لقد أعد الله لهؤلاء السابقين المكرمين دار سلام فيها خير مقام حيث الخيرات والبركات والرحمات من الله ،  مما لا تتصوره الأخيلة والأذهان ولا تبلغ مداه إدراكات البشر لفرط ما حوته الجنات من عطاء غير ممون ،  ونعيم ثابت مستديم .  إن ذلكم لمثله يعمل العاملون ،  أولو الألباب والبصائر من عباد الله الراشدين .  عن ذلكم لهو {  الفوز العظيم } ."
9,101,"قوله تعالى :  {  وممن حولكم من الأعراب منافقون ومن أهل المدينة مردوا على النفاق لا تعلمهم نحن نعلمهم سنعذبهم مرتين ثم يردون إلى عذاب عظيم } ذلك إخبار من الله ينبئ فيه رسوله والمؤمنين أن هناك منافقين حولكم من الأعراب .  والمراد بحولكم ؛  أي حول بلدتكم المدينة {  ومن أهل المدينة } معطوف على {  وممن حولكم } والمعنى :  أن المنافقين من قوم حولكم ومن أهل المدينة .  قوله :  {  مردوا على النفاق } أي مرنوا واستمروا عليه .  ومردوا من المردود وأصله الملاسة .  ومنه صرح ممرد .  مرد مرودا ومردوة ومرادة فهو مارد ومريد متمرد ،  أي عات والمراد هنا الاعتياد والتدرب في الأمر حتى بلوغ المهارة فيه والافتنان :  كذلك كان شأن المنافقين في المدينة وما حولها ؛  لقد كان هؤلاء المنافقون أهل براعة ومرونة وتمرس في الخداع والكذب حتى بات عزيزا على المرء أن يعرفهم أو يطلع على حقيقتهم .

قوله :  {  لا تعلمهم نحن نعلمهم } الرسول صلى الله عليه وسلم لا يعلم المنافقين على التعيين وذلك لبراعتهم ورسوخهم في النفاق .  ولعراقتهم في اصطناع التقية بما يكسوهم غشاء ممهدا أملس من الظاهر الصبوح الخادع .  إنه عليه الصلاة والسلام لا يعلم المنافقين ؛  لأن النفاق مستكن في قلوبهم وهب من الخفي المستور الذي لا يقف عليه إلا علام الغيوب الذي لا تخفى عليه خافية .  ولذلك قال :  {  نحن نعلمهم } الله جل وعلا يعلم المنافقين علما كاملا ؛  فهو سبحانه خلق الإنسان والكائنات ،  وخلق القلوب وما فيها من الأسرار والنوايا فلا تخفى عليه ما تستسره قلوب المنافقين .

قوله :  {  سنعذبهم مرتين } {  مرتين } ،  منصوب من وجهتين :  إما على المصدر ،  وإما على الظرف الزمان .  والمراد بتعذيبهم مرتين موضع خلاف ؛  فقد قيل :  المراد التكثير وليس التثنية ؛  فيكون المعنى :  سنعذبهم مرة بعد مرة .  وقيل :  المراد التثنية ؛  فيكون المراد بالمرة الثانية عذاب القبر ،  أما المرة الأولى فالمراد بها فضيحتهم ووصمهم بالنفاق ،  فقد أخرج الطبري في الأوسط وغيره عن ابن عباس ( رضي الله عنه ) قال :  قام رسول الله صلى الله عليه وسلم يوم جمعة خطيبا فقال :  ( قم يا فلان فاخرج فإنك منافق ،  اخرج يا فلان فإنك منافق ،  فأخرجهم بأسمائهم ،  ففضحهم ولم يك عمر بن الخطاب شهد تلك الجمعة لحاجة كانت له ،  فلقيهم وهم يخرجون من المسجد فاختبأ منهم استحياء أنه لم يشهد الجمعة ،  وظن أن الناس قد انصرفوا واختبأوا هم منه ،  وظنوا أنه قد علم بأمرهم ،  فدخل المسجد فإذا لم ينصرفوا .  فقال له رجل :  أبشر يا عمر فقد فضح الله تعالى المنافقين اليوم ؛  فهذا هو العذاب الأول ،  والعذاب الثاني هو عذاب القبر .

قوله :  ثم يردون إلى عذاب عظيم } وذلك يوم القيامة ؛  إذ يصير المنافقون الذين آمنت ألسنتهم ،  ولم يفض الإيمان إلى قلوبهم ؛  بل أفضى إليها الغش والكيد وسوء النية –يصيرون إلى النار ."
9,102,"قوله تعالى :  {  وآخرون اعترفوا بذنوبهم خلطوا عملا صالحا وآخرون سيئا عيسى الله أن يتوب عليهم إن الله غفور رحيم } {  آخرون } معطوف على {  منافقون } وقيل :  مبتدأ ،  وخبره جملة {  خلطوا }  .

وهذه طائفة من المسلمين ،  من ضعاف العزائم والهمم في أمر دينهم .  إذ لم يكونوا منافقين تماما كالذين تخلفوا عن الجهاد تكذيبا ؛  لشرع الله وشكا في الدين ورغبة عن رسول الله .  ليس هؤلاء كأولئك ؛  بل إن هؤلاء تخلفوا كسلا ورغبة في الدعة والاسترخاء والراحة مع إيمانهم أن الرسول صلى الله عليه وسلم حق .  وأن ما جاءهم به لهو من عند الله وأنه حق .  وهؤلاء قد أقروا بذنوبهم التي اكتسبوها وكان لهم في مقابلتها أعمال أخرى حسنة فاختلطت حسناتهم وسيئاتهم .  وأمثال هؤلاء مردهم إلى رحمة الله وعفوه .

وقيل :  المراد بهم أناس معينون تخلفوا عن رسول الله صلى الله عليه وسلم الغش والنفاق ؛  بل على سبيل الضعف وتعثر الهمة فقط ؛  فقد تخلف هؤلاء عن الذهاب إلى تبوك ،  ثم غشيتهم بعد ذلك غاشية من التوبة الصادقة والندم الأسيف حتى أوثقوا أنفسهم بسواري المسجد وكان ممر النبي صلى الله عليه وسلم إذا رجع في المسجد عليهم .  فلما رآهم قال :  ( من هؤلاء الموثقون أنفسهم ؟  ) قالوا :  هذا أبو لبابة وأصحاب له تخلفوا عنك يا رسول الله وقد أقسموا أن لا يطلقوا أنفسهم حتى تكون أنت تطلقهم فقال رسول الله صلى الله عليه وسلم :  ( وأنا أقسم بالله تعالى لا أطلقهم ولا أعذرهم حتى يكون الله تعالى هو الذي يطلقهم ) .  فأنزل الله تعالى الآية .  فأرسل عليه الصلاة والسلام إليهم فأطلقهم وعذرهم وفي رواية أخرى أنهم كانوا ثلاثة .  وأخرى أنهم ثمانية .  وهذه الآية وإن كانت في أناس معينين لكنها تعم بفحواها كل المذنبين المقصرين الذين قعدوا عن أداء الواجب كسلا وتهاونا واسترخاء ،  وخلطوا أعمالا حسنة بأخرى سيئة .

قوله :  {  عسى الله أن يتوب عليهم } عسى من الله واجب كما قال ابن عباس .  والصحيح أنها لفظة {  للإطماع والإشفاق ؛  فيظل المذنب على وجل من الله وهو يغمره الخوف والرجاء والأمل في عفو الله وغفرانه .

قوله :  {  إن الله غفور رحيم } وهذه تفيد تحقيق التوبة والمغفرة من الله ،  فهو سبحانه قابل التوب ،  عظيم المغفرة ،  بالغ الرحمة بالعباد ،  يتجاوز عن سيئات المذنبين التائبين ."
9,103,"قوله تعالى :  {  خذ من أموالهم صدقة تطهرهم وتزكيهم بها وصل عليهم إن صلواتك سكن لهم والله سميع عليم 103 ألم يعلموا أن الله هو يقبل التوبة عن عباده ويأخذ الصدقات وأن الله هو التواب الرحيم } .

اختلف العلماء في هذه الصدقة التي أمر الله بها في الآية .  فقد قيل :  المراد بها صدقة الفرض ( الزكاة ) وهو قول ابن عباس وجماعة .  وقيل :  إنها مخصوصة بهؤلاء الذين اعترفوا بذنوبهم ،  الذين خلطوا عملا صالحا وآخر شيئا وهم أبو لبابة وأصحابه حين أطقهم رسول الله صلى الله عليه وسلم ،  فقالوا :  يا رسول الله هذه أمولنا فتصدق بها عنا واستغفر لنا .  فقال لهم :  ( ما أمرت أن آخذ من أموالكم شيئا ) فأنزل الله {  خذ من أموالهم صدقة } الآية .  والصحيح أن هذا النص عام فهو يفيد بعمومه وجوب الصدقة في أموال المسلمين .  ولا ينبغي لأحد أن يحتج بان هذا النص إنما كان خاصا بالرسول صلى الله عليه وسلم فهو وحده المخاطب به .  وقد ورد عليهم الصدقة وسائر الصحابة هذا التأويل الفاسد فقاتلوهم حتى أدوا الزكاة إلى الخليفة مثلما كانوا يؤدونها إلى رسول الله صلى الله عليه وسلم .  وفي ذلك قال الصديق ( رضي الله عنه ) :  والله لو منعوني عناقا –وفي رواية :  عقالا- كانوا يؤدونه إلى رسول الله صلى الله عليه وسلم لأقتلنهم على منعه .

على أن الأمر بأخذ الصدقة في هذه الآية نطلق غير مقيد بشرط في المأخوذ ولا المأخوذ منه .  ولا هو مقيد ببيان مقدار المأخوذ منه ؛  فإن بيان ذلك كله في السنة المطهرة وإجماع العلماء .  وذلكم هو بيان وجيز ومقتضب لمسائل الزكاة .

وأول الكلام في ذلك أن الزكاة إنما تجب على كل مسلم حر مالك للنصاب ملكا تاما .  واختلفوا في وجوبها على الصغير والمجنون ؛  فقد ذهب أكثر أهل العلم إلى وجوبها عليهما ،  وهو قول علي ابن عمر وجابر وعائشة من الصحابة .  وقالت به المالكية والشافعية والحنبلية ،  وقال به الثوري وإسحق وأبو ثور وغيرهم .  وذهب آخرون إلى عدم وجوبها عليهم ،  وهو قول النخعي والحسن وسعيد بن جبير من التابعين .

وسبب اختلافهم في إيجاب الزكاة على الصغار والمجانين أو عدن إيجابها :  هو اختلافهم في مفهوم الزكاة الشرعية ،  هل هي عبادة كالصلاة والصيام ،  أم هي حق واجب للفقراء على الأغنياء .  فمن قال :  إنها عبادة ؛  اشترط فيها العقل والبلوغ .  ومن قال إنها حق واجب للفقراء والمساكين في أموال الأغنياء ؛  لم يشترط العقل والبلوغ .

وثمة شرط آخر لوجوب الزكاة وهو حولان الحول فيما بلغ النصاب من الأموال باستثناء ما تنبته الأرض ؛  فإنه تؤدي زكاته عند حصاده إذا بلغ النصاب ،  على الخلاف في ذلك .  وذلك للخبر الذي أخرجه الترمذي عن رسول الله صلى الله عليه وسلم :  ( ليس في مال زكاة حتى يحول عليه الحول ) .

أما ما تجب فيه الزكاة من الأموال فهي خمسة أصناف وهي :  النقدان ( الذهب والفضة ) ثم الزروع والثمار مما تنبته الأرض ،  ثم السوائم من الأنعام ،  ثم عروض التجارة ،  ثم المعدن والركاز .

أما الذهب :  فتجب فيه الزكاة إذا بلغ نصابا وهو عشرون مثقالا ،  ففيه نصف دينار ،  وكذلك الفضة فيها الزكاة إذا بلغت نصابا وهو مائتا درهم ،  ففيه خمسة دراهم .

وتختلفوا في الحلي من الذهب إذا أريد للزينة واللباس فقط ،  فليس فيه زكاة في قول المالكية والشافعية ،  وهو قو الليث وآخرين ؛  وذلك لما رواه جابر أن النبي صلى الله عليه وسلم قال :  ( ليس في الحلي زكاة )  ؛  ولأنه معد لاستعمال مباح فلم تجب فيه الزكاة كالعوامل من الإبل والبقر وذلك بخلاف الحنفية ؛  إذ قالوا بوجوب الزكاة في الحلي .  واحتجوا بما رواه عمرو بن شعيب عن أبيه عن جده أن امرأت أتت رسول الله صلى الله عليه وسلم ومعها ابنة لها ،  وفي يد ابنتها مسك من ذهب ،  فقال :  ( أتؤدين زكاة هذا ؟  ) قالت :  لا .  قال :  ( أيسرك أن يسورك الله بهما يوم القيامة سوراين من نار ؟  ) .  فخلعتهما وألقتهما إلى النبي صلى الله عليه وسلم .  وقالت :  هما لله ولرسوله .

أما ما تخرجه الأرض من الزروع والتمر :  ففيه الزكاة ،  ويشترط لوجوبها فيه :  أن يكون مما يقتات به وقابلا للادخار .  وهو قول المالكية والشافعية ؛  إذ اشترط الاقتيات والادخار .  وكذلك يشترط النصاب لوجوب الزكاة في الزروع والثمرات ،  ونصابها خمسة أوسق .  وذلك لما رواه أبو سعيد الخدري ( رضي الله عنه ) قال :  قال رسول الله صلى الله عليه وسلم :  ( ليس فيما دون خمسة أوسق من تمر ولا حب صدقة ) .  أما الحنفية فقالوا :  ليس فيما تخرجه الأرض نصاب .  بل تجب الزكاة في كل ما أخرجته ارض ما قل منه أو أكثر ،  باستثناء الحطب والحشيش .  واحتجوا بعموم قوله عليه الصلاة والسلام :  ( فيما سقت السماء العشر ،  وفيما سقي بالنضح نصف العشر ) وعلى هذا فإنه في قول الحنفية تجب الزكاة في كل ما أنبتته الأرض من غير تفريق بين مقتات وغيره ،  وسواء كان الخارج قليلا أو كثيرا ،  استنادا إلى عموم الحديث .

أما المقدار الذي يجب أداؤه زكاة للزروع :  فإنها يتحدد تبعا لكيفية السقاية ،  فإن سقي الزروع بماء المطر أو من ينابيع الأرض ؛  ففيه العشر .  وإن سقي بالنضح من الآبار ونحوهما مما يكلف مؤونة وجهدا ؛  ففيه نصف العشر .

أما سوائم الأنعام :  فهي الإبل والبقر والغنم .  أما الإبل :  فنصابها خمس ،  وفيها شاة .  فإذا بلغت خمسا وعشرين ؛  ففيها ابنة مخاض إلى خمسون وثلاثين .  فإذا بلغت ستا وثلاثين ؛  ففيها بنت لبون إلى خمس وأربعين .  فإذا بلغت سنا وأربيعن ؛  ففيها حقة إلى ستين .  فإذا كانت واحدا وستين ؛  ففيهما جذعة إلى خمس وسبعين ،  فإذا بلغت ستا وسبعين ؛  ففيها ابنتا لبون إلى تسعين .  فإذا بلغت واحدا وتسعين ؛  ففيها حقتان إلى عشرين ومائة .  وأصل ذلك كتاب الصدقة الذي أمر به رسول الله صلى الله عليه وسلم وعمل به بعده أبو بكر وعمر .

أما البقر :  فنصابها ثلاثون ،  وفيها تبيع ،  فإذا بلغت أربعين ؛  ففيها مسنة ،  فإذا بلغت ستين ؛  ففيها تبيعان ،  إلى سبعين ؛  ففيها مسنة وتبيع .  فإذا بلغت ثمانين ؛  ففيها مسنتان .  فإذا بلغت تسعين ؛  ففيها ثلاثة أتبعة .  فإذا بلغت مائة ؛  ففيها تبيعان ومسنة وهكذا .

أما الغنم :  فنصابها أربعون شاة .  فإذا بلغت أربعين ؛  ففيها شاة/ حتى تبلغ مائة وعشرين ،  فإن زادت على المائة والعشرين ؛  ففيها شاتان إلى مائتان .  فإن زادت على المائتين ؛  ففيها ثلاث شياه إلى ثلاثمائة .  فإن زادت على الثلاثمائة ؛  ففي كل مائة شاة شاة .  وهذا هو قول الجمهور .

أنا عروض التجارة :  فنصابها هو النصاب في الأعيان وعي الذهب والفضة وذلك عند الذين قالوا بوجوب الزكاة في العروض .  ويشترط في أموال التجارة لتجب فيها الزكاة ما يشترط في الذهب والفضة من بلوغ النصاب وحولان الحول .

أما المعدن والركاز :  فالمعدن في اللغة موضع الإقامة واللزوم .  يقال :  عدن بالمكان إذا لزمه فلم يبرح .  ومنه :  جنات عدن ؛  أي جنات إقامة .  وهو موضع استخراج الجوهر من ذهب ونحوه .

أما زكاة المعدن :  ففيها خلاف من حيث التفضيل .  فإذا استخرج مسلم حر من معدن في أرض موات أو في رض يملكها ،  نصابا من الذهب أو الفضة ؛  فقد وجب عليه الزكاة .  ودليل ذلك :  أن النبي صلى الله عليه وسلم أقطع بلال من الحارث المزني المعادن القبلية ،  وأخذ منه الزكاة .  أما إن وجده في أرض مملوكة لغيره ؛  فهو لصاحب الأرض ،  ويجب دفعه إليه فإذا أخذه مالكه وجب عليه زكاته .  وإن وجد دون النصاب لم تلزمه الزكاة ؛  لأن المعدن من أموال الزكاة ؛  فلا تجب في غير النصاب ؛  ولأنه حق يتعلق بالمستفاد من الأرض فاعتبر فيه النصاب كالعشر .  وهو قول الشافعية والمالكية وآخرين .

أما الحول في زكاة المعدن ،  فغير معتبر عند المالكية ،  وكذا الشافعية في أظهر القولين لهم ؛  لأن الحول يراد لتكامل النماء .  وبوجود المعدن يحصل النماء فلم يعتبر فيه الحول كالشعر .  وذهب آخرون إلى اعتبار الحور ؛  لأنه زكاة في مال تكرر فيه الزكاة فاعتبر فيها الحول كسائر الزكوات .

أما الركاز :  فهو دفين أهل الجاهلية .  كأنه ركز في الأرض ركزا .  ركز الرمح :  أي غرزه في الأرض .

ويجب في الركاز الخمس .  وذلك لما روي أبو هريرة أن النبي صلى الله عليه وسلم قال :  ( وفي الركاز الخمس )  ؛  ولأنه يصل إليه من غير تعب ولا مؤنة فاحتمل الخمس ،  ولا يجب ذلك إلا على من تجب عليه الزكاة ؛  لأنه مال زكوي .  ولا تجب إلا فيما وجده في موات أو مملوك لا يعرف مالكه ؛  لأن الموت لا مالك له ،  وما لا يعرف مالكه بمنزلة ما لا مالك له .  أما إذا وجده في أرض يعرفها مالكها ،  فإن كان ذلك لحربي ؛  فهو غنيمة .  وإن كان لمسلم أو لمعاهد ؛  فهو لمالك الأرض .

أما التفصيل بأكثر من ذلك في مسألة الزكاة ؛  فهو في مظانة من كتب الفقه .

قوله :  {  تطهرهم وتزكيهم بها } جملتان فعليتان في موضع نصب على الحال ؛  أي خذها مطهرا لهم ومزكيا بها لهم ؛  فهي تطهرهم من دنس الذنوب ،  وتسمو بهم على خسائس أحوال المنافقين ومنازلهم ،  إلى درجات الأتقياء والمقربين .

قوله :  {  وصل عليهم إن صلواتك سكن لهم } أي ادع لهم بالمغفرة واستغفر لهم من الذنوب والآثام فدعاؤك واستغفارك رحمة لهم ووقار ،  وفيه ما يطمئنهم بان ذنوبهم مغفورة وأنهم معفو عنهم .  وذلك لما في اليقين بأن الدعاء من الرسول صلى الله عليه وسلم لهو أكره ما تنبس به شفاه الداعين من المؤمنين والذاكرين والأبرار طرا .  فدعاؤه صلى الله عليه وسلم مفعم بالبركة وكامل الصدق } فهو خليق بالقبول .  قوله :  {  والله سميع عليم } اله سميع الدعاء فيستجيب للمؤمنين المخلصين .  لا جرم أن الدعاء من الرسول صلى الله عليه وسلم أخلق بالقبول والاستجابة ،  والله سبحانه عليم بما في النوايا والقلوب ."
9,104,"قوله :  {  ألم يعلموا أن الله هو يقبل التوبة عن عباده ويأخذ الصدقات } الضمير في {  يعلموا } عائد إلى الذين تابوا وربطوا أنفسهم .  والمعنى :  ألم يعلم هؤلاء الذين تابوا وربطوا أنفسهم بالسواري أن الله هو الذي يقبل توبة من تاب من عباده أو يردها فلا يقبلها .  .  وأنه هو الذي يقبل الصدقة ممن تصدق منهم أو يردها عليه ؟  ألم يعلموا أن ذلك منوط بجلال الله وعظمته .  فما عليهم إلا أن يتوجهوا بتوبتهم وصدقتهم وسائر طاعاتهم إلى لله وحده ،  فيقصدوا بذلك كله وجهه الكريم دون رسول الله صلى الله عليه وسلم أو غيره .  فليس النبي صلى الله عليه وسلم إلا واسطة .  وفي ذلك أخرج الترمذي عن أبي هريرة قال :  قال رسول الله صلى الله عليه وسلم :  ( إن الله يقبل الصدقة ويأخذها بيمينه فيربيها لأحدكما كما يربي أحدكما مهره ،  حتى إن التمرة لتكون مثل أحد ) .

قوله :  {  وأن الله هو التواب الرحيم } الله جلت قدرته عظيم التؤب ،  ورجمته وسعت كل شيء ؛  فهو يقبل التوبة عن التائبين ،  ويسع برحمته سائر عباده لنادمين الراجعين إلى جنابه الكريم ."
9,105,"قوله تعالى :  {  وقل اعملوا فسيرى الله عملكم ورسوله والمؤمنين وستردون إلى عالم الغيب والشهادة فينبئكم بما كنتم تعملون } أي اعلموا بطاعة الله وبما يرضيه من الأعمال الصالحة مخلصين له وحده .  ثم توعد الله العصاة الذين يخالفون أوامر الله ويعملون السيئات أن أعماهم هذه ستعرض على الله وعلى رسوله وعلى المؤمنين في الدنيا قبل الآخرة ؛  أي سيراها ويطلع عليها الرسول والمؤمنون وهم في البرزخ ؛  فقد روي الإمام أحمد عن أبي سعيد مرفوعا عن رسول الله صلى الله عليه وسلم أنه قال :  ( لو أن أحدكم يعمل في صخرة صماء ليس لها باب ولا كوة ؛  لأخرج الله عمله للناس كائنا ما كان ) .

وعن جابر بن عبد الله قال :  قال رسول الله صلى الله عليه وسلم :  ( إن أعمالكم تعرض على أقربائكم وعشائركن في قبورهم ،  فإن كان خيرا استبشروا به ،  وإنا كان غير ذلك قالوا :  اللهم ألهمهم أن يعملوا بطاعتك ) .

وروي الإمام أحمد أيضا عن أنس قال :  قال النبي صلى الله عليه وسلم :  ( إن أعمالكم تعرض على أقربائكم وعشائركم من الأموات ،  فإن كان خيرا استبشروا به ،  وإن كان غير ذلك قالوا :  اللهم لا تمتهم حتى تهديهم كما هديتنا ) .

قوله :  {  وستردون إلى علم الغيب والشهادة فينبئكم بما كنتم تعلمون } {  الغيب الشهادة } ،  يعني الخفي المستور ،  والظاهر المنظور .  قال ابن عباس :  الغيب :  ما يسرونه .  والشهادة :  ما يظهرونه ؛  أي سوف تصيرون يوم القيامة إلى الله الذي يستوي عنده الباطن والظاهر ؛  فهو الذي يعلم سركم وجهركم ،  وهو الذي لا يخفي عليه خوافيكم وبواطن أموركم ،  فيخبركم بكل ما جرحتموه من الأفعال ،  وحينئذ يمحص الله ما كان من ذلك رياء ،  وما كان منه طاعة وإخلاصا لوجهه الكريم فيجازيكم على ذلك كله ما تستحقونه من الجزاء ."
9,106,"قوله تعالى :  {  وآخرون مرجون لأمر الله إما يعذبهم الله و إما يتوب عليهم والله عليم حكيم } نزلت هذه الآية الكريمة في الثلاثة الذين خلفوا عن التوبة وهم مرارة بن الربيع وكعب بن مالك وهلال بن أمية ؛  فقد قعد هؤلاء عن غزوة تبوك في جملة من قعد كسلا وميلا إلى الدعة والراحة والظل وجني الثمار ،  وليس شكا منهم أو نفاقا ؛  فكانت طائفة منهم ربطوا أنفسهم بالسواري كما فعل أبو لبابة وأصحابه ،  وطائفة لم يفعلوا ذلك وهم هؤلاء الثلاثة ،  فنزلت توبة أولئك ،  وأرجئت توبة هؤلاء حتى نزلت الآية الآتية وهي قوله :  {  وعلى الثلاثة الذين خلفوا حتى إذا ضاقت عليهم الأرض بما رحبت } الآية .

قوله :  {  إما يعذبهم وإما يتوب عليهم } هؤلاء الثلاثة مرجون لأمر الله ؛  أي مرجئون لأمره ؛  من أرجأته أي أخرته ؛  فهم بذلك نحن عفو الله ورحمته ،  فإن شاء وفقهم للتوبة فتابوا ليغفر الله لهم ،  وإن شاء لم يجعل لهم من لدنه توفيقا فلم يتوبوا .  وفي كل الأحوال من تزاحم الذنوب والتوبة أو تزاحم الخطايا والاستغفار ؛  فإن رحمة الله تغلب غضبه وعذابه .  والله سبحانه عليم بما يصير إليه العباد من حسن التوبة ،  أو المقام على الذنب .  وهو جل وعلا حكيم في تدبيره للعالمين من غير خلل في ذلك ولا زلل .  فقال سبحانه :  {  والله عليم حكيم }  ."
9,107,"قوله تعالى :  {  والذين اتخذوا مسجدا ضرار وكفرا وتفريقا بين المؤمنين وإرصادا لمن حارب الله ورسوله من قبل وليحلفن إن أردنا إلا الحسنى والله يشهد إنهم لكاذبون 107 لا تقم فيه أبدا لمسجد أسس على التقوى من أول يوم أحق أن تقوم فيه فيه رجال يحبون أن يتطهروا والله يحب المطهرين } .

سبب نزول هذه الآيات الكريمات أنه كان بالمدينة قبل مقدم رسول الله صلى الله عليه وسلم إليها رجل من الخزرج يقال له أبو عامر الراهب ،  وكان قد تنصر في الجاهلية ،  فلما قدم رسول الله صلى الله عليه وسلم مهاجرا إلى المدينة واجتمع المسلمون عليه وصارت للإسلام مكانة عالية وذكر عظيم وقد أظهرهم الله يوم بدر ،  اغتاظ أبو عامر وبارز رسول الله صلى الله عليه وسلم بالعداوة ،  ثم خرج فارا إلى كفار مكة من مشركي قريش يمالئهم على حرب رسول الله صلى الله عليه وسلم ،  فاجتمعوا بمن وافقهم من أحياء العرب وقدموا عام أحد فكان ما حصل للمسلمين من ابتلاء قد امتحنهم الله به .  وكان هذا الفاسق اللعين ،  أبو عامر الراهب ،  قد حفر حفائر فيما بين الصفين فوقع في إحداهن رسول الله صلى الله عليه وسلم وأصيب ذلك اليوم فجرح وجهه ،  وكسرت رباعيته اليمنى السفلى ،  وشح رأسه صلوات الله وسلامه عليه .  وكان رسول الله صلى الله عليه وسلم قد دعاه إلى الله قبل فراره وقرأ عليه من القرآن فأبي أن يسلم وتمرد ،  فدعا عليه رسول الله صلى الله عليه وسلم أن يموت بعيدا طريدا ،  فنالته هذه الدعوة ؛  وذلك أنه لما فرغ الناس من أحد ورأى أمر رسول الله صلى الله عليه وسلم في ارتفاع وظهور ذهب إلى هرقل ملك الروم يستنصره على النبي صلى الله عليه وسلم فوعده ومناه وأقام عنده .  وكتب إلى جماعة من قومه من الأنصار من أهل النفاق والريب بعدهم ويمينهم أنه سيقدم بجيش يقاتل به رسول الله صلى الله عليه وسلم ويغلبه ويرده هما هو فيه .  وأمرهم أن يتخذوا له معقلا يقدم عليهم فيه من يقدم من عنده ويكون مرصدا له إذا قدم عليهم بعد ذلك ،  فشرعوا في بناء مسجد مجاور لمسجد قباء ،  فبنوه وأحكموه وفرغوا منه قبل خروج رسول الله صلى الله عليه وسلم إلى تبوك ،  وجاءوا فسألوا رسول الله صلى الله عليه وسلم أن يأتي إليهم فيصلي في مسجدهم ليحتجوا بصلاته فيه على تقريره وإثباته .  وذكروا أنهم إنما بنوه للضعفاء منهم وأهل العلة في الليلة الشاتية فعصمه الله من الصلاة فقال :  ( إنا على سفر ،  ولكن إذا رجعنا إن شاء الله ) فلما قفل عليه السلام راجعا إلى المدينة من تبوك ولم يبق بينه وبينها إلا يوم أو بعض يوم ،  تزل عليه جبريل بخبر مسجد الضرار وما اعتمده بانوه من الكفر والتفريق بين جماعة المؤمنين في مسجدهم مسجد قباء الذي أسس من أول يوم على التقوى ،  فبعث رسول الله صلى الله عليه وسلم إلى ذلك المسجد من هدمه قبل مقدمه المدينة .

قوله :  {  ضرارا } في إعرابه ثلاثة أوجه .  الأول :  أنه مفعول لأجله .  أي مضارة لإخوانهم .

الثاني :  أنه مفعول به ثان لقوله :  {  اتخذوا } .

الثالث :  أنه مصدر في موضع الحال من فاعل {  اتخذوا } أي تخذوا مضارين لإخوانهم .  وقيل :  منصوب على المصدرية ؛  أي يضرون بذلك غيرهم ضرارا والضرر معناه طلب الضرر والعمل على إيقاعه وحصوله .

قوله :  {  وكفرا } أي يكفروا فيه ؛  فقد اتخذوا هذا المسجد ذريعة لهم ليغطوا بع كفرهم ونفاقهم ،  وليتمكنوا من خلاله من الإضرار بالمسلمين ،  وليفسدوا عليهم حالهم وشأنهم ،  فيكون ذلك طريقا للقضاء على دين الله .  لا جرم أن قصدهم هذا يصممهم بالكفر .

قوله :  {  وتفريقا بين المؤمنين } وهم أهل قباء ؛  فقد أراد أبو عامر الراهب ومعه زمرة النفاق والباطل أن يحل بالمؤمنين الشقاق والاختلاف ،  وأن يأتي عليهم الفرقة فينفلتوا عن رسول الله صلى الله عليه وسلم .  والمنافقين في ذلك إنما يؤزهم الحسد والحقد وخسة الطبع الآسن ،  وأولئك هم المناقون في كل زمان ؛  يتربصون بالإسلام والمسلمين دوائر الشر والسوء ،  ويبتغون لهم الإفساد والتدمير والهلكة .

قوله :  {  وإرصادا لمن حارب الله ورسوله من قبل } فقد أعد المنافقون هذا المسجد كيما يكون لهم موضعا يتربصون فيه بالمسلمين وينطلقون منه للإفساد والتخريب ،  وليثيروا بين المسلمين الفرقة والشك والاختلاف ،  وليكون لهم ذريعة للاجتماع والتلاقي بين المنافقين والحاقدين الذين حاربوا الله ورسوله {  من قبل } أي من قبل أن يتخذ هذا المسجد .

قوله :  {  وليحلفن إن أردنا إلا الحسنى والله يشهد إنهم لكاذبون } ليحلفن ،  جواب قسم مقدر ؛  أي :  والله ليحلفن .  وقوله :  {  إن أردنا } جواب لقوله :  {  وليحلفن } .

وقوله :  {  إن } أداة نفي .  ولذلك وقع بعدها {  إلا } و {  الحسنى } ،  صفة لموصوف محذوف ؛  أي الخصلة الحسنى ،  أو إلا لإرادة الحسنى ،  وهي الصلاة .

هؤلاء المنافقون يحلفون ،  كاذبين أنهم ما قصدوا من بناء هذا المسجد إلا الحسنى وهي الصلاة والتوسعة على أنفسهم وعلى الضعفاء والعجزة من الناس الذين يعجزون عن المسير إلى مسجد قباء لضعفهم وشدة المشقة عليهم في ذلك .

هكذا يحلف المنافقون ،  وهم يعلمون أنهم كاذبون ؛  يحلفون أن قصدهم الخير والتوسعة لكن الله جل وجلاله ،  هو علام الغيوب ،  كاشف الأسرار والخبايا ،  الخبير بما في القلوب من الخفايا {  يشهد إنهم لكاذبون } وكفى بهذه الشهادة الكبرى من رب العالمين الشهادة التي تتضاءل دونها كل الشهادات ؛  شهادة ربانية مجلجلة تهتف بأن هؤلاء المنافقين كاذبون ،  فهم في الحقيقة إنما يبتغون من بناء مسجدهم هذا إشاعة الظنون والاختلاف والفوضى بين المسلمين ليميتوا عليهم دينهم وليبددوه تبديدا .  وهذا هو دأب المنافقين وديدنهم في كل زمان ؛  سواء في زمت التوبة المباركة والأزمنة المتعاقبة بعدها ؛  فالنفاق هو النفاق ؛  والمنافقون على حالهم وطبيعتهم من فساد الضمائر وخبث القلوب والمقاصد ،  واشتداد الحسد والكراهية للإسلام والمسلمين .

والمنافقون وأعوانهم يلتئمون في كل زمان ليدبروا للمسلمين شر المكايد بكل الأساليب حتى وإن بلغ بهم سوء الكيد والتخطيط أن يصطنعوا للمسلمين مسجدا يستترون .  فيخفون مكرهم ونفاقهم ،  وليسلكوا من خلاله سبيل التربص بالمسلمين والطعن في دينهم ."
9,108,"قوله :  {  لا تقم فيه أبدا } أي لا تصل فيه أبدا .  والقيام يراد به هنا الصلاة ؛  فقد نهي نبيه صلى الله عليه وسلم والمؤمنين عن الصلاة في هذا المسجد المريب الذي بناه المنافقون لإضعاف المسلمين والطعن في دينهم وإيقاع الخلاف بينهم .  وفي مقابل ذلك يحض الله ورسوله والمؤمنين على الصلاة في مسجد قباء أو كل مسجد بني طاعة الله وإخلاصا لدينه العظيم فقال سبحانه :  {  لمسجد أسس على التقوى من أول يوم أحق أن تقوم في } اللام ،  لام الابتداء .  وقيل :  للقسم ؛  أي :  والله {  لمسجد أسس } الآية .  وعلى الوجهين فمسجد مبتدأ ،  والجملة بعده صفته .

والخبر ،  الجملة بعده {  أحق أن تقوم فيه } و {  أحق } ليس للتفضيل بل بمعنى حقيق ؛  فإنه لا مفاصلة بين المسجدين ،  وهما مسجد النفاق ومسجد التقوى ،  وهذا أحق أن يصلي فيه الرسول والمسلمين لتأسيسه من أول يوم على الطاعة والإخلاص والتقوى .

قوله :  {  فيه رجال يحبون أن تطهروا } نزلت هذه الآية في أهل قباء ؛  فقد كانوا حرصاء على التطهر وما يقتضيه ذلك من حصول النظافة ؛  إذ كانوا يستنجون بالماء .  لا جرم أن الإسلام يدعو إلى النظافة ليكون المسلمون نظفاء في أبدانهم وكل أجسادهم ،  فضلا عن نظافة قلوبهم وسلامة مقاصدهم وما يكنونه للناس من خير ورحمة ،  وما يبتغونه للبشرية في كل زمان ومكان من بر وأمن وهداية .  أما الثناء على أهل قباء من أجل حرصهم على النظافة والتطهير ؛  ففيه روي الطبراني عن ابن عباس قال :  لما نزلت هذه الآية {  فيه رجال يحبون أن يتطهروا } بعث رسول الله صلى الله عليه وسلم إلى هويم بن ساعدة فقال :  ( ما هذا الطهور الذي أثنى الله عليكم ) فقال :  يا رسول الله ما خرج من رجل ولا امرأة من الغائط إلا غسل فرجه ،  أو قال :  مقعدته .  فقال النبي صلى الله عليه وسلم :  ( وهو هذا ) وفي رواية لعويم بن ساعدة أن رسول الله صلى الله عليه وسلم قال له :  ( م هذا الذي أثنى الله عليكم ) قالوا يا رسول الله إنا نغسل الأدبار بالماء .

قوله :  {  والله يحب المطهرين } المطهرون يحظون بمحبة الله لهم .  ومن مقتضيات محبة الله للذين يحبهم أن يرضى عنهم ويعظم ثوابهم ."
9,109,"قوله تعالى :  {  أفمن أسس بنيانه على تقوى من الله ورضوان خير أم من أسس بنيانه على شفا جرف هار فانهار به في جهنم والله لا يهدي القوم الظالمين 109 لا يزال بنيانهم الذي بنوا ريبة في قلوبهم إلا أن تقطع قلوبهم والله عليم حكيم } .

الهمز للاستفهام الإنكاري .  والفاء للعطف .  وأسس ؛  أي وضع الأساس ،  وهو أصل البناء وقاعدته التي يقوم عليها .  أو هو أصل كل شيء .  والبنيان ،  مصدر كالغفران ،  فالله عز وعلا يبين في هذه الآية التفريق بين المسجدين وانتفاء المساواة بينهما .  وعلى هذا لا يستوي من أسس بنيانه على تقوى من الله {  ورضوان } أي طاعته سبحانه ،  ومن بنى مسجدا ضرارا يريد به أن يفرق بين المسلمين فيثير فيهم الفتنة والفرقة والفوضى .  إن هذين لا يستويان ،  فأولهما سبيله الهداية والحق ،  وكلاهما يفضي إلى الجنة .  وأما الآخر :  فسبيله الضلال والباطل ،  وكلاهما يفضي إلى جهنم والعياذ بالله ،  فأي الفريقين خير ؟  هل هو المؤمن التقي الطائع لربه ،  أم هذا المنافق المتربص الخبيث ؟  هذا الذي أسس بنيانه وهو مسجد الضرار {  على شفا جرف هار } .  أما قوله :  {  خير } فلا يفيد الشركة بين لاالمسجدين ولا بين مؤسس هذا وذاك في خير إلا على معتقد باني مسجد الضرار .  فيحسب ذلك المعتقد صح التفضيل .

قوله :  {  على شفا جرف هار } الشفا ،  الطرف .  والجرف بضمتين ،  معناه البئر ،  أو الهوة وما يجرفه السيل من الأدوية لجرف الماء له .  وهار ،  أي متصدع مشرف على السقوط .  وأصله هاير وهارر .

فالحق او التقوى والإخلاص قد أسس على قاعدة قوية محكمة بالغة الثبات والتماسك .  وفي مقابلة ذلك ،  الباطل والنفاق فقد أسس على أوهى القواعد وأضعفها وأقلها ثابتا وتماسكا لأن الباطل مثله مثل الجرف الواهن المتداعي الآيل للسقوط والانهيار .  وهو على أية حال صائر لا محالة إلى الانهيار بصاحبه المنافق في نار جهنم .  وهذا هو مصير أهل الباطل والنفاق الذين يسعون في الأرض فسادا ،  والذين يتربصون بالإسلام والمسلمين الدوائر ،  يبتغون لهم الشرور والمصائب ويمكرون بهم مع الماكرين .  لا جرم أن مردهم إلى سوء العذاب ؛  إذ ينهار بهم بنيانهم المضطرب ليلج بهم في جهنم بنارها المستعرة وعذابها المفظع البئيس .

{  والله لا يهدي القوم الظالمين } وهم المشركون الذين يفخرون بالحرم ،  ويستكبرون فيه لأنهم أهله وعماره ؛  فهم بشركهم وضلالهم لا ينفعهم قيامهم على سقاية الحاج ولا عمارتهم للمسجد الحرام ،  إنهم تجديهم أفعال الخير ماداموا سادين في غيهم وإشراكهم بالله ."
9,110,"قوله :  {  لا يزال بنيانهم الذي بنوا ريبة في قلوبهم إلا أن تقطع قلوبهم } أي لا يزال ما صنعوه من نفاق وباطل مبعث ريبة لهم فتظل تراودهم بغير مباحة .  والريبة تعم جملة معان ليصيب كل منافق منها بحسب نفاقه من حيث نوعه ومستواه وقدره .  ومن معاني الريبة :  كل من الشك والاضطراب والحزازة والحسرة والقلق والخوف من سوء المصير ،  وذلك على طريقة القرآن في ألفاظه الكبيرة ؛  إذ تتزاحم فيها المعاني تزاحما ليضم الواحد منها جملة معان .  لا جرم أن ذلك وجه من وجوه الإعجاز في هذا الكتاب الحكيم .

قوله :  {  ألا تقطع قلوبهم } أي لا يزال ما صنعوه من النفاق وابتغاء الشر بالمسلمين مبعث ريبة لهم في كل الأوقات والأحوال ،  فلا تبرحهم ما داموا أحياء {  إلا أن تقطع قلوبهم } وذلك أن يموتوا ؛  إذ تتفرق أبدانهم وجسومهم ،  وقيل :  إلا أن يغالوا في الندامة فتتفتت قلوبهم كناية أو مجاز عن شدة الأسف والحسرة .

قوله :  {  والله عليم حكيم } عليم بما صنعه هؤلاء المنافقون المفسدون وما قصدوه من المكر والأذية للمسلمين .  وهو سبحانه حكيم ،  فيما أعده لهم من الجزاء في هذه الدنيا حيث الشك والقلق واضطراب النفس والخوف .  وكذلك في الآخرة حيث النار ."
9,111,"قوله تعالى :  {  إن الله اشترى من المؤمنين أنفسهم وأموالهم بأن لهم الجنة يقاتلون في سبيل الله فيقتلون ويقتلون وعدا عليه حقا في التوراة والإنجيل والقرآن ومن أوفى بعده من الله فاستبشروا ببيعكم الذي بايعتم به وذلك هو الفوز العظيم } .

روي في سبب نزول هذه الآية عن عبد الله بن رواحة ( رضي الله عنه ) أنه قال رسول الله صلى الله عليه وسلم ليلة العقبة :  اشتراط لربك ولنفسك ما شئت .  فقال :  ( أشترط لربي أن تعبدوه ولا تشركوا به شيئا ،  وأشترط لنفسي أن تمنعوني مما تمنعون منه أنفسكم وأموالكم ) قالوا :  فما لنا إذا فعلنا ذلك ؟  فقال ( الجنة ) قالوا :  ربح البيع ،  لا نقيل ولا نستقيل ،  فنزلت {  إن الله اشترى من المؤمنين } الآية لتحمل للمسلمين على مر الزمن وتوالي العصور والأدهار هذا الإخبار الرباني المجلجل .  إخبار كريم ومؤثر وفياض فيه ترغيب للمسلمين وتحضيض على الجهاد في سبيل الله بالأنفس والأموال .  وذلك لدفع الأشرار والمعتدين المتربصين ،  وليدرأوا عن أنفسهم المفاسد والأضرار والفتن .

ولقد جاء التحضيض هذه المرة على صورة عقد كريم متين .  العاقد فيه رب العالمين جل وجلاله ،  والثمن فيه هي الجنة .  وعي عطاء من الله كريم وعظيم ودائم ،  وفيه من الخير والنعمة والبهجة ما لا تقوى على تصوره طبائع البشر .  والمعقود عليه في هذا العقد هو القتل أو القتال ؛  فالقتال يصيب المجاهد ليحظى بالجنة .  والقتال بمجرد مفض إلى نفس العاقبة من الحسنى .

وهذا المعنى الكبير يتجلى في أحسن ما تكون عليه العبارة ،  وأورع ما يأتي عليه الكلم من رصانة الألفاظ ،  وتمام الإيجاز وكمال الإعجاز ،  وبالغ التأثير .

وذلك كله في كلمات قليلة معدودة توحي بعظم الشأن للمجاهدين بأموالهم ولأنفسهم في سيبل الله ،  لا يبغون بذلك غير مرضاته سبحانه ،  ولا يزجي بهم إلى أرض المعركة سوى الحب لله والغيرة على الإسلام والمسلمين .

ويستوي في نيل هذا الثمن الكريم الهائل {  الجنة } كل من قاتل وقتل .  فكلاهما محظوظ بالفوز بالجنة ليرتع في نعيمها وما حلفت به من عطايا عظام وخيرات حسان .

قوله :  {  وعدا عليه حقا في التوراة والإنجيل والقرآن } {  وعدا } ،  منصوب على المصدر المؤكد لمضون الجملة .  {  حقا } لتقديمه عليه .  وهذا الوعد الق من الله مثبت ومذكور في الكتب السماوية الثلاثة وهي التوراة والإنجيل والقرآن .  و {  في } تأكيد للمؤمنين المجاهدين من أمة محمد صلى الله عليه وسلم بأن مآلهم إلى خير عاقبة وأكرم مصير وهو رضوان الله والفوز بالجنة .

قوله :  {  ومن أوفى بعهده من الله } استفهام على سبيل التقرير ؛  أي ليس من أحد أوفى بعهده من الله جل جلاله .  وقد أظهر الوعد هنا في صورة العهد ؛  لأن هذا آكد وأوثق من الوعد ؛  إذ الوعد في حق المخاليق جائز إخلافه عند الحاجة .  لكن العهد لا يجوز إلا الوفاء به ؛  إذ هو آكد من الوعد .

قوله :  {  فاستبشروا ببيعكم الذي بايعتم به } ليس السنين هنا للطلب بل بمعنى افعل .  وذلك كفعل الأمر :  استوقد ؛  أي أوقد .  فيكون المعنى :  اغتبطوا وابتهجوا وأظهروا السرور بما حظيتم به من فوزكم العظيم في بيعكم مع الله الذي أفضى بكم إلى الجنة .  لا جرم أنه {  الفوز العظيم } الذي يتضاءل دونه أيما فوز .

وقفة وتنبيه

قبل أن نبرح الكلام عن تحضيض الإسلام على الجهاد ،  نريد أن نستبق الظالمين والمبغضين والمتعصبين من أولى العقائد والملل والتصورات الضالة .  أولئك الذين يستمرئون الطعن في الإسلام ،  والذين تعتصر قلوبهم وأعصابهم تغيظا وكراهية للإسلام وأهله .  وأولئك هم الحاقدون المتربصون الجهلة الذيسن لا يعرفون عن الإسلام إلا بعض اللمامات من بسيط الكفار .  ومع ذلك فغنهم يتزاحمون في الكيد للإسلام بتوجيه سهام الطعون له من أجل تشويه والإساءة إلى سمعته المباركة وقدره العظيم ؛  فقد احتجوا بمثل هذه الآية ونظائرها من آيات الجهاد على أن الإسلام قد بني على الحرب والقتال والدم والعنف  !  !

إن ذلكم لغط فاجر كذوب تردده أقلام المفكرين المضلين من استعماريين والصليبيين ووثنيين وملحدين وصهيونيين وماسونيين وأتباعهم من العملاء والتابعين الناعقين .

إن الذي يتحذلق به هؤلاء الخصوم عن تشريع الجهاد في الإسلام ،  لهو افتراء غاشم ،  وتخريص جهول يتقوله الشياطين وأهل الباطل على الإسلام .

ولقد بينا في فقرات سابقة أن الإسلام ما بني على العنف والقسوة ،  ولا قام على الحرب والقتال ؛  بل إن الإسلام أساسه المودة والرحمة تفيض بهما قلوب المسلمين على الدنيا وعلى سائر شعوب الأرض بعيدا عن كل ظواهر التعنيف والترهيب .

الإسلام إنما بني على الحق والترشيد واحترام الإنسان والحدب عليه ؛  فهو إذا شاع في الدنيا وعمت كلمته وعقيدته ونظامه الآفاق والعالمين ،  إنما كان ذلك بفضل أساليبه الفكرية والوجدانية البالغة في التأثير ؛  فقد شق الإسلام طريقه إلى أذهان الناس وقلوبهم ،  فشاع وذاع بالحجة والبرهان ،  ودعوة البشرية إليه بالتي هي أحسن ،  وأصدق دليل على ذلك قوله سبحانه وتعالى :  {  ادع إلى سبيل ربك بالحكمة والموعظة الحسنة وجادلهم بالتي هي أحسن } ومن أدل الدلائل على هذه الحقيقة ،  هذا الإقبال الطوعي السريع من الشعوب المختلفة التي بادرت للدخول في دين الإسلام .  وكان ذلك طواعية ورغبة وود ،  إذ لم يحملهم على ذلك قسر أو إكراه أو وعيد .

والشعوب على اختلافها إذا ما أتيح لها أن تتعرف على الإسلام وما حواه من ظواهر الخير والتعارف والمودة والرحمة والخلق الكريم ،  سوف لا تردد في الإقبال عليه واعتناقه والتزام عقيدته وشرائعه في مودة وتشوف .  ولو حيل بين الإسلام وسائر المعوقات والفتن التي يضعها الشياطين في الطريق ؛  لعم الإسلام سائر أنحاء الدنيا ،  ولأصبح جل البشرية إخوانا في دين الله ؛  دين الاسلام  !

إن الإسلام لم يوجب الجهاد إلا ليكون آخر وسيلة من وسائله بعد أن يستنفد كل أسباب المنطق والاحتجاج بالبراهين والأدلة الظاهرة ؛  فلا مناص بعد ذلك كله من تشريع الجهاد دفعا لصولة الطغاة من المعتدين الظالمين ،  وكسرا لشوكة أهل الباطل الذين يكرهون الإسلام والمسلمين ،  فما فتئوا يكيدون لهم كل المكائد والمؤامرات .

لا يجد الإسلام مندوحة عن دعوة المسلمين وتحريضهم على قتال أهل الباطل والعدوان من شرار البشر الذين لو سلطوا على رقاب المسلمين لا يرعون فيهم إلا ولا ذمة .  والذين إذا جاسوا خلال ديار المسلمين أبادوهم إبادة واصطلموهم شر اصطلام ،  وأذاقوهم الويل والثبور وعظائم الأمور ،  ما بين تقتيل وتشريد وتدمير وتدنيس للكرامات والقيم وهتك للأعراض والأستار .  ومن اجل ذلك شرع الإسلام الجهاد ."
9,112,"قوله تعالى :  {  التائبون العابدون الحامدون السائحون الراكعون الساجدون الأمرون بالمعروف والناهون عن المنكر والحافظون لحدود الله وبشر المؤمنين } {  التائبون } ،  مبتدأ ،  وخبره {  العابدون } وما بعده أوصاف أو أخبار متعددة .

وقيل :  إن الخبر قوله :  {  الأمرون } وقيل :  الخبر محذوف .  والتقدير :  التائبون الموصوفون بهذه الصفات من أهل الجنة .  وهذا عند من يرى أن هذه الآية منقطعة مما قبلها ؛  فهي ليست شرطا في المجاهدة .  وأما ما زعم أنها شرط في المجاهدة فيكون إعراب التائبين خير مبتدأ محذوف ؛  أي هم التائبون ؛  فتكون هذه الأوصاف عند هؤلاء من صفات المؤمنين في قوله تعالى :  {  اشترى من المؤمنين }  ،  وقد ذهب إلى هذا المعنى بعض المفسرين وفيهم ابن عباس ؛  إذ قال :  الشهيد من كان فيه هذه الخصال التسع وتلا هذه الآية .  وبذلك فإن هذه أوصاف المؤمنين الذين اشترى الله منهم أنفسهم وأموالهم ؛  فهم بذلك المجاهدون على النحو الأتم والمطلوب .  لكن لا يخفى ما في هذا التأويل من حرج ؛  فإنه بناء عليه لا يفوز بالجنة من المجاهدين إلا القلة ممن اتصف بهذه الأوصاف .  ولسوف يخرج إذن من هذه الحظوة المباركة كثير من المجاهدين الذين استشهدوا في سبيل الله ولم يتصفوا بهذه الصفات .

وعلى هذا فالراجح من إعراب {  التائبون } أنها مبتدأ ،  والخبر محذوف تقديره :  من أهل الجنة وإن لم يجاهدوا .  وذلك قوله تعالى :  {  وكلا وعد الله الحسنى } فإن كلا ،  يفيد العموم .  والحسنى بمعنى الجنة .  وعلى هذا يكون معنى الآية منفصلا من معنى الآية التي سبقتها .  ويؤيد ذلك ما صح من حديث مسلم أن ( من قتل في سبيل الله وهو صابر محتسب مقبل غير مدبر ؛  كفرت خطاياه إلا الدين ) وذلك ظاهر في أن المجاهد لا يشترط كونه متصفا بجميع الصفات التي في الآية .  بل هي تبشير لمطلق المجاهدين .  وهو المفهوم من ظواهر الأخبار التي تدل على أن الفضل الوارد في حق المجاهدين مختص بمن قاتل لتكون كلمة الله هي العليا .

أما {  التائبون } ،  فالمراد بهم الذين تابوا عن الشرك والنفاق .  أو عن الشرك وسائر المعاصي والذنوب وهو الأصوب ؛  لأن كلمة التائبين من ألفاظ العموم فهي تتناوب كل تائب .

وأما {  العابدون } فقيل :  هم الذين يعبدون الله بالصلاة وهو قول ابن عباس ،  وفي رواية عنه أخرى أنهم المطيعون بالعبادة .  وقيل :  هم الذين يعبدون الله في السراء والضراء .

وأما {  الحامدون } من الحمد ،  وهو الثناء ،  أو الوصف بالجميل :  فالحامدون الذين يحمدون الله على كل حال ،  وقيل :  هم الذين يشكرون الله على أنعمه .  على أن الحمد أولى من الشكر ؛  فقد روي عن ابن عباس أن رسول الله صلى الله عليه وسلم قال :  ( أول ما يدعي إلى الجنة الحامدون الذين يحمدون على السراء والضراء ) .  وعن السيدة عائشة قالت :  كان رسول الله صلى الله عليه وسلم إذا أتاه الأمر يسره قال :  ( الحمد لله الذي بنعمته تتم الصالحات ) وإذا أتاه الأمر يكرهه قال :  ( الحمد لله على كل حال ) .

وأما {  السائحون } فهم الصائمون ،  وهو قول كثير من جلة الصحابة والتابعين ،  وقد روي عن عائشة قولها :  سياحة هذه الأمة الصيام .  وذلك من باب الاستعارة لأن الصوم يعوق عن الشهوات كما تمنع السياحة منها في الغالب .  وقيل :  المراد بهم المسافرون لطلب العلم .  وقيل :  هم الذين يجولون بأفكارهم وعقولهم في ملكوت الله وفي خلقه .

أما {  الراكعون الساجدون } فالمراد بهم المصلون .  فالركوع والسجود على معناهما الحقيقي ،  وهما أعظم الأركان في الصلاة .

وأما {  الأمرون بالمعروف } فهم الذين يدعون الناس إلى الإيمان وعمل الطاعات ،  وهم {  الناهون عن المنكر } ينهون الناس عن الشرك بالله على اختلاف صوره وضروبه ،  ويدعونه إلى مجانبة عصيان الله ومخالفة أوامره .

قوله :  {  والحافظون لحدود الله } أي المطيعون لله فيرعون ما بينه الله من أحكام وشرائع فيلتزمون ما ينبغي فعله وما يجب تركه .  وقيل :  المراد بحفظ الحدود وإقامة الحدود من العقوبات وإيقاع القصاص على المستحقين لذلك .

قوله :  {  وبشر المؤمنين } وهم الموصوفون بتلك الصفات العظيمة يبشرهم ربهم بأنهم مستحقون درجة الإيمان الكامل حيث السعادة التامة والفوز كل الفوز .

قوله تعالى :  {  ما كان للنبي والذين آمنوا أن يستغفروا للمشركين ولو كانوا أولى قربى من بعد ما تبين لهم أنهم أصحاب الجحيم 113 وما كان استغفار إبراهيم لأبيه إلا عن موعدة وعدها إياه فلما تبين له أنه عدو الله تبرأ منه إن إبراهيم لأواه حليم } أخرج الإمام أحمد والبخاري ومسلم والنسائي والبيهقي وآخرون عن ابن المسيب عن أبيه قال :  لما خضرت أبا طالب الوفاة دخل عليه النبي صلى الله عليه وسلم وعنده أبو جعل وعبد الله بن أبي أمية فقال :  ( أي عم ،  قل لا إله إلا الله كلمة أحاج لك بها عند الله عز وجل ) فقال أبو جعل وعبد الله بن أبي أمية :  يا أبا طالب ،  أترغب عن ملة عبد المطلب ؟  فقال :  أنا على ملة عبد المطلب .  فقال النبي صلى الله عليه وسلم :  ( لأستغفرن لك ما لم أنه عنك ) فنزلت {  ما كان للنبي والذين آمنوا أن يستغفروا للمشركين } قال :  ونزلت فيه {  إنك لا تهدي من أحببت ولكن الله يهدي من يشاء }  .  ويستفاد من ذلك :  أمه ما ينبغي للمسلم أن يستغفر لكافر من الكافرين أو يدعو له بالتوبة والغفران ،  سواء كان من الأصدقاء أو الأقرباء أو الأباعد ،  ما دام قد مات على الشرك .  وذلك تقرير رباني ثابت لا رجاء فيه بالمغفرة للمشركين الذين ماتوا وهم كافرون .  أولئك لن يغفر الله لهم وإن استغفرت لهم كل خلائق الأرض والسماء .  وفي ذلك قوله سبحانه {  إن الله لا يغفر أن يشرك به ويغفر ما دون ذلك لمن شاء } ."
9,113,"قوله :  {  ما كان للنبي والذين آمنوا أن يستغفروا للمشركين } أي ما صح ولا استقام في حكم الله للنبي والمؤمنين أن يطلبوا المغفرة من الله للمشركين الذين ماتوا على الشرك {  ولو كانوا أوى قربى } الجملة معطوفة على جملة أخرى قبلها محذوفة .  وجواب لو محذوف لدلالة ما قبله عليه .  والمعنى :  ولو كانوا –المشركين- ذوي القرابة للمؤمنين المستغفرين .

قوله :  {  من بعد ما تبين لهم أنهم أصحاب الجحيم } أي من بعد بعد ما ظهر جليا واضحا للنبي والمؤمنين أن هؤلاء المشركين قد ماتوا على الكفر وأن مصيرهم المحتوم إلى الجحيم .  ويستدل من ذلك أيضا جواز الاستغفار وطلب التوبة والهداية والتوفيق للكافرين الأحياء ."
9,114,"قوله :  {  وما كان استغفار إبراهيم لأبيه إلا عن موعدة وعدها إياه فلما تبين له أنه عدو لله تبرأ منه } أي ليس لكم أيها المؤمنون أن تستغفروا لأهليكم وأقربائكم ومن تحبونهم بعد أن تبين لكم أنهم ماتوا كافرين .  وما ينبغي لكم أن تحتجوا باستغفار إبراهيم الخليل عليه الصلاة والسلام لأبيه آزر ؛  فلما استغفاره له إلا عن موعدة وعدها إبراهيم أباه بقوله له :  {  لأستغفرن لك } وقوله له أيضا :  {  سأستغفر لك ربي } فالوعد كان من إبراهيم عليه السلام .  وإنما كان ذلك قبل أن يتبين له أنه معدوم الإيمان ،  مصر على الكفر .  {  فلم تبين له } أي لإبراهيم أن أباه آزر {  عدوا لله } فقد أعلمه الله أنه عدو لله بإصراره على الكفر وأنه يموت كافرا .  وعندئذ انقطع رجاؤه منه وجانب أيما استغفار له كل مجانبة .  وقطع أيما صلة بينه وبينه .  وذلك هو شأن المؤمن الوفي المخلص لدينه وعقيدته ؛  فإنه منوط قلبه بالعقيدة تماما ،  حتى إن استشعاره الكامل للعقيدة يستحوذ على قلبه ووجدانه وأعصابه وكيانه النفسي كله .  فما ينظر للحياة والأحياء وعامة القضايا في التعامل والسلوك والأواصر الاجتماعية والشخصية وغيرها من الأواصر والصلات إلا بمنظار العقيدة كيلا يكون هواه بعد ذلك إلا مسخرا لعقيدة الحق والصدق ،  عقيدة الإسلام .  فإنما يجب بعد ذلك لله .  ولا يبغض بوحي من هوى ضيق أو من مصالح ومنافع خاصة ؛  ولكن يبغض في سبيل الله ،  وأيما انتقاض من هذه الحقيقة الأساسية فإنما هو انتقاص من درجة الإيمان في قلب صاحبه .

قوله :  {  إن إبراهيم لأواه حليم } الأواه :  الكثير التأوه ؛  وهو من يقول :  أواه .  أو يقول :  أوه .  بمعنى أتوجع ،  وقيل :  الأواه معناه المتضرع .  وقيل :  المؤمن .  وقيل :  المؤمن التواب .  وقيل :  كناية عن بالغ الرأفة ورقة القلب .  والأولى أن المراد به المتضرع الكثير الدعاء ؛  فقد روي عن عبد الله بن مسعود أنه قال :  ( الأواه الدعاء ) وعن عبد الله بن شداد قال :  بينما النبي صلى الله عليه وسلم جالس قال رجل :  يا رسول الله ما الأواه ؟  قال :  ( المتضرع ) .

أما الحليم ،  فهو شديد الصبر على الأذى ،  عظيم الصفح عن الجناة ."
9,115,"قوله تعالى :  {  وما كان لله ليضل قوما بعد إذ هداهم حتى يبين لهم ما يتقون إن الله بكل شيء عليم 115 إن الله له ملك السموات والأرض يحي ويميت وما لكم من دون الله من ولي ولا نصير } .

جاء في سبب نزول الآية أن قوما كانوا على الأمر الأول من استقبال بيت المقدس قبل التحول إلى الكعبة .  وعلى شرب الخمر قبل تحريهما ،  فسأل قوم رسول الله صلى الله عليه وسلم بعد نسخ ذلك فنزلت الآية .

وقيل :  أسلم قوم من الأعراب فعملوا بما شاهدوا الرسول يفعله من الصلاة إلى بيت المقدس وصيام الأيام البيض ،  ثم قدموا عليه فوجوده يصلي إلى الكعبة ويصوم رمضان .  فقالوا :  يا رسول اله دنا بعدك بالضلال ؛  إنك على أمر ،  وإنا على غيره .  فنزت الآية .

وقيل :  خاف بعض المؤمنين من الاستغفار للمشركين دون إذن من الله ،  فنزلت الآية مؤنسة .  وقال الزمخشري :  يعني ما أمر الله باتقائه واجتنابه كالاستغفار للمشركين وغيره مما نهي عنه ،  ويبين أنه محظور ولا يؤاخذ به عباده الذين هداهم للإسلام ولا يمسهم ضلالا ولا يخذلهم إلا إذا أقدموا عليه بعد بيان حظره عليهم وعلمه بأنه واجب الاتقاء والاجتناب .  وأما قبل العلم والبيان :  فلا سبيل عليهم ؛  كما لا يؤاخذون بشرب الخمر ،  ولا ببيع الصاع بالصاعين قبل التحريم .

فالآية تفيد أنه ليس من لطف الله أن يذم المؤمنين أو يؤاخذهم باستغفارهم للمشركين قبل أن يبين لهم أن ذلك غير جائز .  ولكن الله جل وعلا إنما يذم من استغفر للمشركين بعد التبيين .

قوله :  {  حتى يبين لهم ما يتقون } أي يبين لهم بالوحي ما يجب اتقاؤه من المناهي والمحظورات .

قوله :  {  إن الله بكل شيء عليم } الله عليم بجميع الأشياء ،  ومن جملة ذلك حاجة المؤمنين إلى البيان ؛  فيبين الله لهم .  وهو كذلك عليم بصلاح قلوب المؤمنين المستغفرين للمشركين قبل نزول النهي عن ذلك ."
9,116,"والله عز وعلا له القدرة المطلقة البالغة وهو ذو القوة والجبروت والملكوت ،  مالك كل شيء .  وهو قوله :  {  له ملك السموات والأرض } .

قوله {  يحي ويميت وما لكم من دون الله من ولي ولا نصير } الله جل جلاله من أعظم تصرفاته الإحياء والإماتة ؛  فهو سبحانه موجد الأحياء بعد موات ثم هو سبحانه مميتهم لدى انتهاء آجالهم .  وقيل :  هذا إشارة إلى أنه يجب على المؤمنين أن لا يجزعوا من عدوهم وإن كان كثيرا ،  وأن لا يهابوا أحدا .  فما الموت المخوف ولا الحياة المقدورة إلا بيد الله ؛  فليس للمؤمنين أن يرجوا لأنفسهم الولاية أو النصر من المخاليق .  وإنما يرجون ذلك من الله وحده فهو خير ولي وأعظم نصير ."
9,117,"قوله تعالى :  {  لقد تاب الله على النبي والمهاجرين والأنصار الذين اتبعوه في ساعة العسرة من بعد ما كان يزيغ قلوب فريق منهم ثم تاب عليهم إنه بهم رؤوف رحيم } .

قيل في هذه الآية إنها نزلت في غزوة تبوك ؛  وذلك أنهم خرجوا إليها في شدة من الأمر ،  وذلك في سنة مجدية ،  وحر شديد ،  وعسر من الزاد والماء .  قال قتادة :  خرجوا إلى الشام عام تبوك في لهبان الحر على ما يعلم الله من الجهد ،  حتى لقد ذكر لنا إن الرجلين كانا يشقان التمرة بينهما ،  وكان النفر يتداولون التمرة بينهم يمصها هذا ،  ثم يشرب عليها ،  ثم يمصها هذا ثم يشرب عليها .

وذكر عن عبد الله بن عباس أنه قيل لعمر بت الخطاب في شأن العسرة ،  فقال عمر ابن الخطاب :  خرجنا مع رسول الله صلى الله عليه وسلم إلى تبوك في قيظ شديد ،  فنزلنا منزلا فأصابنا فيه عطش حتى ظننا أن رقابنا ستنقطع ،  وحتى إذا كان الرجل ليذهب يلتمس الماء فلا يرجع حتى يظن أن رقبته ستنقطع ،  وحتى إن الرجل لينحر بعيره فيعصر فرثه فيشربه .  فقال أبو بكر الصديق :  يا رسول الله إن الله عز وجل قد عودك في الدعاء خيرا فادع لنا .  فقال :  ( تحب ذلك ؟  ) قال :  نعم ،  فرفع يديه فلم يرجعها حتى سالت السماء فأهطلت ثم سكنت ،  فملئوا ما معهم ثم ذهبنا ننظر فلم نجدها جاوزت العسكر .

قوله :  {  لقد تاب الله النبي والمهاجرين والأنصار الذين اتبعوه في ساعة العسرة } التوبة من الله على رسوله من أجل الذنب .  وهو بالنسبة إلى رسول الله من باب خلاف الأولى .  وفسره ابن عباس بالإذن للمنافقين في التخلف .  أما الذنب بالنسبة إلى الصحابة :  فيمكن أن يكون حقيقيا ؛  إذ لا عصمة لغير الأنبياء عليهم الصلاة والسلام .  وقيل :  كان ذنبهم من باب خلاف الأولى كالميل إلى القعود عن عزوة تبوك إذ وقعت في فترة شديدة وعسيرة .  وهي قوله :  {  في الساعة العسرة } والعسرة خلاف المسيرة .  ويوم عسير ؛  أي شديد ،  وتعسر الأمر واستعسر ؛  أي اشتد والتوى .  وأعسر :  افتقر .  وجيش العسرة معناه جيش تبوك ؛  لأنهم ندبوا إليها في حمارة القيظ فعسر عليهم .

قوله :  {  من بعد ما كاد يزيغ قلوب فريق منهم } كاد من أفعال القرب وفيه ضمير الشأن .  وضمير الشأن اسم كاد .  وقلوب فاعل يزيغ .  والجملة في محل نصب خبر كاد ،  والآية تبين مدى الشدة البالغة التي حاقت بالمسلمين في تبوك حتى كاد يميل بعضهم إلى التخلف عن الرسول صلى الله عليه وسلم أو يميل عن الثبات على الإيمان فحمله ذلك على مجرد الهم والوسوسة والارتياب في رسوله الله صلى الله عليه وسلم وفي دينه لفرط ما أصابهم من الشدة والكرب .  وقيل :  كان الميل من ضعافهم ومن حديثي العهد بالإسلام .

قوله :  {  ثم تاب عليهم إنه بهم رؤوف رحيم } ذلك تكرير للتأكيد على التوبة على المؤمنين لما ذكر أن فريقا منهم كادت تزيغ قلوبهم ؛  إذ ساورهم الشك وساء ظنهم في رسول الله صلى الله عليه وسلم وهموا بانصراف عنه .  لكن الله جلت قدرته قد تجاوز لهم عن كل ذلك ؛  إذ تاب عليهم ،  وسبب التوبة هي الرأفة من الله بهم ورحمته التي وسعت كل شيء ."
9,118,"قوله تعالى :  {  وعلى الثلاثة الذين خلفوا حتى إذا ضاقت عليهم الأرض بما رحبت وضاقت عليهم أنفسهم وظنوا أن لا ملجأ من الله إلا إليه ثم تاب عليهم ليتوبوا إن الله هو التواب الرحيم 118 يا أيها الذين آمنوا اتقوا الله وكونوا مع الصادقين } .

الثلاثة الذين تخلفوا عن رسول الله صلى الله عليه وسلم في غزوة تبوك هم :  كعب بن مالك ومرارة بن الربيع ،  وهلال بن أمية ؛  فقد خلفوا عن ركب المجاهدين بقتادة رسول الله صلى الله عليه وسلم ،  إذ قصد تبوك لقتال الروم .  ولم يكن تخلف هؤلاء الثلاثة عن عجز او افتقار أو مرض ؛  بل كانوا أقوياء أصحاء ،  ولم يثنهم عن المضي للجهاد في تبوك إلا ما أصابهم من نوبة الضعف وفتور العزيمة وفتور العزيمة في هذه المناسبة العظيمة التي اشتد فيها سعير الحر اللاهب .  واستعر فيها هجير المفاوز والفيافي من أيام الصيف الحرور ،  واستقبل فيها الناس عدوا كبيرا مدججا بالعدة والسلاح مما لم يشهدوا له من قبل نظيرا ،  وقد غزا النبي صلى الله عليه وسلم هذه الغزوة حين طابت الثمار وحان جنيها وقطافها ؛  كل ذلك قد حمل فريقا من الناس على التثاقل ،  فانثنوا عن الذهاب مع رسول الله صلى الله عليه وسلم .  وكان في المتخلفين منافقون لا يترددون في الهروب والتخلص من فريضة الجهاد بكل أسلوب من أساليب الكذب والمراوغة والنفاق .  ومن جملة الذين تخلفوا ،  هؤلاء الثلاثة الذين لم يساور قلوبهم شك في دين الله ولا في صدق رسول الله صلى الله عليه وسلم ،  ولم يقعدهم عن ذلك إلا ما طرأ لهم في هذه الفترة العصيبة العسيرة من نوبة الضعف العارض .

ولما قدم رسول الله صلى الله عليه وسلم من تبوك طفق المتخلفون يعتذرون إليه ويحلفون له وكانوا بضعة وثمانين رجلا ،  فيقبل منهم رسول الله صلى الله عليه وسلم علانيتهم ويستغفر لهم ويكل سرائرهم إلى الله تعالى .  أما الثلاثة –وكانوا من المؤمنين الصالحين- فقد وجدوا في أنفسهم أشد موجدة وأصابهم من فرط الكآبة الممضة ما بات يقض مضاجعهم قضا ويؤز قلوبهم وأعصابهم وأزا طيلة خمسين يوما .  وفي ذلك يقول كعب بن مالك :  ونهى رسول الله صلى الله عليه وسلم المسلمين عن كلامنا أيها الثلاثة من بين من تخلف عنا فاجتنبنا الناس وتغيروا لنا حتى تنكرت لي في نفسي الأرض فما هي بالأرض التي كنت أعرف ،  فلبثنا على ذلك خمسين ليلة .  فأما صاحباي فاستكانا وقعدا في بيوتهم يبكيان ،  وأما أنا فكنت أشد القوم وأجلدهم ؛  فكنت أشهد الصلاة مع المسلمين وأطوف بالأسواق فلا يكلمني أحد .  حتى إذا طال علي ذلك من هجر المسلمين مشيت حتى تسورت حائك أبي قتادة وهو ابن عمي وأحب الناس إلي ،  فسلمت عليه ،  فوالله ما رد علي السلام .  قال :  ففاضت عيناي وتوليت حتى تسورت الجدار فبينا أنا أمشي بسوق المدينة إذا أنا بنبطي الشام قد دفع إلي كتابا من ملك غسان وفيه :  أما بعد فقد بلغنا أن صاحبك قد جفاك وإن الله لم يجعلك في دار هوان .  ولا مضيعة ،  فالحق بنا نواسك .  فقلت حين قرأته :  وهذا أيضا من الابتلاء .  قال :  فتيممت به التنور فسجرته به فكمل لنا خمسون ليلة من حين نهى عن كرمنا .  قال :  ثم صليت الصبح صباح خمسين ليلة على ظهر بيت من بيوتنا .  فبينا أنا جالس على الحال التي ذكر الله تعالى منا قد ضاقت علي نفسي وضاقت علي الأرض بما رحبت ،  سمعت صارخا على بجل سلع يقول بأعلى صوته :  أبشر يا كعب بن مالك .  قال :  فخررت ساجدا وعرفت أن قد جاء الفرج من الله عز وجل بالتوبة علينا ،  فآذن رسول الله صلى الله عليه وسلم بتوبة الله علينا حين صلى الفجر ،  فذهب الناس يبشروننا ،  فلما سلمت على رسول الله صلى الله عليه وسلم قال وهو يبرق وجهه من السرور :  ( أبشر بخير يوم مر عليك منذ ولدتك أمك ) قال :  وكان رسول الله صلى الله عليه وسلم إذا سر استنار وجهه حتى كأنه قطعة قمر .  وأنزل الله تعالى الآية .  ومنها قوله :  {  وعلى الثلاثة الذين خلفوا حتى إذا ضاقت عليهم الأرض بما رحبت } {  وعلى الثلاثة } ،  معطوف على {  النبي } أي وتاب على الثلاثة {  الذين خلفوا } أي تخلفوا عن غزوة تبوك {  حتى إذا ضاقت عليهم الأرض بما رحبت } أي باتت الأرض برحبها وسعتها ضيقة في نظرهم وتصورهم فسدت عليهم المسالك والطرق فلا يعتدون سبيلا ،  ولا يدرون ما يصنعون .  وذلك لإعراض الناس عنهم وهجرهم لهم خمسين ليلة بأيامها {  وضاقت علليهم أنفسهم } وذلك كناية عن تراكم الهم والحزن على قلوبهم فلا تحتمل غير الكآبة والاغتمام .  فكان ضيقهم بذلك على نحوين ،  وهما ضيق المحل وضيق النفس والحال .

قوله :  {  وظنوا أن لا ملجأ من الله إلا إليه } أي علموا وأيقنوا أنه ليس لهم من سبيل ولا ملجأ يأوون إليه من سخط الله إلا أن يثوبوا إليه وحده ،  فيبرءوا له بالتوبة والاستغفار وهو سبحانه خير ملاذ للمكروبين والمغلوبين والتائبين .

إن الله جلت قدرته خير من تجأر إليه قلوب الداعين والمستغفرين والتائبين الخزانى عسى أن يتوب عليهم ويفيض على قلوبهم بخواطر الرضى والبهجة والانشراح .

قوله :  {  ثم تاب عليهم إنه بهم رؤوف رحيم } أي قبل توبتهم من تخلفهم عن الغزو مع رسول الله صلى الله عليه وسلم {  ليتوبوا } أي ليرجعوا إلى حالهم الأول من مخالطة المؤمنين فتطمئن قلوبهم وتسكن نفوسهم مع الساكنين والمطمئنين ،  أو ليتوبوا مم يفرط منهم في المستقبل من خطايا وذنوب .  فإن الله تعالى قابل التوب عن عباده المؤمنين ولو عادوا إلى الذنب في اليوم مائة مرة .  فذلك هو شأن الله في عظيم توبته ولطفه بالعباد وفي مبلغ رحمته بهم .  رحمته الواسعة المديدة التي لا تعرف الحدود ."
9,119,"قوله :  {  يا أيها الذين آمنوا اتقوا الله وكونوا مع الصادقين } بعد ذكر الثلاثة الذين صدقوا الله فنفعهم صدقهم وثباتهم على دينهم وإيمانهم –يأتي هذه الجملة معترضة لتنبيه على درجة الصدق في ميزان الله .  لا جرم أنها درجة رفيعة وعظيمة يجلها الله إجلال ويكرم بها الصادقين من المؤمنين .

وبذلك يأمر الله في الآية عباده المؤمنين أن يكونوا كهؤلاء الثلاثة في صدقهم وثباتهم وخلوص نياتهم ،  وقيل :  أن يكونوا كالذين صدقوا في دين الله قولا وعملا ."
9,120,"قوله تعالى :  {  ما كان لأهل المدينة ومن حولهم من الأعراب أن يتخلفوا عن رسول الله ولا يرغبوا بأنفسهم ذلك بأنهم لا يصيبهم ظمأ ولا نصب ولا مخمصة في سبيل الله ولا يطئون موطئا يغيظ الكفار ولا ينالون من عدو نيلا إلا كتب لهم به عمل صالح إن الله لا يضيع أجر المحسنين 120 ولا ينفقون نفقة صغيرة ولا كبيرة ولا يقطعون واديا إلا كتب لهم ليجزيهم الله أحسن ما كانوا يعملون } نزلت فيمن تخلف من أهل المدينة عن عزوة تبوك وفيمن تخلف ممن حولهم من الأعراب من مزينة وجهينة وأسلم وغفار .

والله سبحانه يعاتب هؤلاء لتخلفهم عن شرف الجهاد في صحبة رسول الله صلى الله عليه وسلم وهو قوله :  {  ما كان لأهل المدينة ومن حولهم من الأعراب أن يتخلفوا عن رسول الله } أي ما ينبغي وما يستقيم لهؤلاء التخلف عن الخروج للجهاد بعد أن دعاهم رسول الله صلى الله عليه وسلم ورغبهم في ذلك {  ولا يرغبوا بأنفسهم عن نفسه } أي ما كان ينبغي لهم وما يستقيم أن يؤثروا أنفسهم دون رسول الله فيدعوه وحده أو يخذلوه وضنوا بأنفسهم على النزول في الأخطار ومواجهة الملمات ؛  بل عليهم أن يبذلوا كل ما يستطيعون وأن يوردوا أنفسهم كل المكاره فيركبوا الأهوال والشدائد ،  ويكابدوا الصعاب والمشاق في همة ونشاك واغتباط وهم في صحبة رسول الله صلى الله عليه وسلم الذي يتقدمهم على خوض الأهوال ومخاطر القتال .

قوله :  {  ذلك بأنهم لا يصيبهم ظمأ ولا نصب ولا مخمصة في سبيل الله } الإشارة عائدة إلى ما تبين من وجوب الخروج للقاء المشركين وبذل النفس دون رسول الله صلى الله عليه وسلم وعدم التخلف عنه وعن المؤمنين المجاهدين معه {  بأنهم لا يصيبهم ظمأ } أي بسبب أنهم لا يصيبهم شيء من عطش {  ولا نصب } أي تعب {  ولا مخمصة } أي مجاعة {  في سبيل الله } أي في لقاء أعداء الله من المشركين والظالمين .

قوله :  {  ولا يطئون موطأ يغيظ الكفار } {  يطئون } من الوطء وهو الدروس بالأقدام ونحوها كحوافر الخيل وأخفاف الإبل . والموطئ ،  اسم مكان .  وهو هنا مطلق ليعم كل موضع أو مكان يغيظ وطؤه الكفار .

قوله :  {  ولا ينالوا من عدو نيلا } النيل ،  مصدر .  فعله ،  نال ينول نيلا ؛  أي ولا يأخذون من عدو شيئا .  وقد أطلق النيل ليعم كل وجوه الأخذ مما يغيظهم ويسوءهم كالقتل والأسر والإثخان وسومهم الهزيمة .

قوله :  {  إلا كتاب لهم به عمل صالح } الجملة في محل نصب على الحال من {  ظمأ }  أي كتب لهم بالمذكور وهو جميع ما تقدم {  عمل صالح } أي ثواب ذلك .  والإشارة عائدة إلى إصابة الظمأ والنصب والمخمصة والوطء والنيل من العدو .

قوله :  {  إن الله لا يضيع أجر المحسنين } وهذه حقيقة راسخة ومركوزة بأن أجر المحسنين محفوظ لهم فلا يفوت ولا ينسى ."
9,121,"قوله :  {  ولا ينفقون نفقة صغيرة ولا كبيرة } وذلك ترغيب في بذل المال في سبيل الله .  والباذل لماله يبتغي به وجه ربه مجزي به خيرا مهما كان قدر ما بذل .  فأيما نفقة في سبيل الله وهو الجهاد ،  قلت النفقة أو كثرت ،  فإن أجرها غير فائت ولا مضيع .

قوله :  {  ولا يقطعون واديا } أي ولا يتجاوز في سيرهم من أجل الجهاد واديا ،  وهو المنفرج من الجبال والآكام التي يسيل فيها الماء ،  وقد شاع في استعمال العرب بمعنى الأرض .  {  إلا كتب لهم } أي أثبت لهم في صحائف أعمالهم .  وهو يعم ما سبق ذكره من الظمأ والنصب والمخمصة والوطء لإغاظة الكفار ،  والنيل منهم أيما نيل .  وكذا النفقة ،  والسير وقطع المسافات للقاء العدو ،  فإن ذلك كله مكتوب لأصحابه المجاهدين في سبيل الله {  ليجزيهم الله أحسن ما كانوا يعملون } أي ليثبتهم الله أحسن جزاء على أعمالهم .  وذلك يقتضي أن يكون لأعمالهم جزاء حسنا وآخر أحسن ،  وقد اختار الله لهم ما هم أحسن ."
9,122,"قوله تعالى :  {  وما كان المؤمنون لينفروا كافة فلولا نفر من كل فرقة منهم طائفة ليتفقهوا في الدين ولينذروا قومهم إذا رجعوا إليهم لعلهم يحذرون } .

ذكر أن هذه الآية بيان من الله لمراده من النفير مع رسول الله صلى الله عليه وسلم في غزوة تبوك ؛  فقد ذهبت طائفة من السلف إلى أنه كان يجب النفير على كل مسلم إذا خرج رسول الله صلى الله عليه وسلم .  وهذا مقتضى قوله :  {  انفروا خفافا وثقالا } فنسخ ذلك بهذه الآية {  وما كان المؤمنون لينفروا كافة } .

وقيل :  المراد انه ما كان المؤمنون لينفروا ويتركوا النبي صلى الله عليه وسلم وحده {  فلولا نفر من كل فرقة منهم طائفة } يعني عصبة أو سرايا .  فإذا رجعت السرايا وقد انزل الله بعدهم قرآنا تعلمه القاعدون من النبي صلى الله عليه وسلم وقالوا :  إن الله قد أنزل على نبيكم قرآنا وقد تعلمناه ،  فتمكث السرايا يتعلمون ما أنزل الله على نبيهم من بعدهم ويبعث سرايا أخرى وهو معنى قوله :  {  ليتفقهوا في الدين } أي ليتعلموا ما انزل الله على نبيهم ،  وليعلموا السرايا إذا رجعت إليهم ؛  فالآية هذه في البعوث والسرايا إذا لم يخرج الرسول عليه الصلاة والسلام بنفسه .  فإذا لم يخرج وجب أن لا ينفر الناس كافة فيبقى النبي وحده .  وإنما ينبغي أن تنفر طائفة وتبقى طائفة لتتفقه هذه الطائفة في الدين وتنذر النافرون إذا رجعوا إليهم .

على أن المستفاد من عموم هذه الآية أن لا ينفر المسلمون جميعا للقاء العدو ولا لطلب العلم ؛  فكلا الغرضين هام وعظيم ومفروض ،  فلقاء العدو في نفير زاحف مستعد غاية الاستعداد لتدمير الظلم والظالمين ،  وصد الأشرار والمتربصين ودفع أذاهم عن المسلمين –لا محالة واجب .  وإلا بات المسلمون عرضة للتدمير والاصطلام من عدوهم المتربص الماكر .  ومن جهة الأخرى :  فإن الخروج للتعلم والتزود بزاد العلم واجب كذلك إلى غير ذلك من جوه الأعمال والمشاغل والمصالح التي يحتاجا المسلمون .  كالاضطلاع بوجائب الزراعة والصحة والتعمير .  وبذلك يقتسم المسلمون أعمالهم وواجباتهم ليناط بكل واحد منهم من العمل ما يناسبه فيؤديه أتم أداء .

قوله :  {  فلولا نفر } لولا تحضيضه ،  والمراد به الأمر .

قوله :  {  لعلهم يحذرون } لكي يحذروا الله تعالى فيخشوا عقابه ،  ويعلموا لمرضاته ،  ويجتنبوا نواهيه ومخالفة أمره ."
9,123,"قوله تعالى :  {  يا أيها الذين آمنوا قاتلوا الذين يلونكم من الكفار وليجدوا فيكم غلظة واعلموا أن الله مع المتقين } يأمر الله عباده المؤمنين في هذه الآية بقتال من يلي من عدوهم .  وذلك لتعذر قتال كل المشركين دفعة واحدة ؛  فتجب البداءة بقتال من يلي من المشركين على قتال من بعد منهم ؛  أي أن المسلمين يقاتلون الكافرين الأقرب فالأقرب إليهم قربانا مكانيا ؛  فيما ينبغي لهم أن يتجاوزا من يلونهم من الكافرين فيفجأهم الأقربون الذين يلونهم فيقضون عليهم ليقتلوا السناء والأطفال والمستضعفين ،  وليعيثوا في البلاد فسادا وخرابا .

ولهذا بدأ رسول الله صلى الله عليه وسلم بقتال المشركين في جزيرة العرب ،  فلما فزغ منهم وفتح الله عليه مكة والمدينة والطائف واليمن وخيبر وغير ذلك من الأقاليم في جزيرة العرب ودخل الناس في دين الله أفوجا ،  شرع في قتال أهل الكتاب فتجهز لغزو الروم الذي هم أقرب الناس إلى جزيرة العرب ،  وكان ذلك في السنة التاسعة للهجرة .  وفي السنة العاشرة عاجلته المنية صلوات الله وسلامه عليه ،  فقام بالأمر بعده خليفته الصديق ( رضي الله عنه ) فأركز قواعد الدين وثبته تثبيتا بعد أن كاد ينجفل بمخازي المرتدين والمنافقين .  وبعد أن رحل إلى الرفيق الأعلى وتولى من بعده الفاروق العظيم أبو حفص عمر بن الخطاب ( رضي الله عنه ) قاتل المشركين الذين يلون المسلمون أولا بأول ،  الأقرب فالأقرب .  وكذا صنع خلفه من بعده عثمان ( رضي الله عنه ) فقد كان شأنهم جميعا في قتال المشركين أن يقاتلوا الأقرب قبل الأبعد عملا بقوله تعالى :  {  قاتلوا الذين يلونكم من الكفار } .

قوله :  {  وليجدوا فيكم غلظة } أي شدة .  وهذه كلمة جامعة يراد منها جملة معان :  الجراءة ،  والعنف ،  والإثخان في القتل والصبر عليه ؛  لما في ذلك من تخويف للظالمين المعتدين وإثارة الذعر في قلوبهم كيما يتضعضعوا ويولوا الأدبار .

قوله :  {  وعلموا ان الله مع المتقين } يراد بالمتقين الذين يخشون الله فيبادرون بالطاعة له والإخبات ،  ولم يقصدوا من جهادهم وقتالهم مالا ولا شهرة ولا غنيمة ،  ولم يبتغوا من ذلك فخرا أو ظهورا وإنما يبتغون بذلك وجه الله ومرضاته ،  وإعلاء شأن الإسلام ."
9,124,"قوله تعالى :  {  وإذا ما أنزلت سورة فمنهم من يقول أيكم زادته هذه إيمانا فأما الذين آمنوا فزادتهم إيمانا وهم يستبشرون 124 وأما الذين في قلوبهم مرض فزادتهم رجسا إلى رجسهم وماتوا وهم كافرون } إذا ما أنزل الله على رسوله وعلى المؤمنين سورة من القرآن قال المنافقون في اجتراء لئيم ووقح ،  وفي استكبار غاشم جحود :  {  أيكم زادته هذه إيمانا } {  أيكم } ،  مرفوع على الابتداء .  وما بعده خبره .  وقد قال المنافقون ذلك على سبيل الإنكار والاستهزاء والاستخفاف بالكتاب الحكيم وآياته الكريمة الباهرة .  ولقد قال المنافقون ذلك بعضهم لبعض ،  وهم يريدون بذلك تثبيت النفاق والكفر في قلوبهم ،  وقالوه كذلك لضعفة المسلمين وهم يبتغون بذلك إشاعة الشك والارتياب في قلوبهم وعقولهم لينفتلوا عن دين الله .

قوله :  {  فأما الذين آمنوا فزادتهم إيمانا } هذه الآية من أكبر الدلائل على أن الإيمان يزيد وينقص .  وهذا مذهب أكثر السلف والخلفاء من العلماء .

قوله :  {  وهم يستبشرون } يستشعرون بقولهم حلاوة البشرى والاغتباط بما ينزل من السماء من قرآن ."
9,125,قوله :  {  وأما الذين في قلوبهم مرض فزادتهم رجسا إلى رجسهم } المرض يراد به هنا النفاق ،  أو الشك .  والرجس معناه :  القذر ،  والعذاب ،  والإثم .  والمقصود :  أن المنافقين كلما أنزلت من عند الله سورة كفروا بها ،  وإذا كفروا بسورة زاد كفرهم فزاد به عذابهم ؛  أي أنه يزدادون كفرا على كفر ؛  فيزداد بذلك ضلالهم وعقابهم .  ثم يصيرون إلى أسوأ عاقبة وهي أن يموتوا كافرين .
9,126,"قوله تعالى :  {  أولا يرون أنهم يفتنون في كل عام مرة أو مرتين ثم لا يتوبون ولا هم يذكرون 126 وإذا ما أنزلت سورة نظر بعضهم إلى بعض هل يراكم من أحد ثم انصرفوا صرف الله قلوبهم بأنهم قوم لا يفقهون } الهمزة للإنكار والتوبيخ .  والفتنة بمعنى العذاب .  أو الاختبار .  فمعنى الآية :  أفلا يرى هؤلاء المنافقون أنهم يختبرون بالشدة والجوع مرة أو مرتين في كل عام {  ثم لا يتوبون } عما هم فيه من خبيث النوايا وشنيع الأفعال {  ولا هم يذكرون } أي لا يعتبرون ولا يتعظون .

وقيل :  الاختبار يراد به كشف أسرارهم ،  وفضح نواياهم ،  وإظهار نفاقهم ،  وهو الأولى بالاعتبار ؛  فيكون المعنى :  أفلا يزدجر هؤلاء المنافقون الذين يفضح الله نواياهم وسرائرهم مرة أو مرتين في كل عام ليعلموا أن ذلك من الله فيتوبوا إليه وتستقيم نواياهم وأعمالهم ."
9,127,"قوله :  {  وإذا ما أنزلت سورة نظر بعضهم إلى بعض هل يراكم من أحد } لا يطيق المنافقون سماع القرآن وذلك لفرط كراهيتهم لدين الله وما جاءهم به من الحق هؤلاء المنافقون كانت تفيض قلوبهم بالحقد والاضطغان والنفور من رسول الله صلى الله عليه وسلم ومن دينه .  وأشد ما كانت تتنغص منه نفوسهم المريضة أن يسمعوا كلام الله .  فإذا ما أنزلت سورة من القرآن أخذوا يتغامزون بعيونهم ويشاورون فيما بينهم ليتدبر الخروج والانسلال لواذا من موضعهم الذي هم فيه ليتفرقوا شاردين نافرين .  وهذه طبائع كزة عجاف لا تصيخ للحق او اليقين ،  ولا تشدها المعجزات المجلجلة البواهر ،  ولا تثنيها الحجج والبراهين السواطع عن اقتراف الفضائح وخسائس الأعمال ،  ولا يصدها عن الكيد والخدع منطق او ضمير .  أولئك فريق من البشر الخبيث يتقمصون في ظواهرهم وقسمات وجوههم الهشات ثياب الطهر والعفة ،  وهم في الحقيقة أنجاس يكنون في أعماقهم وخفاياهم كل معاني اللؤم والجحود والخسة ،  وألئك هم المنافقون  !

قوله :  {  هل يراكم من أحد } {  هل يراكم } ،  في محل نصب بقول مضمر ؛  أي يقولون :  هل يراكم .  وجملة القول في محل نصب على الحال .  و {  من أحد } ،  فاعل .  إذا تغامز المنافقون بأعينهم استنكارا وسخرية من كلام الله فهموا بالخروج كيلا يستمعوا القرآن فيغتاظوا وتشمئز قلوبهم تساءلوا فيما بينهم :  هل من أحد يراكم ؟  وذلك ليتمكنوا من الانصراف .

قوله :  {  ثم انصرفوا } بعد أن وقف المنافقون على عدم رؤية أحد إياهم انصرفوا متلصصين خزايا يسترقون الخطوات استراق الخائنين ،  لقد انصرفوا من مجلسهم الذي كانوا فيه لدى نزول القرآن بسبب تغيظهم من سماعه ؛  فهم لا يتحملون سماعه لشدة ما تكنه نفوسهم من كراهية وخشية من افتضاحهم وانكشاف وهم يتغامزون ويضحكون .

قوله :  {  صرف الله قلوبهم } وهذا دعاء على المنافقين بصرف قلوبهم عما في قلوب المؤمنين .  وذلك وعيد لهم بلحوق العذاب بهم .  وقيل :  الصيغة للخبر بحسب الظاهر ؛  فقد بين الله صرف قلوبهم عن الإيمان جزاء لهم على نفاقهم وسوء مقاصدهم .

قوله :  بأنهم قوم لا يفقهون } الباء للسببية ؛  أي بسبب حماقتهم وسوء فهمهم وغفلتهم وعدم تدبرهم لكلام الله ؛  صرفهم الله ،  أو أنهم انصرفوا عن مجلسهم ،  لأنهم حمقى لا يتدبرون القرآن ."
9,128,"قوله تعالى :  {  لقد جاءكم رسول من أنفسكم عزيز عليه ما عنتم حريص عليكم بالمؤمنين رؤوف رحيم 128 فإن تولوا فقل حسبي الله لا إله إلا هو توكلت وهو رب العرش العظيم } .

يخاطب الله في الآية العرب ممتنا عليهم بإرساله إليهم رسوله العظيم محمدا صلى الله عليه وسلم ؛  فهو من أنفسهم ؛  أي من جنسهم ومن نسبهم .  وهو عربي مثلهم بل هو من خيرهم نسبا وأشرفهم محتدا .  وفي ذلك أخرج البخاري عن أبي هريرة أن رسول الله صلى الله عليه وسلم قال :  ( بعثت من خير قرون بني آدم قرنا فقرنا ،  حتى كنت من القرن الذي كنت فيه ) .  وأخرج مسلم عن واثلة بن الأسقع قال :  قال رسول الله صلى الله عليه وسلم :  ( عن الله تعالى اصطفى من واد إبراهيم إسماعيل ،  واصطفى من لود إسماعيل بني كنانة ،  واصطفى من بني كنانة قريشا ،  واصطفى من قريش بني هاشم ،  واصطفاني من بني هاشم ) .

قوله :  {  عزيز عليه ما عنتم } {  عزيز } ،  صفة لرسول {  ما } مصدرية ،  أو بمعنى الذي ،  وعلى كلا التقديرين فهي فاعل بعزيز .  والتقدير :  يعز عليه عنتكم ،  أو الذي عنتموه ؛  أي :  عنتهم يسيئه .  وعلى هذا فمعنى الآية :  أنه صعب عليه وشاق عنتكم ،  أو ما يلحقكم من عنت وهو المكروه والعذاب والضيق الذي تجدون منه العناء والشقاء في حياتكم .

قوله :  {  حريص عليكم } أي حريص على إيمانكم وهداكم وصلاح حالكم في الدنيا والآخرة .

قوله :  {  بالمؤمنين رؤوف رحيم } أي ان النبي صلى الله عليه وسلم شديد الرحمة والشفقة عليكم ،  وهو عظيم الرأفة بكم ،  يحرص على إيصال الخير والتوفيق والإحسان إليكم ،  لتكونوا كرماء سعداء في دينكم ودنياكم ."
9,129,قوله :  {  فإن تولوا فقل حسبي الله } فإن أعرضوا عن الإيمان بعد الذي جاءهم من الحق والهدى وأبوا إلا الكفر والضلال فقل لهم :  {  حسبي الله لا إلاه إلا هو } أي أن الله كافي ؛  فهو سبحانه يكفيني من كل شيء .  يكفيني معرة المشركين الظالمين ويمنعني من أذاهم مكرهم ،  ويدرأ عني شرهم وكيدهم ؛  ذلكم الله وحده ،  الإله القدر الحفيظ {  عليه توكلت } أي فوضت أمري إلى الله وحده دون أحد سواه ؛  فهو الإله الحكيم الأعظم ،  القادر المستعان {  رب العرش العظيم } أعظم المخلوقات كافة .  ومن أجل ذلك خصه بالذكر .  وفي ذلك ما يشير إلى عظيم قدرة الله ،  وبالغ شأنه ،  ومطلق سلطانه وجبروته ؛  فهو سبحانه خير الحافظين ،  وخير من يستجير به المظلومون والمستضعفون من أهل الحق .
