surah_number,ayah_number,tafsir_text
10,1,"وتبدأ الأولى في سورة يونس :

{  آلر تلك آيات الكتاب الحكيم ( 1 ) :

و{  آلر } ثلاثة حروف ،  وقد سبقتها سورة البقرة ب{  آلم } و {  آلم } في ألم في أول سورة آل عمران ،  وفي أول سورة الأعراف {  آلمص } وهنا {  آلر } في أول سورة يونس .  ونلاحظ أن {  آلم } و {  آلمص } و {  آلر } كلها أسماء حروف .

وكل شيء له اسم وله مسمى ،  وأنا اسمي الشعراوي صحيح ،  والمسمّى هو صورتي .  فإذا أطلق الاسم جاءت صورة المسمى في الذهن .  فساعة نقول :  "" السماء ""  يأتي الذهن  "" ما علاك ""  .  وساعة تقول :  "" المسجد ""  يأتي إلى الذهن المكان المحيّز للصلاة .

إذن فهناك فلاق بين الاسم والمسمّى .  وكل إنسان أميّ ،  أو متعلم ،  له قدرة على الكلام ،  لكن لا ينطق بأسماء الحروف إلا من تعلم .  وفي الإنجليزية نطلب ممن يتعلمها أن يتهجى أسماء الحروف .

إذن :  فالكل- كل متكلم-يعرف النطق بمسميات الحروف ولكن الذي يعرف المسميات ويعرف الأسماء هو من جنس معلم .  وعرف أنك حين تقول :  "" أكلت ""  ،  فهذه الكلمة مكونة من ( همزة ،  وكاف ،  ولام ،  وتاء ) .

فإن كانت بعض سور القرآن قد بدأت ب{  آلم ؛  هذه أسماء حروف ،  لا مسميات حروف ،  ومحمد صلى الله عليه وسلم أمي لم يتعلم ،  فمن الذي علمه أسماء الحروف ؟

هي ،  إذن رمزية على أنه –بإقرار الجميع- أمي ولم يجلس إلى معلم ،  ولم يقل له أحد شيئا ،  ثم نطق بعد ذلك بأسماء الحروف  "" ألف لام مي ""  ولو نظرت إلى المنطوق بالأسماء تجدها أربعة عشر حرفا تكررت ،  وهي نصف حروف الهجاء .

ومن العجيب أن توصيف حروف الهجاء جاء بعد أن نزل القرآن .

وقسمناها نحن إلى حروف مهجورة وحروف مهموسة وحروف رقيقة وحروف رخوة .  وقد حدث هذا التقسيم بعد أن نزل القرآن .  وبالاستقراء تجد الأربعة عشر حرفا التي تأتي في فواتح السور تمثل كل أنواع الحروف .  من :  رقيق ،  ومفخم ،  ومجهور ،  ومهموس ،  ومستعل ،  وبدأ الله بها على أشكال مختلفة ،  فمرة يبدأ بحرف واحد : {  ص والقرآن ذي الذكر ( 1 ) } ( ص ) ، ويقول سبحانه : {  ق والقرآن المجيد ( 1 ) } ( ق ) ، ويقول سبحانه :  {  ن والقلم وما يسطرون ( 1 ) } ( القلم ) .

إذن :  فثلاث سور ابتدأت بحرف واحد .

وهناك سور ابتدأت بحرف واحد .

وهناك سور ابتدأت بحرفين اثنين مثل : {  طه } .  {  يس } .  {  طس } ،  {  حم } .

وهناك سور بدئت بثلاثة حروف :  {  ألم } مثلما بدئت سورة البقرة ،  وسورة آل عمران ،  وسورة العنكبوت ،  وسورة الروم ،  وسورة السجدة .  وهناك سور قد بدئت ب {  ألر } .

وثلاث سور تتفق في الألف واللام .  وتختلف في  "" الميم والراء ""  .  و {  آلر } في أول سورة يونس و{  آلم } في أول سورة يوسف .  و{  آلر } في أول سورة إبراهيم ،  و{  آلر } في أول سورة الحجر .  وهناك سورة قد بدئا بأربعة حروف مثل : {  آلمص } في أول سورة الأعراف ،  وكذلك سورة الرعد بدأت ب {  آلمر } .

وهناك سور قد بدئت بخمسة حروف مثل سورة مريم {  كهيعص } .  كذلك سورة الشورى بدأت ب {  حم ( 1 ) عسق ( 2 ) } .

ومرة يطلق الحرف أو الحرفان في أول السورة ولا تعتبر آية وحدها ؛  بل جزءا من آية ،  وهناك سورتان تبدآن بأحرف وتعتبر آية مثل {  طه } ،  و{  يس } .  وأما في سورة النمل فهي تبدأ ب {  طس } ولا تعتبر آية وحدها .

إذن :  فمرة تنطق الحروف وحدها كآية مكتملة ،  ومرة تكون الحروف بعضها من آية ،  ومرة تأتي خمسة حروف مثل {  كهيعص } كل هذا يدلك على أن القرآن توقيفي .  ولم تأت آياته على نسق واحد ؛  لننتبه إلى أن الحق سبحانه أنزل هذه الحروف هكذا ،  ولن تأت آياته على نسق واحد ،  لننتبه إلى أن الحق سبحانه أنزل هذه الحروف هكذا ،  وكذلك نجد كلمة  "" اسم ""  في القرآن في {  بسم الله } وتكتب من غير ألف ،  وهي ألف الأصل ،  أي :  تنطقها حين تقرأها لكن الحرف يسقط عند الكتابة ولكنها لا تسقط عندما نكتب الآية الأولى من سورة العلق : {  اقرأ باسم ربك الذي خلق ( 1 ) } ( العلق ) .

ومثال آخر لو استعرضت في القرآن الكريم كلمة  "" تبارك ""  ،  ستجدها فيها ألفا بعد الباء ،  وتأتي مرة من غير ألف ،  وكلمة  "" البنات ""  نجدها مرة بألف ومرة من غير ألف ،  كل ذلك ؛  لنفهم أن المسألة ليس لها رتابة كتابة ؛  لأنها لو كانت رتابة كتابة ؛  لجاءت على نظام واحد .

وقد شاء الحق هذا الأمر ؛  لتكون كتابة القرآن معجزة ،  كما كانت ألفاظه وتراكيبه معجزة .  وقد قال البعض :  إن العرب المعاصرين لرسول الله صلى الله عليه وسلم لمن يكونوا أهل إتقان للكتابة ،  ونقول :  لو كانوا على غير دراية بالكتابة لما كتبوا  "" بسم ""  من غير ألف في موقعها ،  لقد علموا أن القرآن يجب أن يكتب كما نزل به جبريل عليه السلام على رسول الله صلى الله عليه وسلم كتابة توقيفية ،  أي :  كما أمر الحق سبحانه .

وعجيبة أخرى كل آيات القرآن مبنية على الوصل ،  فأنت لا تقرأ ختام بالسكون ،  بل تلتفت لتجد الكلمة التي في ختام أي سورة مشكلة بغير السكون .

والمثال هو : {  وهو رب العرش العظيم } وجاء الحرف الأخير بالكسر لا بالسكون ؛  لتقرأ موصولة بما بعدها ،  فتقرأ كالآتي : {  وهو رب العرش العظيم بسم الله الرحمان الرحيم } .

وهذه الحركة دلت على أن جميع آيات القرآن موصولة ببعضها ،  وإياك أن تجعل القرآن{  عضين } فلا تأخذ بعضا من آياته مفصولا عن غيرها ،  بل القرآن كله موصول ،  فليس في القرآن من موقف واجب ،  بل الآيات كلها مبنية على الوصل ،  وإن كانت الكلمة الأخيرة تنتهي بالفتحة فأنت تقرأها منصوبة ومن بعدها {  بسم الله الرحمان الرحيم } فنحن لا نسكّن الحرف الأخير في أي سورة ؛  لأنها موصولة بما بعدها .

وحتى في الحكم التجويدي إن وجد إقلاب ننطقه إقلابا ،  وإن وجد إظهار ننطقه إظهارا ؛  لأن آيات القرآن مبنية على الوصل .

ولقائل أن يقول :  إذا كان القرآن قد بني على الوصل ،  فكان المفروض أن آيات القرآن التي بدئت بحروف المعجم تنبني على طريقة المعجم .  فلا نقول ( ألف لام ميم ) بل نقول :  "" ألم ""  ونقول المثل لمثل هذا القائل :  لا ،  إن حروف القرآن التي بدئت بها السور يجب أن ننطقها كما هي ،  فننطق  "" ألف ""  ثم نقف ،  ونقرأ  "" لام ""  ثم نقف ،  ونقرأ  "" ميم ""  قثم نقف ؛  لأن هذه الحروف جاءت هكذا ،  وعلمها جبريل عليه السلام لرسول الله صلى الله عليه وسلم هكذا ،  حتى لا نقول رتابة كلام ،  بل إن لذلك حكمة عند الله سواء فهمتها أنت الآن أم لم تفهمها .

وقد نزل القرآن على أمة عربية وظل أناس على كفرهم ،  وكانوا يعاندون رسول الله ،  ويترصدون لأي هفوة ؛  ليدخلوا منها للتشكيك في القرآن ،  ولكن أسمعتم رغم وجود الكافرين الصناديد أو واحدا قال :  ما معنى {  آلم } ؟  .

لم يقل أحد من الكافرين ذلك ،  رغم حرصهم على أن يأتوا بمطاعن في القرآن ،  بل اعترفوا بمنطق بلاغة القرآن الكريم ،  مما يدل على أنهم فهموا شيئا من {  آلم } بملكتهم العربية ،  ولو لم يفهموا منها شيئا ؛  ليطعنوا في القرآن .  لكنهم لم يفعلوا .

وأيضا صحابة رسول الله صلى الله عليه وسلم وهم أهل حرص على الفهم ،  هل سمعت أن أحدا سأل رسول الله عن معنى {  آلم } ؟  لم يحدث ،  مما يدل على أنهم انفعلوا لقائلها بسرّ الله فيها ،  لا بفهم عقولهم لها ؛  لأن الوارد من عند الله لا يوجد له معارض من النفس ،  وإن يقبله العقل فهو لا يرفضه مع استراحة النفس له .  وضربنا من قبل مثلا ،  فقلنا :  إن آل فرعون حين استحيوا نساء بني إسرائيل وذبحوا الذكور ،  فماذا فعلت أم موسى ؟  لقد أوحى لها الله ما جاء خبره في القرآن :

{  وأوحينا إلى أم موسى أن أرضعيه فإذا خفت عليه فألقيه في اليم .  . ( 7 ) } ( القصص )

هات أي أمّ وقل لها :  حين تخافين على وليدك فارميه في البحر ،  طبعا لن تنفذ أي أم هذا الاقتراح .

كان من الممكن أن تحاول أم موسى إخفاء موسى بأي وسيلة .

أما أن تلقيه في البحر مظنة أن تنجيه من الذبح ،  فهذا أمر غير متخيل ،  ولكن هذا أمر وارد من الرحمان بالإلهام والوحي ،  فلا يأتي الشيطان ؛  ليعارض أبدا ؛  ولذلك طمأنها الحق سبحانه ،  لأن الآيات وردت : {  فإذا خفت عليه فألقيه في اليم .  .  . ( 7 ) } ( القصص ) .

وكأن هناك تمهيدا يعلمها الاستعداد للأمر قبل أن يقع ،  وحين جاء الأمر .

{  إذا أوحينا إلى أمك ما يوحى ( 38 ) أن اقذفيه في التابوت فاقذفيه في اليم .  .  . ( 39 ) } ( طه ) .

والكلام هنا كلام عجلة ؛  لأن هذا وقت التنفيذ ،  وطمأنها سبحانه بأن اصدر أوامره للبحر أن يقذفه إلى الشاطئ : {  فليلقه اليم بالساحل .  .  . ( 39 ) } ( طه ) .

وأصدر الحق أوامره إلى العدو أن يأخذه ؛  ليربيه : {  فليلقه اليم بالساحل يأخذه عدو لي و وعدو له .  .  . ( 39 ) } ( طه ) . إذن :  وارد الرحمان لا يأتي له رد أبدا .

وكذلك يستقبل المؤمن {  آلم } يسر الله فيها ،  لا بفهم عقله .

وأنا أنصح من يريد أن يقرأ القرآن تعبدا ألا يشغل نفسه بالمعنى ،  على خلاف من يقول :  "" اقرأ لتستنبط ""  ؛  لأن من يريد أن يستنبط هو الذي يقف عند اللفظ ،  ويطلب معناه .  فإذا قرأت القرآن للتعبد ،  ؛  فلتقراه بسر الله فيه ؛  حتى لا تحدد القرآن بمعلوماتك ؛  فتأخذه أخذا ناقصا بنقصك البشري ؛  لذلك في قراءة التعبد نأخذ اللفظ ؛  فليس كل قارئ للقرآن متخصصا في اللغة ؛  ليعرف أصل كل كلمة ،  والكثير منا أمي ،  يريد التعبد بالقرآن ،  إذن-فليأخذ القرآن بسر الله فيه .

والمثال من حياتنا-ولله المثل الأعلى- نجد الجيش يضع اسمها :  "" كلمة السر ""  ،  وهذه الكلمة قد لا يكون لها معنى ،  ولكن لا أحد يتحرك أو يخرج أو ينضم إلى المعسكر إلا إذا قالها .  ولتكن الكلمة  "" عدس ""  على سبيل المثال ،  ومن يعرفها يعرف أنها منجية من الموت ،  وساعة يعود مقاتل إلى كتيبته وينطق بكلمة  "" عدس ""  ،  هنا يعرف حارس بوابة المعسكر أنه منهم ،  أما من لا يعرفها فقد يقتل .  ومن يقولها ،  وإنما ينطقها بسر من لقنه إياها .

وقد يفهم العربي القديم عن الحروف التوقيفية في أوائل بعض السور أشياء ،  وللغة فيها نظائر ؛  لأنه مثلا حين يقرأ الشعر ،  ويلتفت على شاعر يقول :

ألا هبي بصحنك فاصبحينا

ويقول :

ألا لا يجهلن أحد علينا	 ****	فنجهل فوق جهل الجاهلينا

ما معنى ألا هنا ،  ولماذا جاءت ؟  فالمعنى واضح بدونها ،  لكن العربي القديم قد نطق هذا البيت ،  وعرف أن الكلام وسيلة إفهام وفهم بين المتكلم والسامع .  والمتكلم هو مالك الزمام في أن يتكلم ،  أو لا يتكلم ،  والسامع مفاجأ بالكلام ،  فإذا ما ألقيت الكلام إلى السامع ؛  قد يكون ذهنه مشغولا ،  وإلى أن ينتبه لكلماتك ،  قد تفوته جزئية من جزئيات الكلام ؛  فتنبه أنت إلى ما قلت ؛  فيتنبه ليستوعب كل ما قلت .

إذن :  فما المانع أن يكون الحق سبحانه وتعالى يريد أن يهيئ الأذهان ب {  آلم } ،  حتى نسمع ؛  ثم تأتي الآيات الحاملة للمنهج من بعد ذلك ؟

وما المانع في أن نفهم أن النبي الأمي لا يعرف كيف ينطق بأسماء الحروف ،  فهو إن نطق فإنما يصدر ذلك بعد تعليم الله له ؟

ولماذا لا نفهم منها أيضا أن وسائل الفهم لا تنتهي إلى أن تقوم الساعة ؟  وإلا لو انتهت عند البشر ؛   لكان كلام الله قد حددت صفته بفهم البشر ،  وسبحانه قد شاء أن نغترف من معاني كلماته الكثير على مدى الأزمان ،  والقرآن كلام الله ،  وكلام الله صفته ،  وصفته لا تتناهى في الكمال ،  فإن عرفت كل مدلولاتها ،  تكون قد حددت الكمال بعلم ،  لكن القرآن لا نهاية له .

ولماذا لا نفهم أن القرآن الذي بين الحق سبحانه وتعالى أنه معجزة محمد صلى الله عليه وسلم هو من جنس ما نبغ فيه قومه ،  فتحداهم من جنس ما برعوا فيه .  ويقول لهم :  هاتوا مثيلا له ،  ولن تستطيعوا ،  ولو أنه جاء بالقرآن على غير لغتهم في الكلام لقالوا :  لا نستطيع ؛  لأن حروف هذه اللغة جديدة علينا .

وقد شاء الحق أن يكون القرآن من نفس الحروف التي يتحدثون بها ،  وبالكلمات التي يعرفونها في لغتهم ،  وشاء سبحانه أن يجعل حروف وكلمات وآيات و أساليب القرآن غير قابلة للتقليد ؛  لأن المتكلم مختلف ،  وبهذا جاءت عظة القرآن لا من ناحية المادة الخام التي تبنى منها الكلمات وهي الحروف ؛  بل بالمعاني والنسق الذي جاءت به الحروف ،  فالمادة الخام –وهي الحروف- واحدة .  وصار القرآن معجزة ؛  لأن المتكلم هو الله .

وضربنا من قبل المثل لنقرب ذلك إلى الأذهان :  هب أننا نريد أن نقيس مهارة من ينسجون الأقمشة ،  ونضع أمام كل منهم مجموعة من غزل الصوف وغزل القطن ،  وغزل الحرير ،  وهذه مواد خام يختلف كل منها عن الآخر ،  ونقول لهم :  كل واحد منكم عليه أن ينسج قطعة من كل صنف لنعرف الأفضل في النسج .

وسنسمع من يقول :  إن نتيجة نسج الصوف نسيج خشن ،  وناسج القطن سينسج قطعة تأخذ صفات القطن ،  وناسج الحرير سينسج لنا نسيجا ناعما ،  أما إن أعطينا كلا منهم نوعا واحدا من الغزل ؛  صوفا أو قطنا أو حريرا ،  هنا سنعرف من الأقدر على النسج .

وسنسمع من يقول :  إن نتيجة نتج الصوف نسيج خشن وناسج القطن سينسج قطعة تأخذ صفات القطن ،  وناسج الحرير سينسج لنا نسيجا نعما ،  إما أن أعطينا كلاّ منهم نوعا واحدا من الغزل ؛  صوفا أو قطنا أو حريرا ،  هما سنعرف من الأقدر على النسج .

إذن :  لو أن القرآن جاء بغير حروف العرب ،  وبغير كلمات العرب ؛  لقالوا :  لو كانت عندنا هذه الحروف وهذه الكلمات ،  لأتينا بأحسن منها .

لذلك شاء الحق أن يأتي القرآن من جنس الحروف والكلمات .  ولذلك تحوم العقول حول مقدمات آيات السور ؛  لتعرف شيئا من الإيناسات بعد أن تواصلت الثقافات ،  ولم تعد اللغة العربة متوافرة مثلما كان الحال أيام نزول القرآن ،  ومن كانوا يملكون هذه الملكة الصافية أيام رسول الله صلى الله عليه وسلم سمعوا الحروف التي في أوائل بعض السور وقبولها ،  والحق سبحانه يقول : {  آلر تلك آيات الكتاب الحكيم ( 1 ) } ( يونس ) .

و{  تلك } :  إشارة ،  لا بد أن نفرق بين الإشارة والخطاب ؛  لأن البعض يخلط بينهما ،  فالإشارة هي التي تشير إلى شيء مثل قولنا :  هذا وذا ،  أو تلك ،  وهذا :  إشارة لمذكر ،  والمثال هو قولنا : هذا القلم جميل ،  أما قولنا :  تلك الدواة جميلة ،  فهذه إشارة لمؤنثة .  أما  "" الكاف ""  :  فهي حرف للخطاب ،  فالتاء :  إشارة للآيات وهي مؤنثة ،  و "" الكاف ""  في {  تلك } :  للمخاطب ،  وهو محمد صلى الله عليه وسلم .  فالله يقول لرسوله :  تلك الآيات يا محمد .

وعلى ضوء الفوارق بين الإشارة والخطاب تختلف أساليب القرآن ،  مثل قوله الحق : {  فذانك برهانان من ربك .  .  . ( 32 ) } ( القصص ) : و "" ذانك ""  :  إشارة لشيئين اثنين :  للعصا . و{  وأدخل يدك في جيبك .  .  . ( 12 ) } ( النمل ) .

ويقول الحق أيضا : {  ذلكما مما علمني ربي .  .  . ( 37 ) } ( يوسف ) .

وهذا ما قاله سيدنا يوسف عليه السلام للسجينين اللذين كانا معه .  وتظهر لنا العبارة أنه كان يخاطب اثنين ،  ولكنه يشير إلى التأويل ب  "" ذا ""  .

وحين دعت امرأة العزيز النسوة ؛  ليشاهدن جمال سيدنا يوسف ،  وأعطت واحة منهن سكينا ،  وقالت :  اخرج عليهن ،  ولأنه مفرد مذكر ،  وهن جماعة إناث ،  فالعبارة تأتي بخطاب لجماعة إناث ،  ولإشارة إلى المفرد المذكر فقالت : {  فذلكن الذي لمتنني فيه .  .  . ( 32 ) } ( يوسف ) : و "" ذا ""  إشارة على سيدنا يوسف ،  و "" كن ""  خطاب للنسوة .  والقرآن حين يخاطب جماعة يقول : {  ذلكم ظنكم الذي ظننتم بربكم .  .  . ( 23 ) } ( فصلت ) .

إذن :  فهناك فرق بين الإشارة والآيات فال  "" ت ""  للآيات ،  والآيات مؤنثة ،  والمخاطب الأول بالتكليف هو رسول الله صلى الله عليه وسلم .

والآيات-كما عرفنا من قبل- جمع آية ،  والآية هي الأمر العجيب ،  وكل منا يسمع من يقول :  إنها في الحسن أو آية في الجمال ،  أو آية في الفن ،  أو آية في الروعة .

فالآية إذن هي الشيء العجيب ،  أو الشيء الذي بلغ من الحسن ومن الجمال درجة هائلة .  وتطلق الآيات متعددة :  فهي إما أن تكون المعجزات التي أمدّ الله بها رسله ؛  لبثت صدقهم .

{  مهما تأتنا به من آية لتسحرنا بها فما نحن لك بمؤمنين ( 132 ) } ( الأعراف ) ، وإما أن تطلق الآيات على الأشياء العجيبة في الكون مثل قوله الحق : {  وآية لهم الليل نسلخ منه النهار .  .  . ( 37 ) } ( يس ) ، وقوله سبحانه : {  وجعلنا الليل والنهار آيتين .  .  . ( 12 ) } ( الإسراء ) .

وقوله الحق : {  وجعلنا ابن مريم وأمه آية .  .  .  . ( 50 ) } ( المؤمنون ) .

إذن :  فالآية إما أن تكون شيئا في الكون ،  وإما أن تطلق على المعجزة التي جاء بها الرسل ؛  لتثبت صدقهم في البلاغ عن الله ،  وقد يكون المقصود بها آيات القرآن .

إذن فالآيات تطلق على ثلاثة أمور :  الآيات الكونية للنظر والاعتبار ،  وآيات إعجازية لصدق رسول الله صلى الله عليه وسلم في البلاغ عن الله ،  وآيات قرآنية تحمل الأحكام والتحدي للمشركين أم يأتوا بمثلها .

وهنا قوله الحق : {  آلر تلك آيات الكتاب } والمراد بها :  الآيات القرآنية ،  وما دام الله هو خالق الآيات الكونية الحسية ،  وخالق المعجزات ؛  وهو منزّل القرآن ،  فلا تعارض بين الآيات ؛  ،  لأن مصدرها واحد .

وقوله : {  آلر تلك آيات الكتاب الحكيم ( 1 ) } ( يونس ) :

وكلمة {  الحكيم } معناها :  الذي يضع الشيء في موضعه الدقيق بحكمة ،  فلا ينظر إلى ظاهر معطيات الشيء الآن ويغفل مات قد يأتي من مضرّة .

ولله المثل الأعلى أقول :  إنك قد تصل إلى شيء ،  وتظن أنه يخلصك من متاعب أخرى ،  لكنه قد يؤدي إلى شيء أضر ،  وهذا هو السبب في اختلاف ألوان ووظائف العقاقير المختلفة ،  ولذلك نجد الطبيب الحاذق يكتب عددا من الأدوية ؛  ليستخلص المريض منها ما يشفيه ،  ويحاول بقدر الإمكان أن يجنبه لآثار الجانبية لتلك الأدوية .

إذن :  فهذه حكمة ؛  لأن الطبيب لا يكتب الدواء الواحد الذي قد يأتي منه أثر ضار ،  بل يكتب معه دواء آخر يخفّف من ضرره ،  وهذه حكمة منه لأنه يعمل احتياطات لما قد ينشأ من ضرر أو أثر جانبي .

وفي أوائل الخمسينات ،  حاول العلماء أن يقللوا من أثر الحشرات للزروع ،  واخترعوا مادة  "" د . د . ت ""  لمقاومة الحشرات ،  وافتخروا بهذا كل الفخر حتى علا كل صوت ،  وهذا لأن البشرية وصلت إلى مادة تقضي على الحشرات ،  ولكنهم اكتشفوا أن هذه المادة تضر الكائنات الحية الأخرى ،  والآن توقع العقوبة على من يستخدم تلك المادة ؛   لأن ذلك عمل قد تم بغير حكمة .  قد نأخذ منه ظاهر النفع ،  لكن له جوانب متعددة من الضرر ،  فقد سمم الحيوانات وسمم الزروع .

إذن :  فالحكمة تعني :  أن تضع الشيء في موضعه ؛  ليعطيك فائدة لا تحدث ضررا فيما بعه .

وقد أنزل الله المنهج في الكتاب ليقود حياتنا إلى كل صلاح .  فإن طبقناه ؛  فسوف يأتي منه نفع ،  ولن يأتي لنا أي ضرر ،  وضربنا المثل في المعطيات التي أعطاها الحق لنا في الكون فسبحانه خلق لنا الحيوانات ؛  لنأخذ من لبنها ،  ونأخذ من أصوافها ،  ونأخذ من جلودها ،  ونأكل كم لحومها .  وهو القائل : {  وتحمل أثقالكم على بلد لم تكونوا بالغيه إلا بشق الأنفس .  .  . ( 7 ) } ( النحل ) .

أي :  أنها ستعطينا درجة من الحرارة ،  وإذا كان الإنسان قد اخترع أدوات أخرى تحمل عنا هذه المشقات ،  وتبلغنا غاياتنا بدون تعب ؛  فهذه اختراعات تحقق مصلحة البشرية-وقد كانت البشرية تحمل أمتعتها فوق الحمار أو البغل-وقد صنع الإنسان هذه الاختراعات ،  فصارت ؛  عندنا السيارات الكبيرة التي تحمل أطنانا من المواد والمتاع ،  ولكن لم نلتفت إلى ما تحدثه من عوادم تسبب فساد الهواء ،  وتلوثه على عكس فضلات الحمار أو البغل ،  التي تفيد في خصوبة الأرض .

إذن :  فصناعة السيارات إن لن تتخلص من عيوب عوادمها بأسلوب ما ،  فهي اختراع بلا حكمة ،  ويجب البحث عن وسائل لإزالة أضرار احتراق الوقود ،  وبذلك نستفيد من سرعة السيارات ،  وقدرتها على حمل البضائع ،  ونتخلص مما تسببه من ضرر .  وهكذا نعرف أن الحكمة هي :  وضع الشيء في موضعه المفيد فائدة دائمة لا يأتي من بعدها ضرر .

ولقائل أن يقول :  وما معنى قول الحق : {  الكتاب الحكيم } هل الكتاب بمفرده له حكمة ؟  أم أن الحكيم هو من أنزل الكتاب ؟  ونقول :  إن معنى {  الكتاب الحكيم } إنه الكتاب الذي يمتلئ بالحكمة الصادرة من الله ،  أو الكتاب الذي أنزل الرب الحكيم .  وكلمة  "" حكيم ""  على وزن  "" فعيل ""  ،  ومثلها مثل  "" كريم ""  و "" رحيم ""  وتأتي مرة بصيغة فاعل ،  ومرة بصيغة فعيل ،  وموضعها هو الذي يبين لنا ذلك .

ومعنى كلمة  "" الحكيم ""  يتضح من سياقها :  فإن نسبت الأمر إلى الحكم فهو كتاب صادر من الحق سبحانه ،  وإن أردت الوصف بمعنى فاعل فهو من حاكم ؛  والحاكم الذي يحكم في قضايا ؛  ليبين وجه الحق فيها ،  والقرن يحكم فير كل قضايا الإيمان .  وقمة العقيدة التي يحكم فيها القرآن هي لا إله إلا الله .  ومن يفعل عكس ذلك هو الظالم ،  وسبحانه القائل :  {  إن الشرك لظلم عظيم( 13 ) } ( لقمان ) : والقرآن يحسم هذه القضايا ،  وهو حاكم فاصل فيها .

فإن قلت :  "" محكم ""  تكون قد نسبته لله ،  وإن قلت :  "" حاكم ""  فهو الفاعل وهو يحكم في قمة العقيدة  "" لا إله إلا الله ""  ،  وهي شهادات ذات لذات ،  وشهادة مشهد من الملائكة ،  وشهادة أدلة من الخلق :

{  شهد الله أنه لا إله إلا هو والملائكة وأولوا العلم .  .  . ( 18 ) } ( آل عمران ) .

وساعة يفصل القرآن في هذه القضية ،  فهو يحكم عدلا يبين وجه الحق في قمة العقائد .  وهو حاكم في الأفعال ؛  فيبين الحلال من الحرام ويضع حدا فاصلا في الأحكام بين الحلال والحرام .  والحاكم في الأخلاق .

إذن :  "" حاكم ""  تعني ما يبين وجه الحق فيما تتعارض فيه الآراء والأفكار والمعسكرات المتضاربة .

و "" حكيم ""  إما أن تكون بمعنى  "" فاعل ""  وإما أن تكون بمعنى ( مفعول ) ووقعت الحكمة من قائله عليه ،  فصار ،   "" محكما ""  ،  وإن كانت كلمة الحكيم ،  بمعنى فاعل تكون بمعنى  "" حاكم ""  وكلمة تدل على أن هناك فريقين :  فريق يقول قضية ،  وفريق آخر يناقضه ،  فيأتي الحاكم ؛  ليفصل بين الأمرين ،  ليعدل وينصف .

وقد جاء القرآن هكذا :  حاكما في أمر القمة التي اختلف فيها ؛  فمنهم من أنكر وجود إله وهم الملاحدة .  ومنهم من قال :  إن الإله هو غير الله ،  ومنهم من قال :  الإله شريك لغيره ،  فجاء القرآن ؛  ليفصل في هذه المسألة ،  وحكم فيها واضحا ،  وبين :  يا من تقولون :  لا إله ؛  أنتم كذابون ،  ويا من تقولون :  إن الإله غير الله ؛  أنتم كذابون ،  ويا من تقولون : إن الإله له شركاء مع الله ؛  أنتم كذابون ،  بل هو إله واحد ،  وهذا أول حكم في قضية القمة .

وما دام الحكم في قضية القمة قد صح ؛  إذن :  فالاستقبال للمنهج سيكون واحدا ،  فلا آلهة متعددة يضارب هذا ذاك ،  أو يناقضه ،  بل هو إله واحد ،  يصدر عنه حكم واحد يحقق الوحدة في التكاليف للناس جميعا ،  ويخرج جميع الناس من أهوائهم إلى مراده هو سبحانه ،  ويكون القرآن حاكما أيضا في الأفعال ،  فقد يختلف الناس في تقييمهم لفعل واحد .  فهذا يقول :  فعل حسن ،  وآخر يقول : فعل قبيح ،  ويحسم القرآن الأمر ويحدد الحسن ؛  فيأمر به ؛  ويحدد الفعل القبيح ؛  فينهى عنه ،  ويبين لنا الحلال من الحرام .

إذن :  فالقرآن حكم في العقائد وفي الأفعال وفي ذوات الأشياء حلاّ وحرمة ،  وهو يحكم في قضية هامة تلي قضية الحكم في قمة العقيدة ،  وهي صدق البلاغ عن الله ،  فهذا الرسول الذي يحمل البلاغ عن الله لا بد أن يكون صادقا ،  وقد جاء القرآن بالحكم في هذه القضية بمعنى أنه جاء معجزا ،  فإن لم تكونوا قد صدقتم بأن هذا رسول ؛  فأتوا بمثل ما جاء به هذا الرسول .  فإن عجزتم ،  فالرسول بنفسه يخبركم أن القرآن ليس من عنده ،  بل من عند خالقه وخالقكم .

وسواء أكانت  "" حكيم ""  بمعنى  "" فاعل ""  أم بمعنى  "" مفعول ""  فقد دلتنا على أنها تعني وضع الأشياء في نصابها وضعا يحقق النفع منها دائما ،  ولا ينتج عنها ضارة أبدا .

ثم يقول ضارة أبدا ."
10,2,"ثم يقول الحق بعد ذلك :

{  أكان للناس عجبا أن أوحينا إلى رجل منهم أن أنذر الناس وبشر الذين آمنوا أن لهم قدم صدق عند ربهم قال الكافرون إن هذا لساحر مبين ( 2 ) } .

ما هو العجيب-إذن- في أن الله أوحى إلى رجل منكم أن يبلغكم إنذار الله وبشارته ؟  ما الذي تعجبتم منه ؟  وما موضع العجب فيه ؟  وجاء تحديد العجب فيه ما ذكرته الحيثية في آخر السورة السابقة من أن : {  رسول من أنفسكم .  .  . ( 128 ) } ( التوبة ) : أي :  من البشر ،  ومن العرب ،  ومن قبائلكم ،  ومن أنفسكم ممن تعرفون كل خلقه ،  فما العجيب في أن يرسله الله رسولا إليكم ؟  قد ائتمنتموه على أموركم من قبل أن ينزل الوحي من الله ،  فكأنكم احترمتم طبعه الكريم ،  وأنكم في كثير من الأشياء قبلتم منه أن يصل إليه من أحكام .

ودليل هذا أنكم حين اختلفتم في بناء الكعبة ،  وقالت كل قبيلة :  نحن أولى بأن نضع بأيدينا أقدس شيء في الكعبة ،  وهو الحجر ،  حين ذلك اختلفت القبائل ؛  فما كان إلا أن حكّموا أول داخل ،  فشاء الله أن يكون أول داخل ؛  هو محمد بن عبد الله ،  فكيف يحل محمد بن عبد الله هذه المشكلة ،  ولم يكن قد نزل عليه وحي بعد ؟  إنها الفطرة التي جعلته أهلا لاستقبال وحي الله فيما بعد ،  فماذا صنع ؛  لينهي الخلاف ؟

جاء برداء ،  ووضع الحجر على الرداء ،  ثم قال لكل قبيلة :  أمسكوا بطرف من الرداء ،  واحملوا الحجر إلى مكانه .  وتلك هي الفطرة السليمة ورأينا أيضا سيدنا أبا بكر عندما قالوا له وهو راجع من الرحلة التي كان يقوم بها :  لقد ادعى صاحبك النبوة ،  قال :  "" إن كان قد قالها بصدق ""  .

من أي أحداث جاء حكم أبي بكر ؟  أهو سمع من رسول الله كلاما معجزا ؟  أسمع منه قرآنا ؟  لا ،  بل صدقه بمجرد أن أعلن أنه رسول .  فقد جربه في كل شيء ووجده صادقا .  وجربه في كل شيء ووجده أنه أمين ،  فما كان محمد ليصدق فيما بين البشر ،  ليكذب على الله .

وكذلك خديجة بنت خويلد حينما قال لها رسول الله صلى الله عليه وسلم :  يأتيني كذا وأخاف أن يكون كذا ،  فبينت له أن المقدمات التي في حياته لا توحي بأن الله يخذله ويفضحه ويسلط عليه الجن :  "" إنك لتصل الرحم ،  وتحمل الكل وتنصف المظلوم ،  ولن يخزيك الله أبدا ""  وبذلك كانت السيدة خديجة أول فقيه مستنبط في الإسلام .

وقوله سبحانه : {  أكان للناس عجبا } يعني :  التعجب من أن يصدر منهم العجب ،  والقرآن تعجب كيف يصدر منهم هذا العجب ؟  وما دام يتعجب كيف يصدر منهم هذا العجب ؟  فمن المنطقي ألا يكونوا قد تعجبوا ؛  لأنك فوق مستوى ما تعرف من البشر ،  مثلما ترى صنعة جميلة وتقول :  ما أحسن هذه الصنعة ،  وتتساءل :  ما الذي جعل هذه الصنعة جميلة إلى هذا الحد غير المتصور ؟

وأنت تقول ذلك ،  لأن الصنعة قد بلغت من الجمال مبلغا لا تصدق به أن أحدا من الموجودين في إمكانه أن يصنعها .  والمثال على ذلك :  نجد من يقول :  ما أحسن السماء ؛  وهو يتعجب من الشيء الذي يفوق تصوره .  وقد يتعجب من شيء قبيح ،  ما كان يجب أن يرد على الخاطر ،  ولذلك يقول القرآن : {  كيف تكفرون بالله .  .  . ( 28 ) } ( البقرة ) .

أي :  قولوا لنا :  كيف قبلتم لأنفسكم الكفر ؟ لأن الكفر مسألة عجيبة تتنافى مع الفطرة .

وهنا يقول الحق : {  أكان للناس عجبا أن أوحينا إلى رجل منهم .  .  . ( 2 ) } ( يونس ) .

وهنا نتساءل :  كيف تتعجبون وقد جئناكم برسول من أنفسكم ،  {  عزيز عليه ما عنتم حريص عليكم بالمؤمنين رءوف رحيم ( 128 ) } ( التوبة ) .

أليس هذا هو المطلوب في الرائد ،  فكيف تعجبون ؟  .

إن عجبكم يدل على أن بصيرتكم غير قادرة على الحكم على الأشياء ،  وما كان يصح أن يستقبل الرسول بالعجب ،  ونحن نتعجب من عجبكم هذا .

وحين تتعجب من العجب ؛  فأنت تبطل التعجب .

{  أكان للناس عجبا أن أوحينا .  .  . ( 2 ) } ( يونس ) : أي :  أن إيحاءنا لرجل منكم كان عجيبا عندكم ،  وما كان يصح أن يكون أمرا عجيبا ؛  لأنه أمر منطقي وطبيعي .

ثم ما هو الوحي ؟  لقد سبق أن أوضحنا أو الوحي هو الإعلام بخفاء .  وهناك إعلام واضح مثل قولك لابنك :  يا بني اسمع كذا ،  وافعل كذا .

هذا إعلام واضح .  وهناك إعلام بخفاء ،  كأن يدخل عندك ضيف ،  ثم يسه خادمك –مثلا- عن تحيته ،  فتشير للخادم إشارة ؛  تعني بها أن يسرع بتقديم التحية للضيف ؛  من مرطبات ،  أو حلوى ،  وهكذا تكون قد أعلمت خادمك بخفاء .

والحق سبحانه وتعالى يوحي إلى الجماد ،  سبحانه يقول : {  إذا زلزلت الأرض زلزالها ( 1 ) وأخرجت الأرض أثقالها( 2 ) وقال الإنسان مالها ( 3 ) يومئذ تحدث أخبارها ( 4 ) بأن ربك أوحى لها ( 5 ) } ( الزلزلة ) : أي :  أنه سبحانه وتعالى قد أعلمها إعلاما خفيا ؛  وهي قد فهمت بطريقة لا نعرفها .

وسبحانه يوحي للحيوانات ،  فهو القائل : {  وأوحى ربك إلى النحل .  .  .  . ( 68 ) } ( النحل ) . وأنت لا يمكنك أن تقول :  أنا سمعت الله وهو يوحي للنحل ،  لأن الوحي إعلام بخفاء ،  وهو سبحانه أعلم بالطريقة التي تم بها هذا الوحي ،  والنحل قد فهم عنه سبحانه ،  ولا شأن لك بذلك ،  فلا تسأل عن كيفية هذا الوحي : {  وأوحى ربك إلى النحل أن اتخذي من الجبال بيوتا ومن الشجر ومما يعرشون ( 68 ) } ( النحل ) .

أي :  أنها فهمت عن الله بما أودع فيها من الغرائز .

وسبحانه يوحي للملائكة وهو القائل : {  إذا يوحي ربك إلى الملائكة .  .  . ( 12 ) } ( الأنفال ) .

ويوحي سبحانه إلى غير الرسل ؛  كما أوحى إلى أم موسى .  {  وأوحينا إلى أم موسى أن أرضعيه فإذا خفت عليه فألقيه في اليم .  .  . ( 7 ) } .

وأوحى سبحانه إلى الرسل جميعا .

إذن :  فسبحانه يوحي للجماد ،  ويوحي للحيوان ،  ويوحي للملائكة ويوحي للصالحين من غير الأنبياء ،  يوحي الأنبياء والرسل .

والوحي- كإعلام بخفاء- يقتضي معلما ،  وهو الحق سبحانه تعالى ،  ومعلما ،  وهو إما :  الأرض ،  وإما النحل ،  وإما الملائكة ،  وإما إلى بعض الصالحين من غير الأنبياء ،  وإما الرسل والأنبياء .

وقد يأتي الوحي من غير الله ،  فسبحانه يقول : {  وكذلك جعلنا لكل نبي عدوا شياطين الإنس والجن يوحي بعضهم إلى بعض زخرف القول غرورا .  .  . ( 112 ) } ( الأنعام ) : إذن :  فالشياطين يعلمون بعضهم البعض ،  إعلاما خفيا .

ويقول الحق : {  إنا أوحينا إليك .  .  . ( 163 ) } ( النساء ) : والموحي إليه هو محمد رسول الله صلى الله عليه وسلم ،  وهو وحي خاص بالرسول ،  فلا تقل :  أنا لم أسمع ماذا أوحي إلى محمد ،  ولا أعرف كيف نزل الوحي ،  فقد جاء جبريل إلى رسول الله صلى الله عليه وسلم ،  وبلغه أن يعلن ما أوحى إليه ،  ولو كنت أنت قادرا على سماع الوحي من جبريل ،  فما ضرورة إرسال الرسول إذن ؟

إن الطاقة والقدرة العالية المرسلة إلى الموحي إليه تحتاج إلى قوة تحمل ،  وضربنا المثل من قلب بأن الإنسان حين ينقل طاقة من مصدر عال قوي إلى مصدر ضعيف فهو لا يسرب الطاقة من القوي إلى الضعيف دفعة واحدة ،  وإلا تحمل الضعيف تلك الطاقة القادمة إليه من القوي ،  لذلك نحن نأتي بمحوّل يتحمل طاقة القوي ،  ثم ينقل للضعيف ما يناسب قدرته ،  ومثال ذلك هو شراؤنا لمحول كهربائي حين ننقل الكهرباء من مصدر طاقة عالي الجهد إلى مصدر آخر ضعيف قليل الجهد ؛  مثل المصباح الصغير الذي تضيئه في المنزل ليلا لينير بالقدر المناسب كيلا نرتطم بالأشياء ،  وهو ما نسميه بالعامية  "" و نّاسة ""  .  إذن :  فمهمة المحول يستقبل من مصدر الطاقة القوي ؛  ليضيء لمصدر الطاقة الضعيف .

فإذا كان الله سبحانه وتعالى الذي يوحي للرسول ،  والرسول من البشر لا يمكنه التلقي المباشر عن الله ؛  لذلك لا بد من واسطة تبلغ في الارتقاء بما يسمح لها بالتلقي عن الله ،  وتستطيع أن تلتقي بالبشر ؛  وهذه خاصية الملك .

ورغم هذا أصاب الجهد والتعب سيدنا رسول الله صلى الله عليه وسلم في أول تلقيه للوحي ،  وكان صلى الله عليه وسلم يعرق حتى يتفصد العرق من جبينه ،  وإذا انصرف عنه الوحي قال :  "" زملوني زملوني ""  ويرتعد .

وكان الصحابة يقولون :  كان إذا نزل الوحي على رسول الله ،  وهو قاعد ؛  وقد تكون ركبته على فخذ أحد الصحابة ،  فيجد الصحابي ثقلا على رجله من شدة وطأة ركبة الرسول صلى الله عليه وسلم ،  وإذا نزل الوحي ،  والرسول يركب مطية فهي تئط منه .

إذن :  كان الوحي يتعب رسول الله صلى الله عليه وسلم ،  وبعد أن يسرى عنه التعب ؛  تبقى له حلاوة ما أوحي إليه ؛  فيتشوق ثانية للوحي .

وقد شاء الحق أن يشوق النبي صلى الله عليه وسلم للوحي ففتر الوحي لمدة من الزمن .  وحين اشتاق النبي للوحي ؛  كان ذلك يعني أنه قد شحن نفسه بطاقة متقبلة لاستقبال هذا الوحي ؛  بما فيه من تعب .

لله المثل الأعلى دائما ،  قس أنت الجهد المبذول في رحلة إلى من تحب ،  أثناء المطر ،  والأرض موحلة ومليئة بالشوك ،  ورغم ذلك أنت تقطع الرحلة دون أن تلتفت لما فيها من إرهاق وتعب .

وشاء سبحانه أن يرغّب رسوله شوقا إلى الوحي ،  و رغم ما فيه من جهد ،  لأنه التقاء ملك ببشر ،  وهذا اللقاء يكون على صورتين :  إما أن ينقلب الملك إلى مرتبة بشرية ؛  وهذه الصورة ليس فيها إجهاد على رسول الله صلى الله عليه وسلم ؛  لأن عملية التحويل جاءت في الأعلى بينما يظل رسول الله صلى الله عليه وسلم كما هو ،  مثلا دخل جبريل على رسول الله ،  وكان معه بعض من الصحابة ،  وسأل النبي صلى الله عليه وسلم :  ما الإيمان ؟  وما الإسلام ؟  وما الإحسان ؟  ثم اختفى السائل ،  فسأل الصحابة رسول الله عن هذا السائل ،  فقال :  ""  هذا جبريل جاءكم يعلمكم أمور دينكم  ""  .

هذه هي الصورة الأولى في الوحي ،  والتحول فيها كان من جهة الإرسال فلا مشقة فيها على النبي صلى الله عليه وسلم .

أما الصورة الثانية ،  فقد كان فيها مشقة على رسول الله صلى الله عليه وسلم ؛  لأن الملك يظل على طبيعته ،  التحول إنما يحدث لمحمد صلى الله عليه وسلم ،  وكان التحول يقتضي عملية كيماوية تصيبه بالجهد ؛  فيقول بعد أن يسرى عنه :  ""  زمّلوني ""  .

وشاء الحق أن يتلطف برسوله ،  ففتر الوحي فترة من الزمن .  وقال الكافرون من العرب :  إن رب محمد قد قلاه وهذا غباء منهم ؛  لأنهم اعترفوا أن محمدا ربّا .  وما داموا قد اعترفوا ،  فعدم إيمانهم صلف وغباء ،  وأرادوا بذلك أن ينسبوا النقص لمحمد صلى الله عليه وسلم ،  فقالوا :  إن الله قد قلى محمدا .

وقد شاء الحق أن ينقطع الوحي عن محمد صلى الله عليه وسلم هذه المدة ؛  ليكشفهم أمام أنفسهم وأمام غيرهم ،  لتنكشف نواياهم ،  وتثبت قلة بصيرتهم ،  وافتقادهم للمنطق السليم ،  فهم حين اعترفوا أن محمدا ربّا ،  كان عليهم أن يحتكموا إلى عقولهم ؛  ليعرفوا أنهم قد أقروا بالألوهية ،  لكنهم أرادوا بهذا الاعتراف أن ينسبوا النقص لرسول الله صلى الله عليه وسلم .

ولو قاضيناهم إلى عقولهم ،  وإلى الكون الذي عاشوا فيه ،  وإلى الظواهر المادية المحسوسة لهم ،  لعرفوا أن الأحداث لا بد لها من زمان ومكان ؛  لأن حديث يتطلب زمانا ومكانا ،  وإذا لم يوجد حدث ،  لا يوجد زمان أو مكان .

ولذلك أقول دائما لمن يسأل :  أين كان الله ؟  أقول له :  أنت جئت بالأينية من الزمان ،  والمكانية من المكان ،  وهذا لا يتأتى إلا بوجود حدث .  وما دام الله غير حدث ،  فلا زمان يحدده ،  ولا مكان يحيّزه ؛  لأن الزمان كان ،  والمكان كان به .  والأحداث هي عند البشر ،  فهم من يستقرون في المكان ويتوالى عليهم الزمان .

والزمان الذي يحدث فيه أي حدث اسمه  "" ظرف زمان ""  ،  والمكان الذي يحدث فيه الحادث اسمه  ""  ظرف مكان ""  ؛  وظرف المكان ظرف قارّ ثابت ،  بينما ظرف الزمان غير قارّ ،  بل هو حال ،  وبعد قليل يصبح الحال زمنا ماضيا ؛  ويأتي المستقبل ليكون حاضرا ؛  ثم يصبح ماضيا .

وهكذا نعلم أن ومنا فيه التناوب بين المستقبل والحال والماضي ،  والليل والنهار هما أوضح صور ظرف الزمان وفيهما اختلاف ،  فالليل يأتي والنهار خلفه ؛  لأن النهار جعله ضياء ؛  للحركة والكدح والعمل ،  وجعل سبحانه الليل ظلاما ؛  للسكون والراحة ،  فإن لم ترتح بالليل ؛  لا تقوى على العمل في الصباح ،  وهكذا يكون الليل مكملا للنهار لا مناقضا له .

وكذلك شاء الحق أن يكون الوحي بهذا الشكل ،  فحين جاء الوحي لأول مرة أجهد رسول الله صلى الله عليه وسلم ،  ثم فتر الوحي ليستريح صلى الله عليه وسلم ؛  وتتجدد قدرته على استقبال الوحي من بعد ذلك .

وحين قال الكافرون :  إن رب محمد قد قلاه ،  رد عليهم الحق سبحانه وتعالى : {  والضحى ( 1 )والليل إذا سجى ( 2 ) ما ودعك ربك وما قلى ( 3 ) } :  والضحى ضحوة النهار وهي –كما قلنا- للعمل والحركة ،  فإذا جاء الليل فهو يبدوا وكأنه ضد النهار ،  ولكنه غير ذلك ،  بل هو مكمل ويساعده .

إذن :  ففتور الوحي لمدة من الزمن كان لمساعدة رسول الله صلى الله عليه وسلم لتجديد الحيوية .  وقد أقسم الحق سبحانه بالضحى والليل ،  وهو قسم بالظاهرة الكونية المشاهدة والتي يعترف بها كل إنسان ،  ومؤمنهم ،  وكافرهم !

أقسم الحق بالضحى أنه ما قلى رسوله ،  بل شاء بفتور الوحي أن يعطيه طاقة تزيد من حركته ،  وتزيد من جهده ليشتاق صلى الله عليه وسلم لأمر الوحي .  وبذلك أعانه الحق على مهمته ،  وهذا أبلغ رد على من قالوا :  إن رب محمد قد قلاه ،  وإثبات أن الحق قد شاء لفترة فتور الوحي أن تكون كالليل سكونا ،  ليهدأ صلى الله عليه وسلم بعد الضحى المجهد الذي استقبل به الوحي .

وبعد أن تتجدد حيويته صلى الله عليه وسلم يأتي الوحي من جديد ؛  لذلك قال الحق :

{  وللآخرة خير لك من الأولى( 4 ) ولسوف يعطيك ربك فترضى( 5 ) } ( الضحى ) .

وبعد هذه السورة يقول الحق سبحانه وتعالى في سورة الشرح : {  الم نشرح لك صدرك( 1 ) ووضعنا عنك وزرك ( 2 ) الذي أنقض ظهرك ( 3 ) ورفعنا لك ذكرك ( 4 ) } .

وهكذا بين لنا الحق أن مسألة فتور الوحي وعودة هي العملية متكاملة ،  لكن الأغبياء فقط هم من يظنون أنها متناقضة ويقولون :  ( ظلمة-وضوء ) ،  و ( ليل ،  ونهار ) والحق أنها متكاملة .

ومثل هذا الأمر تجده أيضا فيمن يحاولون خلق عداوة بين الرجل والمرأة ،  ولم يتفهموا أن الذكر متمّم للأنثى ،  وأن الأنثى متمّمة للذكر .

وهنا يقول الحق : {  أكان للناس عجبا أن أوحينا إلى رجل منهم أن أنذر الناس وبشر الذين آمنوا .  .  . ( 2 ) } ( يونس ) .

والإنذار-كما نعلم- هو الإخبار بشيء يمكن أن تتلافاه .  أما البشارة فهي الإخبار بخير يحثك من يبشرك على أن تقتنيه .  وأنت تنذر من يهمل في دراسته بأنه قد يرسب ،  وأنت حين تنذره إنما تطالبه بأن يجتهد ،  وفي المقابل فأنت تبشر المجتهد بالنجاح وبالمستقبل الطيب .

إذن :  فالإنذار يعني أن تحث الإنسان على ألا يقبل أو يقدم على ما يضره .  والتبشير أن تحث الإنسان على أن يجتهد ؛  لينال ما يحبه .  والأمور في الأحداث كلها تدور بين سلب وإيجاب .

ولسائل أن يقول :  ولماذا جاء سبحانه بالإنذار قبل البشارة ؟  .

فنقول :  إن كلمة  "" الإنذار ""  كلمة عامة لكل الناس ،  حتى يتجنبوا ما يقودهم إلى النار ،  لكن البشارة تكون لمن آمن فقط .  أو أن الإنذار والبشارة للمؤمنين ،  ولكن شاء الحق أن يجعل المؤمنين في صف البشارة دائما ،  وأن يكون الإنذار لونا من ضرورة التخلية من العيوب ،  قبل التحلية بالكمال .

فأنت تدفع عن نفسك الأمر الذي يأتي بالضر أولا ،  ثم تتجه إلى ما يجلب النفع من بعد ذلك ؛  لأن درء المفسدة مقدم على جلب المصلحة .

ونجد الحق سبحانه يحدد الإنذار بأنه للناس .  والناس :  هم الجنس المنحدر من آدم إلى أن تقوم الساعة .  وقد وقف بعض المستشرقين عند كلمة :  "" الناس ""  وأرادوا أي يدخلونا من خلالها إلى متاهات التشكيك في القرآن ،  وقالوا :  إن القرآن فيه تكرار لا لزوم له .

وأهم سورة أخذها هؤلاء المستشرقون هي سورة  "" الناس ""  حيث يقول الحق : {  قل أعوذ برب الناس( 1 ) ملك الناس( 2 ) إله الناس ( 3 ) من شر الوسواس الخناس( 4 ) الذي يوسوس في صدور الناس ( 5 ) من الجنة والناس( 6 ) } ( الناس ) :

وهذا الجمع من المستشرقين فهموا أن المعنى لكلمة  "" الناس ""  في كل آية من آيات هذه السور هو معنى واحد .  ولأنهم لم يتمتعوا بملكة اللغة ؛  لم يلتفتوا إلى أن معنى كلمة  "" الناس ""  في كل موقع هو معنى مختلف وضروري ؛  لأن الحق سبحانه أراد بكل كلمة في القرآن أن تكون جاذبة معناها ،  وأن يكون كل معنى جاذبا للكلمة المناسبة له .

والمثال أيضا في كلمة  "" الناس ""  ؛  هو قول الحق سبحانه : {  أم يحسدون الناس على ما آتاهم الله من فضله .  .  . ( 54 ) } ( النساء ) .

فهل كل الناس تتلقى الحسد ؟  لو كان الأمر كذلك فمن الحاسد ؟  إذن :  فقوله الحق : {  أم يحسدون الناس .  .  . ( 54 ) } ( النساء ) .

إنما يعني أن هناك أناسا حاسدين ،  وآخرين محسودين .  ولا تكون كلمة  "" الناس ""  عامة شاملة لكل الأفراد إلا في حالة الحكم العام .  والمثال هو قوله الحق : {  إن أول بيت وضع للناس .  .  . ( 96 ) } ( آل عمران ) .

وهذا القول الحق يحل لنا إشكالا عاما ،  فالبيت الحرام موضوع الناس من لدن  آدم ،  وآدم هو أبو الناس .

ولا بد-إذن- أن يكون البيت موضوعا قبل أن يكون آدم ،  وأن الذي وضعه هو من غير الناس ،  فالذي وضعه هو بأمر من الحق سبحانه ،  فلا يقولن أحد :  إن إبراهيم –عليه السلام- هو الذي وضع البيت الحرام ،  لأن مهمة إبراهيم –عليه السلام- كانت هي رفع القواعد من البيت ؛  لأننا لو قلنا :  إن إبراهيم –عليه السلام- هو الذي بنى البيت ؛  فكيف ينسجم هذا مع قوله الحق : {  وإذ يرفع إبراهيم القواعد من البيت و إسماعيل .  .  . ( 127 ) } ( البقرة ) .

وهو قول نفهم منه أن إسماعيل كان شريكا لوالده في الرفع والبناء ،  ولا بد أن يكون قد امتلك درجة من القوة تجعله قادرا على مساعدة الأب في العمل .

وهذا القول أيضا نفهم منه أن عملية رفع القواعد من البيت لم تتم وقت أن كان إسماعيل رضيعا ؛  لأن الحق سبحانه قال على لسان إبراهيم عليه السلام : {  ربنا إني أسكنت من ذريتي بواد غير ذي زرع عند بيتك المحرم .  .  . ( 37 ) } ( إبراهيم ) : وهذا يعني أن البيت كان موجودا قبل ذلك .

وقولنا هذا يرد على بعض العلماء الذين قالوا :  إن إبراهيم-عليه السلام- هو أول من بنى الكعبة فنقول لهم :  وماذا عن الخلق البشري من قبل إبراهيم إلى لدن آدم ؛  أليسوا ناسا ؛  فلماذا لم يكن لهؤلاء الناس من قبل إبراهيم بيت محرم ؟

وهكذا شاء الحق سبحانه أن يكون البيت الحرام لكل الناس من لدن آدم ،  وأنه موضوع من قبل الله .

وكلمة الناس-إذن- عامة حين يتعلق الأمر بحكم عام ،  وتكون خاصة في مواقع أخرى ،  مثل قوله : {  أم يحسدون الناس على ما آتاهم الله من فضله .  .  . ( 54 ) } ( النساء ) .

أما سورة  "" الناس ""  التي قال بعض المستشرقين :  إن فيها تكرارا .  فالأمر ليس كذلك .  بل هيأ لهم ذلك عن امتلاك ملكة فهم اللغة .

وحين نتناول كلمة  "" الناس ""  بالإستقراء الدقيق في هذه السورة ،  نجد الحق سبحانه يقول : {  قل أعوذ برب الناس ( 1 ) } ( الناس ) : وهذا إعلان للربوبية لكل الخلق ،  فهو الرب الذي أوجد وأعطى الصفات لكل مخلوق .

ولا تحسب أنك تستطيع أن تشرد منه ؛  فهو سبحانه يقول : {  ملك الناس( 2 ) } ( الناس ) .

أي :  أنه يملك كل الخلق ،  وجعل لهم الاختيار في أشياء ؛  ومنع عنهم الاختيار في أشياء ،  ولم يقل سبحانه :  "" مليك النّاس ""  ؛ لأن هذا القول يعني أنهم مجبورون على الإيمان ،  ولا يسعهم غير هذا ،  ولكن الله جعلهم مختارين في الأمور التي هي مناط للتكليف ،  وغير مختارين في أمور هي ليست محلاّ لهذا .

وأقول لأي واحد ممن تمرّدوا على الإيمان ؛  فكفروا بالله ؛  أقول :  أنت متمرّد على الله ،  و تكفر به ،  وتنكر الألوهية ،  فلماذا بل تكون منطقيا مع نفسك ،  وتمرّد على كل الأحداث التي تصيبك ،  فإن أصابك مرض ؛  قل له :  لا ،  لن أمرض .

فلا أحد يستطيع أن يدفع عن نفسه قدرا شاء الله ؛  لأن الأحداث ستنال من كل إنسان ما قدر الله له .

إذن :  فكل إنسان هو ملوك لله .  وهكذا نجد أن الفرق بين أن يقول سبحانه : {  قل أعوذ برب الناس ( 1 ) } ( الناس ) ، وأن يقول : {  ملك الناس ( 2 ) } ( الناس ) : و "" الناس ""  في الآية الأولى هم المربوبون ،  والناس في الآية الثانية هو  "" المملوكون لله ""  فلا أحد يخرج عن قدرة الله في الأمور القهرية .

وتأتي  "" الناس ""  في الآية الثالثة : {  إله الناس ( 3 ) } ( الناس ) .

لتؤكد أن الحق هو الإله المعبود بحق ،  وهو الذي يقيك مما ستأتي به الآية الرابعة : {  من شر الوسواس الخناس( 4 ) } ( الناس ) .

والآية الخامسة : {  الذي يوسوس في صدور الناس ( 5 ) } ( الناس ) .

والوسواس الخناس :  هو الذي يزين لك أفعال الشر في أذنك ،  وهو خنّاس ؛  لأنه يخنس ساعة يسمع قولك :  ""  أعوذ بالله من الشيطان الرجيم ""  وهو يوسوس في صدور الناس إليهم .

وهكذا نجد أن كلمة  "" الناس ""  قد جاءت ،  لتعبر عن المربوبين ،  والمملوكين ،  المأهولين ،  والموسوس إليهم ،  وأن من يوسوس قد يكون من الجن ،  وقد يكون من الناس .

إذن :  فليس هناك تكرار بل جاءت الكلمة الواحدة بمعنى يناسب كل موضع جاءت فيه .

والمثال من حياتنا-ولله المثل الأعلى- قد أكون معلّما متميزا واختارتني الكلية التي أقوم بالتدريس فيها لأكون رائدا للطلاب ،  ورئيسا لجمعيتهم الصحفية ،  ومشرفا عليهم في الرحلات ،  ومراجعا لتصحيح أوراق إجابتهم ،  وهكذا تكون كلمة  "" الطلاب ""  لها معنى مختلف في كل موقع .

والحق يقول في الآية التي نحن بصدد خواطرنا عنها : {  أن أنذر الناس وبشر الذين آمنوا أن لهم قدم صدق عند ربهم .  .  . ( 2 ) } ( يونس ) : والحديث موجه لمحمد صلى الله عليه وسلم وهو الرسول الخاتم .

إذن :  فالمراد بإنذار الناس هنا ؛  هم جميع الناس .

وما المقصود بقوله : {  بأن لهم قدم صدق عند ربهم .  .  . ( 2 ) } ( يونس ) : إن القدم كما نعرفه :  هو آلة السعي إلى الحركة ،  كما أن اليد آلة الإعطاء ؛  فتقول :  فلان له يد عندي ،  أو تقول :  أنا لا أنسى أياديك عليّ حين يقدم لك صديق هدية ما ، وهو سار على قدميه ؛  ليحضر لك الهدية ،  ولكنه يناولك لها بيده .

إذن :  فكل جارحة لها ظاهر في الحركة ؛  وفي الأعمال .  فالقدم تسعى إلى الأشياء ،  واليد تتحرك في العطاء ،  والأذن في السمع ،  والعين في الرؤية .  وهكذا يكون معنى {  قدم صدق } هو سابقة فضل ،  لأنهم حين استمعوا إلى منهج الله ،  وأدّوا مطلوبات هذا المنهج كما يحب الله ؛  فعليك يا محمد أن تبشرهم بالجنة .  ذلك أن لهم سابق قدم .  سعي إلى الخير ،  وهو قدم صدق .

لكن هل هناك ما يمكن أن نسميه  "" قدم كذب ""  ؟

نعم ،  وهو ما يخلعه الأفاقون على تواريخ الناس ،  فيصفونهم بما لم يكن فيهم ،  وهكذا نفرق بين قدم صدق وقدم كذب .

قدم الصدق-إذن- هو سابقة في الفضل أهلّتهم لأن يكونوا موضع البشارة ،  فهم قد صدقوا المنهج وأعطوا من واعد حق .  والصدق-كما نعلم- هو الخصلة التي لا يمكن لمؤمن أن يتنحى عنها ؛  لأنه لو تنّحى عنها ،  فهذا يعني التنحّي عن الإيمان .  وحينما سئل رسول الله صلى الله عليه وسلم :  أيكون المؤمن جبانا ؟  فقال :  نعم ،  فقيل له :  أيكون المؤمن بخيلا ؟  فقال :  نعم ،  فقيل له :  أيكون المؤمن كذابا ؟ فقال :  لا .

إذن :  فالصدق هو جماع الخير .  وعلى الصدق تدور الحركة النافعة في الكون .

وحين يصدق التاجر في ثمن الأشياء ،  ويصدق العامل في إخلاصه للعمل ،  ويصدق الصحفي في نقل الخبر ،  ويصدق كل فرد في المجتمع ،  هنا يتكامل المجتمع وينسجم ؛  لأن الفساد في الكون إنما ينشأ من الكذب ،  والكذب هو الذي يخل بحركة الحياة .

لذلك أتى الله بكلمة الصدق في القرآن في أكثر من موضع ،  فهو القائل : {  ولقد بوأنا  بني إسرائيل مبوأ صدق .  .  . ( 93 ) } ( يونس ) ، فحين قالوا : {  لن نصبر على طعام واحد .  .  . ( 61 ) } ( البقرة ) .

أنزلهم الله بمكان يحقق لهم ما طلبوا من طعام ،  فلم يخدعهم سبحانه ويأتي الحق مرة ثانية بكلمة الصدق فيقول : {  واجعل لي لسان صدق في الآخرين( 84 ) } ( الشعراء ) : أي :  اجعل لي ذكرا حسنا فيمن يأتون من بعدي ،  فلا يقال في تاريخي كلام كذب ،  وألا يخلع عليّ الناس ما ليس فيّ .

وقد قال الحق سبحانه وتعالى حينما تكلم عن الإنسان : {  ووصينا الإنسان بوالديه إحسانا حملته أمه كرها ووضعته كرها وحمله وفصاله ثلاثون شهرا حتى إذا بلغ أشده وبلغ أربعين سنة قال رب أوزعني أن أشكر نعمتك التي أنعمت علي وعلى والديّ وأن أعمل صالحا ترضاه وأصلح لي في ذريتي إني تبت إليك وإني من المسلمين ( 15 ) } ( الأحقاف ) .

ثم يقول الحق سبحانه : {  أولئك الذين نتقبل عنهم أحسن ما عملوا ونتجاوز عن سيئاتهم في أصحاب الجنة وعد الصدق الذي كانوا يوعدون ( 16 ) } ( الأحقاف ) .

ولماذا يصف الحق الوعد هنا بأنه صدق ؟  لأن هناك من يعد الوعد الكاذب ،  حين يعد أحدهم بما لا يملك ،  أو أن تعد بما لا تقدر عليه ،  أو أن تعد بما لا تمهلك الحياة لإنفاذه .

ولذلك قال الحق لنا : {  ولا تقولن لشيء إني فاعل ذلك غدا ( 23 ) إلا أن يشاء الله .  .  . ( 24 ) } ( الكهف ) .

إذن :  لا بد لك أن تسبق أي وعد بمشيئة الله ؛  لأنك حين تعد ؛  قد لا تملك إنفاذ ما وعدت به ،  فقد تعد إنسانا بأن تلقاه في الغد في مكان ما لتتحدثا في أمر ما .

ونقول :  أضمنت أن تستمر حياتك إلى الغد ؟  هذا هو أول عنصر قد يفقد ؛  ثم أضمنت أن تستمر حياته ،  هذا هو العنصر الثاني الذي قد يفقد ؛  ثم أضمنت ألا يتغير السبب الذي من أجله تلقاه ؟  ثم أضمنت إن اجتمعت كل هذه العناصر ألا تغير أنت رأيك في هذه المسألة ؟

إذن :  لا تجازف بأن تعد بشيء ليس عندك عنصر من عناصر الوفاء له ،  أسند كل عمل إلى من يملك كل العناصر ،  قل : {  إلا أن يشاء الله .  .  . ( 24 ) } ( الكهف ) .

إذن :  فوعد الصدق معناه أن يكون الوعد ممن هو قادر على أن يحققه قطعا ،  ولا تخرج الأشياء مهما كانت عن قدرته ،  ولم يترك الأشياء ؛  لأنه باق .  ولن يتغير رأيه ؛  لأنه ليس حدثا يتغير .  بل بيده كل شيء وهو على كل شيء قدير .  وسبحانه وتعالى يقول : {  إن المتقين في جنات ونهر ( 54 ) في مقعد صدق عند مليك مقتدر ( 55 ) } ( القمر ) : هكذا وعد الحق عباده المتقين بأنهم سوف يقعدون في حضرته مقعد صدق وهو المليك المقتدر .  وسبحانه يقول : {  أدخلني مدخل صدق وأخرجني مخرج صدق .  .  . ( 80 ) } ( الإسراء ) : أي :  أدخلني في هذه البلدة مدخل صدق للغاية التي لا أستحي من أن أقولها ،  لا لأن أدخل بغرض أمام الناس وأنا أخفي غرضا آخر ،  وكذلك أخرجني منها مخرج صدق .

إذن :  فكلمة الصدق دائرة {  قدم صدق } و{  مبوأ صدق } و {  مقعد صدق }و {  مدخل صدق }و {  مخرج صدق } وكل هذا يحببنا في الصدق ؛  لأن كل أمور الحياة ؛  وفضائلها ؛  وخيراتها ،  وما ينتظر الناس من سعادة ؛  كل ذلك قائم على كلمة الصدق .

وهنا في الآية التي نحن بصدد خواطرنا عنها يقول الحق سبحانه :  {  وبشر الذين آمنوا أن لهم قدم صدق .  .  . ( 2 ) } ( يونس ) : أي :  أن لهم سابقة فضل عند ربهم يجازيهم بها ؛  لأنهم عملوا بمقتضى منهجه ،  أما موقف الكافرين فهو مختلف ؛  لذلك يقول فيه الحق سبحانه : {  قال الكافرون إن هذا لساحر مبين ( 2 ) } ( يونس ) .

ولماذا جاء سبحانه بخبر الكافرين هنا رغم أن الموقف هو إنذار وبشارة ؟

ونقول :  إن الرسول صلى الله عليه وسلم حين أبلغ المنهج عن الله ،  واستقبله أهل الإيمان بالتصديق ،  أما الكافرون فقد اختلف موقفهم ،  فاتّهم بعضهم رسول الله صلى الله عليه وسلم بأنه ساحر .

وجاء قول الحق على هذه الصورة المبينة بالآية ؛  لأن القرآن يحذف أشياء أحيانا ،  لأن لباقة السامع ستنتهي إليها ،  فلا يريد أن يكرر القول .

وانظر إلى قصة بلقيس ،  حيث نجد الهدهد يقول لسيدنا سليمان . {  أحطت بما لم تحط به .  .  . ( 22 ) } ( النمل ) :

هذا هو الهدهد وهو المخلوق الأقل من سليمان عليه السلام يقول له : لقد عرفت ما لم تعرفه أنت ،  وكأن هذا القول قد جاء ،  ليعلمنا حسن الأدب مع من هو دوننا ،  فهو يهب لمن دوننا ما يعلمه لنا ،  ألم يعلّمنا الغراب كيف نواري سوأة الميت ؟

{  فبعث الله غرابا يبحث في الأرض .  .  . ( 31 ) } ( المائدة ) : ويقول قابيل : {  يا ويلتي أعجزت أن أكون مثل هذا الغراب فأوارى سوءة أخي فأصبح من النادمين ( 31 ) } ( المائدة ) .

وهكذا يتعلم الإنسان ممن هو من دونه ،  وممن سخره الله له .  وانظر كيف أبرز لنا الله أن الأدنى إن رأى خبرا ،  لا بد أن يبلغه للأعلى ،  فتتحقق سيولة المعلومات ،  التي يتخذ الأعلى على ضوئها القرار المناسب ؛  فالهدهد يقول لسيدنا سليمان : {  أحطت بما لم تحط به وجئتك من سبأ بنبإ يقين ( 22 ) } ( النمل ) } .

ويتخذ سليمان قرارا ينفذ الهدهد : {  اذهب بكتابي هذا فألقه إليهم ثم تول عنهم فانظر ماذا يرجعون ( 28 ) } ( النمل ) .

وتتابع الحكاية من بعد ذلك فيقول الحق : {  قالت يا أيها الملأ إني ألقى إلي كتاب كريم ( 29 ) ( النمل ) .

فكأن الهدهد أخذ الكتاب وألقاه إلى بلقيس فلما قرأته ؛  جمعت قومها ؛  لتخبرهم .  وهكذا حذف القرآن بعضا من التفاصيل التي إن رويت تكون تكرارا ،  ولكن جاءت المسألة بهذه الصورة ؛  ليدلنا الحق على أن أوامر التلقي كانت سريعة بحيث لا يوجد فاصل بين الأمر وتنفيذ الأمر ،  فالتحم الأمران معا .

إذن :  فقوله الحق : {  قال الكافرون إن هذا لساحر مبين ( 2 ) } ( يونس ) .

جاء منسجما مع ما يفهم من النص ،  فهم لم يقولوا ذلك الإتهام إلا بعد أن بلغهم صلى الله عليه وسلم أن الله قال له :  بشّر وأنذر ،  فلما بشّر وأنذر ،  جاء قولهم بأن الرسول ساحر ،  وهكذا نفهم كيف تكوّن موقفهم هذا من سياق الآية ؛  لأنهم بم يقولوا ذلك إلا بعد بلاغ الإنذار ،  أو بلاغ البشارة .

وهكذا نجد أن القرآن قد لا يذكر الأشياء التي إذا سمع السامع الأسلوب من نفسه دون أن يتطلب كلام منطوق ،  ومثل هذا الأمر جاء في لقطة أخرى من قصة سبأ ،  فبعد أن ائتمر الهدهد بأمر سليمان وذهب بالكتاب فألقاه إلى ملكة سبأ ،  وقرأته ،  وجمعت القوم ؛  لتأخذ رأيهم فيما تفعله مع سليمان ،  فكان من أمرها معهم ما ذكره القرآن ثم علم سيدنا سليمان ،  بأمر مقدمها مع قومها ،  فنجد سيدنا سليمان عليه السلام يسأل من حوله : {  أيكم يأتيني بعرشها قبل أن يأتوني مسلمين ( 38 ) } ( النمل ) .

إذن :  فهو قد علم أنهم مقبلون عليه بالإسلام ،  فأراد أن ينقل العرش من مملكتها إلى مملكته ؛  قبل أن يجيئوا ،  وما داموا قادمين في الطريق ،  فعلى من يذهب ليفك العرش وينقله ،  لا بد أن تكون له طاقة فوق قدرة الإنسان العادي ؛  ولذلك لم يتكلم الإنس العادي ،  لكن الذي تكلم جني غير عادي ،  ذكي ،  فمن الجن من يتميز بالذكاء ،  ومنهم غير ذلك .

وجاء قول الحق سبحانه : {  قال عفريت من الجن أنا آتيك به قبل أن تقوم من مقامك وإني عليه لقوي أمين( 39 ) } ( النمل ) : ومقام سليمان مع قومه قد يستمر ساعة أو ساعتين أو ثلاث ساعات .  وسيدنا سليمان ،  يريد التعجيل بنقل عرش بلقيس ،  لذلك تجده يستمع إلى من عنده  علم من الكتاب {  قال الذي عنده  علم من الكتاب أنا آتيك به قبل أن يرتد  إليك طرفك .  .  . ( 40 ) } ( النمل ) .

ألم يكن  مثل هذا القول  يحتاج إلى إذن من سيدنا سليمان ،  وأن  يقول  سليمان اذهب  فيذهب  ويحل  العرش ويعود به ؟  نعم ،  الأمر يحتاج كل ذلك ،  ولكن القرآن جاء بالقصة في تصوير متتابع للسرعة ،  وجاء القرآن بخبر العرش ،  وقد جاء إلى حيث يجلس سليمان عليه السلام : {  فلما رآه مستقرا عنده .  .  . ( 40 ) } ( النمل ) .

وهكذا حذف التفاصيل التي يسهل معرفتها ،  التي وقعت بيت قول من عنده علم من الكتاب ،  وبين تنفيذ نقل عرش بلقيس .

وكذلك حذف القرآن قدرا من الأحداث في الآية التي نحن بصدد خواطرنا عنها ،  فعندما بلّغهم رسول الله الإنذار ،  هنا قال الكافرون : {  إن هذا لساحر مبين( ( 2 ) } ( يونس ) : وقد قال الكافرون هذا الإتهام أكثر من مرة فمن يقولون عن القرآن :  إنه سحر ،  ومرة يقولون عن محمد :  إنه ساحر .  ولنسأل :  ما معنى كلمة ساحر ؟  إن الساحر هو الذي يصنع أشياء ،  ويوهمك أنها حقيقة ؛  وليست بحقيقة .

ولذلك يجب أن نفرق بين السحر وبين معجزة موسى ،  حتى لا يقال :  إن معجزة موسى عليه السلام وهي العصا كانت من جنس ما برع فيه سحرة فرعون ،  صحيح أنها من جنس ما برع فيه قوم فرعون ،  ولكنها ليست سحرا ؛  لأن الحق شاء أن يغير من حقيقة العصا فجعلها أفعى ،  أما سحر قوم فرعون فهو لا يغير حقيقة الأشياء ،  بل يوهم من يراها بأنها تغيرت .

والسحر يقتضي ساحرا ،  ويقتضي مسحورا ،  ويقتضي عملية السحر ،  ذاتها .  أما عن الساحر فهو الذات التي تقوم بعملية السحر .

ويقول الحق عن السحرة : {  سحروا أعين الناس .  .  . ( 116 ) } ( الأعراف ) : أي :  سحروا الأعين التي ترى الأمر المسحور على غير حقيقته ،  رغم بقاء الشيء المسحور على حقيقته .

إذن :  فهم قد أوهموا المسحورين بغير واقع ،  لكن المعجزة –معجزة موسى- ليست كذلك ؛  لأنها لا تغير من الرائي ،  بل تغير من  حقيقة المرئي فعلا .  وقد دلنا القرآن على حقيقة هذه المسألة بالتجربة العملية حين اختار الله موسى وقال له : {  وما تلك بيمينك يا موسى( 17 ) قال هي عصاي أتوكأ عليها وأهش بها على غنمي ولي فيها مآرب أخرى( 18 ) } ( طه ) .

وحين أمر الحق سبحانه موسى بإلقاء العصا ،  رآها موسى عليه السلام حيّة تسعى :

{  قال ألقاها يا موسى ( 19 ) فألقاها فإذا هي حية تسعى ( 20 ) } ( طه ) .

فعندما رأى موسى عصاه ،  قد تحوّلت إلى حية تسعى على الأرض ،  فرّ هاربا خائفا ،  ولكن الله أراد أن يثبّت قلبه ويؤمنه إعدادا له للموقف الذي سيقفه بعد أمام سحرة فرعون فقال له رب العزة : {  خذها ولا تخف سنعيدها سيرتها الأولى( 21 ) } ( طه ) .

إذن :  فلم يكن هناك سحر في عيني موسى ،  ولكن كان هناك تغير فعلي في حقيقة العصا .  فلما خاف طمأنه الحق سبحانه وأمره بأن يلتقط العصا ،  لأنها ستعود-بإذن الله- إلى سيرتها الأولى .  والدليل على أن التغير قد حدث في حقيقة العصا ،  أن السحرة الذين جمعهم فرعون من كل مكان ،  ووقفوا في منافسة مع سيدنا موسى ،  وقالوا له : {  إما أن تلقي وإما أن نكون أول من ألقى ( 65 ) } ( طه ) .

وقبل موسى عليه السلام التحدي ،  تجد القرآن يصور المسألة فيقول : {  قال بل ألقوا فإذا حبالهم وعصيتم يخيل إليه من سحرهم أنها تسعى ( 66 ) } ( طه ) .

وقوله : {  يخيل إليه } يعني :  أن الحبال والعصي لم تتغير حقيقتها ولم تسع .  وما إن رمى موسى عصاه حتى تحولت إلى حية فعلية تلقف ما صنعوا ،  وهذا ما جعل السحرة يسجدون ويعلنون الإيمان ،  لأنهم رأوا حقيقة واضحة ،  وهي أن العصا قد تحولت بالفعل إلى حية .

إذن :  فالساحر يرى الشيء على حقيقته ،  والمسحور هو الذي تتغير رؤيته إلى الشيء ،  فيخيل إليه أنه شيء آخر ،  ولذلك لم يقل أحد :  إن موسى تعلم السحر ،  وإن من علّمه غلبهم ،  لا ،  بل عرفوا أنها مسألة أكبر من طاقة البشر ؛  لأن حقيقة العصا نفسها قد تغيرت ،  فقالوا : {  آمنا برب هارون وموسى ( 70 ) } ( طه ) ، ولم يقولوا :  آمنا بموسى .

إذن :  فالتخييل إنما يحدث في عيني المسحور .  أقول ذلك حتى نفهم غباء كفار قريش حين اتهموا رسول الله صلى الله عليه وسلم بأنه ساحر ،  يسحر الناس ،  فيخرج الولد على أبيه ،  وأهله .  ويجعل العبيد يتمردون على سادته .  ولو كان رسول الله ساحرا ،  فلماذا لم يسحر من قالوا هذا الإتهام .  وبقاء من يقول بمثل هذا الإتهام دليل على أن مسألة الإيمان بالمنهج وبالرسول لا علاقة لها بالسحر ."
10,3,"{  إن ربكم الله الذي خلق السماوات والأرض في ستة أيام ثم استوى على العرش يدبر الأمر ما من شفيع إلا من بعد إذنه ذلكم الله ربكم فاعبدوه أفلا تذكرون( 3 ) } :

ومن بعد ذلك يرد الحق عن حكاية العجب من أن الله أوحى لرسوله ،  وكذلك مسألة اتهام الرسول بالسحر ،  فيلفتهم إلى قضية فوق هذه القضية ،  وأنهم كان عليهم أن يروا العجب في غير مسألة الوحي إلى الرسول صلى الله عليه وسلم .

أي :  كان عليكم أن تروا هذه المسألة العجيبة ،  وهي خلق السماوات والأرض وتتأملوا صنعها ،  وكيف حدثت ؟

وإذا كان الله هو الذي خلق السماوات والأرض ،  وجعلك أيها الإنسان تطرأ على عالم ،  وعلى معّد لك إعداد إلى رفيقا ،  فكان يجب أن تلتفت إلى هذه المسألة قبل أي شيء آخر .

وضربنا من قبل المثل ،  وقلنا :  هب أن إنسانا ركب طائرة ،  ثم نفذ وقودها وسقطت في الصحراء ،  وكتبت له النجاة وتلفّت حوله فلم يجد ماء أ طعاما أو أي دليل من أدلة الحياة ،  ثم غلبه النوم ،  فلما استيقظ من نومه ،  وجد مائدة عليها من أطايب الطعام ،  وأطايب الشراب ،  أما كان يسأل نفسه قبل أن يأكل ويشرب :  من الذي صنع وأحضر كل هذا الطعام ،  وكل هذا الشراب ؟

وهذا الكون قد أعدّ لك أيها الإنسان ،  أما كان يصح أن تفكر فيمن أعدّ لك هذا الكون ،  وخلق لك كل ما لبس في متناولك وقدرتك ،  وسخّر كل ذلك لك ؟  وقد أبلغك الحق :  أما خلقت السماء ،  وخلقت الأرض ،  والشمس ،  والنجوم ،  وحين وصلك هذا البلاغ ،  فإما أن يكون صدقا ،  فلتنفذ ما أمر به الخالق .  وإن لم يكن هذا الكلام صدقا ،  فمن الذي خلق إذن ؟  إن كان هناك إله غير ه قد خلق الكون ،  وسمع مثل هذا البلاغ ،  لم يتحرك لبيان صدق المسألة ،  لما كان هذا الآخر يستحق أن يكون إلها .

وما دام لم يظهر معارض له سبحانه ،  فهو الخالق ؛  لأن الدعوى إذا ما صدرت من واحد ،  ولم يظهر لها معارض ،  فصاحبها هو من أصدرها إلى أن يوجد له معارض .

وقد ضربنا مثلا ،  فقلنا :  هب أن جماعة من أصدقائك جاءوا لزيارتك ،  ثم خرجوا من عندك ،  ووجدت أنت حافظة نقود ،  ولم تعرف لمن هي ،  ثم بعثت خادمك ؛  ليسأل من كانوا في زيارتك ،  وقال كل واحد منهم :  إن حافظة نقوده لم تضع منه ،  إلا واحدا قال :  نعم ،  هي حافظة نقودي .  وهكذا تثبت ملكية هذا القائل لحافظة النقود ،  إلى أن يثبت العكس .

والحال هنا هكذا ،  فحين أبلغنا الحق سبحانه أنه خلق السماء والأرض والشمس والقمر والنجوم وجعل في الأرض رزق البشر ،  ولم يعارضه أحد ،  إذن :  يحب أن نصدق أنه الخالق .

وإذا كان الله سبحانه وتعالى قد خلق لكم كل هذا الكون مسخّرا أفلا تتركون له حرية أن يختار رسولا إليكم ؟  فما وجه الاعتراض إذن ؟

يكشف الحق منطقهم حين قالوا : {  لولا نزل هذا القرآن على رجل من القريتين عظيم( 31 ) } ( الزخرف ) : إذن :  هم قد اعترفوا أن القرآن لا غبار عليه ،  لكنهم ساخطون ويعيشون في ضيق ؛  لأن هذا القرآن قد جاء على يد يتيم أبي طالب .

ويكشفهم الحق أيضا فيأتي بما جاء على ألسنتهم : {  اللهم إن كان هذا هو الحق من عندك فأمطر علينا حجارة من السماء .  .  . ( 32 ) } ( الأنفال ) : ولم يقولوا :  اللهم إن كان هذا هو الحق من عندك فاهدنا .

فالعداوة هي لرسول الله ،  وهي عداوة منطقية ؛  لأن كل واحد منكم كان إذا ملك شيئا نفيسا عزيزا عليه ،  فهو لا يجد أمينا عليه إلا محمدا .

إذن :  فلماذا لا تغشون أنفسكم في مسألة استئمان محمد على الأشياء النفيسة ،  ولو كنتم غير مؤمنين بصدقه .  فلماذا استأمنتموه على نفائسكم ؟  أليس هو محمد بن عبد الله الذي هاجر وترك علي بن أبلي طالب ؛ ليرد الأمانات لأصحابها ؟

إذن :  فلا محمد دون مستوى الرسالة والأمانة ،  ولا القرآن دون المستوى ،  بشهادتكم أنتم ؛  فشهادتي القول والفعل .

وهنا يقول الحق : {  إن ربكم الله الذي خلق السماوات والأرض في ستة أيام .  .  . ( 3 ) } ( يونس ) ، وفي موقع آخر بالقرآن يقول سبحانه : {  لخلق السماوات والأرض أكبر من خلق الناس ولكن أكثر الناس لا يعلمون( 57 ) } ( غافر ) .

وما دام هذا الخلق العجيب قد صدر منه ،  فالتصرفات التي دون ذلك لا بد أن تكون مقبولة منه سبحانه وتعالى ،  وأن تكون لحكمة ما .  وتعالوا نتحاكم إلى أنفسكم ،  وأنتم تقولون : {  لولا نزل هذا القرآن على رجل من القريتين عظيم ( 31 ) } ( الزخرف ) .

إذن :  لا شك عندكم في أن القرآن لا طعن فيه ،  بل تطعنون في مسألة أنه جاء على يد محمد صلى الله عليه وسلم ،  وتمنيتم لو أن القرآن قد جاء على يد واحد آخر تقبلونه .  وأنتم في هذه المسألة غير منطقيين ؛  لأنكم تريدون أن تتدخلوا في قسمة الله ورحمته في أن ينزل الوحي على ما تشاءون ،  لا من يشاء هو سبحانه .

وأنتم بذلك تريدون أن تتحكموا في الرحمة العليا من الله في أن يختار رسولا ؛  ليبلغكم عنه .  وتتناسون أنكم في هذه الدنيا لا تقسمون الأرزاق ؛  لذلك يقول الحق : {  أهم يقسمون رحمة ربك .  .  . ( 32 ) } ( الزخرف ) .

فإذا كنتم تريدون أن تقسموا رحمة الله ،  فاعلموا هذا القول من الله : {  نحن قسمنا بينهم معيشتهم في الحياة الدنيا .  .  . ( 32 ) } ( الزخرف ) .

وهذا الأمر السهل ؛  تقسيم المعيشة في الحياة الدنيا تصرف فيه الحق سبحانه ،  فكيف لكم-إذن- أن تطمعوا في تقسيم الأمر العلوي وهو رحمة الله العليا في أن يرسل رسولا .

والحق سبحانه يقول في الآية التي نحن بصدد خواطرنا عنها : {  إن ربكم الله } .

وساعة تسمع كلمة ( رب ) ينصرف الذهن إلى الخلق وإلى التربية ،  ولذلك نحن نستعمل هذه الكلمة ونقول :  "" فلان رب هذه الأسرة ""  أي :  أنه المتولي تربيتها ،  وكلمة  "" الرب ""  بمعناها المطلق تنصرف إلى الله ،  فهو الخالق الذي من عدم وأمدّ من عدم ،  وهو بهذا الوصف ربّ لكل خلقه :  المؤمن والكافر ،  والطائع والعاصي .

وما دام الله سبحانه ربا لكل الخلق ،  فهو الرزاق لكل خلقه ،  فهو الذي استدعى خلقه إلى هذه الدنيا ،  وهو الذي يعطي كل مخلوق الرزق الذي كتب الله له ،  وهو سبحانه يأمر نواميس الكون وأسبابه أن تعطي له أو لا تعطي ،  فإن زرع الأرض وأحسن زراعتها ؛  أعطى سبحانه الأمر للأرض أن تعطي هذا المخلوق الرزق .

وكل مخلوق يأخذ بالأسباب ،  يوفر له الحق النجاح في الأسباب .

وأقول دائما لمن يرون تقدم الكفار في أمور الدنيا ،  ويتساءلون :  لماذا يتقدم الكفار في أمور الدنيا ونتأخر نحن ؟  أقول لهم :  لقد أخذوا من عطاء الربوبية في الأسباب ،  وأنتم لم تأخذوا من عطاء الربوبية .  وعليكم أيها المسلمون أن تأخذوا بالأسباب ،  وهي عطاء الربوبية ؛  حتى لا يسبقكم الكافر إليها ،  ولا تجلسوا في موقف المتفرج ،  بل المفروض فيكم أن تسبقوا الكفار إلى عطاء الربوبية .

أما عطاء الألوهية ،  هو أن يقرّ الإنسان بأن الله هو المعبود بحق ،  وهو المطاع في  "" فعل ""  و "" لا تفعل ""  ،  فهذا العطاء لا يناله إلا من آمن به .

إذن :  فالله رب الجميع ،  ولكنه إله من آمن به .  إذن :  هناك فارق بين عطاء الإله ،  وهو المنهج المتمثل في  "" افعل ""  و  "" لا تفعل ""  ،  وعطاء الربوبية المتمثل في الأمور المادية وهي شركة بين كل الناس :  المؤمن والكافر ،  والطائع والعاصي .  وحين يحسن الكافر الأخذ بالأسباب ؛  فهو يأخذ نتائجها .

والحق سبحانه هو القائل : {  من كان يريد حرث الآخرة نزد له في حرثه ومن كان ير يد حرث الدنيا نؤته منها وما له وفي الآخرة من نصيب ( 20 ) } ( الشورى ) .

إذن :  فواجب على المؤمنين أن يستقبلوا عطاء الربوبية بحسن الأخذ بالأسباب ؛  ليأخذ النتيجة ،  ولا يتقدم أهل الكفر عليهم ؛  لأن الكافر حين يسبقك في الأخذ بالأسباب ،  ربما استغل في أن يفرض عليك ما يخاف دينك .

وهنا يقول الحق سبحانه : {  إن ربكم الله .  .  . ( 3 ) } ( يونس ) : أي :  أن الذي ربّى ،  هو الذي كلّف ،  ويجب أن تستمتعوا إلى منهجه .

ثم يقول سبحانه : {  الذي خلق السماوات والأرض في ستة أيام .  .  . ( 3 ) } ( يونس ) : وكلمة {  ستة أيام } هذه وردت في كل آيات القرآن التي تحدثت عن زمن مدة الخلق للأرض والسماوات ،  لكن هناك آية جاءت بتفصيل ويظهر من أسلوبها أن الخلق قد استغرق ثمانية أيام ،  وهي سورة فصلت : {  قل أئنكم لتكفرون بالذي خلق الأرض في يومين وتجعلون له أندادا ذلك رب العالمين( 9 ) وجعل فيها رواسي من فوقها وبارك فيها وقدر فيها أقواتها في أربعة أيام سواء للسائلين ( 10 ) } ( فصلت ) : وهذه ستة أيام .

ثم يقول سبحانه : {  ثم استو ى إلى السماء وهي دخان فقال لها وللأرض ائتينا طوعا أو كرها قالتا أتينا طائعين( 11 ) فقضاهن سبع سماوات في يومين وأوحى في كل سماء أمرها وزينا السماء الدنيا بمصابيح وحفظا ذلك تقدير العزيز العليم( 12 ) } ( فصلت ) .

وهكذا يكون المجموع ثمانية أيام ،  وهذا هو الفهم السطحي ؛  لأن آيات الإجمال جاءت كلها بخبر الخلق في ستة أيام .  وتعلم أن كل مجمل يفسره مفصلة إلا العدد ،  فإن مفصّله محمول على مجمله ،  فالأرض خلقها الله في يومين ،  وجعل فيها رواسي ،  وبارك فيها ،  وكل مخلوق ثان هو تتمة للأول ،  فاليومان الأولان إنما يدخلان في الأربعة الأيام ،  وأخذت بقية الخلق اليومين الأخيرين فصار المجموع ستة أيام .

إذن :  فالزمن تتمة الزمن .  ولذلك تجد أن اليوم على كوكب الزهرة أطول من عامها ؛ لأن عامها بتوقيت الأرض هو مائتان وخمسة وعشرون يوما ،  أما طول اليوم فيها فهو بتوقيت الأرض مائتان وأربعة وأربعون يوما .

إذن :  فاليوم على كوكب الزهرة أطول من العام فيها .  والسر في ذلك كوكب الزهرة يخضع لدورة تختلف في سرعتها عن سرعة الدورة التي تخضع لها الأرض ،  فدورة كوكب الزهرة حول نفسه بطيئة ،  ودورته حول الشمس سريعة .

إذن :  فكل كائن له نظام .

وما هو اليوم إذن ؟  اليوم في اعتبارنا هو دورة الأرض حول نفسها دورة يتحقق فيها الليل والنهار .  .  ولكننا نجد القرآن الكريم يطلق كلمة اليوم ويفصلها عن الليل ،  فيقول سبحانه : {  سيروا فيها ليالي وأياما .  .  . ( 18 ) } ( سبأ ) : وهنا جعل الحق اليوم للضوء والكدح ،  والليل للظلمة والراحة .  والحساب الفلكي يسمى الليل والنهار يوما .

ويبين القرآن أن هناك يوما للدنيا ،  ويوما للآخرة ،  ويوم الدنيا هو ما نحسبه نحن من شروق إلى شروق آخر ،  وكذلك هناك يوم عند الله هو بحساب الدنيا بقدر بألف سنة مما يحسبه البشر : {  وإن يوما عند ربك كألف سنة مما تعدون ( 47 ) } ( الحج ) .

ويقول الحق سبحانه في موضع آخر : {  تعرج الملائكة والروح  إليه في يوم كان مقداره خمسين ألف سنة( 4 ) } ( المعارج ) .

إذن :  فالأزمنة متعددة ،  ومنوعة ،  وتختلف من قياس إلى آخر ،  ومن كوكب إلى آخر .  وما أظهره الله لنا في القرآن من الأزمنة إنما يدل على اختلافها ،  لا على التعارض والتناقض .

ثم يقول الحق سبحانه في الآية التي نحن بصدد خواطرنا عنها : {  ثم استوى على العرش } ووقف العلماء عند كلمة  "" استوى ""  طويلا ،  واستعرضوا القرآن كله ؛  ليحصروها في كتاب الله ؛  فوجدوها قد جاءت في اثني عشرة سورة :  البقرة والأعراف ويونس والرعد وطه والفرقان والقصص والسجدة وفصلت والفتح والنجم والحديد .

وأول سورة جاء فيها ذكر استواء الله على العرش هي  "" الأعراف ""  يقول الحق : {  الذي خلق السماوات والأرض في ستة أيام ثم استوى على العرش يغشي الليل النهار يطلبه حثيثا والشمس والقمر والنجوم مسخرات بأمره ألا له الخلق والأمر تبارك الله رب العالمين ( 54 ) } ( الأعراف ) .

وما دام الله سبحانه هو الذي خلق فلا تعترض أن يكون الأمر له ،  وأن يبعث سبحانه من شاء ؛  ليكون رسولا ؛  لذلك هو لذلك عجب أن أرسل لمكم رجلا منكم ؛  لأنه لو كان هناك غيره سبحانه هو الذي خلق ،  ثم جاء ليفتئت فيأمر فيما خلق ،  لكان للخلق شأن آخر ،  لكن الله هو الذي خلق ،  وهو سبحانه الذي أرسل الرسول صلى الله عليه وسلم .

والآية التي نحن بصدد خواطرنا عنها يقول فيها الحق : {  إن ربكم الله الذي خلق السماوات والأرض في ستة أيام ثم استوى على العرش } ،  أي :  استتب له الأمر .

ثم تأتي سورة الرعد : {  الله الذي رفع السماوات بغير عمد ترونها ثم استوى على العرش وسخر الشمس والقمر كل يجري لأجل مسمى يدبر الأمر يفصل الآيات لعلكم بلقاء ربكم توقنون( 2 ) } ( الرعد ) .

أما الصفات التي توجد في البشر ،  ووصف الله نفسها بها ،  هذه الصفات لا تؤخذ على مقتضى ما هي في البشر ،  فكل إنسان هو ممكن الوجود .  ولمن الحق سبحانه وتعالى هو واجب الوجود ،  لذلك تؤخذ تلك الصفات في إطار {  ليس كمثله شيء .  .  . ( 11 ) } ( الشورى ) :

ومثال هذا :  أن الحق سبحانه وتعالى له علم بأنك تقرأ الآن في التفسير ،  وفي أي مكان تقرأه ،  والذين من حولك يعلمون ذلك ،  ولكن أعلم الله يساوي علمك وعلم من حولك ؟  لا ،  فعلمه سبحانه وتعالى هو علم أزلي ،  علم أن توجد أنت أو يوجد غيرك ؛  لذلك فأنت إذا علمت شيئا ،  وعلم الله شيئا ،  فعلم الله يناسبه ،  وعلم البشر يناسبك .  وأي صفة من صفات اله مطلقة ،  وأي صفة من صفات نسبية ؛  لأن الحق سبحانه هو واجب الوجود الأزلي ،  وأنت في هذه الحياة مجرد حدث محدود العمر بين قوي الميلاد والموت .

فالله غني ،  وقد تكون أنت غنيا ،  لكن غناك لا يمكن أن يتساوى مع غنى الله .  وأنت موجود والله موجود .  ولكن وجودك لا يمكن أن يقاس بوجود الله .  فذات الله ليست كذواتنا ،  وكذلك صفات الله ليست كصفاتنا ،  وفعله ليس كفعلنا ،  واستواؤه سبحانه ليس كاستوائنا ،  بل في إطار {  ليس كمثله شيء } لأن الذي يفسد الفهم أن يقال ،   "" استوى ""  بمعنى :  قعد .  أو فلنأخذ الاستواء كمثيل للسيطرة ،  وسبحانه مسيطر على كل شيء ،  والاستواء :  يعني التمكن .  وسبحانه القائل : {  ولما بلغ أشده .  .  . ( 14 ) } ( القصص ) .

إذن :  فاستوى :  تعني بلوغ تكوين الكمال في الذات .  والإنسان منا وهو صغير-قبل البلوغ- إنما تنقصه بعض من درجات النضج في الجهاز العصبي ،  وكذلك في الجهاز التناسلي ،  فإذا بلغ اكتمل النضج ،  ويقال( استوى ) أي :  صار قادرا على إنجاب مثله ،  وتمت له رجولته .  ويقال عن الثمرة :  إنها استوت {  فاستوى على سوقه } ( الفتح ) : أي :  نضجت نضجا يبلغها أن تعطي من ثمرتها مثل ذاتها ،  وبذلك تضمن بقاء نوعها .

وحين بلغ الطوفان تمامه استوت مركب سيدنا نوح ومعه المؤمنون من قومه ،  وقال الحق : {  واستوت على الجودي .  .  . ( 44 ) } ( هود ) : أي :  استقرت على الجبل واستترت الأمر .

إذن :  فكل استواء الله يجب أن يؤخذ على أنه استواء يليق بذاته ،  وصفاته ،  التي يوجد في البشر مثلها ،  لكنها صفات مطلقة في إطار :  {  ليس كمثله شيء .  .  . ( 11 ) } ( الشورى ) .

وفعل الله لا يمكن أن يتساوى مع فعل البشر ؛  ولذلك قلنا في حديث الإسراء :  إن الكفار المعاصرين للإسراء حينما كذبوا رسول الله صلى الله عليه وسلم في أنه قد أسري به ،  قالوا :  أتدعي أنك أتيت بيت المقدس في ليلة ،  ونحن نضرب إليها أكباد الإبل شهرا ؟  وهذا القول المستنكر يؤكد أنهم قد فهموا أن الإسراء قد حدث حقيقة .

ورغم ذلك تجد المعاصرين-الذين يدعون المعاصرة والفهم- يتساءلون :  ولماذا لا تقولون :  إن الإسراء قد تم بالروح ؟  ونقول لهم :  إن كفار قريش أنفسهم الذين عاصروا رسول الله صلى الله عليه وسلم لم يقولوا ذلك ،  وفهموا أن الإسراء قد تم بالجسد ؛   لذلك قالوا :  "" أنضرب إليها أكباد الإبل شهرا ،  وتدعي أنك أتيتها في ليلة ؟  ""  بل ،  ولم يقولوا له :  إنه رأى بيت المقدس في رؤيا أو حلم ؛  لأنه لا أحد يكذّب رؤيا أو حلما ،  وهكذا كان تكذيبهم دليلا على التصديق للإسراء إلى أن تقوم الساعة .

ونقول لمن يدعي أن الإسراء إنما تم بالروح :  افهم جيّدا أن رسول الله صلى الله عليه وسلم قال :  "" أسري بي ""  .

إذن :  فعل الإسراء منسوب لله ،  فلا تأخذ الإسراء بالقانون البشري ،  ولكن بالقانون الإلهي .

والزمن في مسألة الإسراء لله ،  لا محمد صلى الله عليه وسلم .  والقرآن يقول :  {  سبحان الذي أسرى بعبده ليلا ( 1 ) } ( الإسراء ) .

وما دام الحق سبحانه قد قال : ( سبحان ) أي :  أن الله منزه عما في بال البشر من المسافات والقوة وغيرها .

ولقد ضربنا مثلا لهذا-ولله المثل الأعلى- برجل يصعد بابنه الرضيع قمة جبل  "" إفرست ""  ،  فلا يقال :  وهل يصعد قمة الجبل ؟  فالصعود منسوب هنا للرجل ،  ولقدرة الرجل قوته ،  لا إلى الطفل .

وهكذا-ولله المثل الأعلى- فالزمن والقدرة على الإسراء منسوبان لله سبحانه ،  لا إلى محمد صلى الله عليه وسلم .

ونحن في مجالنا البشري تختلف قدراتنا على قطع المسافات وأزمانها ،  فمن يركب عربة يجرها حصان فقد يصل من القاهرة إلى الإسكندرية في أيام ،  ومن يركب سيارة فقد يصلها في ساعتين .  ومن يركب طائرة يصلها في نصف ساعة .

إذن :  فكلما زادت القوة تجد الزمن يقل ،  فما بالنا بقوة القوىّ ؛  أيكون معها زمن ؟  طبعا لا .

وقال الحق سبحانه لسيدنا نوح : {  فإذا استويت أنت ومن معك على الفلك .  .  . ( 28 ) } ( المؤمنون ) .

أي :  بعد أن ركب معك يا نوح من آمن من قومك ،  واطمأننت على نجاتهم ،  ستسير السفينة بإذن ربها .

إذن :  فقول الحق عن ذاته : {  استوى على العرش .  .  . ( 3 ) } ( يونس ) : يعني :  أن الأمور قد استتبت وتمت .  وهكذا نفهم أن كل شيء يتعلق بالحق سبحانه وتعالى نأخذه في إطار : {  ليس كمثله شيء ( 11 ) } ( الشورى ) .

وأن كل صفة من صفاته يأتي تمثيلها ليقرب المعنى فقط ولا يعطي حقيقة المعنى ؛  لأنه سبحانه ليس كمثله شيء .  وهكذا فسبحانه له استواء يليق بذاته ،  لا كاستواء البشر .

والشاعر أبو تمام حين جاء ليمدح الخليفة المعتصم ،  نظر إلى الصفات التي اشتهر بها بعض القوم ،   "" فحاتم ""  على سبيل المثال كان قمة الكرم .  و "" عنترة ""  هو قمة الشجاعة ،  و "" الأحنف بن قيس ""  قمة الحكمة ،  فقال الشاعر أبو تمام عن الخليفة :

إقدام عمرو في سماحة حاتم	 ****	في حلم أحنف في ذكاء إياس

وهكذا صار الخليفة مجمع فضائل ؛  لأنه أخذ إقدام ،  وكرم حاتم ،  وحلم الأنف ،  وذكاء الأحنف ،  وذكاء إياس .  ولكن حاسد الشاعر قال :  الأمير فوق كل وصفت ،  فهؤلاء جميعا بالنسبة للخليفة صغار .  قال أحد الشعراء :

وشبهة المداح في البأس والندى	****	بمن لو رآه كان أصغر خادم

ففي جيشه خمسون ألافا كعنتر	****	وفي خزائنه ألف ألف حاتم

وحين سمع الشاعر الأول ذلك ،  وكانت قصيدته الأولى  "" سينية ""  ،  أي :  أن آخر حرف في كل أبياتها هو حرف السين ،  فجاء بأبيات أخرى من نفس بحر القصيدة الأولى ،  وقال :

لا تنكروا ضربي له من دونه	 ****	مثلا شرودافي الندى والبأس

فالله قد ضرب الأقل لنوره	      ****  	مثلا من المشكاة والنبراس

إذن :  فهناك فرق بين تمثيل الشيء ،  وبين حقيقة الشيء ،  فحين قال الحق : {  مثل نوره كمشكاة فيها مصباح المصباح في زجاجة .  . ( 35 ) } ( النور ) .

فهذا مثل توحي للبشر .  وشاء الحق ذلك ليعطينا مجرد صورة ؛  لأنه يتكلم عن أشياء لا وجود لها عندك .  ولذلك نجد الرسول صلى الله عليه وسلم يقول عن الجنة :  "" فيها ما لا عين رأت ،  ولا أذن سمعت ،  ولا خطر على قلب بشر ""  .

وأنت حين ترى ؛  فللرؤية حدود .  وحين تسمع فأنت تسمع مرائي غيرك ،  وما لا يخطر على البال هو القمة ،  فقد ارتقى الرسول في وصفه للجنة من حدود ما تراه العين إلى لآفاق ما تسمعه الأذن ،  ثم ارتقى من حدود السمع إلى ما لا يخطر على البال ؛  لأنه صلى الله عليه وسلم علم أن اللغة هي ألفاظ تعبر عن معان ،  والمعاني توجد أولا ثم نأتي لها بالألفاظ ؛  ولذلك فالأمثال لمجرد التوضيح باللغة .

وهكذا نكون قد استوفينا فهم قوله الحق : {  ثم استوى على العرش } بما يليق بذات الله ،  فلا نأخذ الاستواء على المعنى الذي يدل على مكان محيّز ؛  لأنه سبحانه منزّه عن أن يكون متحيزا في مكان ؛  فذاته سبحانه ليست كالذوات ،  وفعله ليس كالأفعال ،  وصفاته ليست كالصفات .

ثم يقول بعد ذلك {  يدبر الأمر } أي :  أنه يرتب الوجود ترتيبا يجعل كل شيء موضوعا في مكانه بحكمة .  والحق سبحانه وتعالى له صفة العلم ،  وصفة إرادة ،  وصفة ق'درة ،  وصفة العلم هي التي تخصص الممكن ببعض ما يجوز عليه .

وصفة القدرة تبرز المراد لله .

إذن :  فهناك علم ،  وهناك إرادة ،  وهناك قدرة تبرز المراد على وفق العلم .  ومن المنطقي أن يدبر الله كل أمر ؛  لأنه سبحانه هو الذي خلق السماوات وخلق الأرض .  واستوت له الأمور بحيث لم يعد هناك خلق جديد إلا ما يبرزه ب "" كن ""  .  وهو سبحانه بعد أن خلق السماوات والأرض وخلق الإنسان وسخّر له السماوات والأرض ؛  لذلك لا بد أن يدبر سبحانه للإنسان أمور مادياته ،  وأمور قيمه .

أما أمور الماديات فقد ظهرت في خلق السماوات والأرض والشمس والقمر والنجوم والماء والهواء .  وما في الأرض من عناصر تنبت للإنسان ما يحتاج إليه في قوام حياته ،  وهو سبحانه الذي خلق كل ذلك قبل أن يخلق الإنسان ،  ثم جاء بالإنسان ليكون الخليفة والسيد .

إذن :  فالإنسان هو الذي طرأ على هذه الأمور المادية ،  وكان بلا بد أن ينزل الحق سبحانه قيما يحيا بها الإنسان كخليفة في هذه الأمور المادية .

وهكذا خلق الله القيم ،  فلا تقولوا :  لماذا أرسل رسولا لا يحسب في نظر بعض الناس من عظماء أقوامهم ،  ولا تقولون لماذا أرسل محمدا بالتحديد ؛  لأن هذا الإرسال هو من ضمن تدبير الأمور ،  و{  الله أعلم حيث يجعل رسالته .  .  . ( 124 ) } .

إذن :  فقوله : {  يدبر الأمر } جاء ليؤكد نفي التعجب من أن يكون الوحي لمحمد صلى الله عليه وسلم : {  أكان للناس عجبا أن أوحينا .  .  . ( 2 ) } ( يونس ) .

وعلتها أن الله هو ربكم وهو الذي خلق ،  ولا يجادل أحد الله فيما خلق ،  وفيمن خلق .  وإذا كان هو سبحانه هو الذي خلق الإنسان والكون ،  فلا بد أن ينظم حركة الوجود بين الإنسان والكون ؛  لذلك اختار الرسول المناسب ؛  ليحمل منهج القيم للإنسان في  "" افعل كذا ""  و  "" لا تفعل كذا ""  .  ثم ترك الحق للإنسان أمورا لا يقول له فيها :  افعلها أو لا تفعلها ،  فهي من المباحات .

وإذا استقرأت الأفعال والأحداث ،  ستجد الذي قال الله فيه  "" افعل ""  قليل ،  والذي قال الله فيه  "" لا تفعل ""  قليل .  وبذلك تجد المباحات أكثر من  "" افعل ""  وأكثر من  "" لا تفعل ""  .

وما دام سبحانه هو الذي شاء ذلك ،  وترك لك أيها الإنسان الكثير من الأمور المباحة ،  فاترك القيم لله ؛  لأن الكون المادي المخلوق لله في غاية الدقة وفي غاية النظام ،  ولم تمتنع الشمس أن تشرق أو تعطي ضوءها وحرارتها للناس ،  وما امتنع القمر أن يعطي نوره ،  وما امتنع السحاب أن يسقط مطرا مدرارا ،  وما امتنعت الأرض أن تتفاعل مع أي غرس تغرسه فتعطيك الغذاء ،  وكل شيء داخل في نطاق القدرة في النواميس العليا ؛  محكم ؛  ولا خلل فيه .

وإذا نظرتم إلى غير ذلك وجدتم الخلل قد حدث ؛  لأن الشيء الذي لا تدخل فيه قدرة الإنسان وإرادته هو على أتم مل يكون من النظام ،  ولا يفسد إلا الشيء الذي للإنسان فيه عمل واختيار ،  ولا يعني ذلك أن كل أعمال الإنسان تعاني من الخلل ،  لكن الأعمال التي تعاني من الخلل هي الأعمال التي يقبل عليها الإنسان دون منهج الله .  ولو اخترنا البدائل على ضوء منهج الله ،  لاستقامت القيم كلها ،  كما استقامت لنا نواميس الكون العليا .

فإذا رأيتم فسادا فلوموا أنفسكم ؛  لأن الأمر الذي لا تتناولونه بأيديكم ولا دخل لكم فيه ،  ويعمل غاية الدقة ،  فإن أردتم أن تعمل أموركم الاختيارية بغاية الدقة ؛  فخذوا منهج الله في الأفعال ،  ولا تفسدوها أنتم بأن تختاروا البدائل على غير مرادات الله .

ولذلك أقول دائما :  إنك إذا ما رأيت عورة في الوجود ،  يتعب منها ا لمجتمع ،  فاعلم أن حدا من حدود الله قد عطّل .  وإن وجدت أمة متخلفة ،  فاعلم أنها عطلت حدود الله ،  وإن وجدت أمة تعاني من أمراض اجتماعية جسيمة ،  فاعلم أنها لا تطلق منهج الله .

و يخطئ من يقصر فهم عبادة الله على أنها الانقطاع في المسجد ،  أو الصوم ،  أو إخراج الزكاة في ميعادها ،  أو الذهاب إلى الحج ،  فكل هذه هي رءوس الإسلام تشحن العبد ليعمل وفق منهج الله ،  فالصلاة هي إعلان الولاء لله خمس مرات في اليوم ،  ومدة الصيام شهر كل عام ،  والزكاة إنما هي من فائض المال ،  والحج هو ترك للمال والأهل والولد .

كل ذلك من أجل شحن الطاقة ،  فإذا ما شحنت الطاقة ،  فوجّه الطاقة إلى عمل آخر .  ولنأخذ الصلاة مثلا :  فأنت تحتاج إلى طاقة تقيمك وتقعدك وتستبقي حياتك ؛  وقوة حركتك تحتاج كل ذلك لتصلي !

إذن :  فأنت تحتاج إلى طعام ،  ولن تطعم ما لم يكن لك عمل يتيح لك شراء الطعام ،  وحتى يبيع لك التاجر الخضر واللحم ،  والفاكهة والخبز ،  هو يحتاج إلى من ينتج ذلك ،  ومن ينتج الأطعمة يحتاج إلى من يدرس طبيعة الأرض والبذور ومعرفة الأوقات ،  وكل هذه الأمور تحتاج إلى أجهزة منظمة لإنتاج الطعام .  فمن يزرع يحتاج إلى محاريث تحرث ،  و هذا يستلزم وجود الحديد وآخرين ليصهروه ويستخرجوا منه ما يصلح لصناعة المحاريث .

إذن :  فقيامك إلى الصلاة يحتاج إلى كل هذه الأعمال .  وما لا يتم الواجب إلا به فهو واجب .  وهكذا تجد أن كل الأعمال التي تسهّل لك العبادة هي أعمال واجبة .  والمثال :  أنك حين تصلي تحتاج إلى ستر عورتك ؛  لذلك تشتري القماش ليفصّل لك الحائط ما ترتديه من ملابس ،  وكل هذه الأعمال التي تنتج القماش وتصنع الثياب هي أعمال واجبة ،  بدءا من زراعة القطن أو الكتان أو التيل وغيرها إلى المغازل ومصانع النسيج ،  وغير ذلك .  وهكذا تجد أن كل الأعمال التي يتم الواجب بها هي أعمال واجبة ،  فستر العورة أمر شرعي ،  وهكذا يتسع مفهوم العبادة ليكون معناها :  كل حركة تؤدي إلى إبقاء الصالح على صلاحه وزيادة الصالح إلى ما هو أصلح .

والمثال الذي أضربه دائما :  هو حاجة الإنسان إلى الماء للشرب ،  والغسل من الجنابة وطهو الطعام وغير ذلك ،  كان الإنسان قديما يشرب من الآبار ،  ثم تطور التفكير إلى إقامة شبكات لتوزيع المياه بعد تنقيتها ،  كل هذه الأعمال تزيد الأمر  لأنك أخذت الماء من المطر الذي ملأ النهر ،  وأعليت الماء في خزانات لتنقيته ،  ثم اكتشفت قوانين الإستطراق و مضخات المياه ،  ليصل الماء الطاهر إلى كل ما يحتاجه .  وهكذا تزيد الصالح صلاحا بالتفكير واستخدام العلم بما يفيد الإنسان .

إذن :  فهذا عمل عبادي ما دامت النية فيه لله .

وانظر إلى يوم السوق في أي قرية ،  تجد من يدخله ومعه الماشية والأنعام التي يرغب في بيعها ،  وتجد من يدخل بالفواكه والأطعمة ،  ومن يدخل ومعه الثياب أو أدوات المنزل ،  وتجد من يدخل ليس معه شيء ،  وبعد انتهاء السوق تجد كل إنسان قد خرج بما يحتاج ،  لا بما دخل لبيعه .  وهكذا ألقى الله الخواطر في قلب وتفكير إنسان ما ليبيع ما لا يحتاجه ،  وآخر ليشتري ما يحتاجه من إنتاج غيره .

وأنت إذا نظرت إلى قرية ما ،  ستجد واحدا من أعيانها يرغب في بيع أرضه وقصره ،  ويرغب في الرحيل إلى بلدة أخرى ،  وهكذا ترى الميزان الاقتصادي الإلهي ،  الذي يوزع العبادة في الأماكن التي تليق بكل واحد منهم ،  فإذا ما زاد واحد عن الحاجة في مكان ،  فهو يرحل إلى مكان آخر يحتاجه .  وهذا هو التدبير الإلهي على أحسن ما يكون .

وقد تجد –مثلا- الطفل يكتب بيده اليسرى ،  على عكس أقرانه ،  وقد تضربه على ذلك ،  فيعجز عن الكتابة باليمنى وباليسرى ،  وحين يقول لك الطبيب :  لقد شاء الله أن يجعل ابنك موهوبا في الخط الجميل ،  وهو يكتب بيده اليسرى ،  فأنت تتعجب ،  وتكتشف بالفعل أن خط الطفل بيد اليسرى جميل .

وأقول دائما لمن يشكون أن بعضا من أولادهم يكتبون باليد اليسرى أو يأكلون باليد اليسرى ،  أقول لهم إن :  هذه المسألة تتعلق بالجهاز العصبي للإنسان ،  فهناك من خلقه الله ليعمل باليد اليمنى ،  وهناك من خلقه الله ليعمل باليد اليسرى ،  وهناك من خلقه الله ليعمل بيديه الإثنين ،  مثل سيدنا عمر – رضي الله عنه – وكان  "" أضبط ""  أي :  يعمل بيديه الإثنين .

وعلينا أن تحترم أقدار الله فيما خلق ومن خلق .  فسبحانه يخلق ما يريد ،  لا وفق قوالب ،  بل يخلق ما يشاء ،  ومع كل خلق مراد معين .  وكما أحسن الحق تدبير ما ليس لكم دخل فيه ،  فاعلموا أنه قد أنزل المنهج ليحسن مما فيه دخل ،  ويجعل أموركم منتظمة ،  وكل ذلك يدخل ضمن تدبير الأمر .

وأنت إذا نظرت إلى معنى كلمة  "" أمر ""  تجد أنها كل شيء ينشأ ،  ولماذا عدل سبحانه عن قول :  "" شيء ""  إلى قول :  "" أمر ""  ؟  ،  لأن كل شيء لا يوجد في الوجود إلا ب  "" كن ""  وهي أمر .  وسبحانه القائل : {  إنما أمره إذا أراد شيئا إن يقول له كن فيكون( 82 ) ( يس ) .

وسبحانه دبر الأمر في السنن المادية التي لا تتناولها يد الإنسان ،  فإن أراد الإنسان أن يضبط أمور حياته ،  فليأخذ بالمنهج الذي أنزله الله ب "" افعل ""  و  "" لا تفعل ""  ،  وأما المباحات فهي كثيرة ،  والإنسان حرّ فيها .

وإذا ما سأل سائل :  ولماذا أتّبع المنهج ؟  أقول :  إن الحق شاء أن يخلق الإنسان على هيئتين :  هيئة إرغامية قهرية ،  وهيئة اختيارية ،  فأنت أيها الإنسان مقهور في أشياء ،  ومختار في أشياء أخرى ؛  أنت مقهور في التنفس ،  وتتنفس آليا دون تدخل منك ،  تتنفس مستيقظا أو نائما ،  ولو كان التنفس باختيارك ،  لاحتجت إلى من يدير حركة تنفسك وأنت نائم ؟

إذن :  فمن رحمته سبحانه أن جعلك مقهورا في هذه المسألة وكذلك نبضات قلبك ،  أنت مقهور فيها ،  وكذلك أنت مقهور في الحركة الدودية للأمعاء ،  وللحركة الانبساطية والانقباضية في المعدة ،  وإفراز العصارات الهضمية ،  كل ذلك أنت مقهور فيه ،  وأنت مختار في أشياء أخرى ،  كأن تشتري من البائع الفلاني ،  أو بائع غيره ،  وأنت مخير في أن تختار أصناف الطعام التي تهواها .

والمباحات في الوجود كثيرة ،  وما أكثر ميادين الحرية في الحياة ،  وما حدده لك الحق سبحانه وتعالى ب "" افعل ""  و "" لا تفعل ""  لا يخرج عن أمور محصورة تصونك وتصون مجتمعك ،  وكذلك الكون الذي تحيا فيه .  وإن مارست أيها الإنسان حريتك في الأمور المباحة على أي لون شئت فلذلك لا يفسد الكون .

وقد شاء الحق سبحانه-أيضا- أن تكون مقهورا في بعض الأمور حتى لا يفسد الكون ،  فإن أكلت ما شئت من المأكولات غير المحرمة ؛  فأنت حرّ ،  وإن سلك كل إنسان كما يهوى في الأمور المباحة ؛  فلا مانع لذلك .  وكل البشر يختلفون .

وأراد سبحانه أن يحمي الإنسان والكون ؛  لأنه علم أزلا أن أهواء البشر تتضارب ،  وهو القائل : {  ولو اتبع الحق أهواءهم لفسدت السماوات ولأرض .  .  . ( 71 ) } ( المؤمنون ) .

ولهذا نرى أن تدبير الله فيما لا دخل لنا فيه ،  تدبير محكم ،  وما يسير بدون تدخل من البشر إنما يتبع نظاما مستقيما ،  وشاء الحق أن يجعل نواميس الكون تعمل بدقة يندهش لها المؤمنون بالله والكافرون به ،  فسبحانه يحكم في ملكه بدقة متناهية ؛  حتى إن بعض العلماء ممن لا يؤمنون بمنهج الله قد حددوا مواعيد الكسوف الكلي أو الجزئي للشمس أو القمر بدقة متناهية وذلك باستقرائهم لمعطيات الكون .

وما دمتم أنتم تتميزون على الكافرين بالإيمان بالله ،  فخذوا منهج الله في حياتكم ؛  لتستقيم أموركم بمثل استقامة الكون .

ولذلك قال سبحانه : {  يدبر الأمر .  .  . ( 3 ) } ( يونس ) ، ويضيف : {  ما من شفيع إلا من بعد ذنه } وجاء الحق بمسألة الشفاعة بعد مسألة تدبير الأمر ؛  لأن هؤلاء الكافرين الذين تعجبوا من إرسال الله لرسول الله صلى الله عليه وسلم ،  كانوا يعبدون ما لا يضرهم ولا ينفعهم ،  ويقولون :  إن تلك الأصنام تشفع لهم عند الله ،  مصداقا لقوله الحق : {  ويعبدون من دون الله ما لا يضرهم ولا ينفعهم ويقولون هؤلاء شفعاؤنا عند الله .  .  . ( 18 ) } ( يونس ) .

ولذلك يفصل الحق سبحانه مسألة الشفاعة .  الإنسان لا يحتاج إلى شفاعة عند من يملك الأمر إلا إذا ارتكب جرما أو حدث منه تقصير في أمر ما .  والآية أوضحت أنهم يعبدون ما لا يضرهم إن لم يعبدوه ،  وما لا ينفعهم إن عبدوه ،  وأقروا أن مثل هذه الأصنام إنما تشفع لهم ،  والشفاعة من الشفع ،  والشفع ضد الوتر .  والوتر هو ما لا يقبل القسمة على اثنين ،  فيكون الوتر رقما فرديا .

والعبد من هؤلاء له موقف من الإله الذي يعبده ،  وهو غير قادر على مواجهته ؛  لأنه مقصر ،  فبدلا من أن يقابله فردا يأتي بآخر معه ؛  ليشفع له ،  وهكذا يكون معنى الشمع هو تعضيد الفرد بواحد آخر ؛  فينتقل من كونه وترا إلى كونه شفعا .

وكان الكفار على عهد رسول الله صلى الله عليه وسلم يقولون تلك الأصنام :  إنهم شفعاء لهم عند الله ،  فيقول الحق سبحانه في الآية التي نحن بصدد خواطرنا عنها : {  ما من شفيع إلا من بعد إذنه .  .  . ( 3 ) } ( يونس ) : لأن الشفاعة تقتضي شافعا ومشفوعا عنده ،  ومشفوعا له ،  ومشفوعا فيه ،  هذه هي الأربعة العناصر في الشفاعة .  والذي يستشفع هو المقصر ،  وهؤلاء الكفار قالوا عن الأصنام :  إنها شفعاء لهم عند الله ،  وهذا إقرار منهم بالتقصير ،  وأقروا بأن المشفوع عنده هو الله ،  وأما المشفوع فيه ؛  فهو تخفيف العذاب أو إنهاء العذاب .

إذن :  فالمشفوع فيه أمر مشترك ،  والمشفوع عنده أمر مشترك ،  أما الأمر في الشافع ،  والأمر في المشفوع له ،  فهما مختلفان .  وأنت- على سبيل المثال ،  لا تأتني بإنسان يسير في الطريق وترسله ليشفع لك ( مثلا ) عند المحافظ أو عند الوزير ؛  إن كانت لك حاجة عند أي منهما ،  بل تأتي بإنسان تعلم رضا المحافظ عنه أو رضا الوزير عنه ،  وله منزلة ومكانة ،  وهذه المنزلة والمكانة تسمحان له بالإذن في أن يكلّم المحافظ أو الوزير في أمور الناس .

وإذا كان هذا هو الحال في الشفاعة من البشر لدى البشر ،  فما بالنا بالشفاعة للإنسان لدى الله ؟  لذلك بين الحق هنا أن الشفيع لا بد أن يكون بإذن منه سبحانه {  ما من شفيع إلا من بعد إذنه .  .  . ( 3 ) } ( يونس ) .

وفي سورة البقرة يقول سبحانه : {  من ذا الذي يشفع عنده إلا بإذنه ( 255 ) ( البقرة ) .

وفي آية أخرى يقول سبحانه :

{  يومئذ لا تنفع الشفاعة إلا من أذن له الرحمان ورضي له قولا ( 109 ) } ( طه ) .

إذن :  فالشفيع لا بد له من إذن ورضا من الله .

أما المشفوع له فقد قال الحق : {  ولا يشفعون إلا لمن ارتضى .  .  . ( 28 ) } ( الأنبياء ) .

هكذا بين لنا الحق عناصر الشفاعة :  الشافع ،  والمشفوع له ،  والمشفوع عنده وهو الله سبحانه ،  والمشفوع فيه هو الذنوب وهي معروفة .

ولقائل أن يتساءل :  ما دام الحق سبحانه قد رضي عن عبد ،  فلماذا يحتاج العبد إلى الشفاعة ؟

وأقول :  لننتبه إلى أن الإنسان يتعرض لأعمال كثيرة ،  وله نقاط ضعف في حياته ؛  تكون كثيرة ،  وقد تكون قليلة ،  فإذا جاء في نقطة الضعف وأذنب ذنبا ،  فعليه أن يزيد من فعل النقاط القوية التي تكتب له بها الحسنات ؛  لأن المعيار هو : {  إن الحسنات يذهبن السيئات .  .  . ( 114 ) } ( هود ) .

فالعبد حين يزيد من الحسنات فالحق سبحانه قد يمحوا السيئات ،  وليعلم كل إنسان أنه إن اختلس من الله حكما فهو لن يستطيع أن يهرب من العقاب ،  وعليه أن يزيد من الحسنات ،  ويرجوا المغفرة من الله ؛  وقبول التكفير بالحسنات عن السيئات ،  ولن يفلت من ملكوت  اله .

وهب أن إنسانا فيه نقطة ضعف ،  وأذنب ذنبا ،  وعنده نقطة قوة يطيع فيها الله بسهولة ويسر ،  هذا الإنسان له أن يعلم أن الله يحبه لأجل نقطة قوته هذه ،  وقد يرحمه الله سبحانه فيما أذنب من الذنوب ،  ويجعل المأذون له في الشفاعة يشفع له عنده سبحانه .

فلماذا أراد الحق ذلك ؟

شاء الحق ذاك حتى لا يحرم العالم من الحسنات التي يجيدها ذلك الإنسان .  ويحكي لنا الحديث النبوي الشريف عن الرجل الذي لقي كلبا يلهث من العطش ،  ولم يجد الرجل إناء يملأ من البئر ليسقي الكلب ،  فنزل البئر وملأ خفه ،  وعاد إلى الكلب ليسقيه .  وبطبيعة الحال لم يكن هذا الرجل لينافق الكلب ،  بل منتهى الرحمة بهذا الحيوان ،  كذات خلقها الله ؛  لذلك غفر الحق سبحانه لهذا الرجل .

وهكذا نفهم أن الحق يغفر ويمحو السيئات .  وقد جعل الحق سبحانه الشفاعة لرسول الله تكريما له صلى الله عليه وسلم ،  وكذلك في المأذون له في الشفاعة ،  حتى يعلم المسلم أن الرسول قد يشفع له ،  وأن المؤمن قد يشفع لأخيه ،  وأن الأب قد يشفع لإبنه ،  وحين يعلم المسلم ذلك ،  فهو يحسن إلى كل هؤلاء ،  لعله يحصل على الشفاعة منهم ،  ويحسن إتباع سنة الرسول صلى الله عليه وسلم ،  ويحسن معاملة المؤمنين ،  ويحسن الابن معاملة والديه ،  وهكذا يعيش المجتمع في كرامة الشفاعة بعمل الخير وإخلاص النية .

وإذا رأيت إنسانا محسنا في دينه ،  فلا بد لك أن تحترمه ؛  لأن إحسانه في دينه قد ينفعك أنت ؛  ولذلك نجد الحق سبحانه وتعالى في سورة الفاتحة يقول : {  إياك نعبد وإياك نستعين ( 5 ) } ( الفاتحة ) .

وكان الحق سبحانه قادرا أن ينزلها  "" إياك أعبد وإياك استعين ""  ولكنه شاء أن تنزل على صورتها تلك ،  حتى يأذن سبحانه بقبول الصفقة من كل قائليها ،  فيتقبل من عباده أعمالهم بما يغفر لبعضهم الأشياء المعيبة .

ولذلك أقول :  إن رأيت إنسانا مستغرقا في العبادة فلا تسخر منه ولا تهزأ به ؛  لأن حرصه على الطاعة وانشغاله بالعبادة قد تنفعك أنت .

وساعة تتلقى أمرا من رسول الله صلى الله عليه وسلم وتجده شاقّا ،  فعليك أن تتذكر أنه المرجع الذي قد يشفع لك في الأمور التي لم تقدر عليها .

ولا بد أن يرضى الحق عن المشفوع له ؛  لأنه قد أجاد فعل الحسنات .  وإن كانت له سيئات ،  وقد رأى رجل سيدنا عمر في رؤيا ،  فسأل الرائي سيدنا عمر بن الخطاب :  ماذا فعل الله بك يا ابن الحطاب ؟  فقال سيدنا عمر :  غفر الله لي .  فسأل الرائي :  بماذا ؟  أجاب سيدنا عمر :  لأنني رأيت غلاما يبعث بعصفور فاشتريته حتى لا أفجعه في عصفور يملكه ،  وأخذت العصفور وأطلقته .

واعترض أحد السامعين للرؤيا متسائلا :  .  ألم يفعل ابن الخطاب أعمالا تؤهله لمغفرة الله إلا مسألة العصفور هذه ؟  فقال له قائل :  أحسن الفهم يا رجل ؛  فمسألة إطلاق العصفور إنما تخص غفر الخطايا ،  وأما أعمال عمر ابن الخطاب الجليلة فهي لرفع الدرجات .

وفي القرآن آيتان جاءتا بنص متقارب ،  فالحق يقول : {  واتقوا يوما لا تجزي نفس عن نفس شيئا ولا يقبل منها شفاعة ولا يؤخذ منها عدل .  .  . ( 48 ) } ( البقرة ) .

والآية الثانية تقول : {  واتقوا يوما لا تجزي نفس عن نفس شيئا ولا يقبل منها عدل ولا تنفعها شفاعة .  .  . ( 123 ) } ( البقرة ) .

ومن حاولوا المقارنة بين الآيتين بغرض الطعن في القرآن ،  هم من الغرباء عن اللغة ولا يملكون مكلة البيان التي يمكن أن يستقبلوا الأساليب بها ،  ولو امتلكوا هذه الملكة لعلموا أن الصدر في الآيتين محتمل لوجهين ،  فهناك نفس جازية هي التي تتشفع ونفس مجزىّ عنها هي التي يتشفع لها .

والضمير الذي يأتي في قوله الحق{  ولا يقبل منها } و{  ولا يؤخذ منها } و {  ولا تنفعها } ،  هذا الضمير يصح أن يرجع إلى النفس الشافعة ،  ويصح أن يرجع إلى النفس المشفوع لها .  والإنسان منا إذا ما كان عليه شيء لإنسان آخر ،  وغير قادر على أن يستبرئ ذمته منه ،  فهو يلجأ إلى صديق لهذا الآخر ،  له مكانة عنده ليستشفع له .  وفور أن يذهب صاحب المكانة إلى هذا الآخر فهو يقول له :  هل تقبل شفاعتي لفلان ؟  فإن قال صاحب الأمر :  لن أقبل الشفاعة ،  فالمستشفع عنده يقول له :  إذن :  سأدفع العدل ،  أي :  ما يساوي قيمة ما كنت يتشفع له فيه .  وهكذا نجد أنفسنا أمام نفسين :  شافعة ،  ومشفوع لها .  والضمير يعود على أي من النفسين .

وهكذا نجد أن صدر كل آية من الآيتين اللتين يقال عنهما :  إنهما متشابهتان ،  صدر مل منهما منسجم مع عجزها .

وينهي الحق سبحانه الآية التي نحن بصدد خواطرنا عنها بعد أن أوجزت الآية فكرة عن خلق الله تعالى للكون ،  وأنه يشفع لمن شاء ويختار من يقدم له الشفاعة ،  فيقول : {  ذلكم الله ربكم فاعبدوه أفلا تذكرون( 3 ) } ( يونس ) .

فسبحانه خلق الكون ،  واستتبّت بيده مقاليد الأمور ،  وخلق الإنسان ليعمر هذا الكون ،  ونعلم أنه سبحانه قد شهد لنفسه أنه لا إله إلا هو ،  وحين يشهد الحق لنفسه ،  فسبحانه على ثقة تامة بأن أوامره في كونه نافذة .

وقوله سبحانه : {  ذلكم } أي :  إشارة إلى ما تقدم من خلق السماوات والأرض ،  والاستواء على العرش ، وتدبير الأمر كله ،  ولا أحد يشفع عنده إلا بإذنه ،  هذا هو الله ربكم ،  وما دام هو ربكم فاعبدوه ،  لأنه هو الذي خلق من عدم ،  وأمد من عدم ،  وله صفات الكمال المطلق .

وهذه العبادة لا تعود عليه سبحانه بأي فائدة ،  فسبحانه منزه عن فائدة تعود عليه ،  لأنكم إن عبدتموه فلن تزيدوا في ملكه شيئا ،  وإن لم تعبدوه فلن تنقصوا من ملكه شيئا .  والعبادة يعود نفعها عليكم ،  لأنكم ستأخذون بها منهجا يخرج كل الخلق عن أهوائهم ،  ويصير هوى الموجه واحدا ،  فلا تصطدم إرادة بإرادة ،  بل تتساند الإرادات ،  فيتكامل العالم .

إذن :  فالعبادة توحد أهواء الخلق إلى مراد واحد ،  لا يأنف الإنسان منا أن يخضع له ،  لأن هذا ليس خضوعا من بشر لبشر ،  بل خضوع من مخلوق لخالق ،  وبذلك تستقيم أموركم الاختيارية ،  كما استقامت أموركم غير الاختيارية .

وهكذا لا تنحصر العبادة في أركان الإسلام الخمسة ،  بل تكون الأركان الخمسة هي الدعائم التي تقوم عليها عمارة الإسلام ،  وكل الإسلام هو كل أمر لله وكل نهي له سبحانه ،  ولذلك حين نتابع تسلسل الأمور ،  سنجد أن أركان الإسلام الواجبة تعتمد على حركة الحياة كلها ،  وما لا يتم الواجب به فهو واجب .

ويقول الحق في آخر الآية : {  أفلا تذكرون } والذهن أو المخ -كما نسميه- فيه ملكات متعددة مثل :  ملكة التخيل ،  وملكة الحفظ والاختزان ،  وكثير من الملكات الأخرى منها ملكة التذكر .  ومعنى التذكر أن شيئا سبق لك إلف به ،  فطرأ عليك ما أنساك ،  وحين تنسى أمرا يخص أحد أقرانك ،  فهو يقول لك :  تذكر يا أخي الأمر الفلاني ،  وهو لا يأتي لك بأمر مجهول لم تعرفه أولا ،  بل يأتي لك بأمر كان معلوما لك ،  لكنك نسيته .

والإنسان حين ينظر إلى الكون نظرة غير متحيزة لا بد أن يؤمن بأن لهذا الكون إلها ،  وهذا الأمر لا نأخذه من الفلاسفة ،  بل من رجل الشرع ،  وراعي الشاة ،  فقد جاء في الأثر أن راعيا كان  يسير في الصحراء فرأى بعرا في الطريق ،  فقال :  إذا كان البعر على البعير ،  والسير على المسير ،  أفلا يدل كل هذا الكون على وجود اللطيف الخبير ؟  !

والمثال من حياتنا اليومية :  أن غسالة الملابس الكهربائية وهي لا تدل على شيء ضروري في الحياة ،  بدليل أن السابقين علينا كانوا يغسلون ملابسهم بدونها ،  فهي تمثل ترفا ،  لا ضرورة-نجد الناس يعرفون من الذي ابتكرها ،  ومن أوصلها بالكهرباء ومن صنع لها توقيتات دورات الغسيل ،  ومثلها من المصباح الكهربائي الذي يفسد بعد عدد معين من الساعات ،  ونجد التلاميذ يدرسون تاريخ من صنعه ،  فهل يمكن أن ننسى من خلق الشمس التي تضيء الكون ؟

بل ونجد في زماننا العالم الكافر وهو يمدنا بأدلة الإيمان ،  فكل اختراع نجد من يسجله ،  حتى لا يسرقه غيره ،  فما بالنا بالشمس التي تضيء وتدفئ ،  والقمر الذي يحدد الشهور ،  والنجوم التي تدل الناس على الإتجاهات ولا شيء في كون الله يحتاج إلى قطع غيار ،  ألا نعترف بمن خلق كل ذلك ،  ها هو ذا سبحانه يدلنا على من خلق ويبلغنا ما يسجل له ملكية ما خلق ،  فأنزل القرآن على الرسول صلى الله عليه وسلم ليدلنا على أنه سبحانه الذي خلق ،  وأبقى الله الكافرين ليتحدى من يناقض قضية الخلق .  وسجل الحق سبحانه ما خلقه لنفسه ،  ولم يقدر أحد من الكافرين على إنكار ذلك .

ولن نأخذ الأدلة على وجود الله ،  من الفلاسفة الذين يرتبون النتائج على المقدمات ،  ومطابقة قياس الشكل على الموضوع ،  بل سوف نأخذ الدليل من كلمة  "" الكفر ""  نفسها ،  هذه الكلمة ( كفر ) تعني :  ( ستر ) ،  فهل يستر إلا موجود ؟

لإذن :  فالكفر بالله دليل على وجود الله وما دام الكفر سترا ،  فالكفر أمر طارئ ،  نتيجة للغفلة ،  والغفلة إنما تأتي لأن مقتضيات الإيمان تقيد النفس في حركتها ،  لذلك قد يغفل الإنسان متناسيا أن قيود المنهج لا تطبق عليه وحده ،  بل تطبق على كل الناس .

فحين يحرّم الله السرقة ،  فهو لم يحرمها على إنسان واحد ،  بل حر مها على كل إنسان ،  فقيّد الآخرين ومنعهم من أن يسرقوا منك .

وحين يأمرك بغضّ بصرك عن محارم جارك ،  فهو يحمي محارمك أن ينظر إليها غيرك .

إذن :  فالإيمان جاء بالنفعية لكل إنسان .  وما دام الأمر كذلك ،  نجد الحق سبحانه يقول : {  اذكروا .  .  . ( 3 ) } ( فاطر ) .

وحين يجلس الإنسان بمفرده ولا تحركه شهواته فهو يهتدي إلى الإيمان بأن هذا الكون لم يأت صدفة .

واسم الخالق للكون لا يمكن أن يعرف الإنسان بعقله ،  لأن التصورات تختلف من إنسان لآخر .  وتجد أن الفلاسفة حين أقروا بأن هذا الكون لا بد له من خالق لم يعترفوا على الاسم ،  بل أخطأ بعضهم التصور وظنوا أن سلطانه في الكون مرة واحدة .  لذلك جاء الرسل بالمعجزات التي تخرق النواميس ،  ليدلنا على أنه هو الذي خلق ،  وله قيومية على ما خلق ،  فليست المسألة نواميس بذاتها ،  بل شاء سبحانه أن يدلنا على عدم الآلية في الكون .

ونحن نعلم أن الآلية التي يصممها البشر في بعض المعدات تتسبب في إحداث جمود ،  فالعقل الإلكتروني ليست له قيومية على المعلومات المختزنة فيه ،  فلا يستطيع أن يخفي منها شيئا إذا طلبت منه .

أما عقل الإنسان فله سيطرة على معلوماته ويستطيع أن يخفي ما شاء منها ،  ولذلك قال الحق سبحانه : {  ولا تلبسوا الحق بالباطل وتكتموا الحق وأنتم تعلمون( 42 ) } ( البقرة ) . فما دام قيل للإنسان :  لا تكتم الحق .  إذن :  فله قدرة على الإخفاء .

والوردة الطبيعية- على سبيل المثال- حيويتها في ذبولها على عكس الوردة الصناعية التي تظل على جمودها ليس فيها حياة .

والحق حين يقول : {  أفلا تعقلون .  .  . ( 80 } ( المؤمنون ) ، أو {  أفلا تذكرون .  .  . ( 4 ) } ( السجدة ) .

فهو يحرص على أن يتذكر ،  ويتفكر ،  ويعتبر .  ولو كان القرآن يريد أن يخدع الإنسان لما أثار انتباهه إلى ضرورة التذكر والتفكر والتدبر والاعتبار .

وأضرب هذا المثل-ولله المثل الأعلى :  هب أنك ذهبت إلى محل للصوف اشتري قماشا متميزا ،  فتجد البائع يفرد أمامك القماش ،  ويشده بيده ليبين متانته ،  ثم يأخذ منه خيطا ويحرقه ليبين لك أنه صوف خالص نقي ،  إن هذا البائع يحاول أن يشرح لك خبايا صناعة الصوف ،  لأنه واثق من جودة ما يبيع .

هذا ما يحدث فيما بين البشر ،  فما بالنا حين يعرض خالق الكون على مخلوقاته أسرار الكون ويدعوهم عبر منهجه إلى التذكر والتعقل والتفكر والتدبر والاعتبار .

والحق سبحانه يطلب منا ذلك ثقة منه في أن الإنسان منا ،  إن فعل ذلك ،  فسيصل إلى مراد الحق من الخلق .

وإياكم أن تظنوا أن الله خلق لكم ،  ثم خلق لكم ،  ثم أنزل لكم المنهج ليسعد حياتكم في الدنيا والآخرة ،  ثم اعتزل لكم .  لا ،  بل هو قيوم حياتكم ولا تأخذه سنة ولا نوم ،  ولا يفلت منه شيء ،  ولا أحد بقادر على أن يختلس منه شيئا .

وفي الحديث القدسي :  "" يا عبادي إن كنتم تعتقدون أني لا أراكم فالخلل في إيمانكم .  وإن كنتم تعتقدون أني أراكم فلم جعلتموني أهون الناظرين إليكم ""  .

وأنت في الحياة اليومية تعرف أن أحدا لا يقترب من إنسان قوي منتبه ."
10,4,"ويقول سبحانه بعد ذلك : {  إليه مرجعكم جميعا وعد الله حقا إنه يبدأ الخلق ثم يعيده ليجزي الذين آمنوا وعملوا الصالحات بالقسط والذين كفروا لهم شراب من حميم وعذاب أليم بما كانوا يكفرون ( 4 ) } .

وحين يقول سبحانه : {  إليه مرجعكم } فهذا إعلام لكل الخلق أن كل الأمور معلومة له سبحانه ،  فقد أنزل التكليف الذي قد يطاع ،  وقد يعصى .  فمن أطاع يفرح بقوله سبحانه : {  إليه مرجعكم جميعا } ،  ومن عصى يحزن ،  لأنه سيلقى عقاب العصاة حين يرجع إلى الله .

ونجد القرآن يقول مرة :  "" يرجعون ""  ومرة يقول :  "" يرجعون ""  ،  فمن عمل صالحا ،  فهو يفرح بالرجوع إلى الله ،  ومن عصى وكفر ؛  فهو يحزن ويخاف ويتردد ويحاول ألا يرجع ،  لكنه يرجع رغم أنفه ،  والحق سبحانه يقول : {  يوم يدعون إلى نار جهنم دعا ( 13 ) } ( الطور ) ، وقوله سبحانه هنا في الآية التي نحن بصدد خواطرنا عنها : {  إليه مرجعكم جميعا .  .  . ( 4 ) } ( يونس ) . وسمي هذا المرجع في نفس الآية : {  وعد الله حقا .  .  . ( 4 ) } ( يونس ) .

ولقائل أن يقول :  ولكن الوعد يطلق على الأمر الذي سيأتي بخبر ،  فإن كان المرجع للطائع فهذا هو الخير ،  ولكن العاصي لن يرى في الرجوع خيرا ،  فلماذا لم يقل الله :  إن المرجع للعاصي وعيد ؟

وأقول :  إن الحق سبحانه إنما ينبه الإنسان لما ينتظر في المستقبل ،  ويعظه ،  وترك له الاختيار ،  وهذا تقديم للخير ،  وهكذا تصبح المسألة كلها وعدا .  والصيغة التي يقدم فيها المجرور رغم أن من حقه التأخير ،  فهي تعني تفرد الجمع ،  فكلنا نرجع إليه سبحانه ،  مثل قوله سبحانه : {  إياك نعبد .  .  . ( 5 ) } ( الفاتحة ) .

إذن :  فالطائع فرح بجزاء الله له ،  وعلى العاصي أن يراجع نفسه قبل أن يرجع إلى الله .  وأضرب هذا المثل-ولله المثل الأعلى- أنت تنبه التلاميذ إلى أن يذاكروا ،  فالذي يذاكر فعلا ،  يفرح بالامتحان ؛  لأنه سوف ينجح فيه .  والذي يذاكر قد يراجع  نفسه ويقبل على المذاكرة خوفا من الرسوب ،  والتذكير لون من ألوان الإنذار ،  ليتهيب الموقف ويرتدع ،  وهكذا يصير التذكر وعدا لا وعيدا .

ويضيف الحق سبحانه لوصف وعده بأنه حق فيقول : {  وعد الله حقا } ولقائل أن يقول :  أليس كل وعد من الله حقّا ؟  ونقول :  نعم .  كل وعد من الله حق ،  وشاء الحق سبحانه هنا أن يصف وعده بأنه حق ليذكرنا بأن الحق هو الشيء الثابت ،  فإن خيل إليك في بعض الأوقات أن الباطل هو السائد والسيد ،  فلتعلم أن الباطل لا ثبات له لا سيادة .

وسبحانه يقول : {  أنزل من السماء ماء فسالت أودية بقدرها فاحتمل السيل زبدا رابيا ومما يقودون عليه في النار ابتغاء حلية أو متاع زبد مثله كذلك يضرب الله الحق والباطل فأما الزبد فيذهب جفاء وأما ما ينفع الناس فيمكث في الأرض كذلك يضرب الله الأمثال ( 17 ) } .  ( الرعد ) .

فحين ينزل المطر نجد كل واد يأخذ من الماء على قدر حاجته ،  وساعة ينزل المطر ويتجمع ،  نجد القش يطفو ومعه الحشائش والأشياء التي لا فائدة منها ،  لأن الماء في لحظة النزول إنما ينظف المكان الذي ينزل عليه ،  لذلك تطفو الأشياء الخفيفة وغير المفيدة .

كذلك الباطل إنما يطفو على السطح لكنه لا يفيد ولا يزعزع الحق الذي يستقر وينفع الأرض والناس ،  وطفو الباطل إنما هو تنبيه لجنود الحق ،  والباطل مثله مثل الألم الذي ينبه للمرض ،  وأخطر الأمراض هو الذي لا ألم فيه ،  فيستفحل إلى الدرجة التي يصبح علاجه صعبا ومستحيلا .

إذن :  فالألم كالباطل ينبه جنود الحق ،  ولذلك أنت تلحظ أنه إذا ما أهيج الإسلام من أي عدو ،  تجد الحماسة وقد دبت في الناس جميعا ،  حركة وتعاونا ،  ونسيانا للأحقاد ،  للدفاع عن الإسلام .

وفي الأمراض التي تنتقل ببعض الفيروسات ،  نجد الأطباء وهم يطعمون الناس من نفس ميكروبات وفيروسات المرض بجرعات ضعيفة لتستثير مقاومة الجسم ،  إذن :  فالباطل جندي من جنود الحق ،  كما أم الألم جندي من جنود العافية .

وإذا كان الحق هو القائل : {  إليه مرجعكم جميعا } فلا بد أنه الوعد الحق ،  لأنه سبحانه يملك كل يعد به ،  وسبحانه منزه عن الكذب وعن الخديعة ،  لأنه القائل : {  ومن أصدق من الله قيلا ( 122 ) } ( النساء ) .

ولأنه أقوى مما خلق ،  وممن خلق .  ولا تخونه إمكاناته ،  لأنه يملك الكون كله .

وكلمة  "" الرجوع ""  في قوله تعالى : {  إليه مرجعكم جميعا } تفيد أن تكون على شيء ثم تفارق هذا الشيء وبعد ذلك ترجع له ،  فهي وجود أولا ،  ثم خروج عن الوجود ،  ثم عودة إلى الوجود الأول .  فإن كنت في مكان ،  ثم ذهبت إلى مكان آخر ،  وترجع إلى المكان الأول ،  فهذا هو الرجوع .

والقول هنا يفيد أننا سنموت جميع ،  مصداقا لقوله الحق : {  كل من عليها فان( 26 ) ويبقى وجه ربك ذو الجلال والإكرام( 27 ) } ( الرحمان ) .

وقد قال الكافرون ما ذكره القرآن : {  أئذا متنا وكنا ترابا ذلك رجع بعيد( 3 ) } ( ق ) .

كأنه قد استبعدوا فكرة البعث ،  وقالوا أيضا : {  أئذا ضللنا في الأرض أئنا لفي خلق جديد .  .  . ( 10 ) } ( السجدة ) : أي :  أنهم تساءلوا :  هل بعد الموت والدفن وتحلل الجثمان إلى عناصر تمتزج بعناصر الأرض ،  أبعد كل ذلك بعث و نشور ؟

وجاء هنا قوله سبحانه : {  إليه مرجعكم جميعا } ليفيد أن الخروج إلى الوجود بالميلاد إلى الحياة ،  ثم بعد الخروج على الحياة إلى مقابلها وهو الموت ،  ومن بعد ذلك البعث .

وقد وقف الكافرون عند هذه النقطة واستبعدوها ،  فأراد الله لأن يبين لنا هذه المسألة ،  لأنها تتمة التمسك بالمنهج ،  وكأنه يقول لنا :  إياكم أن تظنوا أنكم أخذتم الحياة ،  وأفلتم بها وتمتعتم ،  ثم ينتهي الأمر ؟ لا ،  إن هناك بعثا وحسابا .  ولذلك قال : {  إليه مرجعكم جميعا وعد الله حقا .  .  . ( 4 ) } : فإن قال قائل :  كيف يكون ذلك ؟  يأتي القول الحق : {  إنه يبدأ الخلق ثم يعيده } فالذي قدر على أن يخلق من عدم أيعجز أن يعيد من وجود ؟  إنه الحق القائل : {  وقد خلقتك من قبل ولم تك شيئا( 9 ) } ( مريم ) .

فإذا شاء أن يعيدكم فلا تتساءلوا كيف ؟  لأن ذراتكم موجودة ،  والحق سبحانه يقول :

{  أفعيينا بالخلق بل هم في لبس من خلق جديد ( 15 ) } ( ق ) : هكذا يستدل الحق سبحانه بالخلق الأول على إمكان الخلق الثاني ،  فإن كنتم تتعجبون من أنكم بعد أن أوجد الحق أجزاءكم وذراتكم ومواصفاتكم ،  فانظروا إلى الخلق الأول ،  فقد خلقكم من لا شيء ،  أفيعجز أن يعيدكم من شيء ؟ {  أفعيينا بالخلق الأول } .

وجاء الفلاسفة وأقاموا ضجة ،  فجاء الحق سبحانه وتعالى من الكون بالأدلة ،  وقال : {  وترى الأرض هامدة .  .  . ( 5 ) } ( الحج ) : أي :  أرضا ميتة وليس فيها أي حياة .

{  فإذا أنزلنا عليها الماء اهتزت وربت وأنبتت من كل زوج بهيج ( 5 ) } ( الحج ) .

إذن :  فلا عجب أن تصدر حياة عن موت ،  وأنتم ترون ذلك كل ساعة .  والحياة التي تراها أمامك ليست إلا دورة ،  لأن الله حين خلق الكون ،  خلق عناصره ،  ولا زيادة على هذه العناصر .

وخذ مادة واحدة وهي المياه ،  فمنذ أن خلق الحق سبحانه المياه لم تزد ولم تنقص ،  ويشرب منها الإنسان والحيوان ،  ولو أخذ كل واحد في حياته أي قدر من المياه ،  تظل المياه كما هي ،  لأن هذا الإنسان يفرز ما شربه على هيئة عرق وإفرازات مختلفة ،  وكل ذلك يخرج منه ،  ويبقى ما يمثل وزنه .

إذن :  فما أخذته من المياه إنما يخرج منك مختلطا بأشياء نتيجة التفاعل الذي يعطيك طاقة الحياة ،  بعد ذلك يتبخر الماء ،  وعملية التبخر هي تقطير للماء ،  فأنت إذا أردت تقطير المياه تسخنها إلى درجة الغليان فتتحول بعد ذلك إلى بخار ،  ثم تكثفها لتعود مياها من جديد .

إذن :  فالماء له دورة ،  نروي منه الزرع ،  فيأخذ المائية ويصير أخضر اللون ،  ويخرج منه الماء الزائد عن حاجته في عملية النتح ،  ثم يجف ،  بعد أن تخرج منه المياه بالتبخر ،  وكل ذلك دون أن يشعر أحد بحكاية التبخر هذه .

وأنت حين تحضر كوبا من الماء المقطر في الصيدلية ،  تتكلف كثيرا ،  وتحتاج موقدا وإناء وأنابيب ،  ثم إلى مياه أخرى باردة لتكثف البخار ،  ولكن هذه مسألة تحدث في الكون ملايين المرات ،  ولا يدري بها أحد .

وبعد أن تتبخر المياه تصير سحابا ،  ثم ينهمر المطر وهو مياه مقطرة .

ولذلك تجد أن مساحة رقعة الماء ثلاثة أرباع الأرض لتخدم الربع الباقي ( اليابسة ) ؛  لأن الله يريد اتساع سطح الأرض ،  وهذا الاتساع هو الذي يساعد على التقطير والتبخير والتكثيف .

مثلما تجيء أنت بكوب ماء ،  وتضعه في حجرة ،  ثم تغيب شهرا عن الحجرة ،  فعند عودتك إليها قد تجد الكوب نقص ما مقداره نصف سنتيمتر تقريبا ،  لكنك إن أخذت كوب الماء نفسه وألقيت ما فيه من ماء ليسيح على أرض الغرفة ،  فستجد أن الأرض جفت خلال ساعات قليلة ،  وهكذا نجد أن اتساع الرقعة إنما يساعد على سرعة البخر .

إذن :  الكمية التي خلقها الله من المياه كما هي ،  لم تزد ولن تنقص ،  تدور الدورة التي شاءها الحق ،  وهكذا نرى أن الشيء يعود إلى أصله مرة أخرى ،  ويمكن أن نرى ذلك في كل أوجه الحياة ،  والحق سبحانه يقول : {  والذاريات ذروا( 1 ) فالحاملات وقرا( 2 ) فالجاريات يسرا( 3 ) فالمقسمات أمرا( 4 ) إنما توعدون لصادق ( 5 ) } ( الذاريات ) : يقسم الحق سبحانه هنا بالرياح التي تحمل السحاب ،  وتمطر كل سحابة على الموقع المحدد لها بأمر من الله ،  يلفتنا الحق سبحانه هنا إلى دورة الماء ،  الذي هو قوام الحياة ،  بأن الوعد منه سبحانه يتحقق حتما .

تأمل الوردة ،  تجد لها نعومة ونضارة ،  لأن فيها شيئا كثيرا من المائية ،  ولها لون جميل ورائحة ذكية تفوح ،  فإذا قطفتها تتساقط أوراقها وتجف ،  لأن ما فيها من المائية يتبخر ،  فما أخذته الوردة من الماء عاد إلى مخزنة مرة أخرى ،  وكذلك الرائحة تظل في أوراقها الذابلة إلى أن تنتهي ،  وكذلك اللون ،  ثم تخرج وردة جديدة .

إذن :  حياة كل كائن في الوجود والعالم في حركته ناشئة عن هذه الدورة ،  فإذا كانت مائية حياتكم تدور ،  أتستبعد أن تدور أنت بمكوناتك ؟  هب إنسانا وجد ومات ،  بخروج الروح من الجسد ويوارى الجثمان ويتبخر ما فيه من ماء ،  وتتحلل مواد الجثمان مع عناصر الأرض لتصير ترابا فهل يعجز الحق أن يعيد إلى الوجود أبعاض هذا الإنسان ؟  طبعا لا يمكن أن يعجز .

الحياة-إذن- احتكاك هذه الدورات لتلك العناصر ،  فلم يزد شيء عليها ،  ولم ينقص منها شيء .

واقرأ القرآن بتبصر تجد قوله الحق : {  وقد علمنا ما تنقص الأرض منهم وعندنا كتاب حفيظ( 4 ) } ( ق ) .

وهكذا يبين لنا الحق أن العناصر كلها موجودة في الكون ،  قد تزيد في مخلوق عن آخر ،  لكن المجموع الكلي لكل العناصر ثابت ،  وإذا كان العلم قد توصل إلى أن هناك ستة عشر عنصرا تكون الكائنات ،  فهذه العناصر ثابتة الكمية ،  وإن اكتشفوا زيادة في عددها ،  فالزيادة في عدد العناصر ستكون أيضا ثابتة الكم لكل عنصر .

وقال العلماء :  إن الستة عشر عنصرا هي :  الأكسيجين ،  والكربون ،  والهيدروجين ،  والنتروجين ،  والمغنسيوم ،  والبوتاسيوم ،  والصوديوم ،  وغيرها .

كل هذه العناصر تعود إلى أصلها بعد أن تموت الكائنات وتتحلل .

هكذا يصدق قول الحق : {  قد علمنا ما تنقص الأرض منهم وعندنا كتاب حفيظ .  .  . ( 4 ) } ( ق ) .

وقد حاول بعض الفلاسفة أن يتعرضوا اعتراضا ثانيا وقالوا :  هب أن إنسانا مات ،  ثم تحللت عناصره في الأرض .  ألا تذهب عناصر إلى كائنات أخرى ،  مثل شجرة أنتجت ثمرة أو غير ذلك ،  ثم أكلها إنسان آخر ،  فدخلت في أجزائه ،  إذن :  فمن مات ونشأت على أنقاضه ثمرة ،  أو غير ذلك ،  ودخلت المكونات في إنسان آخر ،  فكيف يبعث الله كل إنسان ،  من جديد ؟

ونقول :  أنت عرفت شيئا ،  وغابت عنك أشياء .  انظر إلى السمنة والنحافة كظاهرة موجودة في الناس وتراها كل يوم ،  ومعنى السمنة أن كمية من مادة معينة تزيد في الإنسان السمين أكثر من مادة الإنسان الآخر النحيف .  وقد يطرأ على السمين ما يجعله نحيفا أو العكس .  فهل هذا يغير من شخصيته ؟  طبعا لا ،  هكذا نجد فارقا بين المشخصات وبين تكوين المشخصات من العناصر .

وما دام الحق سبحانه قد أعلمنا أنه لا شيء ينقص من الأرض إلا بمقدار مكونات الكائنات المجودة عليها ،  فالعناصر التي في الأرض تكفي كل الكائنات ،  ويوزعها سبحانه بالنسب اللازمة ،  وأنت إن جمعت هذه العناصر فستجدها ثابتة الكم وإن اختلفت في كمية تكوين الكائنات .

مثال ذلك :  أنك تجد إنسانا وزنه مائة كيلو جرام ،  ويمرض ؛  فيهزل وينقص وزنه إلى سبعين كيلو جراما ،  ومعنى ذلك أن الثلاثين كيلوا جراما الأخرى ذهبت إلى الأرض ،  فلكل جسم قاعدة يقف عندها الوزن إلى سن معينة ،  وتعتبر هذه هي القاعدة التي يزيد فوقها الوزن ،  أو يقل عنها حسب ظروف التغذية والصحة .

وأنت ترى الطفل يفرز أقل مما يتناول من الغذاء ؛  حتى ينمو ،  ولو كان يخرج إفرازات تساوي-في الكمية- ما يأكل ويشرب لما كبر . ومن بعد ذلك يكبر إلى أن يصل إلى وزن ثابت تقريبا ،  فتخرج منه إفرازات تساوي ما يدخل إليه ،  ثم تأتي الشيخوخة فيخف الوزن ،  وهذا يعني ما يخرج منه أكثر مما يدخل إليه ؛  فتنشأ النحافة .

وهب أن طبيبا حاذقا استطاع أن يعلم الداء الذي يسبب إصابة مريض بالهزال ،  وأعطاه من الدواء ما جعله يسترد عافيته ومعها ما فقد من الوزن ،  وتتحسن تغذية هذا المريض أثناء فترة العلاج ،  فهل تتغير شخصية هذا المريض ؟  طبعا لا ؛  لأن ما خرج منه أثناء الهزال ذهب إلى الأرض ،  ثم استرد مثله من الأغذية أثناء الشفاء .

إذن :  فلا تقل :  إن هناك شيئا نقص ،  فعند الله كتاب حفيظ فيه مكونات كل الكون ،  ويأتي بعناصر معينة ،  ويأمرها ب "" كن ""  فتكون إنسانا ،  أو تكون كائنا آخر حسب مشيئة الله سبحانه .

وإذا كنا نتحدث الآن كميائيا فنحن نتكلم بذلك ،  ليثبت عقديا وعقليّا ؛  لأننا آمنا بأن هناك منهجا من المكلّف ،  والمنهج يحدد حريته ،  والذي لم يطع الله واستسلم للضياع فهو الخاسر ؛  لأن منطق العقل يؤكد أن من يأخذ المنهج ويلتزم به ويكبح شهواته ؛  لا يمكن أن يستوي مع من عبث ولا بد أن يفترض منطق العقل أن يوجد بعث يجازي بالطيبات من سار على المنهج ،  ويعاقب من خرج على المنهج .

وما دام قد وجد إله ،  ووجد بلاغ عن الله بواسطة الرسل ،  ووجد تكليف ب "" افعل ""  و "" لا تفعل ""  ،  ووجدت طاعة للتكليف ،  ومعصية للتكليف ،  إذن :  لا بد بعد هذه الحياة من بعث ،  ويأخذ من أحسن جزاءه ،  وينال من أساء عقابه ؛  ولذلك قال الحق : {  إليه مرجعكم جميعا وعد الله حقا إنه يبدأ الخلق ثم يعيده ليجزي الذين آمنوا وعملوا الصالحات بالقسط .  .  . ( 4 ) } ( يونس ) : جاء هذا القول مطمئنا الملتزمين بالمنهج بأن هناك بعثا وحسابا ،  لأن المؤمن المطيع لا بد أن ينال حسن الثواب ،  وأن ينال العاصي الشرير الذي شقيت الدنيا كلها بعصيانه العقاب ،  ولذلك لا بد من الإعادة ،  ليجزي الله كل واحد بعمله بالقسط .  واقسط-كما أوضحنا من قبل- معناه العدل ،  والمادة هي القاف والسين والطاء .  ننطقها مرة  "" القسط ""  بكسر القاف .  وننطقها مرة أخرى  "" القسط ""  بفتح القاف والقسط مرة  "" بالكسر ""  هو العدل ؛  والقسط  "" بالفتح ""  هو الظلم ،  ولذلك نجد قوله الحق : {  وأما القاسطون فكانوا لجهنم حطبا ( 15 ) } ( الجن ) : والمقصود بالقاسطين :  الجائرون على حقوق غيرهم .

وننجد الحق : {  وإن حكمت بينهم بالقسط إن الله يحب المقسطين ( 42 ) } ( المائدة ) : والمقسطون :  هم العادلون بين الناس .

إذن :  فهناك  "" قسط ""  و  "" قسط ""  ،  وهناك شيء اسمه  "" قسط ""  بالفتحتين وهو الانحراف في الرجلين :  إلا أن المستعمل في كلمة  "" قسط ""  هنا مقصود به العدل ،  واسم الفاعل منها  "" قاسط ""  واستعملت في الجور .  وهي مأخوذة من القسط لا من القسط ،  وتجد من أسماء الله  "" المقسط ""  ،  ولم يصف نفسه بالقاسط بمعنى العادل ،  أي :  ابتدأ بالعدل أولا ،  وشاء سبحانه فوصف نفسه بالمقسط ؛  لأنه هو الذي يرفع الجور فيحقق العدل .

وفي الآية التي نحن بصددها يقول الحق سبحانه : {  ليجزي الذين آمنوا وعملوا الصالحات بالقسط } أي :  جزاء منه بالعدل ،  وأيضا يمكن أن نقول :  إنه سبحانه يجزيهم ؛  لأنهم عدلوا في العقيدة ؛  لأن القرآن الحكيم-كما نعلم- جاء حاكما وفيصلا بين قضايا الاختيار في الأفعال وقضايا الأخلاق ،  وهؤلاء قد أخذوا المنهج بدون ظلم الله فلم يشركوا به أحدا ،  والحق سبحانه هو القائل : {  إن الشرك لظلم عظيم ( 13 ) } ( لقمان ) .

إذن :  فهم بعدلهم وبقسطهم في أمر العقيدة وأنهم لم يرتكبوا إثم الشرك الذي هو ظلم عظيم ؛  وبذلك لم يظلموا أنفسهم أيضا ،  ولم يأخذ واحد منهم لنفسه متعة عاجلة ،  لذلك أنقذهم الله من الشقاء الأبدي الطويل ،  وهم لم يظلموا الناس .  ولكل ما تقدم لا بد أن يجزيهم الله على العمل الصالح بسبب عدلهم وقسطهم .

وقد يقال :  إن الجزاء بالقسط لا زيادة فيه ولا نقصان ،  فإذا كان الجزاء من الله ،  فالعدل على مقتضى التشريع أن تكون الحسنة بعشر أمثالها ،  ويضاعف سبحانه لمن شاء ،  هذا هو عدل الله بالتشريع .  أو أن الجزاء يعطى بلا زيادة ولا نقصان جزاء العدل ،  ولكن ذلك لم يحدد الفضل في هذه الآية .  ولذلك حدث إشكال بين علماء الكلام في قول الله سبحانه : {  وأن ليس للإنسان إلا ما سعى ( 39 ) } ( النجم ) :

فقال بعضهم :  إذا كان الإنسان لا يأخذ إلا جزاء ما سعى فكيف يجزي جزاء على الحسنة بعشر أمثالها ؟  وكذلك ماذا عن صلاة الجنازة ؟  وهل ينتفع بها الميت حين ندعو له بالمغفرة ؟  وإن كان الإنسان لا يأخذ إلا ما سعى فل ينتفع بها الميت ،  فلماذا كلفنا الحق سبحانه بصلاة الجنازة كفرض كفاية ،  لا فرض عين ؟

ونقول :  إن وجود اللام في قوله : {  وأن ليس للإنسان } يفيد الملك ،  أي :  الحق ،  الآية تعطي الحق ولكنها لم تمنع الفضل ،  أو نقول :  هل نصلي على كل ميت ؟  نحن نصلي على الميت المؤمن ،  والإيمان من عمله ،  وهو يجازي بصلاتنا عليه ،  أي :  جزاء عمله .

ويقول سبحانه : {  والذين كفروا لهم شراب من حميم وعذاب أليم بما كانوا يكفرون } :  وهكذا نعرف أن العذاب الأليم قد جاء لهم بسبب الكفر ،  مثلما يجيء الجزاء على الأعمال الصالحة للمقابل لهم بسبب الإيمان والعمل الصالح .

إذن :  فالقسط هنا تعود على قسط الله ،  هو العدل ،  وكذلك قسطهم ،  لأنهم حكموا في الربوبية بالعدل .  أما الكافرون ،  فالعدل معهم أن يذيقهم الله شرابا من حميم بما كانوا يكفرون ،  وهذا ما يرجح أن القسط هنا هو قسطهم هم .

وكلمة {  حميم } مأخوذة من مادة  "" الحاء ""  و "" الميم ""  و "" الميم ""  وهي مادة كل موارد معانيها فيها الحرارة والسخونة .

والحق سبحانه يقول في آية أخرى : {  وإن يستغيثوا يغاثوا بماء كالمهل يشوي الوجوه .  .  . ( 29 ) } ( الكهف ) :  و{  كالمهل } أي :  أنه :  يغلى ،  وحين تكون المادة من غير الماء ،  فدرجة حرارتها أثناء الغليان تكون أعلى من درجة حرارة غليان الماء ؛  فالنحاس مثل حين يغلى تكون درجته أعلى من درجة غليان الماء ،  وكذلك الحديد والذهب وغيرهما ،  وسبحانه يقول : {  إن شجرة الزقوم( 43 ) طعام الأثيم ( 44 ) كالمهل يغلي في البطون ( 45 ) كغلي الحميم( 46 ) } ( الدخان ) .

إذن :  فدرجة غليان المهل أعلى من درجة غليان الماء ،  والمادة كلها نفيد الحرارة .

وإن نظرنا إلى كلمة  "" حمام ""  و "" استحم ""  ،  فهي تعني أن الماء حين ينزل على البدن يكون له ثلاث صور :  الصورة الأولى مسح ،  والصورة الثانية غسل ،  والصورة الثالثة استحمام .  والمسح أن تبل الشيء بالماء بدون أن يقطر منه شيء ،  والغسل أن تسيّل الماء من الجسد المغسول ،  والاستحمام أيضا فيه سيوله للماء .  والغسل للتطهير ،  لكن الاستحمام للتنظيف ،  فإن أحدثت فأنت تقوم لتتوضأ .

{  فاغسلوا وجوهكم …( 6 ) } ( المائدة ) . تنفيذ لأمر الله وهو غسل التطهير ،  ويقوم مقامه التراب في حالة عدم وجود الماء وهو التيمم .  أما إذا كانت المسألة تنظيفا فهي تحتاج إلى الاستحمام لأن مسام الإنسان لها إفرازات قد تكون ذهنية ،  وبعد ذلك تطرأ عليها أتربة تسدها ،  وهذه المسام أبعاض من الإنسان وأبعاض من تراب طاهر جاء على الجسم ،  وهي لا تنجسه ،  فإن اغتسلت فيكفي أن تصب الماء على الجسم ،  ولو بقى بعض من ذرات التراب على البدن فهذا لا يمنع الطهارة ،  لكن حين يستحم الإنسان فهو يأتي بماء حار ،  ليذيب القذارة وينقّي المسام ،  وتخرج بعض الأتربة ومعها الخلايا الجلدية الميتة كأنها خيوط رفيعة .

إذن :  هناك فرق بين الغسل وهو التطهير ،  وبين الاستحمام الذي هو للنظافة .  ونأخذ منه الحمام ،  إذن :  مادة الحاء والميم والميم فيها الحرارة وفيها السخونة .

ويقول الحق هنا : {  والذين كفروا لهم شراب من حميم } ،  وكلمة {  شراب } تفيد الارتواء ،  فلماذا جاء بها الله هنا ؟  إنها تصعيد للعذاب ،  لأن الإنسان يرغب في الشراب ليرطب جوفه ،  فإذا ألهبه ما يشرب ،  فهذا أكثر إيلاما مثل قوله تعالى : {  وإن يستغيثوا يغاثوا بماء كالمهل يشوي الوجوه بئس الشراب .  .  . ( 29 ) } ( الكهف ) .

وحين تسمع هذه الآية تجد انبساط الأمل في صدر الآية {  وإن يستغيثوا يغاثوا } وهم يستشرفون للنجاة ،  ثم يأتيهم غوث من لون يناسب ما اقترفوه من ذنوب {  يغاثوا بماء كالمهل } .

إذن :  ف {  والذين كفروا لهم شراب من حميم وعذاب أليم بما كانوا يكفرون } أي :  بسبب كفرهم .  وعرفنا أنهم كفروا بالقضايا العقدية ."
10,5,"ويقول الحق سبحانه بعد ذلك :

{  هو الذي جعل الشمس ضياء والقمر نورا وقدره منازل لتعلموا عدد السنين والحساب ما خلق الله ذلك إلا بالحق يفصل الآيات لقوم يعلمون ( 5 ) } :

وبعد أن بين لحق أنه خلق السماء والأرض وخلق الكون كله وسخره للإنسان لنا بنعم من آياته التي خلقها لنا ،  والتي جعلها الله سبحانه وتعالى سببا لقوام الحياة ؛  فالشمس هي التي تنضج لنا كل شيء في الوجود ،  وتعطي لكل كائن الإشعاع الخاص به ،  كما أن الشمس تبخر المياه-كما قلنا من قبل- لينزل الماء بعد ذلك عذبا فراتا ،  يرتوي منه الإنسان وتشرب منه الأنعام ونروي به الزرع .

والشمس هي الأم لمجموعة من الكواكب التي تدور حولها ،  فدورة الأرض حول الشمس تمثل السنة ،  ودورة الأرض حول نفسها تمثل اليوم .  فيقول الحق سبحانه هنا :

{  هو الذي جعل الشمس ضياء والقمر نورا } ولو نظرت إلى المعنى السطحي في الشمس والقمر لقلت :  إن الشمس تعطي نورا وكذلك القمر ،  ولكن النظرة الأعمق تتطلب منك أن تفّرق بين الإثنين ؛  فالشمس تعطي ضياء ،  والقمر يعطي نورا .  الفرق بين الضياء والنور يتمثل في أن الضياء تصحبه الحرارة والدفء ،  والنوء إنارة حليمة ،  ولذلك يسمى نور القمر النور الحليم ؛  فلا تحتاج إلى الظل لتستظل من حرارته ،  لكن الشمس تحتاج إلى مظلة لتقيك حرارتها .

إذن :  فالنور هو ضوء ليس فيه حرارة ،  والحرارة لا تنشأ إلا حين يكون الضوء ذاتيّا من المضيء مثل الشمس .  أما القمر فضوئه غير ذاتي ويكتسب ضوئه من أشعة الشمس حين تنعكس عليه ،  فهو مثل المرآة حين تسلط عليها بعضا من الضوء فهي تعكسه .

إذن :  القمر مضيء بغيره ،  أما الشمس فهي تضيء بذاتها .  لذلك قال الحق هنا : {  جعل الشمس ضياء والقمر نورا } .

وكلمة {  ضياء } إما أن تعتبرها مفردا مثل صام صياما ،  وقام قياما ،  وضاء ضياء .  وإما أن تعتبرها جمعا ،  ومثلها مثل حوض-جمعه :  حياض ،  ومثل روض-جمعه :  رياض ،  وكذلك جمع ضوء هو ضياء .

إذن :  كلمة {  ضياء } تصلح أن تكون جمعا وتصلح أن تكون مفردا ،  وحين يجيء اللفظ صالحا للجمع وللإفراد ،  لا بد أن يكون له عند البليغ ملحظ ؛  لأنه يحتمل هذه المعاني كلها ،  وقبل معرفتنا أسرار ضوء الشمس وقبل تحليله ،  كنا نقول :  إنه ضوء ،  لكن بعد أن حللنا ضوء الشمس وجدنا أن ألوان الطيف سبعة منها ضوء أحمر ،  وضوء أخضر ،  وضوء أصفر ،  وغيرها .

إذن :  ف "" ضياء ""  تعبر عن تعدد الألوان المخزونة في ضياء الشمس ،  فإن قلت :  ضياء جمع ضوء ،  فهذا بتحليل الضوء إلى عناصره كلها ،  وإن قلت :  ضياء مثل قيام ،  ومثل صيام ،  فهذا يصلح في المعنى العام .

ولذلك كان القرآن ينزل بما تحتمله العقول المعاصرة لنزوله التي لا تعرف المعاني العلمية للظواهر .  ولو قال القرآن هذه الحقائق ،  لقال واحد :  إنني أرى الشمس حمراء لحظة الغروب ،  وأراها صفراء لحظة الظهيرة ،  وهو لا يعلم أن الحمرة وقت ،  الغروب هي حمرة في الرؤية لطول الأشعة الحمراء ،  وهي لا تظهر إلا حين الغروب حيث تكون الشمس في أبعد نقطة ،  فلا يصل إلينا إلا الضوء الأحمر ،  أما بقية الأضواء فهي تشع في الكون ولا تصل إلينا .

إذن :  كلمة {  ضياء } ،  إما أن تعتبرها جمع ضوء ،  مثل سوط وسياط ،  وحوض وحياض ،  وروض ورياض ،  وإما أن تعتبرها مفردة .

هذه صالحة للمعنى العام ،  وتلك صالحة للمعنى التحليلي ؛  ،  ولذلك يقول الحق سبحانه في آية أخرى : {  تبارك الذي جعل في السماء بروجا وجعل فيها سراجا وقمرا منيرا ( 61 ) ( الفرقان ) : والسراج هو ما يعطي الضوء والحرارة ،  وهو وصف مناسب للشمس .  وهنا يقول الحق : {  هو الذي جعل الشمس ضياء والقمر نورا وقدره منازل } ،  وكلمة {  وقدره } تعود في ظاهر الأمر إلى القمر .  لكن في الواقع أن الشمس لها منازل أيضا ،  وقال الحق : {  وقدّره } لأن هناك شيئا اسمه  "" الجعل ""  ،  فهو سبحانه جعل الشمس ضياء ،  و جعل القمر نورا .

إذن :  فالجعل جاء بأمرين اثنين ؛  جعل للشمس ضياء وجعل للقمر نورا ،  هذا الجعل نفسه جعله الله لنقدر به الزمن ،  فهو صالح للاثنين ؛  للشمس وللقمر ؛  لنعلم عدد السنين والحساب .

وفي العبادات نحتاج إلى تحديد بداية شهر رمضان ،  لنمارس عبادة الصوم ،  ونحتاج إلى تحديد أشهر الحج ،  وكذلك تحتاج المرأة مثلا إلى حساب شهور العدة ،  وكل هذه التقديرات تخضع للهلال ،  فهو علامة واضحة للكل ،  فهو يبدأ صغيرا ويكبر ثم يصغر . {  والقمر قدرناه منازل حتى عاد كالعرجون القديم ( 39 ) } ( يس ) : و "" العرجون ""  هو ما نسميه  "" السباطة ""  التي تحمل  "" شماريخ ""  البلح ،  وكانوا يصنعون منها قديما المكانس التي يكنسون بها بيوتا البادية والريف ،  وهكذا أعطانا الله تشبيها من البيئة التي عاش فيها العربي القديم .

وفي أول كل شهر كلنا نرى الهلال كعلامة مخبرة عن ميلاد الشهر ،  وهكذا تعلّم الإنسان أن يحسب الشهور بتقدير منازل القمر ،  وبالنسبة للسنة ؛  فالحق سبحانه يقول :

{  إن عدة الشهور عند الله اثنا عشر شهرا في كتاب الله يوم خلق السماوات والأرض .  .  . ( 36 ) } ( التوبة ) : والتقدير هنا اثنا شهرا هلاليّا .  أما اليوم فيقدر بالشمس ؛  لذلك فهي تدخل في تقدير المنازل .  وهكذا نجد أن الحق سبحانه قد شاء أن يجعل  "" الجعل ""  لأمرين ؛  مجعول الشمس ،  ومجعول القمر ،  مصداقا لقوله : {  وقدره منازل لتعلموا عدد السنين والحساب ما خلق الله ذلك إلا بالحق } .

والحق-كما واضحا- هو الشيء الثابت الذي لا يتغير .  وحين نتأمل مسار الأفلاك ،  ومسار الشمس ،  مسار القمر ،  لا نجد فيها خلافا ،  بل نجد مراصد الكفار تعلن مواعيد تواجد القمر بين الأرض والشمس ،  وقد توجد الأرض بين القمر والشمس ،  ويتسبب هذا في ظاهرتي الكسوف للشمس ،  والخسوف للقمر ،  وكل هذه الأمور تجدها عندهم غاية في الدقة .

{  ولا الليل سابق النهار وكل في فلك يسبحون ( 40 ) } ( يس ) : وهذا القول الحكيم قد أثبت للعرب حكما يعتقدونه ،  ونفي حكما آخر يعتقدونه ،  فالعرب كانت تعتقد أن الليل قبل النهار ،  بدليل أن تحديد الليلة الأولى في رمضان هو الميعاد الذي يبدأ فيه شهر الصوم ،  وما داموا قد حكموا بأن الليل هو الذي يسبق النهار ،  فلا بد من حكم مقابل ؛  وهو أن النهار لا يسبق الليل .

وجاء القرآن إلى القضية المتفق عليها وتركها ،  وهي أن النهار لا يسبق الليل مثلما اعتقد العرب ،  ونفي القرآن أن يسبق الليل والنهار .  وكان المخاطب-إذن-يعتقد أن الليل يسبق النهار ،  ويصحح الله المفاهيم فلا الليل يسبق النهار ولا النهار يسبق الليل .

وهكذا عرض الحق سبحانه للكونيات عرضا رمزيّا في القرآن ؛  لأنه لو جاء بالتوضيح العلمي لذلك لكذب العرب القرآن ،  فلو قال القرآن بصريح العبارة :  إن الأرض كروية ،  لعارض الناس ذلك وقت نزول القرآن ،  وما زلنا نجد من يعارض تلك الحقيقة في أواخر القرن العشرين ؛  لذلك لم يكشف الحق كل الحقائق الكونية ،  بل أشار إليها بما يحتمل قبول العربي لها .

وما دام الليل لا يسبق النهار ،  والنهار لا يسبق الليل ،  فكيف جاء هذا الأمر-إذن ؟

ونقول :  هل خلق الله الشمس مواجهة لسطح الأرض أولا ،  ثم غابت الشمس فجاء الليل ؟  كان هذا الأمر يصح لو أن الأرض كانت مسطوحة ،  ولكن الحق سبحانه خلق الأرض كروية ،  وذلك دليل على أن الحق سبحانه خلق الشمس والأرض على هيئة يوجد فيها الليل والنهار معا ،  ولا يكون ذلك إلا إذا كانت الأرض كروية ،  فالنصف المواجه للشمس يكون الوقت فيه نهارا ،  وغير المواجه لها يكون الوقت فيه ليلا ،  ثم تدور الأرض ؛  فيأتي النهار إلى القسم الذي كان ليلا ،  ويأتي الليل للقسم الذي كان نهارا .

إذن :  فالحق سبحانه حكى في القرآن الكريم عن الأمور الكونية-التي سوف تستكشفها العقول بعد نزول القرآن-وعالجها بحكمة ودقة ،  وعلى سبيل المثال نجد قوله الحق :

{  وهو الذي جعل الليل والنهار خلفة .  .  . ( 62 ) ( الفرقان ) ، ثم يأتي التعليل : {  لمن أراد أن يذكر أو أراد شكورا ( 62 ) } ( الفرقان ) .

فالليل خلفه النهار ،  ومعنى خلفة أي :  يخلف غيره .  والمثال من حياتنا نجده في دوريات الحراسة ،  نجد إنسانا يحرس موقعا ما مدّة ست ساعات مثلا- وبعد انتهاء فترة الحراسة يسلم المهمة لحارس ثان ،  وبذلك يخلف واحد الآخر ،  لكن من الذي بدأ المهمة الأولى في الحراسة قبل أن يأتي ليتسلم منه دورية الحراسة ؟

وكذلك الأمر في الليل والنهار ،  فبين الحق سبحانه أن الليل والنهار خلفة ،  ومعنى ذلك أن كلا منهما كان موجودا من البدء ولأن الأرض تدور جاء النهار في البلاد التي تشرق فيها الشمس ،  وجاء الليل في البلاد التي تغيب عنها الشمس ،  وتتابع الليل والنهار .  وهكذا فصّل الحق سبحانه آياته لنا ،  وقال سبحانه : {  يفصل الآيات لقوم يعلمون } ."
10,6,"ويقول سبحانه بعد ذلك :

{  إن في اختلاف الليل والنهار وما خلق الله في السماوات والأرض لآيات لقوم يتقون ( 6 ) } :

وهكذا بين الحق اختلاف الليل عن النهار مما يؤكد أنهما وجدا معا ،  وعطف عليها {  وما خلق الله في السماوات والأرض } ؛  لأنه سبحانه خلق الكون بما فيه من مقومات حياة من مأكل ومشرب وهواء ،  وغير ذلك ،  ثم سخر الكون كله ؛  لخدمة السيد وهو الإنسان .

ولو نظرت إلى مقومات الحياة لوجدت فيها احتياجات أساسية تتمثل في نفس وهواء ،  وشراب وماء ،  وطعام ؛  هذه أهم احتياجات الإنسان من مقومات الحياة .  ويصبر الإنسان على المأكل أكثر مما يصبر على المشرب ،  ويصبر على المشرب أكثر مما يصبر على نفس الهواء ،  بل ولا يملك الإنسان الصبر على نفس الهواء مقدار شهيق وزفير .

لذلك شاء الحق أن يملك قوم طعام غيرهم ؛  لأن الجسم يمكنه أن يصبر على الطعام لمدة قد تصل إلى الشهر ويعتمد في ذلك على إذابة الدهن المتراكم بداخله ،  عكس ما اخترع البشر من آلات ،  فالسيارة لا يمكن أن تسير لمتر واحد دون وقود . أما الجسم فيتحمل لعل من يملك الطعام يخفف من القيود ،  أو لعل الإنسان الجائع يجد طريقة لينال ما يقتات به .

أما الماء فقد شاء الحق أن يقلل من احتكار البشر له ؛  لأن الإنسان أكثر احتياجا للماء من الطعام .

أما الهواء فسبحانه وتعالى لم يملّك الهواء لأحد ،  لأن الهواء هو العنصر الأساسي للحياة ؛  ولذلك اشتق منه لفظ النفس ،  ونفس ،  ونفس .

ولو نظرت إلى الهواء في الوجود كله لوجدته عامل صيانة لكل الوجود من ثبات الأرض ،  وإلى ثبات المباني التي عليها ،  إلى ثبات الأبراج ،  وإلى ثبات الجبال ،  كل ذلك بفعل الهواء ؛  لأن تياراته التي تحيط بجوانب كل الأشياء هي التي تثبّتها ،  وإن تخلخل الهواء في أي ناحية حول تلك المباني والجبال فهي تنهدم على الفور .

إذن :  الهواء هو الذي يحفظ التوازن في الكون كله .  ولذلك قلنا :  إنك لو استعرضت ألفاظ القرآن لوجدت أن الحق سبحانه حينما يتكلم عن تصريف الرياح ،  فهو سبحانه يتكلم بدقّة خالق ،  بدقّة إله حكيم ،  فهو يرسل من الرياح ما فيه الرحمة ،  مثل قوله الحق : {  وأرسلنا الرياح لواقح .  .  .  . ( 22 ) } ( الحجر ) ، لكن إذا جاء بذكر ريح ففي ذلك العقاب مثل قوله : {  بريح صرصر عاتية ( 6 ) } ( الحاقة ) ، ومثل قوله : {  فلما رأوه عارضامستقبل أوديتهم قالوا هذا عارض ممطرنا بل هو ما استعجلتم به ريح فيها عذاب أليم ( 24 ) تدمر كل شيء بأمر ربها .  .  . ( 25 ) } ( الأحقاف ) : لأن الرياح تأتي من كل ناحية ،  فتوزن الكائنات ،  أما الريح فهي تأتي من ناحية واحدة فتدهم ما في طريقها .

وهنا يقول سبحانه : {  وما خلق الله في السماوات والأرض } أي :  أنه جاء بالمخلوقات الأخرى مجملة بعد أن جاء بذكر الشمس والقمر كآيتين منفصلتين ،  ثم ذكر السماوات والأرض وما فيهما من آيات أخرى : من رعد ،  وبرق ،  وسحاب ،  ونجوم وعناصر في الكون ،  كل ذلك مجمل في قوله : {  وما خلق الله في السماوات والأرض } ؛  لأنه لو أراد أن يفصّل لذكر كثيرا من الآيات والنعم ،  وهو القائل : {  وإن تعدوا نعمة الله لا تحصوها .  .  . ( 34 ) } ( إبراهيم ) .

والقرآن ليس كتابا لبسط المسائل كلها ،  بل هو كتاب منهج ،  ومن العجيب أنه جاء ب "" إن ""  وهي التي تفيد الشك في قوله : {  وإن تعدوا نعمة الله لا تحصوها } ؛  لأن أحدا مهما أوتي من العلم ليس بقادر أن يحصي نعم الله في الكون ؛  ولأن الإقبال على العدّ فرض إمكان الحصر ،  ولا يوجد إمكان لذلك الحصر ؛  لذلك لم يأت ب  "" إذا ""  ،  بل جاء ب  "" إن ""  وهي في مقام الشك .

والأعجب من هذا أنك تجد أن العدّ يقتضي التكرار ،  ولم يقل الله سبحانه :  وإن تعدوا نعم الله ،  بل جاء ب  "" نعمة ""  واحدة ،  وإذا استقصيت ما في النعمة لوجدت فيها آلاف النعم التي لا تحصى .

وينهي الحق الآية بقوله : {  لآيات لقوم يتقون } ،  و الآيات تطلق ثلاث إطلاقات :  الإطلاق الأول آيات القرآن ،  والإطلاق الثاني على المعجزة الدالة على صدق الرسول ،  والإطلاق الثالث للآية أنها تحمل عجيبة من عجائب الكون الواضحة في الوجود الدالة على عظمة الله سبحانه .

وهذه الآيات خلقها الله لتلفت إلى مكوّن هذه الآيات ،  واللفتة إلى مكون هذه الآيات ضرورة لينشأ الإنسان في انسجام مع الكون الذي أنشئ من أجله ،  بحيث لا يأتي له بعد ذلك ما ينغّص هذا الانسجام ،  فهب أن إنسانا ارتاح في حياته الدنيا ثم استقبل الآخرة بشقاء وجحيم ،  فما الذي استفاده من ذلك ؟

إذن :  كل المسائل التي تنتهي إلى زوال لا يمكن أن تعتبر نعمة دائمة ؛  لأن النعمة تعني أن تنعم بها تنعّما يعطيك يقينا أنها لا تفارقك وأنت لا تفارقها ،  والدنيا أطول من أعمارها ؛  إما أن تفوت النعمة فيها الإنسان ،  وإما أن يفوت هو النعمة .

والحق-سبحانه وتعالى- يبقي الذين يريدون أن يتقوا الله ؛  ليصلوا إلى نعيم لا يفوت ولا يفات ،  ويجب أن ينظروا في آيات الكون ؛  لأنهم حين ينظرون في آيات الكون ،  بإمعان يكونون قد أفادوا فائدتين :  الفائدة الأولى :  أن يفيدوا مما خلق الله ،  والفائدة الثانية أن يعتبروا بأن هذا الكون الذي خلقه الله إنما جعله وسيلة ومعبرا إلى غيره ،  فقد خلق فيه الخلق ليعيش بالأسباب ،  ولكنه يريد أن يسلمه بعد ذلك إلى حياة يعيش فيها بالمسبّب وهو الله .  فالذين يتقون هم الذين يلتفتون ،  والذي لا يتقون لا يعتبرون بالنظر في الكون وتمر على الإنسان منهم الأشياء فلا يعتبرونها بها ،  كما قال الله :

{  كأين من آية في السماوات والأرض يمرون وهم عنها معرضون( 105 ) } ( يوسف ) .

إذن :  فهم لا يلتفتون إلى ما في آيات الحق من الآيات الدالة على عظمة قدرة الله سبحانه ؛  فهم غير حريصين على أن يقوا أنفسهم عذاب الآخرة ."
10,7,"ويقول الحق بعد ذلك :

{  إن الذين لا يرجون لقاءنا ورضوا بالحياة الدنيا واطمأنوا بها والذين هم عن آياتنا غافلون( 7 ) } .

والرجاء هو طلب شيء محبوب متوقع ،  والتمني طلب شيء محبوب إلا أنه غير ممكن الحدوث ،  ولكنك تعلن بتمنّيك أنه أمر تحبه ،  مثل من قال :

ألا ليت الشباب يعود يوما	 ****	فأخبره بما فعل المشيب

هو بهذا القول يبين أن الشباب أمر محبوب ومرغوب .  لكن هل يتأتى هذا ؟  طبعا لا .  إذن :  التمني هو طلب شيء محبوب لا يمكن أن يقع ؛  ومثل قول الشاعر :

ليت الكواكب تدنو لي فأنظمها	 ****	عقود مدح فما أرضى لكم كلمي

وهذا غير ممكن .

أما الرجاء فهو أن تطلب شيئا محبوب من الممكن أن يقع .

وهنا يقول الحق سبحانه : {  إن الذين لا يرجون لقاءنا } ،  فلماذا لا يرجون لقاء الله ؟  لأن الذي يرجو لقاء الله هو من أعد نفسه لهذا اللقاء ؛  ليستقبل ثواب الله ،  لكن الذي لم يفعل أشياء تؤهله إلى ثواب الله ،  وعمل أشياء تؤهله إلى عقاب الله ؛  فكيف له أن يرجو لقاء الله ؟  إنه لا يرجو ذلك .

وعلى سبيل المثال :  إن الرجل الذي يستشهد ويقدم نفسه للشهادة ،  ونفسه هي أعز شيء عنده ،  إنما يفعل ذلك لوثوقه بأن ما يستقبله بالاستشهاد خير مما يتركه من الحياة .

إذن :  فالذي يرجو لقاء الله هو الذي يعدّ نفسه لهذا اللقاء ؛  بأن يتقى الله في أوامره ويتقي الله في نواهيه ؛  ولذلك تمر على الإنسان أحداث شتى ؛  وهي في مقاييس اليقين بين أمرين اثنين :  حسنات وسيئات ،  وكل واحد يعلم أية حسنات قد فعل ،  وأية سيئات قد اقترف ،  ولا يغشّ أحد نفسه ،  فإذا ما كان حيّا فقد يجعله الأمل يكذّب نفسه ،  ولا يرى إلا ما فات من المغريات .

أما إذا جاءته لحظة الغرغرة في الموت ،  فهو يستعرض كل صفحته .  فإن كانت حسنة استبشر وجهه ،  وإن كانت سيئة اكفهرّ وجهه ،  ولذلك يقال :  "" فلان كانت ،  خاتمته سيئة ،  وفلان كانت خاتمته متهللة ""  .  وهذا كلام صحيح ؛  لأن الروح ساعة أن تقبض فهي تترك الجسم على ما هو عليه ساعة فراقها ،  فإن كان ضاحكا ومستبشرا ،  فقد رأى بعضا مما ينتظره من خير .

والإنسان وقت الغرغرة لا يكذب على نفسه ،  فهو ساعة يمرض بمرض فهو يأمل في العافية ،  فإذا أتى وقت انتهاء الحياة تعرض عليه أعماله عرضا سريعا ،  فإن كانت الأعمال حسنة تنفرج أساريره ؛  لأنه يستشرف ما سوف يلقاه من جزاء .

وهذا مثل التلميذ حين يكون مجدا ومجتهدا ثم يقولون له :  هناك من جاء لك بالنتيجة ؛  فيجري عليه مطمئنا .  وإن كان غير مجدّ ؛  ولم يجب ،  ويخاف من لقاء من يحمل النتيجة .

كذلك الذين يرجون لقاء الله ؛  عملوا استعدادا لهذا اللقاء وينتظرون الجزاء من الله ،  أما من لم يعملوا فهم يخافون من لقاء الله ولا يرجونه وسبب ذلك أنهم لم يعملوا للآخرة {  ورضوا بالحياة الدنيا واطمأنوا بها } وكأنهم قد اكتفوا بها ولم يرغبوا في الآخرة .  وقد سمى الله هذه الدار اسما كان يجب بمجرد أن نسمعه ننصرف عنها ،  فقال : {  بالحياة الدنيا } . ولا يوجد اسم أقل من ذلك ،  والمقابل الحياة الدنيا هي الحياة العليا .

والإنسان قد يبحث في عمر الدنيا ويقول :  إنها تستمر عشرة ملايين من السنين ،  أو مائة مليون سنة ،  وقد لا يلتفت إلى أن عمره هو موقوت هذه الدنيا .

إذن :  فالدنيا بالنسبة لك هي مقدار عمرك فيها ،  لا مقدار عمرها الحقيقي إلى أن تقوم الساعة ،  وماذا تستفيد منها وهي تطول لغيرك ؟  إن عمر الدنيا بالنسبة للإنسان هو مقدار مكث الإنسان فيها ،  وهو مظنون وغير متيقن ،  وقد يموت وهو في بطن أمه أو يموت وهو ابن شهر ،  أو ابن سنة ،  أو بعد أن يبلغ المائة .  فالذي يرضى بغير المتيقن قصير النظر .

ولذلك انظر إلى القرآن وهو يقول : {  أرضيتم بالحياة الدنيا من الآخرة فما متاع الحياة الدنيا في الآخرة إلا قليل( 38 ) } ( التوبة ) .

وحتى إن قست عمر الدنيا من بدء الخلق إلى أن تقوم الساعة ،  فهي إلى فناء ،  وما دامت إلى فناء ،  فهي متاع قليل ،  و من يطمئن إلى هذا المتاع القليل فهو غافل ؛  لذلك ينهي الحق الآية : {  والذين هم عن آياتنا غافلون } عكس ما قال في الذين يعرفون قيمة العمل للآخرة .

حين يقول الحق : {  لآيات لقوم يتقون( 6 ) } ( يونس ) : والغفلة :  هي ذهاب المعنى عن النفس ،  فما دام المعنى موجودا في النفس ،  فاليقظة توجد ،  والغفلة تذهب .  إذن :  الغفلة ذهاب المعنى عن النفس ،  واليقظة هي استقرار المعنى في النفس .

و نحن نعرف أن المعلومات التي يستقبلها الذهن البشري إنما تلتقطها بؤرة الشعور ،  مثلما تلتقط آلة التصوير الفوتوغرافية أية صورة .

وإياك أن تظن أن الإنسان يعرف المعلومة من تكرارها مرتين مثلا أو أكثر ؛  لأن كل الأذهان تتفق في أنها تلتقط المعلومة من مرة واحدة ،  ويتميز إنسان عن آخر في قدرته على أن يستقبل المعلومة بذهن مستعد لها ؛  لأن بؤرة الشعور لا تلتقط إلا معنى واحدا ،  ثم يتزحزح المعنى إلى حاشية الشعور ؛  لتأتي المعلومة الثانية ،  فإن استقبلت المعلومة وفي بؤرة شعورك معنى آخر ؛  لا تثبت المعلومة ؛   لذلك تكرر القراءة مرة واثنتين وثلاث مرات ،  حتى تصادف المعلومة خلوّ بؤرة الشعور .

ومثال هذا :  الطالب حين يحاول حفظ قصيدة ،  فلو كان ذهنه مستعدا لاستقبال القصيدة فهو يحفظها من مرة واحدة .

إذن :  الذهن كآلة الفوتوغرافيا ؛  ولذلك فالحق سبحانه وتعالى يقول : {  ما جعل الله لرجل من قلبين في جوفه .  .  . ( 4 ) } ( الأحزاب ) .

فإن كنت تريد أن تستقبل معلومة ما ،  فكن حريصا على أن تفرّغ ذهنك من أي معلومة ؛  لتأتي المعلومة الجديدة ،  فتصادف خلاء لبؤرة الشعور ؛  فتستقر فيها .

والمدرس الناجح هو الذي يلفت أذهان كل التلاميذ لما يقول ،  وما دامت الأذهان قد التفت إليه ؛  فلن تمر كلمة دون أن يستوعبها التلاميذ ،  عكس المدرس غير الناجح الذي يؤدي عمله برتابة وركاكة تصرف عنه التلاميذ .  ونجد المدر س الناجح ،  وهو يلفت انتباه تلاميذه ويقطع الدرس ؛  ليسأل أي واحد منهم عمّا قال فيستمع إليه التلاميذ من بعد ذلك بانتباه ؛  لأن كل واحد منهم يتوقع أن يسأل عن المعلومة التي قيلت من قبل .

والتلميذ المجتهد هو الذي يقرأ الدرس بعقلية قادرة على مناقشة ما فيه من أساليب ومعلومات ،  وهو يستصحب حضور الذهن أثناء القراءة ،  أما التلميذ الفاشل فهو يقرأ دون يقظة أو انتباه .

مثال آخر :  إن الفلاح الذي ينام على حافة بئر الساقية لا يقع في بئرها ؛  لأنه ينام وهو مستصحب لفكرة أنه إن تقلّب على جنب ما فسوف يقع في البئر .  وكذلك الإخوة حين ينام اثنان منهم على سرير واحد ،  يقوم كل واحد منهما في الصباح وهو مستصحب أن هناك آخر بجانبه ،  ولكن إذا نام كل منهما في سرير منفصل ،  فهو يستيقظ ليجد رأسه في ناحية وساقيه في ناحية أخرى ،  وتسمى هذه العملية الاستصحاب واليقظة ،  ويقال :   "" فلان يقظ ""  ،  وكلمة  "" يقظ ""  ضد  "" نائم ""  ،  لأن اليقظان يحتفظ بالوعي والانتباه .

إذن :  فالغفلة هي ذهاب المعنى من النفس وانطماسه ،  والذين يمرون بالآيات وهم غافلون عنها لن ينتفعوا بشيء من هذه الآيات ،  ثم تأتي لهم محصلة غفلتهم في الآخرة .

ويقول الحق سبحانه عنهم : {  أولئك مأواهم النار بما كانوا يكسبون( 8 ) } :"
10,8,"وأنت تقول :  "" أويت إلى كذا ""  ،  إذا كان هذا هو المكان الذي يعصمك من شيء ،  وهنا يقول الحق : {  مأواهم النار } فإذا كان ذلك هو المأوى ،  فلا بد أن ما خارجها بالنسبة لهم أشد عذابا .  وهم يأوون إلى النار {  بما كانوا يكسبون } أي :  بسبب ما كانوا يعملون من ذنوب وسيئات ."
10,9,"ويقول الحق سبحانه بعد ذلك :

{  إن الذين آمنوا وعملوا الصالحات يهديهم ربهم بإيمانهم تجري من تحتهم الأنهار في جنات النعيم ( 9 ) } :

هنا يتحدث الحق سبحانه عن المقابل ،  وهم الذين آمنوا ،  ويعلمنا أنه سبحانه : {  يهديهم ربهم بإيمانهم } .

و الهداية –كما قلنا من قبل- معناها الدلالة على الخير ،  بالمنهج الذي أرسله الحق سبحانه لنا ،  و به بين الحق السبل أمام المؤمن والكافر ،  أما الذي يقبل على الله بإيمان فيعطيه الحق سبحانه وتعالى هداية و أخرى ؛  بأن يخفف أعباء الطاعة على نفسه ،  ويزيده سبحانه هدى بالمعروف ؛  لذلك قال سبحانه : {  واستعينوا بالصبر والصلاة وإنها لكبيرة إلا على الخاشعين ( 45 ) } ( البقرة ) .

وهكذا يتلقى المؤمن مشتقات الطاعة بحب ؛  فيهوّنها الحق سبحانه عليه ويجعله يدرك لذة هذه الطاعة ؛  لتهون عليه شقتها ،  ويمده سبحانه أيضا بالمعونة .

يقول الحق سبحانه : {  إن الذين آمنوا وعملوا الصالحات يهديهم ربهم بإيمانهم } : وما دام قد آمنوا ؛  فسبحانه ينزل لهم الحكام التي تفيدهم في حياتهم وتنفعهم في آخرتهم ،  أو أن الهداية لا تكون في الدنيا بل في الآخرة ،  فما داموا قد آمنوا ،  فهم قد أخذوا المنهج من الله سبحانه وتعالى وعملوا الأعمال الصالحة ،  ويهديهم الحق سبحانه إلى طريق الجنة .

ولذلك يقول الحق سبحانه : {  يوم ترى المؤمنين والمؤمنات يسعى نورهم بين أيديهم وبأيمانهم .  .  . ( 12 ) } ( الحديد ) ، ويقول سبحانه : {  والذين آمنوا معه نورهم يسعى بين أيديهم وبأيمانهم يقولون ربنا أتمم لنا نورنا .  .  . ( 8 ) } ( التحريم ) : أي :  أن نورهم يضيء أمامهم .  أما المنافقون فيقولون للذين آمنوا : {  انظرونا نقتبس من نوركم قيل ارجعوا وراءكم فالتمسوا نورا .  .  . ( 13 ) } ( الحديد ) : أي :  أن هذا ليس وقت التماس النور ،  فالوقت-لالتماس النور- كان في الدنيا ؛  باتباع المنهج والقيام بالصالح مكن الأعمال .

إذن :  فالحق سبحانه يهدي للمؤمنين نورا فوق نورهم في الآخرة .

والآية تحتمل الهداية في الدنيا ،  وتحتمل الهداية في الآخرة .

ويصف الحق سبحانه حال المؤمنين في الآخرة فيقول : {  تجري من تحتهم الأنهار في جنات النعيم( 9 ) } ( يونس ) .

وقلنا :  إن الجنة على حوافّ الأنهار ؛  لأن الخضرة أصلها من الماء .  وكلما رأيت مجرى للماء لا بد أن تجد خضرة ،  والجنات ليست هي البيوت ،  بدليل قول الحق سبحانه :

{  ومساكن طيبة في جنات عدن .  .  .  . ( ( 72 ) } ( التوبة ) ، ونجد الحق سبحانه يقول مرة :

{  تجري تحتها الأنهار .  .  . ( 100 ) } ( التوبة ) ، ويقول سبحانه في مواضع أخرى : {  تجري من تحتها الأنهار .  .  . ( 25 ) } ( البقرة ) .

والحق سبحانه يعطينا صورة متعددة عن الماء الذي لا ينقطع ،  فهي مياه ذاتية الوجود في الجنة لا تنقطع أبدا ."
10,10,"ويقول الحق سبحانه بعد ذلك :

{  دعواهم فيها سبحانك اللهم وتحيتهم فيها سلام وآخر دعواهم أن الحمد لله رب العالمين ( 10 } .

دعواهم :  أي دعاؤهم .

وهل الآخرة دار تكليف ؛  حتى يواصلوا عبادة الله ؟  لا .  لكنها عبادة الإلتذاذ ،  وهم كلّما رأوا شيئا يقولون :  لقد أكلنا ذلك من قبل ،  ولكنهم يعرفون حين يأكلون ثمار الجنة أن ما في الأرض كان يشبه تلك الثمار ،  لكنه ليس مثلها .

{  قالوا هذا الذي رزقنا من قبل وأوتوا به متشابها .  .  . ( 25 ) } ( البقرة ) .

أو يقولون : {  سبحانك اللهم } اعترافا بالنعمة ،  وأنت حين ترى شيئا يعجبك تقول :  سبحانك يا رب .  وبعد أن تأتي لك النعمة وتقول :  سبحان الله ،  وتفاجأ بأشياء لم تكن في الحسبان-من فرط جمالها ؛  فتقول :  الحمد لله .

إذن :  فأنت تستقبل النعمة  "" سبحان الله ""  ،  وتنتهي من النعمة  "" بالحمد لله ""  .  ولذلك يقول الحق سبحانه : {  وآخر دعواهم أن الحمد لله رب العالمين } والذي يجعل الحياة الدنيا معنى ،  ويجعل لها طعما ويجعل لها استقرار ،  أن يكون الإنسان في سلام ،  ومعنى السلام :  الاطمئنان والرضا ؛  فلا مهيّجات ،  ولا معكّرات ،  ولا يأتي ذلك بعدم اصطدام في ملكات النفس ؛  فيتحقق سلام الإنسان مع نفسه ،  وسلام الإنسان مع أهله ،  وهذا هو المحيط الثاني ،  وسلام الإنسان مع قومه ،  وسلام الإنسان مع العالم كله ،  كل ذلك اسمه سلام ،  أي :  لا منغّص ،  لا من نفسه ،  ولا من أهله ولا قومه من العالم .  وكلما اتسعت وقعة السلام زاد إحساس الإنسان بالاطمئنان .

وحين يقول الحق سبحانه : {  وتحيتهم فيها سلام } ،  فالسلام وارد في أشياء متعددة ،  والحق سبحانه يقول : {  إن أصحاب الجنة اليوم في شغل فاكهون( 55 ) هم وأزواجهم في ظلال على الأرائك متكئون ( 56 ) لهم فيها فاكهة ولم ما يدعو ن( 57 ) سلام قولا من رب رحيم ( 58 ) } ( يس ) : وهذا هو السلام الذي له معنى ؛  فهو سلام من الله .  ولم يقل سبحانه :   "" سلام يورثك ونفسا راضية ""  فقط ،  بل هو سلام بالقول من الله ،  وانظر أي سعادة حين يخاطبك الحق سبحانه وتعالى  مباشرة .  وهناك فرق وبين أن يشيع الله فيك السلام وبين أن يحييك كلامه بالسلام .  وهذا هو السبب في قوله : {  سلام قولا من رب رحيم ( 58 ) } ( يس ) : وهذا سلام الله ،  ثم من بعد هذه المنزلة يأتي سلام الملائكة : {  والملائكة يدخلون عليهم من كل باب( 23 ) سلام عليكم .  .  . ( 24 ) } ( الرعد ) : إذن :  فقول الحق هنا :  {  وتحيتهم فيها سلام } نجد فيه كلمة السلام رمز الرضا والاستقرار في الجنة ؛  فالسلام هو أول الأحاسيس التي تحبها في نفسك ،  ولو كانت الناس كلها ضدك .  لكنك ساعة تستقر فأنت تسأل نفسك :  ماذا فعلت ليكون البعض ضدى ؟  وحين تجيب نفسك :   "" إنني لم أفعل إلا الخير ""  ؛  فأنت تحس السلام في نفسك .  وإذا رحّب الآخرون بما تفعل ،  فالحياة تسير ،  بلا ضدّ ولا حقد ،  وهذا ما قاله رسول الله صلى الله عليه وسلم :   "" يطلع عليكم الآن رجل من أهل الجنة ""  ""  فيدخل رجل عرفه القوم فلما انصرف ؛  قام واحد من الصحابة ،  وذهب إلى رجل ؛  ليعلم ماذا يصنع ،  وسأله :  ماذا تفعل حتى يبشرّك الرسول صلى الله عليه وسلم بالجنة ؟  فوجد سلوك الرجل مستقيما ومتبعا للمنهج دون زيادة ،  فسأله الصحابي :  لماذا-إذن- بشّرك رسول الله صلى الله عليه وسلم بالجنة ؟

قال الرجل :  والله لأصلي كما تصلون ،  وأصوم كما تصومون ،  وأزكي كما تزكون ،  ولكني أبيت وما في قلبي غلّ أحد .

هذا هو السلام النفسي ،  وإذا وصل الإنسان إلى السلام مع النفس ؛  فلا تضيره الدنيا إن قامت ،  وبعد ذلك يضمن أن يوجد سلامه مع الله تعالى .  ومن عنده سلام مع نفسه ،  ومع بيئته ومع مجتمعه ؛  فهو ينال سلاما من الله سبحانه .  ويقول لنا القرآن عن الذين يعانون من مأزق في الآخرة : {  يوم يأت لا تكلم نفس إلا بإذنه فمنهم شقي وسعيد ( 105 ) ( هود ) :

هؤلاء هم الذين شقوا في النار ،  أما الذين سعدوا في الجنة ،  فماذا عن حال الذين لا هم شقوا ولا هم سعدوا-وهم أهل الأعراف ؛  لأن الموقف يوم القيامة ينقسم الناس فيه إلى ثلاثة أقسام ؛  قال الله سبحانه : {  فأما من ثقلت موازينه ( 6 ) فهو في عيشة راضية( 7 ) وأما من خفت موازينه ( 8 ) فأمه هاوية ( 9 ) } ( القارعة ) ، ولم يقل الحق سبحانه لنا أمر الذين تساوت الكتفان لهم أثناء الحساب ؛  لأنه سبحانه قال في حديث قدسي : {  إن رحمة غلبت غضي ""  .  } . ويبين لنا الحق سبحانه رحمته فيقول :

{  ونادى أصحاب الجنة أصحاب النار أن قد وجدنا ما وعدنا ربنا حقا فهل وجدتم ما وعد ربكم حقا قالوا نعم فأذن مؤذن بينهم أن لعنة الله على الظالمين( 44 ) } ( الأعراف ) ، ويأتي أمر رجال الأعراف فيقول سبحانه : {  وعلى الأعراف رجال يعرفون كلا بسيماهم .  .  . ( 46 ) } ( الأعراف ) : لقد عرفوا المؤمنين بسيماهم ،  وعرفوا الكفار بسيماهم ،  وجلس البعض على الأعراف ؛  ينتظرون وينظرون لأهل الجنة قائلين : {  سلام عليكم لم يدخلوها وهم يطمعون ( 46 ) } ( الأعراف ) .

ثم يعطينا الحق سبحانه صورة ثانية فيقول : {  ونادى أصحاب النار أصحاب الجنة أن أفيضوا علينا من الماء أو مما رزقكم الله قالوا إن الله حرمها على الكافرين( 50 ) } ( الأعراف ) .

أهل الأعراف-إذن- يسعدون بعطاء الله لأهل الجنة ،  ويطمعون أن يغفر الله-سبحانه وتعالى-لهم .

ونحن في حياتنا نسمع المشرفين على المساجين أو المحكوم عليهم بالإعدام يقولون :  قبل أن يحكم على المجرم بالإعدام ينخفض وزنه ،  ثم يزيد بعد الحكم ؛  أن الأمر استقر .  والذين يشغلون بأن يعرفوا مكانهم في الآخرة ،  أهو في الجنة أو في النار ،  لا ينسون لأن يقولوا للمؤمنين .

{  أن سلام عليكم .  .  . ( 46 ) } ( الأعراف ) : وهنا يقول الحق سبحانه عن أهل الجنة : {  وتحيتهم فيها سلام وآخر دعواهم أن الحمد لله رب العالمين } وقد تكون آخر دعواهم ،  أي :  آخر كلمة .

فالواحد منهم يقول :  أنا حمدت ربنا على الشيء الفلاني .  وآخر حمد هو قمة الحمد ؛  لأنهم حمدوا الله على النعمة في الدنيا التي تزول ،  ويحمدونه في الآخرة على النعمة التي لا تزول ،  فلئن يوجد حمد على النعمة التي لا تزول فهو قمة الحمد ."
10,11,"ويقول الحق سبحانه بعد ذلك :

{  ولو يعجل الله للناس الشر استعجالهم بالخير لقضي إليهم أجلهم فنذر الذين لا يرجون لقاءنا في طغيانهم يعمهون( 11 ) } :

وهذه الآية تتناول قضية عقدية قد تكون شغل الناس الشاغل في الدعاء لله تعالى ،  وقد لا يجاب دعاؤهم مع كثرة الدعاء ،  ويحزنهم على أنفسهم ،  ويقول الواحد منهم :  لماذا لا يقبل الله دعائي ؟  أو يقع بعضهم في اليأس .

ونقول لكل إنسان من هذا الفريق :  لا ،  أنت تدعوا ،  مرة تدعو بالشر ومرة تدعو بالخير ،  فلو أن الله سبحانه وتعالى قد أجابك في جميع الدعاء ،  فسوف يجيب دعاءك في الشر ودعاءك في الخير ،  ولو أن الله سبحانه وتعالى عجّل لك دعاء الشر ،  كما تحب أن يعجّل لك دعاء الخير ،  لقضي إليك أجلك وانتهت المسألة ،  وهناك من قالوا : {  اللهم إن كان هذا هو الحق من عندك فأمطر علينا حجارة من السماء أو ائتنا بعذاب أليم( 32 ) } ( الأنفال ) . ولو استجاب الحق لمثل هذا الدعاء ،  لكان وبالا على من دعوا ذلك الدعاء .

إذن :  فمن مصلحتك حين تدعو على نفسك أو تدعو بأي وبال ألا يجيبك الله تعالى ،  وافهم أن لله تعالى حكمة في الإجابة ؛  لأنه سبحانه وتعالى منزّه عن أن يكون موظفا عند الخلق ،  ومن يدعه بشيء يجبه عليه ،  لا بد من مشيئته سبحانه في تقرير لون الإجابة ؛  لأنه لو كان الأمر عكس ذلك لانتقلت الألوهية للعبد .

لقد صان الحق سبحانه عباده بوضع رقابة على الدعاء ؛  وأنت تعتقد أن دعاءك بخير ،  ولكن رقابة الحق سبحانه التي تعلم كل شيء أزلا تكاد أن تقول لك :  لا ،  ليس خيرا .  وانتظر الخير بعدم استجابة دعائك ؛  لأنه القائل سبحانه : {  وعسى أن تكرهوا شيئا وهو خير لكم وعسى أن تحبوا شيئا وهو شر لكم .  .  . ( 216 ) } ( البقرة ) .

إذن :  فمعرفتك ليست نهاية في تقرير الخير والشر ؛  لذلك دع الإله الأعلى-وهو المأمون عليك- أن يستجيب أو لا يستجيب لما تدعوه وأنت في ظنك أنه الخير ،  فالمعرفة العليا هي التي تفرق بين الخير والشر ،  وفي المنع-أحيانا-عين العطاء ؛  ولذلك يقول الحق : {  ويدع الإنسان بالشر دعاءه بالخير وكان الإنسان عجولا( 11 ) } ( الإسراء ) .

وقد تلحّ في دعاء لو استجيب لك ؛  لكان شرا .  والله سبحانه يعلم ما هو الخير لك ،  وهو سبحانه يجيب أحيانا بعض خلقه في أشياء كان الإنسان منهم يتمنى أن توجد ،  ثم يكشف الإنسان أنها لم تكن خيرا .  وأحيانا يأتي لك بأشياء كنت تظن أنها شر لك ،  فتجد فيها الخير .  وهكذا يصحح لك الحق سبحانه بحكمته تصرفاتك الإختيارية .

وقد قال الكافرون لرسول الله صلى الله عليه وسلم : {  اللهم إن كان هذا هو الحق من عندك فأمطر علينا حجارة من السماء أو ائتنا بعذاب أليم ( ( 32 ) } ( الأنفال ) .

ومن قالوا هذا القول هم :  العاص بن وائل السهمي ،  الوليد بن المغيرة ،  والأسود بن عبد المطلب و الأسود بن عبد المطلب والأسود بن عبد يهود ،  وكانوا قد وصلوا إلى قمة الاضطراب ؛  فهم قد اضطربوا أولا حين اتهموه بأنه ساحر ،  ولم ينتبهوا إلى غباء ما يقولون ،  لأنه إن كان لرسول الله صلى الله عليه وسلم قدرة السحرة ؛  فلماذا لم يسحرهم هم ليؤمنوا أيضا ؟

واضطربوا مر ة ثانية ،  حاولوا أن يقولوا :  إن القرآن سعر ،  أو له طبيعة الشعر والكلام المسجوع ،  والقرآن ليس كذلك .  ولو أن جماعة غيرهم قالت مثل هذا القول لكان لهم عذرهم لأنهم ليسوا أهل لغة ،  أما هؤلاء فهم قوم أهل دربة على الفصاحة والبلاغة ،  وكانوا يعتقدون أسواق الشعر والخطابة ،  ثم اضطربوا مرة ثالثة ،  وحاولوا الطعن في مكانة محمد صلى الله عليه وسلم وهم يقرّون بعظمة القرآن ،  فقالوا : {  لولا نزل هذا القرآن على رجل من القريتين عظيم ( 31 ) } ( الزخرف ) :

والحق سبحانه وتعالى حينما يتعرض لحادثة وقعت في زمن النبي صلى الله عليه وسلم مع الكافرين ؛  لا يقتصر في الحدث على ما وقع ،  ولكنه يعالج قضية عامة كونية أن تقوم الساعة ،  ويجعل الحدث الحاصل في زمنه سببا فقط ؛  ليعطي عموم الحكم في كل زمان وفي كل مكان .  وإلا اقتصر الأمر على معالجة حدث وقع لشخص الحدث وشخص الحكم في القوم الموجودين مع رسول الله صلى الله عليه وسلم .  وقد جاء القرآن للناس كافة ،  وجاء للزمان عامة ،  فلا بد أن تكون القضية المعروفة-أي قضية- أمام رسول الله صلى الله عليه وسلم من قوم عاصروه لها سبب خاص ،  ولكن العبرة بعموم الموضوع لا بخصوص السبب .

ويعالج الله سبحانه وتعالى في هذه المسألة الشخصية من هؤلاء الذين قالوا ذلك قضية كونية ستظل إلى أن تقوم الساعة .

فقد دعوا على أنفسهم : {  وإن كان هذا هو الحق من عندك فأمطر علينا حجارة من السماء أو ائتنا بعذاب أليم( 32 ) } ( الأعراف ) . كما قال عاد لهود : {  أجئتنا لنعبد الله وحده ونذر ما كان يعبد آباؤنا فأتنا بما تعدنا إن كنت من الصادقين( 70 ) } ( الأعراف ) . إذن :  هم قد دعوا بشر على أنفسهم .

ويعالج الله قضية الدعاء بالخير أو الدعاء بالشّر ،  لأن الإنسان قد يضيق ذرعا بأمور تحيط بذاته أو بالمحيط به ؛  فإذا ضاق ذرعا بأمور تحيط به في ذاته من ألم كمرض-مثلا ،  أو عاهة لا يقوى على الصبر عليها ،  أو لا يقو ى على تحملها ؛  فيقول :  "" يا رب ،  أرحني يا رب ""  ،  وهو هنا يدعو على نفسه بالموت .  فلو أن الله سبحانه وتعالى استجاب دعاءه لقضيت المسألة .

ولكن الله هو الحكيم العزيز ،  لا يأتمر بأمر أحد من خلقه ،  ولا يعجل بعجلة العباد ،  وكما يؤجل لك استجابة لدعوة الخير منك ،  فهو يؤجل أيضا إجابتك لدعوة الشر منك على نفسك ؛  وفي ذلك رحمة منه سبحانه .

وإذا كنت تقول :  أنا أدعو بالخير ،  والله سبحانه وتعالى لا يعطيني ،  فخذ مقابلها :  أنك تدعو بالشرّ على نفسك ،  ولا يجيبك الله .  ثم ألا يضيق الأب أحيانا ذرعا بمن حوله ،  فيقول :  فليأخذني الله ،  لأستريح من وجوهكم ؟  هب أن الله سبحانه جابه إلى هذه الدعوة ،  فماذا يكون الموقف ؟  وقد تجد من يقول :  يا رب أصبني بالعمى فلا أراهم ،  أو تدعو المرأة على نفسها أو على أولادها .

وأنتم تحبون أن يجيب الله تعالى دعاءكم ،  فلو كان يجيبكم على دعاء الشرّ لانتهت حياتكم إلى الفزع مثل هذه الأم التي تدعو بالمقتضيات فتقول لولدها-مثلا :  "" ربنا يسقيني نارك ""  فتطلب السّقيا بالنار ،  رغم أن السقيا للرىّ ،  والنار للحرارة .

إذن :  قد يضيق الإنسان ذرعا بنفسه ،  أو يضيق ذرعا بمن حوله ؛  فيدعو على نفسه بالشرّ ،  وحين يدعو الإنسان فيجب عليه أن ينزّه الحق سبحانه وتعالى عن أن ينفد ما يدعو العبد به دون أن يمر الدعاء على حكمته سبحانه وتعالى .

{  ولو يعجل الله للناس الشر استعجالهمبالخير لقضي إليهم أجلهم } ،  فكلما قبلتم أن يؤجل الله تعالى لكم دعاء الشر على أنفسكم ؛  فاقبلوا منه تأجيل دعائكم بالخير ؛  لأن الخير فيما تطلبون غير الخير فيما يعلم الله ؛  فهو العلم الخبير .  وقد تطلب خيرا تعلمه ولمن الله يعلم فيه شرا ؛  فمن مصلحتك ألا يجيبك .  وكما تحترم عدم إجابته في الشر نفسه ،  أو على من تحب ،  فاحترم عدم إجابته لك فيما تظنه خيرا لك ،  أو من لمن تحب ؛  لأن الله لا يعجل بعجلة عباده ؛  لأنه سبحانه هو الذي خلقهم ،  وهو أعلم بهم ،  فهو القائل : {  خلق الإنسان من عجل .  .  . ( 37 ) } ( الأنبياء ) ، وهو سبحانه القائل : {  سأريكم آياتي فلا تستعجلون ( 37 ) } ( الأنبياء ) ، والحق سبحانه لو استجاب لهؤلاء الذين دعوا : {  اللهم إن كان هذا هو الحق من عندك فأمطر علينا حجارة .  .  . ( 32 ) } ( الأنفال ) : لكانت نهايتهم بجنس ما دعوا به ،  وقضي عليهم ،  ثن انتهوا بعد ذلك إلى عذاب الجحيم .

ولن الحق سبحانه شاء لهم البقاء ؛  ليؤمن من يختار الإيمان ،  وأما من اختار الكفر ؛  فعليه أن يتحمّل تبعة الطغيان التي تتمثل في أن الواحد منهم لا يختار الكفر فقط ،  بل يتجاوز الحد ،  ويطلب ممن آمن أن يرتد عن إيمانه ،  وفي ذلك مجاوزة للحد ؛  ولذلك فهم يعمهون في هذا الطغيان ،  أي :  تتكاثر عليهم الظروف ،  ويثبت-لهم ولمن بعدهم- عجز الكفر عن مواجهة قدرة الحق .

وفي الحياة أمثلة-ولله المثل الأعلى- فهناك من يملك عدوه ،  فيضربه ؛  لكنه لا يقتله ،  ثم يتكرر من هذا الخصم الإساءة ،  فيضربه من جديد ،  ثم تتكرر الإساءة فيضربه ،  وهو لا يقتله أبدا ليداوم على إذلاله ،  والقوىّ لا يقتل خصمه ،  بل يؤلمه ؛  فلا يرفع الخصم رأسه .

والحق سبحانه يقول : {  فنذر الذين لا يرجون لقاءنا في طغيانهم يعمهون } : أي :  أن الحق سبحانه يترك أهل الباطل ؛  لتتجمع عليهم سيئاتهم ،  ويذوقون ويل خصومة الإسلام فلا يرفعون رءوسهم ؛  لأن أهل الإسلام يردّون لهم الإساءة مضاعفة ،  ولسوف ييأس أهل الباطل من أنهم سينتصرون على الحق بأي شكل وبأي لون .  وهم مهما تحايلوا في أساليب النكاية في الإسلام ،  تجد الحق سبحانه وتعالى ينصر المسلمين .

والمثل أمامنا من سيرته حين أمره الحق سبحانه بأن يهاجر ،  وكان الكفار يحاصرون بيته بشباب من القبائل ،  فخرج صلى الله عليه وسلم ولم يشعروا ،  وقال صلى الله عليه وسلم :  "" شاهت الوجوه ""  .

وشاء سبحانه ذلك ؛  ليعلموا أنهم لن يستطيعوا الانتصار على محمد صلى الله عليه وسلم ،  لا بالمواجهة ،  ولا بتبييت المكر ."
10,12,"ويقول الحق سبحانه بعد ذلك :

{  وإذا مس الإنسان الضر دعانا لجنبه أو قاعدا أو قائما فلما كشفنا عنه ضره مر كأن لم يدعنا إلى ضر مسه كذلك زين للمسرفين ما كانوا يعملون( 12 ) :

يصور الحق سبحانه حال البشر ؛  الذين لم يرتبطوا دائما بالإله ،  وبمنهج الإله ؛  هؤلاء الذين يتجهون إلى الله في لحظات الأزمات ،  ثم ينسون الإيمان وتكاليفه من بعد ذلك .  وحياتنا مليئة بهذا الصنف من البشر .

وفي قريتنا-على سبيل المثال- كان الذي يشرف على رعاية صحة الناس حلاّق الصحة ،  إلى أن تخرّج أحد أبناء القرية في كلية الطب ،  فأخذ حلاق الصحة يشيع عنه ما لا يليق .  وفي أحد الأيام لاحظ الفلاحون خروج حلاق الصحة مبكرا وهو يحمل لفاقة كبيرة ،  فأرادوا أن يعرفوا ما بها ،  واكتشفوا أن ابن حلاق الصحة مريض وهو يريد أن يذهب به إلى الطبيب هو-إذن- لا يخدع نفسه ،  رغم محاولته خداع أهل القرية بالشائعات الكاذبة عن الطبيب .

وكذلك الإنسان مع منهج الله ،  قد يخدع الآخرين في لحظة اليسر ،  لكنه لا ينسى الله لحظة العسر .  وساعة يأتيه الضر ،  وحين تعزّ الأسباب عليه فهو لا يجد إلا كلمة ( يا رب ""  .  وأنت تجدها من أعتى الفجّار ،  ومن أقسى العتاه ،  تجد الواحد من هؤلاء وهو يدعو الله ساعة الضرّ .

وهذا ما يقول الحق سبحانه هنا : {  وإذا مسّ الإنسان الضّرّ دعانا لجنبه } .

والمثل من حياة هؤلاء الكافرين الذين دعوا على أنفسهم ،  ولو كانوا يرغبون في إنهاء الحياة ،  فلماذا يدعون الله وهم قد كفروا به ؟  إنه كذب مفضوح ،  والإنسان حين يضيق بنفسه قد يدعو على نفسه الضّر ؛  مثلما قال المتنبي :

كفى بك داء أن ترى الموت شافيا	****	وحسب المنايا أن يكن أمانيا

أي :  يكفي أن يصل الإنسان إلى الدرجة التي يتمنى فيها الموت .

ونلحظ أن الحق سبحانه قد جاء بموقف الإنسان من الضر في أكثر من موضع ،  فنجد آية تفرد الإنسان بمعنى ؛  وأية ثانية تفرد الإنسان بمعنى آخر ،  وآية ثالثة تصور وضع الإنسان بشكل آخر .

يقول سبحانه : {  وإذا مس الإنسان ضرّ دعا ربّه منيبا إليه ثم إذا خوله نعمة منه نسي ما كان يدعو إليه من قبل .  .  . ( 8 ) } ( الزمر ) .

ويقول الحق في الآية التي نحن بصدد خواطرنا عنها : {  وإذا مس الإنسان الضر دعانا } ، ويقول سبحانه في موضع آخر : {  وما بكم من نعمة فمن الله ثم إذا مسكم الضر فإليه تجأرون ( 53 ) ثم إذا كشف الضر عنكم إذا فريق منكم بربهم يشركون ( 54 ) } ( النحل ) .

إذن :  فالحق سبحانه يأتي بها مفردة مرة ،  ومرة يأتي بها جمعا .  ومرة يأتي بها مفردة على ألوان شتّى ،  مرة تأتي بها جمعا بألوان شتّى ،  ومرة يذكرها في البر ،  ومرة يذكرها في البحر : {  وإذا مسكم الضّرّ في البحر ضلّ من تدعون إلا إياه .  .  . ( 67 ) } ( الإسراء ) .

إذن :  فالآيات تستوعب حالات الإنسان المختلفة ؛  إذا ما أصابه ضرّ ،  ولم يجد مفزعا لا من ذاته ولا من البيئة المحيطة به ،  فلا يجد من يلجأ إليه إلا ربه .  ومن الأسف أن هذا الإنسان يكون كافرا بالله .

والآية التي نحن بصدد خواطرنا عنها تعطينا صورا متعددة ،  فالحق سبحانه يقول : {  دعانا لجنبه } أي :  وهو مضطجع ،  {  أو قاعدا أو قائما } .  وهكذا تتناول الآية الإنسان في تصرفاته في الكون .  والآية متمشية مع أطوار تكوين الإنسان ؛  فالطفل الصغير لا يستطيع أن يتقلّب ،  بل يقلّبه أهله ؛  لينام على جنبه ،  وحين يكبر قليلا فهو يتقلب بمفرده ثم تأتي حركة القوة الثانية ؛  فيقعد الطفل ثم يقف دون أن يمشي ،  ثم يمشي من بعد ذلك .

والآية هنا تعطينا التصوير الدقيق لثلاث حالات : {  دعانا لجنبه أو قاعدا أو قائما } ،  ولم تأت حركة المشي ؛  لأن المتحرك للمشي لا يقعده الضر ،  لكن من يمر بالمراحل الأخرى قائما أو قاعدا أو راقدا على الجنب ،  فقد يناله الضر .

وتلك هي مراحل النقض لمظاهر الحياة ،  فالإنسان يعيش الطفولة ،  ثم فتوّة الشباب ،  ثم يأتيه الضعف والشيب ،  فلا يستطيع أن يمشي بقوة الشاب ،  إن كان يستطيع الوقوف ،  ثم تدخل الشيخوخة ؛  فيقعد ،  ولا يستطيع أن يقف ،  ثم تتقدم الشيخوخة ،  فلا يمشي ،  ولا يقف ،  ولا يقعد ،  ويظل على جنبه ،  وقد يقلبه أهله .

إذن :  نقض كل شيء إنما يأتي على عكس بنائه ؛  فكما بنيت مراحل الإنسان هكذا جنبا ،  فقعودا فقياما ،  فسعيا وحركة ،  فهيب تنتهي بالعكس ؛  لأن النقض دائما على عكس البناء .

ومن هذا خرجنا بالاستدلال على صدق الله في إخباره لخلقه بكيفية الخلق ؛  لأننا لم نشاهد عملية الخلق ،  مصداقا لقوله تعالى : {  ما أشهدتم خلق السماوات والأرض ولا خلق أنفسهم وما كنت متخذ المضلين عضدا ( 51 ) } ( الكهف ) .

ولأن الحق لم يشهد أحدا على كيفية خلق السماوات والأرض وخلق الإنسان ،  فنحن لا نأخذ معلومات عن كيفية الخلق بعيدا عن القرآن ؛  لذلك لا نصدق الافتراضات القائلة بأن الأرض كانت قطعة من الشمس وانفصلت عنها ثم انخفضت درجة حرارتها ؛  فكل هذه افتراضان لن تثبت صحتها ،  والحق سبحانه قد قال : {  ما أشهدتم خلق السماوات والأرض ولا خلق أنفسهم .  .  . ( 51 ) } ( الكهف ) .

وهذا القول يدل على أن العقل البشري لا يمكن أن يصل إلى معرفة كيفية خلق السماوات والأرض ،  وخلق الإنسان ،  وهو معزول عن منهج السماء ؟  فإن حدّثتم كيف خلقتم بصورة تختلف عما في القرآن فقولوا :  كذبتم ،  وإن حدّثتم كيف خلقت السماوات والأرض بغير ما جاء في كتاب الله ؛  فقولوا :  كذبتم ؛  لأن الله هو الذي خلق السماوات والأرض والإنسان وحده ،  ولا أحد معه ،  وما شهد أحد من هؤلاء مشهدا ليخبركم به ؟  ويقول الحق سبحانه : {  وما كنت متخذ المضلين عضدا( 51 ) } ( الكهف ) .

والمضلون :  هم الذين يقولون لكم افتراضات غير صحيحة عن تطور القرد حتى صار إنسانا ،  وأن الأرض كانت قطعة من الشمس وانفصلت عنها ؛  كل هذه افتراضات قالها من سمّاهم الحقّ سبحانه : {  المضلين } .  ولو لم يقل الله تعالى هذه الآية ،  ثم جاء قوم ليقولوا :  الإنسان كان في الأصل قردا ،  لقلنا :  إن القرآن لم يتعرض لذلك ،  وكان من الممكن أن نصدقهم ،  لكن الله سبحانه شاء لنا أن تكون لدينا المناعة ضد هذا الإضلال .

وعملية الخلق غيب عنا ،  أخبرنا عنها من خلقنا سبحانه ،  فلم يكن معه شاهد رأى هذا المشهد ؛  ليقول لنا .  والخلق الذي به الحياة ينقضه الموت ،  ولكن الموت مشهد نشهده ،  وأي نقض لشيء-كما عرفنا- إنما يأتي على عكس بنائه ،  فإن بنينا عمارة من عشرين طابقا ،  وأردنا أن نهدمها لسبب أو للآخر ؛  فنحن نهدم الطابق العشرين أولا ،  ثم نوالي الهدم بعد ذلك ،  فما بني أولا يهدم أخيرا ؛  لأن نقض كل شيء يأتي على عكس بنائه .

وبما أن الموت نقض الحياة ؛  فالروح إذا ما خرجت من الجسم ،  وترك الجثمان بلا دفن ،  فالجثمان يتصلّب ،  ثم يصير جيفة ،  ثم يتبخر منه الماء ،  ويتحلل الجسد إلى العناصر الأولى في التراب ،  هذه مراحل الموت .

وقد أخبرنا الحق عن كيفية الخلق ،  فبيّن أنه سبحانه خلق الإنسان من التراب والماء فصار طينا ،  ثم استوى الطين ،  فصوّره الحق صورة الإنسان ونفخ فيه الروح ،  وآخر مراحله في الإيجاد هي الروح ؛  لذلك فخروج الروح هو أول مرحلة الموت .

والله سبحانه وتعالى في هذه الآية جاء بوضع الإنسان على الجنب وقائما وقاعدا ،  ولم يأت بالمشى ؛  لأن الماشى عنده قدرة فلا ضرّ في ذاته ،  وإن أصابه ضرّ فمن غيره ،  الضّر مقابل النفع ،  والنافع هو من يبقي الشيء على صلاحه الممتع المريح ،  وفي الذات أو في الخارج .

فساعة تكون ذاتك مستقيمة وملكاتها وأعضاؤها كلها سليمة ،  فليس عندك ضرّ ،  لكن إذا حدث خلل في أي عضو من الأعضاء ؛  فالمتاعب تبدأ ،  ولذلك يقال عن السلامة العمامة :  هي ألا تشعر بأن لك أعضاء ؛  لأنك حين تشعر أن لك عينا-مثلا- فاعرف أنها تؤلمك ،  وإذا شعرت بأذنك فاعرف أنها تؤلمك .  وأنت تطحن الطعام بضروسك وتأكل ولا تدري بها .  ويوم أن تدري بها فهذا يعني أن ألما قد بدأ .

وهكذا لا يشعر الإنسان بفقد السلامة إلا إذا عرف وانتبه إلى أن له عضوا من أعضاءه ،  فيقول :  "" آه يا عيني ""  و "" آه يا أذني ""  .

ونقول :  إن وجع العين مؤلم ألما مخصوصا ،  وكذلك نقول :  على أي عضو من الأعضاء ،  أما من لا يشكو لأعضائه فهو لا يشعر بها ؛  لأنها تؤدي أعمالها على الوجه المناسب .  والسلامة فيمن حولك تتمثل في أن يحققوا لك المتعة والصفاء بدون كدر .  وبذالك تظهر منفعتهم لك .

وكل إنسان له كبرياء ذاتي ،  يبينها قول الحق سبحانه وتعالى : {  كلا إن الإنسان ليطغى( 6 ) أن رآه استغنى( 7 ) } ( العلق ) : ولا يذل الإنسان إلا حين يعاني من آفة ما ،  ولا يأتي طغيانه إلا عند استكمال النعمة في الخارج والنعمة في الداخل ،  وإن بدأت النعمة في الانقباض عن الإنسان ؛  فكبرياؤه تتطاير .  ومن كان يستعرض الناس ،  قد يرجو القيام من االرقود ؛  ليخطو بضع خطوات فلا يستطيع .

والإنسان لا يستغني إلا بما هو ذاتي فيه ؛  لا بما هو موهوب له ؛  لذلك فعليه ألا يغتر ؛  لأن الواهب الأعلى قد يقبض هبته ،  فقد يأخذ منك العافية ،  وكثيرا ما رأينا أصحّاء قد مرضوا ،  ورأينا أغنياء قد افتقروا ،  وأصحاب جاه قد خرجوا من جاههم .

إذن ؛  لذلك يجب أن ينعدم الغرور ،  فما دام كل ما فيك موهوبا مكن الواهب الأعلى سبحانه ،  فالواهب قد يسلب ما وهب ،  وما إن تسلب من الإنسان نعمة فهو ينتبه .  فلا داعي-إذن- لأن يغتر أحد ؛  حتى لا يسلم نفسه رخيصة للضياع .

والمقال :  قد تكون عاديت طبيبا ،  وهو الوحيد في المكان الذي تقطنه ،  وقد يحاول البعض الإصلاح بينك وبين هذا الطبيب ،  فتتأبّى أنت ،  ثم يأتي لك مرض ؛  فتلجأ إليه ؛  لأن الله قد وهبه القدر السليم من التشخيص بالعلم ،  فلا يجب-إذن- أن تغتر أو تتعالى على أحد .

لكن الإنسان هو الإنسان ؛  لذلك يقول الحق سبحانه : {  وإذا مس الإنسان الضّرّ .  .  . ( 12 ) } ( يونس ) : والكافر ما إن يمسّه الضرّ ؛  حتى يقع في بئر الهوان .  أما المؤمن فهو مع ربه دائما ،  وإذا مسه الضرّ فهو يدعوا الله تعالى دائما ولا ينساه ؛  لذلك يتلطف به سبحانه ،  عكس الكافر الذي يدعو الله ساعة الضرّ فقط .  وأين كان الكافر ساعة أن دعاه الله سبحانه بالرسل إلى الإيمان ؟

ونسيان الإنسان أمر وارد في تكوينه الفطري الأول ؛  لأن الإنسان جين يعيش في محيط ما .  فهو يحب النفع من خارجه ،  وإذا امتنع عنه هذا النفع الخارجي ،  فهو يأخذ النفع ومن ذاته ؛  من تحرّك أبعاضه وخدمتها لبعضها البعض .  ثم لا يجد له مفزعا إلا أن نؤمن بمن خلقه أولا .  وانظر إلى التعبير القرآني : {  وإذا مسّكم الضر في البحر ضلّ ما تدعون إلا إيّاه .  .  . ( 67 ) } ( الإسراء ) .

إذن :  فمن يعبد غير الله-سبحانه وتعالى- يضل عند معبوده ،  ولا يعرف كيف ينقذ من يعبده ؛  لذلك يعود المشرك إلى الله ،  ولا يجد سواه سبحانه ،  فهو الذي ينقذ الإنسان لحظة الخطر ؛  لأنه الرب الخالق هو أرحم بصنعته ،  وهذه الرحمة تنقذ الإنسان حتى لو كان كافرا ،  وهذا كلام منطقي ؛  لأننا شهدنا بوحدانية الله تعالى في عالم الذر ؛  حينما أخذ الله سبحانه علينا العهد الأول ، قال لنا : {  ألست بربكم .  .  . ( 172 ) } ( الأعراف ) ، قلنا : {  بلى .  .  . ( 172 ) } ( الأعراف ) .

وهذا إيمان الفطرة قبل أو توجد الغفلة أو التقليد ؛  لذلك حين تتفرق الآلهة الباطلة من حول الكافر فهو يرجع إلى نفسه ويدعو الله ،  بل ويوسّط يسأله أن يدعو له الله سبحانه .

وقد يدعو الإنسان من يواسيه لحظة المرض فلا يجد ولدا من أبنائه ،  أو قريبا من أقربائه ،  ولكنه فور أن يدعو الله تعالى ؛  تلمسه رحمته سبحانه ،  وقد تجد إنسانا حين يستجيب الحق سبحانه لدعائه قد تركبه حماقة الغرور من جديد ،  ويقول ما جاء على لسان قارون : {  إنما أوتيته على علم عندي .  .  .  . ( 78 ) } ( القصص ) .

ويقول :  كنت محتاطا وقد رتبت أموري .  ثم يأخذ الحق سبحانه وتعالى أخذ عزيز مقتدر .

فإذا مسكم الضر ؛  فلن تجدوا من البيئات الخارجة عنكم ،  ولا من ذوات نفوسكم ،  ما يغنيكم عن خالقكم ،  وفي لحظة الخطر لا تستطيعون الكذب على أنفسكم ؛  فلا تسألون حينئذ أحدا إلا الله سبحانه ،  وتتذكرون في تلك اللحظة عهد الذّر الأول ،  وتعودون إليه سبحانه .

وهنا يقول الحق سبحانه : {  وإذا مسّ الإنسان الضّرّ دعانا لجنبه أو قاعدا أو قائما } .

وقوله الحق : {  فلما كشفنا عنه ضره } يصوّر الضرّ وكأنه يغطي الإنسان ويلفه ،  فلا منقذ له أبدا ؛  لأن الكشف هو رفع لغطاء يغطي كل الإنسان .

وهكذا يعطينا الله تعالى صورة لاستيعاب الضرّ للجسم كله ؛  حتى وإن كان بأداة من أدوات الإدراك مثل قوله سبحانه : {  فأذاقها الله لباس الجوع والخوف بما كانوا يصنعون( 112 ) } ( النحل ) : فكأن الجوع والخوف قد لفّ القرية كلها ،  فلم تعد البطون وحدها هي الجائعة ،  بل كل ما في الأجسام جائع وخائف .

وهنا يقول الحق سبحانه : {  فلما كشفنا عنه ضره مرّ كأن لم يدعنا إلى ضرّ مسّه } .

وكلمة {  مر } تفيد أن هنا وقفة ،  فحين يقال :  إن فلانا مر عليّ ؛  مقابلها :  وقف عندي .

ونفهم من قوله الحق :  إن هذا الذي مسّه الضرّ كان له وقفة عند الله سبحانه ؛  حين لفّه الضرّ ولم يجد معينا له غير الله تعالى ،  أما قبل ذلك فقد كان يأخذ الخير من الله ولا يتذكر الإيمان به سبحانه ،  وبعد أن يذهب عنه الضرّ وينسى الإيمان ؛ {  كأن لم يدعنا إلى ضر مسه } وكأنه قد نسي تذلله إلى الله ،  فهو يمر من مرحلة الذلة والخضوع والدعاء إلى الله إلى مرحلة الاستكبار ،  فلم يقف عند من أنقذه من ضره وهذه هي الصفاقة .

وينهي الحق سبحانه وتعالى الآية بقوله : {  كذلك زين للمسرفين ما كانوا يعملون } :  وهنا تأتي قضية ثانية ؛  فالحادثة حادثة خاصة وينقلها الحق سبحانه إلى عمومية تأني في الكون كله ؛  فالمسرفون قديما حصل لهم هذا ،  والذي زيّن لهم المرور إما أن يكون الشيطان ،  وإما أن يكون الحمل من الحق على صفات موجودة فيه ،  فالحق سبحانه هو القائل : {  في قلوبهم مرض فزادهم الله مرضا .  .  .  . ( 10 ) } ( البقرة ) .

وقوله تعالى هنا : {  فلما كشفنا عنه الضر مر كأنه لم يدعنا إلى ضرّ مسّه .  .  . ( 12 ) } ( يونس ) .

وهذا ما حدث للمسرفين سابقا ،  وما سوف يحدث من المسرفين لا حقا .  والإنسان له عمل مكوّن من القول والفعل ؛  والعمل هو كل حادثة متفرعة عن جوارح الإنسان ،  وإن ،  كان القول مقابلة الفعل ؛  فالاثنان عمل .

وبعد أن يعرض الحق سبحانه هذه القضية في عمومها ،  وفي خصوصها ،  وفي انسجامها على الكون كله ،  يبيّن لنا ضرورة الانتباه للكافرين برسالة محمد صلى الله عليه وسلم ،  يحذر الكافرين :  أأسلمنا رسولا إلى خصومه أم نصرنا أم رسول جاء على خصومه ؟  إن السوابق تدل على أن كّلا أخذناه بذنبه ،  فاحذروا أن تكونوا كذلك ."
10,13,"ويقول سبحانه بعد ذلك :

{  ولقد أهلكنا القرون من قبلكم لمّا ظلموا وجاءتهم رسلهم بالبيّنات وما كانوا ليؤمنوا كذلك نجزي القوم المجرمين( 13 ) } .

فإياكم أن تسول لكن أنفسكم أن تظلوا على عداوتكم لمحمد صلى الله عليه وسلم ؛  لأنكم لن تنالوا منه شيئا ،  وسيتم الله نوره ،  فلتسلم بدعا عن سابق الخلق .  و{  القرون } :  جمع قرن ،  والقرن من المقارنة ،  وكل جماعة اقترنوا في شيء نسميهم  "" قرنا ""  .  وقد يكون القرن في الزمنية ،  ولذلك حسبوا القرن مائة سنة ،  والبشر الذين يجتمعون في مائة سنة يسمون قرنا . أو القرن جماعة يقترنون في شيء يجمعهم ،  ومهما طال بهم الأمد .

وقوله الحق : {  ولقد أهلكنا القرون من قبلكم لمّا ظلموا وجاءتهم رسلهم بالبيّنات وما كانوا ليؤمنوا } فهل لو أمهلهم الله-تعالى- كانوا سيؤمنون ؟  لا ،  فلله علم أزليّ ،  يعلم الأشياء على وفق ما تكون عليه اضطرارا أو اختيارا .

والمثل من حياتنا وأعرافنا-ولله المثل الأعلى- نجد الإنسان حين يريد بناء بيت ،  فالأمر يختلف حسب مقدرته ؛  الفقير مثلا يطلب بناء حجرتين ؛  فيخطط رجل البناء لبناء حجرتين ،  وإذا كان الإنسان متوسط الحال ،  فهو يتجه إلى مهندس يصمّم له بناء على قدر سعته ،  وإن كان الإنسان ثريا ؛  فهو يستدعي المهندس الذي يبني له بيتا حسب إمكانات ورغبات هذا الثرى ،  ويصمم المهندس نموذجا للبناء قبل أن يبدأ فيه ،  وتظهر فيه كل التفاصيل ،  حتى ألوان النوافذ والأبواب والحجرات .

والعالم قبل أن يخلقه الله سبحانه وتعالى كانت هيئته مقدرة أزلا عنده سبحانه ،  وهذا هو مطلق القدرة من الحق تعالى ،  ويأتي واقع الكون على وفق ما قدره الخالق سبحانه أزلا ؛  حتى ولو كان هناك اختيار للمخلوق ق الكافر ،  فالله سبحانه يعلمه .

قد صحّ أن القلم جفّ حتى في الأمور الاختيارية ،  وسبحانه يعلم ما تجري به الأمور القهرية وما يقضيه على خلقه بدون اختيار منهم ،  أما في الأمور الاختيارية فقد أعطى لخلقه الاختيار .  وقد علم ما سوف يفعلونه غيبا ،  فصمم المسألة على وفق علم .

وإياك أن تظن أنه أراد بذلك أن يلزمك ،  لا ،  فقد علم أنك ستختار .  وهكذا علم الحق سبحانه من سيظل نفسه-أزلا- وسبق في علمه أن أهل القرون السابقة الذين أهلكهم لا يؤمنون . {  ولقد أهلكنا القرون من قبلكم لمّا ظلموا } والظلم معناه نقل الحق من صاحبه إلى غيره .  والحقوق الموهوبة من الخالق للبشر قد يظلمون فيها بعضهم البعض ،  لكن أعلى درجات الظلم حين يظلم أحد حقّ الإله الأعلى في أن يكون إلها واحدا ،  وأن بنقل ذلك لغيره .  تلك هي قمة الظلم ؛  لذلك قال سبحانه :

{  إن الشرك لظلم عظيم ( 13 ) } ( يونس ) : وهم قد ظلموا في قضية العقيدة الأولى ،  أو ظلموا في الحقوق بينهم وبين أنفسهم مصداقا لقوله تعالى : {  ولكن الناس أنفسهم يظلمون( 44 ) } [ يونس ] .

والواحد منهم ظالم ومظلوم في آن واحد ؛  لأن الإنسان ملكاته متعددة ،  ومن هذه الملكات ملكة الإيمان الفطري ،  وملكة النفع العاجل الذاتي .  فإذا تغلبت ملكة النفع العاجل ؛  تخرج النفس اللوامة ؛  لتعد الأمر إلى صوابه ،  أما إن كانت نفس تأمر بالسوء فهي تطلب تحقيق الشهوات فقط ؛  لأنها نفس أمارة بالسوء .  أما إن اطمأنت النفس إلى حكم الله تعالى ورضيت به ونفذت ما قاله الله سبحانه ،  فهي نفس مطمئنة .  ومن يظلم نفسه فهو الذي يتبع شهوات نفسه ،  وهو قد أعطاها متعة عاجلة ؛  ليستقبل بعد ذلك شقاء آجلا ؛  فيكون قد ظلم نفسه .

{  ولقد أهلكنا القرون من قبلكم لما ظلموا وجاءتهم رسلهم بالبينات } ، والحق سبحانه لم يتركهم ،  بل أرسل الرسل مؤيدين بالمعجزات ليبصّرهم .  لكن الله تعالى يعلم أنهم لا يؤمنون ؛  لذلك قال : {  وما كانوا ليؤمنوا } أي :  أنه سبحانه لو تركهم أحياء فلن يؤمنوا ،  فهو الذي خلقهم وقد علم الأزل أنهم لن يختاروا الإيمان .

والحق سبحانه هو العالم الأعلى الذي يعلم الأشياء على وفق ما تكون عليه ،  لا على وفق ما يقهر خلقه عليه ،  فلو كلن علمه-سبحانه- على وفق ما يقهر الخلق عليه لكانت المسألة منتهية .

والمثال-ولله المثل الأعلى- أنت في البيت وتريد أن تقوم وزوجتك برحلة ،  فإن كان الأولاد صغارا ؛  فأنت تغلق عليهم الباب بعد أن تقول لهم :  إن طعامكم في الثلاجة ؛  لحما وسمكا وجبنا وزيتونا .  وبعد أن تخرج أنت وزوجتك تقول لها :  إن أبناءنا لن يأكلوا إلا جبنا وزيتونا ؛  لأنهم سوف يستسهلون هذا الطعام .  ولو لم يكن في الثلاجة إلا الجبن ،  لما قلت ذلك ؛  لأن هذا هو لون الطعام القهري .

لكن ما دام الأمر في اختيار ؛  فأنت تستشف من سابق سلوك الأبناء .  وعندما ترجع تجد أبناءك قد تصرفوا وفق ما حكمت به ،  ورغم أنك تركت لهم الاختيار .  ومثال هذا في القرآن قوله الحق : {  تبت يدا أبي لهب وتبّ( 1 ) ما أغنى عنه ماله وما كسب( 2 ) سيصلى نارا ذات لهب( 3 ) } ( المسد ) : و في هذا حكم من الله تعالى بأن أبا لهب سيموت كافرا ،  وهذا حكم معلن ويردّد في الصلاة ،  ونحفظه ،  وأبو لهب هو عم رسول الله صلى الله عليه وسلم ،  وكان كافرا مثل غيره من الكفار .  وقد آمن من الكفار الكثير .  ألم يسلم عمر ؟  ألم يسلم عكرمة بم أبي جهل ؟  ألم يسلم عمرو بن العاص ؟  ألم يسلم خالد بن الوليد ؟  فما المانع أن يسلم أبو لهب هو الآخر ؟  لا ،  لم يسلم وعلم رسول الله صلى الله عليه وسلم من ربه أن ذلك لن يكون منه .  وما كان من الممكن أن يمكر أبو لهب ويعلن إسلامه تكذيبا للقرآن ؛  لأن الحق علم أزلا سلوك أبي لهب .

{  ولقد أهلكنا القرون من قبلكم لما ظلموا وجاءتهم رسلهم بالبينات وما كانوا ليؤمنوا كذلك نجزي القوم المجرمين } .  : وقوله : {  كذلك } أي :  مثل هذا الجزاء الذي كان للأمم السابقة التي أهلكت في القرون الماضية تجزي ممن يحدّد كل شيء ،  لأن القضايا في الكون واحدة .  فالقضية الإيمانية موجودة من أول ما أرسلت الرسل إلى أن تنتهي الدنيا ."
10,14,"ويقول الحق سبحانه بعد ذلك :

{  ثم جعلناكم خلائف في الأرض من بعدهم لننظر كيف تعملون( 14 ) } :

و{  خلائف } :  جمع خليفة ،  وهو من يخلف غيره .  والحق سبحانه وتعالى حينما وصف الإنسان أصدر أول بيان عن الإنسان قال الملائكة : {  إني جاعل في الأرض خليفة .  .  . ( 30 ) } ( البقرة ) .

والله سبحانه وتعالى قادر ،  وسميع ،  وعليم ،  وله كل صفات الكمال المطلق ،  وأنت قد تكون لك قدرة وقد تعدّى أثر قدرتك إلى غيرك ،  ولكنك لن تستطيع أن تعدّى قدرتك إلى سواك ،  فإن كنت قويّا ،  فلن تستطيع أن تهب ضعيفا قدرا من قوتك .  بل كل الذي تستطيعه هو أن تهبه أثر قدرتك ،  فإن كان غير قادر على أن يحمل شيئا ؛  فأنت قد تحمله عنه ،  وإن كان غير قادر على المشي ؛  فأنت تأخذ بيده ،  لكنك لا تستطيع أن تهبه جزءا من قوتك الذاتية ،  فيظل هو عاجزا ،  وتظل أنت قادرا-كما أنت .

هذا هو حال الخلق :  تجد غنيا وآخر فقيرا ،  ويعطي الغني الفقير من غناه ،  ويعطي العالم للجاهل بعض العلم ،  لمنه لا يهبه ملكة العلم ؛  أما الحق الأعلى سبحانه فهو وحده القادر على أن يهب من قدرته المطلقة للخلق قدرة موهوبة محدودة ،  وقد أعطاهم سبحانه أثر القدرة العالية في الأفلاك التي صنعها ولا دخل للإنسان فيها ؛  من شمس ،  وقمر ،  ونجوم ،  ورياح ،  ومطر .

وأعطى الحق سبحانه للإنسان طاقة من قدرته في الأمور التي حوله ؛  فأصبح قادرا على أن يفعل بعض الأفعال التي تتناسب مع هذه الطاقة الموهوبة .  وبذلك عدّى له الحق سبحانه من قدرته ؛  ليقدر على الفعل ،  ومن غناه ؛  ليعطي الفقير ،  ومن علمه ؛  ليعطي الجاهل ،  ومن حلمه ؛  ليحلم على الذي يؤذيه .

إذن :  فالخلق لا يعدّون صفاتهم إلى غيرهم ولكنهم يعدون آثار صفاتهم إلى غيرهم ،  وتظل الصفة هنا قوة ،  والصفة هناك ضعفا .  أما الواحد الأحد فهو الذي يستطيع أن يهب من قدرته للعاجز قدرة ؛  فيفعل .  فهل كل الكون هكذا ؟

إن الكون قسمان :  قسم وهبه الله سبحانه وتعالى للإنسان بدون مجال فيه .  وقد أقامه الحق بقدرته ،  وهذا القسم من الكون مستقيم من أمره استقامة لا يتأتى لها أي خلل ،  مثل :  نظام الأفلاك والسماء ودوران الشمس والقمر والريح وغيرهما ،  ولا تعاني من أي عطب أو خلل ،  ولا يتأتى لهذا اقسم فساد إلا بتدخّل الإنسان .

وقسم آخر في الكون تركه الحق سبحانه للإنسان ؛  حين يقيمه بالقوة الموهوبة من الله .

وأنت لا تجد فسادا في كون الله تعالى إلا وجدت فيه للإنسان يدا ،  أما الأمور التي ليس الإنسان فيها يد فهي مستقيمة ،  ولذلك يقول الحق سبحانه : {  والشمس والقمر بحسبان( 5 ) } ( الرحمان ) : والمراصد تحدد موقع الأرض بين الشمس والقمر ،  وموقع القمر بين الأرض والشمس بدقة تتناسب مع قوله الحق : {  بحسبان } ،  لأن الإنسان ليس في هذه الأمور .

وفيما أنا فيه اختيار علينا أن نتدخل بمنهج الله تعالى ،  لتستقيم حركتنا مثل استقامة الحركة في الأكوان العليا التي لا دخل لنا فيها .

إذن :  فالذي يفسد الأكوان هو تدخل الإنسان-فيما يحيط به ،  وفيما ينفعل له وينفعل به-على غير منهج الله ،  ولذلك قال الحق سبحانه وتعالى : {  الرحمان ( 1 ) علم القرآن( 2 ) خلق الإنسان( 3 ) علمه البيان( 4 ) الشمس والقمر بحسبان( 5 ) } ( الرحمان ) : أي :  هذه الأكوان مخلوقة بحساب ،  وتستطيعون أن تقدّروا أوقاتكم وحساباتكم على أساسها .  ويقول سبحانه : {  والشمس والقمر بحسبان( 5 ) والنجم والشجر يسجدان( 6 ) والسماء رفعها ووضع الميزان( 7 ) ألا تطغوا في الميزان ( 8 ) وأقيموا الوزن بالقسط ولا تخسروا الميزان( 9 ) } ( الرحمان ) .

وحتى تستقيم لكم الأمور الدنيا في حركتكم في الكون-كما استقامت لكم الأمور العليا ؛  وازنوا كل الأمور بالعدل ؛  فلا يختل لكم الميزان ؛  لأن الذي يفسد الكون أنكم تتدخلون فيما أعطى لكم من مواهب الله قدرة وعلما وحركة على غير منهج الله .  فادخلوا على أمور حياتكم بمنهج الله في  "" افعل ""  و "" لا تفعل ""  ؛  ليستقيم لكم الكون الأدنى كما استقام لكم الكون الأعلى .

وهنا يقل الحق سبحانه : {  ثم جعلناكم خلائف في الأرض } وقد خلف الإنسان الله تعالى في الأرض ،  وفي أنه-مثلا- يحرث الأرض ويسقيها ؛  فيخرج له الزرع ،  وحين يأخذ الإنسان أسباب الله فهو ينال نتيجة الأخذ بالأسباب بغروره ،  حين تستجيب له الأشياء ،  فهو أنه قادر بذاته ،  لا بأسباب الله .

والحق سبحانه وتعالى يعطي بعطاء ربوبيته للمؤمن ،  وللكافر ؛  لأنه سبحانه هو الذي استدعى الإنسان إلى الوجود ،  لمنه جلّ وعلا ميّز المؤمن ،  لا بعطاء الأسباب فقط ،  ولكن بالمنهج ،  والتكليف المتمثل في  "" افعل كذا ""  و "" لا تفعل كذا ""  ،  فإن أخذ العطائين من الله يبق له حسن الجزاء في الدنيا والآخرة ،  وإن أخذ العطاء الثاني في  "" افعل ""  و "" لا تفعل ""  ،  فهو يأخذ الآخرة ،  أما دنياه فتظل مختلفة .

ومن يرد أن يأخذ حسن الدنيا والآخرة ،  فليأخذ عطاء ربوبية الله تعالى بالأخذ بالأسباب ،  وعطاء الألوهية باتّباع المنهج .

إلا أن آفة الخليفة في الأرض أنه يرى الأمور مستجيبة له ؛  فيطغى ،  ويظن أنه أصيل في الكون .  ونقول له :  ما دمت تظن أنك أصيل في الكون فحافظ على روحك ،  وعلى قوتك ،  وعلى غناك .

وأنت لن تستطيع ذلك .  فأنت إن تمردت على أوامر الله بالكفر- مثلا ،  فلماذا لا تتمرد على المرض أو الموت ؟  .

إذن :  أنت مقهور للأعلى غصبا عنك ،  ويجب أن تأخذ من الأمور التي تنزل عليك بالأقدار ؛  لتلجمك وتقهرك ،  إلى أن تأخذ الأمور التي لك فيها اختيار منهج الله سبحانه .

ولو ظن الخليفة في الأرض أنه أصيل في الكون ،  فعليه أن يتعلّم مما يراه في الكون ،  فأنت قد توكّل محاميا في العقود والتصرفات ؛  فيتصرف في الأمور كلها دون الرجوع إليك ولا يعرض عليك بيانا بما فعل ،  فتقوم أنت بإلغاء التوكيل .  فيلتفت مثل هذا المحامي إلى أن كل تصرف له دون التوكيل قد صار غير مقبول .  فماذا عن توكيل الله للإنسان بالخلافة ؟  يقول الحق سبحانه :

{  ثم جعلناكم خلائف في الأرض } فإذا كنتم قد خلفتم من هلكوا ،  فمن اللازم أن تأخذوا العظة والعبرة في أن الله تعالى غالب على أمره ،  ولا ترهقوا الرسل ،  بل تأخذوا المنهج ،  أو على الأقل ،  لا تعارضوهم إن لم تؤمنوا بالمنهج الذي جاءوا به من الله .  واتركوهم يعلنون كلمة الله ،  و ليعدوا صياغة حركة المؤمنين برسالاتهم في هذا الكون على وفق ما يريده الله سبحانه ،  وأنتم أحرار في أن تؤمنوا أو لا تؤمنوا .

{  فمن شاء فليؤمن ومن شاء فليكفر .  .  . ( 29 ) } ( الكهف ) : والدليل على ذلك أن الإسلام حينما فتح كثيرا من البلاد ترك لهم حرية اعتناق الإسلام أو البقاء على أديانهم ،  مع أنه قد دخل بلادهم بالدعوة أو الغلبة ،  ولكنه لم يقهر أحدا على الدين ،  أخذ المسلمون منهم الجزية مقابل حماية المسلمين لهم .

ولو كان الإسلام قد انتشر بالسيف لما أبقى أحد على دينه ،  ولكن الإسلام لم يكره أحدا ،  وحمى حرية الاختيار بالسيف .  ولأن الذين لم يؤمنوا بالإسلام عاشوا في مجتمع تتكفّل الدولة الإسلامية فيه بكل متطلبات حياتهم ،  والمسلم يدفع زكاة لبيت المال ،  فعلى من لم يؤمن –وينتفع بالخدمات التي يقدمها المجتمع المسلم-أن يدفع الجزية مقابل تلك الخدمات .

وإذا اعتقد الإنسان أنه خليفة ،  وظل متذكرا لذلك ،  فهو يتذكر أن سطوة من استخلفه قادرة على أن تمنع عنه هذه الخلافة .

إذن :  فخذوا الأمر بالتسليم ،  وساعدوا النبي صلى الله عليه وسلم على دعوته ،  وآمنوا به أولا ،  وإن لم تؤمنوا به فاتركوه ؛  ليعلن دعوته ،  ولا تعاندوه ،  ولا تصرفوا الناس عنه ؛  لأن الحق هو القائل : {  ثم جعلناكم خلائف في الأرض من بعدهم لننظر كيف تعملون( 14 ) } ( يونس ) .

وساعة تأتي لأمر يعلله الله بكلمة {  ليعلم .  . 94 ) } ( المائدة ) ، أو {  لننظر .  .  . ( 14 ) } ( يونس ) .

فاعلم أن الله عالم وعليم ،  علم كل الأمور قبل أن توجد ،  وعلم الأشياء التي للناس فيها اختيار ،  وهو القائل : {  لقد أرسلنا رسلنا بالبينات وأنزلنا معهم الكتاب والميزان ليقوم الناس بالقسط وأنزلنا الحديد فيه بأس شديد ومنافع للناس وليعلم الله من ينصره ورسله بالغيب .  .  . ( 65 ) } ( الحديد ) .

وقد علم الحق سبحانه أزلا كل شيء ،  وإذا قال الله : {  وليعلم } فليس معنى ذلك أن ،  هناك علما جديدا لم يكن يعلمه سوف ينشأ له ،  لكنه يعلم علم مشهد وإقرار منك ؛  حتى لا يقول قائل :  لماذا يحاسبنا الله على ما علم أزلا ؟  بل يأتي الله سبحانه بالاختيار الذي يحدّد للعبد المعايير التي تتيح للمؤمن أن يدخل الجنة ،  وللعاصي أن يحاسب ويجازى .

وبذلك يعلم الإنسان أن الحق سبحانه شاء ذلك ؛  ليعرف كل عبد علم الواقع ،  لا علم الحصول .

إذن :  فذكر كلمة {  وليعلم } وكلمة {  لننظر } في القرآن معناها علم واقع ،  وعلم مشهد ،  وعلم حجة على العبد ؛  فلا يستطيع أن ينكر ما حدث ،  قوله الحق : {  وليعلم الله من ينصره ورسله بالغيب .  . ( 25 ) }[ الحديد ] : هذه الآية تبين لنا أدوات انتظام الحكم الإلهي :  رسل جاءوا بالبرهان والبينة ،  وأنزل الحديد للقهر ،  قال الحق سبحانه :

{  وأنزلنا الحديد فيه بأس شديد ومنافع للناس .  . ( 25 ) }[ الحديد ] .

وقرن ذلك بالرسل ،  فقال : {  وليعلم الله من ينصره } والنصرة لا تكون إلا بقوة ،  والقوة تأتي بالحديد(  ) الذي يظل حديدا إلى أن تقوم الساعة ،  وهو المعدن ذو البأس ،  والذي لن يخترعوا ما هو أقوى منه ،  وعلم الله سبحانه هنا علم وقوع منكم ،  لا تستطيعون إنكاره ؛  لأنه سبحانه لو أخبر خبرا دون واقع منكم ؛  فقد تكذبون ؛  لذلك قال سبحانه : {  وليعلم الله من ينصره ورسله بالغيب } وفي هذا لون من الاحتياط الجميل .

وقوله تعالى : {  وليعلم الله من ينصره } كأن الله يطلب منكم أن تنصروه ،  لكن إياكم أن تفهموا المعنى أنه سبحانه ضعيف ،  معاذ الله ،  بل هو قوي وعزيز .  فهو القائل :

{  قاتلوهم يعذبهم الله بأيديكم .  . ( 14 ) }[ التوبة ] . بل يريد سبحانه أن يكون أعداء الإيمان أذلاء أمامكم ؛  لأنه سبحانه يقدر عليهم .

إذن :  فيقول الحق سبحانه : {  وليعلم الله من ينصره } إنما يعني :  أن يكون علم الله بمن ينصر منهجه أمرا غيبيا ؛  حتى لا يقول أحد إن انتصار المنهج جاء صدفة ،  بل يريد الحق سبحانه أن يجعل نصرة منهجه بالمؤمنين ،  حتى ولو قلت عدتهم ،  وقل عددهم .

إذن :  قوله سبحانه وتعالى : {  ثم جعلناكم خلائف في الأرض من بعدهم لننظر .  . ( 14 ) }[ يونس ] : أي :  نظر واقع ،  لا نظر علم ."
10,15,"ويقول سبحانه بعد ذلك :

{  وإذا تتلى عليهم آياتنا(  ) بينات قال الذين لا يرجون لقاءنا ائت بقرآن غير هذا أو بدله قل ما يكون لي أن أبدله من تلقاء(  ) نفسي إن أتبع إلا ما يوحى إلي إني أخاف إن عصيت ربي عذاب يوم عظيم( 15 ) } :

نحن نعرف أن الآيات ثلاثة أنواع :  آيات كونية ،  وهي العجائب التي في الكون ويسميها الله سبحانه آيات ،  فالآية هي عجيبة من العجائب ،  سواء في الذكاء أو الجمال أو الخلق ،  وقد سمى الحق سبحانه الظواهر الكونية آيات ؛  فقال تعالى : {  ومن آياته الليل والنهار والشمس والقمر .  . ( 37 ) }[ فصلت ] ، وقال سبحانه : {  ومن آياته أن خلق لكم من أنفسكم أزواجا .  . ( 21 ) }[ الروم ] : وهذه من الآيات الكونية .

وهناك آيات هي الدليل على صدق الرسل-عليهم السلام- في البلاغ عن الله ،  وهي المعجزات ؛  لأنها خالفت ناموس الكون المألوف للناس .  فكل شيء له طبيعة ،  فإذا خرج عن طبيعته ؛  فهذا يستدعي الانتباه .

مثلما يحكي القرآن عن سيدنا إبراهيم-عليه السلام- أن أعداءه أخذوه ورموه في النار فنجاه الحق سبحانه من النار ؛  فخرج منها سالما ،  ولم يكن المقصود من ذلك أن ينجو إبراهيم من النار ،  فلو كان المقصود أن ينجو إبراهيم عليه السلام من النار ؛  لحدثت أمور أخرى ،  كألا يمكنهم الحق- عز وجل- من أن يمسكوه ،  لكنهم أمسكوا به وأشعلوا النار ورموه فيها ،  ولو شاء الله تعالى أن يطفئها لفعل ذلك بقليل من المطر ،  لكن ذلك لم يحدث ؛  فقد تركهم الله في غيهم(  ) ،  ولأنه واهب النار للإحراق قال سبحانه وتعالى لها : {  يا نار كوني بردا وسلاما على إبراهيم( 69 ) }[ الأنبياء ] : وهكذا تتجلى أمامهم خيبتهم .

إذن :  الآيات تطلق على الآيات الكونية ،  وتطلق على الآيات المعجزات ،  وتطلق أيضا على آيات القرآن ما دامت الآيات القرآنية من الله والمعجزات من الله ،  وخلق الكون من الله ،  فهل هناك آية تصادم آية ؟  لا ؛  لأن الذي خلق الكون وأرسل الرسل بالمعجزات وأنزل القرآن هو إله واحد ،  ولو كان الأمر غير ذلك لحدث التصادم بين الآيات ،  والحق سبحانه هو القائل : {   .  . ولو كان من عند غير الله لوجدوا فيه اختلافا كثيرا ( 82 ) }[ النساء ] ، وقوله تعالى : {  وإذا تتلى عليهم آياتنا بينات .  . ( 15 ) }[ يونس ] : أي :  آيات واضحة .  ثم يقول الحق سبحانه : {  قال الذين لا يرجون لقاءنا } وعرفنا أن الرجاء طلب الأمر محبوب ومن الممكن أن يكون واقعا ،  مثلما يرجو إنسان أن يدخل ابنه كلية الطب أو كلية الهندسة .  ومقابل الرجاء شيء آخر محبوب ،  لكن الإنسان يعلم استحالته ،  وهو التمني ،  فالمحبوبات-إذن- قسمان :  أمور متمناة وهي في الأمور المستحيلة ،  لكن الإنسان يعلن أنه يحبها ،  والقسم الثاني أمور نحبها ،  ومن الممكن أن تقع ،  وتسمى رجاء .

{  الذين لا يرجون لقاءنا } هم من لا يؤمنون ،  لا بإله ،  ولا ببعث ؛  فقد قالوا : {  ما هي إلا حياتنا الدنيا نموت ونحيا وما يهلكنا إلا الدهر(  )( 24 ) }[ الجاثية ] .

وقالوا : {  أئذا متنا وكنا ترابا وعظاما أئنا لمبعوثون .  . ( 82 ) }[ المؤمنون ] : وإذا كان الإنسان لا يؤمن بالبعث ؛  فهو لا يؤمن بلقاء الله سبحانه ؛  لأن الذي يؤمن بالبعث يؤمن بلقاء الله ،  ويعد نفسه لهذا اللقاء بالعبادة والعمل الصالح ،  ولكن الكافرين الذين لا يؤمنون بالبعث سيفاجئون بالإله الذي أنكروه ،  وسوف تكون المفاجأة صعبة عليهم ؛  ولذلك قال سبحانه : {  والذين كفروا أعمالهم كسراب(  ) بقيعة(  ) يحسبه الظمآن ماء حتى إذا جاءه لم يجده شيئا .  . ( 39 ) }[ النور ] : السراب :  هو أن يمشي الإنسان في خلاء الصحراء ،  ويخيل إليه أن هناك ماء أمامه ،  وكلما مشى ظن أن الماء أمامه ،  وما إن يصل إلى المكان يجد أن الماء قد تباعد .  وهذه العملية لها علاقة بقضية انعكاس الضوء ،  فالضوء ينعكس ؛  ليصور الماء وهو ليس بماء : {  حتى إذا جاءه لم يجده شيئا ووجد الله عنده .  . ( 39 ) }[ النور ] : إنه يفاجأ بوجود الله سبحانه الذي لم يكن في باله ،  فهو واحد من الذين لا يرجون لقاء الله ،  وهو ممن جاء فيهم القول : {  وقالوا أئذا ضللنا في الأرض(  ) أئنا لفي خلق جديد بل هم بلقاء ربهم كافرون( 10 ) }[ السجدة ] .

رغم أن الكون الذي نراه يحتم قضية البعث ؛  لأننا نرى أن لكل شيء دورة ،  فالوردة الجميلة الممتلئة بالنضارة تذبل بعد أن تفقد مائيتها ،  ويضيع منها اللون ،  ثم تصير ترابا .  وأنت حين تشم الوردة فهذا يعني أن ما فيها من عطر إنما يتبخر مع المياه التي تخرج منها بخارا ،  ثم تذبل وتتحلل بعد ذلك .

إذن :  فللوردة دورة حياة .  وأنت إن نظرت إلى أي عنصر من عناصر الحياة مثل المياه سوف تجد أن الكمية الموجودة من الماء ساعة خلق الله السماوات والأرض هي بعينها ؛  لم تزد ولم تنقص .  وقد شرحنا ذلك من قبل .  وكل شيء تنتفع به له دورة ،  والدورة تسلم لدورة أخرى ،  وأنت مستفيد بين هذه الدورات ؛  هدما وبناء .

والذين لا يرجون لقاء الله ،  ولا يؤمنون بالبعث ،  ولا بثواب أو عقاب ،  لا يلتفتون إلى الكون الذي يعيشون فيه(  ) ؛  لأن النظر في الكون وتأمل أحواله يوجب عليهم أن يؤمنوا بأنها دورة من الممكن أن تعود .

وسبحانه القائل : {  كما بدأنا أول خلق(  ) نعيده .  . ( 104 ) }[ الأنبياء ] ، وهؤلاء الذين لا يرجون لقاء الله يأتي القرآن بما جاء على ألسنتهم : {  ائت بقرآن غير هذا أو بدله .  . ( 15 ) }[ يونس ] : هم هنا يطلبون طلبين : {  ائت بقرآن غير هذا } ، {  أو بدله } . أي :  يطلبون غير القرآن .  ولنلحظ أن المتكلم هو الله سبحانه ؛  لذلك فلا تفهم أن القولين متساويان .

{  ائت بقرآن غير هذا أو بدله } هما طلبان :  الطلب الأول :  أنهم يطلبون قرآنا غير الذي نزل .  والطلب الثاني :  أنهم يريدون تبديل آية مكان آية ،  وهم قد طلبوا حذف الآيات التي تهزأ بالأصنام ،  وكذلك الآيات التي تتوعدهم بسوء المصير(  ) .

ويأتي جواب من الله سبحانه على شق واحد مما طلبوه وهو المطلب الثاني ،  ويقول سبحانه : {  قل ما يكون لي أن أبدله من تلقاء نفسي } ولم يرد الحق سبحانه على قولهم : {  ائت بقرآن غير هذا } .

وكان مقياس الجواب أن يقول :  ""  ما يكون لي أن آتي بقرآن غير هذا أو أبدله ""  ؛  لكنه اكتفى بالرد على المطلب الثاني {  أو بدله } ؛  لأن الإتيان بقرآن يتطلب تغييرا للكل .  ولكن التبديل هو الأمر السهل .  وقد نفى الأسهل ؛  ليسلموا أن طلب الأصعب منفي بطبيعته .

وأمر الحق سبحانه لرسوله صلى الله عليه وسلم : {  قل ما يكون لي أن أبدله من تلقاء نفسي } : أي :  أن أمر التبديل وارد ،  لكنه ليس من عند رسول الله صلى الله عليه وسلم(  ) .  بل بأمر من الله سبحانه وتعالى ،  إنما أمر الإتيان بقرآن غير هذا ليس واردا .

إذن :  فالتبديل وارد شرط ألا يكون من الرسول صلى الله عليه وسلم ،  ولذلك قال الحق سبحانه : {  وإذا بدلنا آية مكان آية(  ) والله أعلم بما ينزل .  . ( 101 ) }[ النحل ] : وهو ما تذكره هذه الآية : {  قل ما يكون لي أن أبدله من تلقاء نفسي } و{  تلقاء } من  "" لقاء ""  ؛  فتقول :  "" لقيت فلانا ""  ،  ويأتي المصدر من جنس الفعل أو حروفه ،  ويسمون  "" التلقاء ""  هنا :  الجهة .

والحق سبحانه يقول في آية أخرى : {  ولما توجه تلقاء مدين(  ) .  . ( 22 ) }[ القصص ] :

و{  تلقاء مدين } أي :  جهة مدين .  و "" التلقاء ""  قد تأتي بمعنى اللقاء ؛  لأنك حين تقول :  "" لقيته ""  أي أنا وفلان التقينا في مكان واحد ،  وحين نتوجه إلى مكان معين فنحن نوجد فيه .  ويظن بعض الناس أن كل لفظ يأتي لمعنيين يحمل تناقضا ،  ونقول : لا ،  ليس هناك تناقض ،  بل انفكاك جهة ،  مثلها قال الحق سبحانه : {  فول وجهك شطر(  ) المسجد الحرام .  . ( 144 ) }[ البقرة ] : والشطر معناه :  الجهة ؛  ومعناه أيضا :  النصف ،  فيقال :  "" أخذ فلان شطر ماله ""  ،  أي :  نصفه ،  و "" اتجهت شطر كذا ""  ،  أي :  إلى جهة كذا .

وهذه معان غير متناقضة ؛  فالإنسان منا ساعة يقف في أي مكان ؛  يصبح هذا المكان مركزا لمرائيه ،  وما حوله كله محيطا ينتهي بالأفق .

ويختلف محيط كل إنسان حسب قوة بصره ،  ومحيط الرؤية ينتهي حين يخيل لك أن السماء انطبقت على الأرض ،  هذا هو الأفق الذي يخصك ،  فإن كان بصرك قويا فأفقك يتسع ،  وإن كان البصر ضعيفا يضيق الأفق .

ويقال :  "" فلان ضيق الأفق ""  أي :  أن رؤيته محدودة ،  وكل إنسان منا إذا وقف في مكان يصير مركزا لما يحيطه من مراء ؛  ولذلك يوجد أكثر من مركز ،  فالمقابل لك نصف الكون المرئي ،  وخلفك نصف الكون المرئي الآخر ،  فإذا قيل :  إن  "" الشطر ""  هو ""  النصف ""  ،  فالشطر أيضا هو  ""  الجهة ""  .

وهنا يقول الحق سبحانه : {  قل ما يكون لي أن أبدله من تلقاء نفسي إن أتبع إلا ما يوحى إلي } : أي :  أنه صلى الله عليه وسلم لا يأتي بالقرآن من عند نفسه صلى الله عليه وسلم ،  بل يوحى إليه .

وينهي الحق سبحانه الآية بقوله : {  إني أخاف إن عصيت ربي عذاب يوم عظيم .  . ( 15 ) }[ يونس ] : أي :  أنه صلى الله عليه وسلم لو جاء بشيء من عنده ،  ففي هذا معصية لله تعالى ،  ونعلم أن رسول الله صلى الله عليه وسلم لم يعرف أنه كان شاعرا ،  ولا كان كاتبا ،  ولا كان خطيبا .  وبعد أن نزل الوحي عليه من الله جاء القرآن في منتهى البلاغة .

وقد نزل الوحي ورسول الله صلى الله عليه وسلم في الأربعين من عمره ولا توجد عبقرية يتأجل ظهورها إلى هذه المرحلة من العمر ،  ولا يمكن أن يكون النبي صلى الله عليه وسلم قد أجل عبقريته إلى هذه السن ؛  لأنه لم يكن يضمن أن يمتد به العمر ."
10,16,"ويأتي لنا الحق سبحانه بالدليل القاطع على أن رسول الله صلى الله عليه وسلم لا يتبع إلا ما يوحى إليه فيقول : {  إن أتبع إلا ما يوحي إلي إني أخاف إن عصيت ربي عذاب يوم عظيم( 15 ) }[ يونس ] ، ويأتي الأمر بالرد من الحق سبحانه على الكافرين :

{  قل لو شاء الله ما تلوته عليكم ولا أدراكم به فقد لبثت فيكم عمرا من قبله أفلا تعقلون( 16 ) } :

وهنا يبلغ محمد صلى الله عليه وسلم هؤلاء الذين طلبوا تغيير القرآن أو تبديله :  لقد عشت طوال عمري معكم ،  ولم تكن لي قوة بلاغة أو قوة شعر ،  أو قوة أدب .  فمن له موهبة لا يكتمها إلى أن يبلغ الأربعين ،  ورأيتم أنه صلى الله عليه وسلم لم يجلس إلى معلم ،  بل عندما اتهمتموه وقلتم : {  إنما يعلمه بشر .  .  . ( 103 ) }[ النحل ] ، وفضحكم الحق سبحانه بأن أنزل في القرآن قوله تعالى :

{  لسان الذي يلحدون إليه(  ) أعجمي(  ) وهذا لسان عربي مبين( 103 ) }[ النحل ] ، ولم يخرج النبي صلى الله عليه وسلم من شبه الجزيرة العربية ،  ولم يقرأ مؤلفات أحد .  فمن أين جاء القرآن إذن ؟

لقد جاء من الله سبحانه ،  وعليكم أن تعقلوا ذلك ،  ولا داعي للاتهام بأن القرآن من عند محمد ؛  لأنكم لم تجربوه خطيبا أو شاعرا ،  بل كل ما جاء به رسول الله صلى الله عليه وسلم ،  بعد أن نزلت عليه الرسالة ،  هو بلاغ من عند الله .

وبطبيعة الحال لا يمكن أن ينسب الكمال إلى إنسان فينفيه ،  فالعادة أن يسرق شاعر-مثلا- قصيدة من شاعر آخر ،  أو أن ينتحل(  ) كاتب مقالة من آخر .  لكن رسول الله صلى الله عليه وسلم يبلغكم أن كمال القرآن ليس من عنده ،  بل هو مجرد مبلغ له ،  وكان يجب أن يعقلوا تلك القضية بمقدماتها ونتائجها ؛  فلا يلقوا لأفكارهم العنان(  ) ؛  ليكذبوا ويعاندوا ،  فالأمر بسيط جدا(  ) .

يقول الحق سبحانه لرسوله صلى الله عليه وسلم : {  قل لو شاء الله ما تلوته عليكم ولا أدراكم به فقد لبثت فيكم عمرا من قبله أفلا تعقلون( 16 ) }[ يونس ] .

إذن :  فالمقدمة التي يريد الحق سبحانه وتعالى أن يقنع بها الكافرين أن رسول الله صلى الله عليه وسلم قد أرسله الله رسولا من أنفسهم(  ) ،  فإن قلت : {  إذ بعث فيهم رسولا من أنفسهم .  . ( 164 ) }[ آل عمران ] : أي :  أنه صلى الله عليه وسلم من جنس الناس ،  لا من جنس الملائكة ،  أو {  من أنفسهم } أي :  من أمة العرب ،  لا من أمة العجم ،  أو{  من أنفسهم }أي :  من قبيلتهم التي يكذب أصحابها رسول الله صلى الله عليه وسلم .

إذن :  فحياته صلى الله عليه وسلم معروفة معلومة لكم ،  لم يغب عنكم فترة ؛  لتقولوا بعث بعثة ؛  ليتعلم علما من مكان آخر ،  ولم يجلس إلى معلم عندكم ولا إلى معلم خارجكم ،  ولم يتل كتابا ،  فإذا كان الأمر كذلك ،  فيجب أن تأخذوا من هذا مقدمة وتقولوا :  فمن أين جاءت له هذه الحكمة فجأة ؟

أنتم تعلمون أن المواهب والعبقريات لا تنشأ في الأربعينات ،  ولكن مخايل العبقرية إنما تنشأ في نهاية العقد الثاني وأوائل العقد الثالث ،  فمن الذي أخر العبقرية عند رسول الله صلى الله عليه وسلم ليقول هذا القول البليغ الذي أعجزكم ،  وأنتم أمة البلاغة وأمة الفصاحة المرتاضون(  ) عليها من قديم ،  وعجزتم أمام ما جاء به محمد صلى الله عليه وسلم ؟  .

كان يجب أن تقولوا :  لم نعرف عنه أنه يعلم شيئا من هذا ،  فإذا حل لكم اللغز وأوضح لكم :  أن القرآن ليس من عندي ؛  كان يجب أن تصدقوه ؛  لأنه صلى الله عليه وسلم يعزوه إلى خالقه وربه سبحانه .  والدليل على أنكم مضطربون في الحكم أنكم ساعة يقول لكم :  القرآن بلاغ عن الله ،  تكذبونه ،  وتقولون :  لا ،  بل هو من عندك ،  فإذا فتر عنه الوحي مرة قلتم :  قلاه(  ) ربه . لماذا اقتنعتم بأن له ربا يصله بالوحي ويهجره بلا وحي ؟

أنتم-إذن-أنكرتم حالة الوصل بالوحي ،  واعترفتم بالإله الخالق عندما غاب عنه الوحي ،  وكان يجب أن تنتبهوا وتعودوا إلى عقولكم ؛  لتحكموا على هذه الأشياء ،  وقد ذكر الحق سبحانه ذلك الأمر في كثير من آياته ،  يقول سبحانه : {  وما كنت لديهم إذ يلقون أقلامهم(  ) أيهم يكفل(  ) مريم( 44 ) }[ آل عمران ] ، ويقول سبحانه : {  وما كنت بجانب الغربي(  ) إذ قضينا إلى موسى الأمر .  . ( 44 ) }[ القصص ] .

ويقول سبحانه : {  وما كنت ثاويا(  ) في أهل مدين .  . ( 45 ) }[ القصص ] ، ويقول سبحانه :

{  وما كنت تتلو من قبله من كتاب ولا تخطه بيمينك إذا لارتاب المبطلون( 48 ) }[ العنكبوت ] .

فمن أين جاءت تلك البلاغة ؟  كان يجب أن تأخذوا هذه المقدمات ؛  لتحكموا بأنه صادق في البلاغ عن الله ؛  لذلك ينهي الحق سبحانه الآية التي نحن بصدد خواطرنا عنها بقوله : {  أفلا تعقلون } .

وحين ينبهك الحق سبحانه وتعالى إلى أن تستعمل عقلك ،  فهذا دليل على الثقة في أنك إذا استعملت عقلك ؛  وصلت إلى القضية المرادة .  والله سبحانه وتعالى منزه عن خديعة عباده .  فمن يخدع الإنسان هو من يحاول أن يصيب عقله بالغفلة ،  ولكن الذي ينبه العقل هو من يعلم أن دليل الحقيقة المناسبة لما يقول ،  يمكن الوصول إليه بالعقل .

وقول الحق سبحانه في آخر الآية : {  أفلا تعقلون } يدلنا على أن القضية التي كذبوا فيها رسول الله صلى الله عليه وسلم نشأت من عدم استعمال عقولهم ،  فلو أنهم استعملوا عقولهم في استخدام المقدمات المحسة التي يؤمنون بها ويسلمون ؛  لانتهوا إلى القضية الإيمانية التي يقولها رسول الله صلى الله عليه وسلم .

ولو أنهم فكروا وقالوا :  محمد نشأ بيننا ولم نعرف له قراءة ،  ولا تلاوة كتاب ولا جلوسا إلى معلم ،  ولم يغب عنا فترة ليتعلم ،  وظل مدة طويلة إلى سن الأربعين ولم يرتض على قول ولا على بلاغة ولا على بيان ؛  فمن أين جاءته هذه الدفعة القوية ؟

كان يجب أن يسألوه هو عنها :  من أين جاءتك هذه ؟  وما دام قد قال لهم :  إنها جاءته من عند الله ،  فكان يجب أن يصدقوه .

ومهمة العقل دائما مأخوذة من اشتقاقه ،   "" فالعقل "" (  ) مأخوذ من  "" عقال ""  البعير .  وعقال البعير هو الحبل الذي يربط به ساقي الجمل ؛  حتى لا ينهض ويقوم ؛  لنوفر له حركته فيما نحب أن يتحرك فيه ،  فبدلا من أن يسير هكذا بدون غرض ،  وبدون قصد ،  فنحن نربط ساقيه ؛  ليرتاح ولا يتحرك ،  إلى أن نحتاجه في حركة .

إذن :  فالعقل إنما جاء ؛  ليحكم الملكات ؛  لأن كل ملكة لها نزوع إلى شيء ،  فالعين لها ملكة أن ترى كل شيء ،  فيقول لها العقل :  لا داعي أن تشاهدي ذلك ؛  لأنه منظر سيؤذيك ،  والأذن تحب أن تسمع كل قول ،  فيقول لها العقل :  لا تسمعي إلى ذلك ؛  حتى لا يضرك(  ) .

إذن :  فالعقل هو الضابط على بقية الجوارح .  وكذلك كلمة  "" الحكمة ""  ،  مأخوذة من  "" الحكمة "" (  ) وهي في  ""  اللجام ""  الذي يوضع في فم الفرس ؛  حتى لا يجمح ،  وتظل حركته محسوبة ؛  فلا يتحرك إلا إلى الاتجاه الذي تريده .

إذن :  شاء الحق سبحانه أن يميز الإنسان بالعقل والحكمة ؛  ليقيم الموازين لملكات النفس ؛  فخذوا المقدمات المحسة التي تؤمنون بها وتشهدونها وتسلمونها لرسول الله صلى الله عليه وسلم لتستنبطوا أنه جاء بكلامه من عند الله تعالى ."
10,17,"ويقول الحق سبحانه بعد ذلك :

{  فمن أظلم ممن افترى(  ) على الله كذبا أو كذب بآياته إنه لا يفلح المجرمون( 17 ) } :

وهنا يوضح القرآن على لسان الرسول صلى الله عليه وسلم :  أأكذب على الله ؟  إذا كنت لم أكذب عليكم أنتم في أموري معكم وفي الأمور التي جربتموها ،  أفأكذب على الله ؟  !  عن الذي يكذب في أول حياته من المعقول أن يكذب في الكبر ،  وإذا كنت لم أكذب عليكم أنتم ،  فهل أكذب على الله ؟

وإذا لم أكن قد كذبت وأنا غير ناضج التفكير ،  في طفولتي قبل أن أصل إلى الرجولة ،  فأنا الآن لا أستطيع الكذب .  فإذا كنتم أنتم تتهمونني بذلك ،  فأنا لا أظلم نفسي وأتهمها بالكذب ،  فتصبحون أنتم المكذبين ؛  لأنكم كذبتموني في أن القرآن مبلغ عن الله ،  ولو أنني قلت :  إنه من عند نفسي لكان من المنطق أن تكذبوا ذلك ؛  لأنه شرف يدعى .  ولكن أرفعه إلى غيري ؛  إلى من هو أعلى مني ومنكم .

وقوله الحق : {  فمن أظلم } أي :  لا أحد أظلم ممن افترى على الله سبحانه كذبا ؛  لأن الكاذب إنما يكذب ليدلس على من أمامه ،  فهل يكذب أحد على من يعلم الأمور على حقيقتها ؟  لا أحد بقادر على ذلك .  ومن يكذب على البشر المساوين له يظلمهم ،  لكن الأظلم منه هو من يكذب على الله سبحانه .

والافتراء كذب متعمد ،  فمن الجائز أن يقول الإنسان قضية يعتقدها ،  لكنها ليست واقعا ،  لكنه اعتقد أنها واقعة بإخبار من يثق به ،  ثم تبين بعد ذلك أنها غير واقعة ،  وهذا كذب صحيح ،  لكنه غير متعمد ،  أما الافتراء فهو كذب متعمد .

ولذلك حينما قسم علماء اللغة الكلام الخبري ؛  قسموه إلى :  خبر وإنشاء ،  والخبر يقال لقائله :  صدقت أو كذبت ،  فإن كان الكلام يناسب الواقع فهو صدق ،  وإن كان الكلام لا يناسب الواقع فهو كذب .

وقوله الحق : {  افترى على الله كذبا أو كذب بآياته } يبين لهم رسول الله صلى الله عليه وسلم :  إن قلتم إنني ادعيت أن الكلام من عند الله ،  وهو ليس من عند الله .  فهذا يعني أن الكلام كذب وهو من عندي أنا ،  فما موقف من يكذب بآيات الله ؟

إن الكذب من عندكم أنتم ،  فإن كنتم تكذبونني وتدعون أني أقول إن هذا من الله ،  وهو ليس من الله ،  وتتمادون وتكذبون بالآيات وتقولون هي من عندك ،  وهي ليست من عندي ،  بل من عند الله ؛  فالإثم عليكم .

والكذب إما أن يأتي من ناحية القائل ،  وإما من ناحية المستمع ،  وأراد الرسول صلى الله عليه وسلم عدالة التوزيع في أكثر من موقع ،  مثلما يأتي القول الحق مبينا أدب النبوة : {  وإنا أو إياكم لعلى هدى أو في ضلال مبين(  ) .  . ( 24 ) }[ سبأ ] .

وليس هناك أدب في العرض أكثر من هذا ،  فيبين أن قضيته صلى الله عليه وسلم وقضيتهم لا تلتقيان أبدا ،  واحدة منهما صادقة والأخرى كاذبة ،  ولكن من الذي يحدد القضية الصادقة من الكاذبة ؟  إنه الحق سبحانه .

وتجده سبحانه يقول على لسان رسوله صلى الله عليه وسلم : {  أو في ضلال مبين } .  وفي ذلك طلب لأن يعرضوا الأمر على عقولهم ؛  ليعرفوا أي القضيتين هي الهدى ،  وأيهما هي الضلال(  ) .

وفي ذلك ارتقاء للمجادلة بالتي هي أحسن من رسول الله صلى الله عليه وسلم .

ويقول الحق سبحانه : {  قل لا تسألون عما أجرمنا ولا نسأل عما تعملون .  .  . ( 25 ) }[ سبأ ] : أي :  كل واحد سيسأل عن عمله ،  فجريمتك لن أسأل أنا عنها ،  وجريمتي لا تسأل أنت عنها .  ونسب الإجرام لجهته ولم يقل : {  قل لا تسألون عما أجرمنا ولا نسأل عما تجرمون ""  وشاء ذلك ليرتقى في الجدل ،  فاختار الأسلوب الذي يهذب ،  لا ليهيج الخصم ؛  فيعاند ،  وهذا من الحكمة ؛  حتى لا يقول للخصم ما يسبب توتره وعناده فيستمر الجدل بلا طائل .

وهنا يقول الحق سبحانه : {  فمن أظلم ممن افترى على الله كذبا } فإذا كان الظلم من جهتي ؛  فسوف يحاسبني الله عليه ،  وإن كان من جهتكم ؛  فاعلموا قول الحق سبحانه : {  إنه لا يفلح المجرمون } ولم يحدد من المجرم ،  وترك الحكم للسامع .

كما تقول لإنسان له معك خلاف :  سأعرض عليك القضية واحكم أنت ،  وساعة تفوضه في الحكم ؛  فلن يصل إلا إلى ما تريد .  ولو لم يكن الأمر كذلك لما عرضت الأمر عليه ."
10,18,"ويقول الحق سبحانه من بعد ذلك : {  ويعبدون من دون الله ما لا يضرهم ولا ينفعهم ويقولون هؤلاء شفعاؤنا عند الله قل أتنبئون الله بما لا يعلم في السماوات ولا في الأرض سبحانه وتعالى عما يشركون(  ) ( 18 ) } :  وكلمة {  ويعبدون } تقتضي وجود عابد ؛  ووجود معبود ؛  ووجود معنى للعبادة .  والعابد أدنى حالا من المعبود ،  ومظهر العبادة والعبودية كله طاعة للأمر والانصراف عن النهي عنه .

هذا هو أصل العبادة ،  ووسيلة القرب من الله .

وحتى تكون العبادة في محلها الصحيح لا بد أن يقر العابد أن المعبود أعلى مرتبة في الحكم على الأشياء ،  أما إن كان الأمر بين متساويين فيسمونه التماسا .

إذن :  فهناك آمر ومأمور ،  فإن تساويا ؛  فالمأمور يحتاج إلى إقناع ،  وأما إن كان في المسألة حكم سابق بأن الآمر أعلى من المأمور ؛  كالأستاذ بالنسبة للتلميذ ،  أو الطبيب بالنسبة للمريض ،  ففي هذا الوضع يطيع المأمور الآمر لأنه يفهم الموضوع الذي يأمر فيه .

وكذلك المؤمن ؛  لأن معنى الإيمان أنه آمن بوجود إله قادر له كل صفات الكمال المطلق ؛  فإذا اعتقدت هذا ؛  فالإنسان ينفذ ما يأمر به الله ؛  ليأخذ الرضاء والحب والثواب .  وإن لم ينفذ } فسوف ينال غضب المعبود وعقابه .

إذن :  فأنت إن فعلت أمره واجتنبت نهيه ؛  نلت الثواب منه ،  وإن خالفت ؛  تأخذ عقابا ؛  لذلك لا بد أن يكون أعلى منك قدرة ،  ويكون قادرا على إنفاذ الثواب والعقاب ،  والقادر هو الله جل علاه .

أما الأصنام التي كانوا يعبدونها ،  فبأي شيء أمرتهم ؟  إنها لم تأمر بشيء ؛  لذلك لا يصلح أن تكون لها عبادة ؛  لأن معنى العبادة يتطلب أمرا ونهيا ،  ولم تأمر الأصنام بشيء ولم تنه عن شيء ،  بل كان المشركون هم الذين يقترحون الأوامر والنواهي ،  وهو أمر لا يليق ؛  لأن المعبود هو الذي عليه أن يحدد أوجه الأوامر والنواهي .

إذن :  فمن الحمق(  ) أن يعبد أحد الأصنام ؛  لأنها لا تضر من خالفها ،  ولا تنفع من عبدها ،  فليس لها أمر ولا نهي .

ومن أوقفوا أنفسهم هذا الموقف نسوا أن في قدرة كل منهم أن ينفع الصنم وأن يضره ،  فالواحد منهم يستطيع أن يصنع الصنم ،  وأن يصلحه إذا انكسر ،  أو يستطيع أن يكسره بأن يلقيه على الأرض .  وفي هذه الحالة يكون العابد أقدر من المعبود على الضر وعلى النفع ،  وهذا عين التخلف العقلي .

إذن :  فمثل هذه العبادة لون من الحمق ،  ولو عرضت هذه المسألة على العقل ؛  فسوف يرفضها العقل السليم .

وعندما تجادلهم ،  وتثبت لهم أن تلك الأصنام لا تضر ولا تنفع ،  تجد من يكابر قائلا : {  هؤلاء شفعاؤنا عند الله } وهم بهذا القول يعترفون أن الله هو الذي ينفع ويضر ،  ولكن أما كان يجب أن يتخذوا شفيعا لهم عند الله ،  وأن يكون الشفيع متمتعا بمكانة ومحبة عند من يشفع عنده(  ) ؟

ثم ماذا يقولون في أن من تقدم له شفاعة هو الذي ينهى عن اتخاذ الأصنام آلهة وينهى عن عبادتها ؟

وهل هناك شفاعة دون إذن من المشفوع عنده ؟  من أجل ذلك جاء الأمر من الحق سبحانه لرسوله صلى الله عليه وسلم : {  قل أتنبئون الله بما لا يعلم في السماوات و لا الأرض .  . ( 18 ) }[ يونس ] .

إذن :  فمن أين جئتم بهذه القضية ؛  قضية شفاعة الأصنام لكم عند الله ؟  إنها قضية لا وجود لها ،  وسبحانه لم يبلغكم أن هناك أصناما تشفع ،  وليس هذا واردا ،  فقولكم هذا فيه كذب متعمد وافتراء .

فهو سبحانه الذي خلق السماوات والأرض ،  ويعلم كل ما في الكون ،  وقضية شفاعة الأصنام عنده ليست في علمه ،  ولا وجود لها ،  بل هي قضية مفتراة ،  مدعاة .

وقوله الحق هنا : {  أتنبئون الله } مثلها نمثل قوله الحق : {  قل أتعلمون الله بدينكم .  . ( 16 ) }[ الحجرات ] : ويعني هذا القول بالرد على من قالوا ويقولون :  إن المطلوب هو تشريعات تناسب العصر ،  وكلما فسد العصر طالبوا بتشريعات جديدة ،  وما داموا هم الذين يشرعون ،  فكأنهم يرغبون في تعليم خالقهم كيف يكون الدين ،  وفي هذا اجتراء وجهل بقدرة وحكمة من خلق الكون ،  فأحكمه بنظام .

وقوله الحق : {  قل أتنبئون الله بما لا يعلم في السماوات ولا في الأرض سبحانه وتعالى عما يشركون } فيه تنزيه له سبحانه ،  فهو الخالق لكل شيء ،  خالق الملك والملكوت ويعلم كل شيء ،  وقضية شفاعة الأصنام إنما هي قضية مفتراة لا وجود لها ؛  لذلك فهي ليست في علم الله ،  والحق سبحانه منزه أن توجد في ملكه قضية لها مدلول يقيني ولا يعلمها ،  ومنزه جل وعلا عن أن يشرك به ؛  لأن الشريك إنما يكون ليساعد من يشركه ،  ونحن نرى على السبيل المثال صاحب مال يديره في تجارة ما ،  ولكن ماله لا ينهض بكل مسئوليات التجارة ،  فيبحث عن شريك له .

وسبحانه وتعالى قوي وقادر ،  ولا يحتاج إلى أحد في ملكية الكون وإدارته ،  ثم ماذا يفعل هؤلاء الشركاء المدعون كذبا على الله ؟  .

إن الحق سبحانه يقول : {  قل لو كان معه آلهة كما يقولون إذا لابتغوا(  ) إلى ذي العرش سبيلا( 42 ) }[ الإسراء ] : وهذا القول الحكيم ينبه المشركين إلى أنه بافتراض جدلي أن لهؤلاء الشركاء قوة وقدرة على التصرف ،  فهم لن يفعلوا أي شيء إلا بابتغاء ذي العرش ،  أي :  بأمره سبحانه وتعالى .  وهم حين ظنوا خطأ أن لكل فلك من الأفلاك سيطرة على مجال في الوجود ،  وأن النجوم لها سيطرة على الوجود ،  وأن كل برج من الأبراج له سيطرة على الوجود ،  فلا بد في النهاية من الاستئذان من مالك الملك والملكوت .

ومن خيبة من ظنوا مثل هذه الظنون ،  ومعهم الفلاسفة الذين اقروا بأن هناك أشياء في الكون لا يمكن أن يخلقها إنسان ،  أو أن يدعي لنفسه صناعتها ؛  لأن الجنس البشري قد طرأ على هذه المخلوقات ،  فقد طرأ الإنسان على الشمس والقمر والنجوم والأرض ،  ولا بد إذن أن تكون هناك قوة أعلى من الإنسان هي التي خلقت هذه الكائنات .  كل هذه الكائنات تحتاج إلى موجد ،  ولم نجد معامل لصناعة الشمس أو القمر أو الأرض أو وجدنا من ادعى صناعتها أو خلقها .

ولكن الفلاسفة الذين قبلوا وجود خالق للكون لم يصلوا على اسمه ولا إلى منهجه ،  وقوة الحق سبحانه مطلقة ،  ولا يحتاج إلى شريك له .  وإذا أردنا أن نتأمل ولو جزءا بسيطا من أثر قوة الله التي وهبها للإنسان ،  فلنتأمل صناعة المصباح الكهربي .

وكل منا يعلم أنه لا توجد بذرة نضعها في الأرض ،  فتبنت أشجارا من المصابيح ،  بل استدعت صناعة مصباح الكهرباء جهد العلماء الذين درسوا علم الطاقة ،  واستنبطوا من المعادلات إمكان تصور صناعة المصباح الكهربي ،  وعملوا على تفريغ الهواء من الزجاجة التي يوضع فيها السلك الذي يضيء داخل المصباح ،  وهكذا وجدنا أن صناعة مصباح كهربي واحد تحتاج على جهد علماء وعمل مصانع ،  كل ذلك من أجل إنارة غرفة واحدة لفترة من الزمن .  فما بالنا بالشمس التي تضيء الكون كله ،  وإذا كان أتفه الأشياء يتطلب كمية هائلة من العلم والبحث والإمكانيات الفنية والتطبيقية ،  وتطوير الصناعات ،  فما بالنا بالشمس التي تضيء نصف الكرة الأرضية كل نصف يوم ،  و لا أحد يقدر على إطفائها ،  ولا تحتاج إلى صيانة من البشر ،  وإذا أردت أن تنسبها فلن تجد إلا الله سبحانه .

وأنت بما تبتكره وتصنعه لا يمكن أن يصرفك عن الله ،  والذكي حقا هو من يجعل ابتكاراته وصناعاته دليلا على صدق الله فيما أخبر .

وإذا كان الحق سبحانه قد خلق الشمس(  )-ضمن ما خلق- وإذا أشرقت أطفأ الكل مصابيحهم ؛  لأنها هي المصباح الذي يهدي الجميع ،  وإذا كان ذلك هو فعل مخلوق واحد لله ،  فما بالنا بكل نعمة من سائر مخلوقاته .  ونور الشمس إنما يمثل الهداية الحسية التي تحمينا من أن نصطدم بالأشياء فلا تحطمنا ولا نحطمها ،  فكذلك يضيء لنا الحق سبحانه المعاني والحقائق .

وإياك أن تقول :  إن الفيلسوف الفلاني جاء بنظرية كذا ؛  فخذوا بها بل دع عقلك يعمل ويقيس ما جاء بهذه النظرية على ضوء ما نزل في كتاب الحق سبحانه ،  وإن دخلت النظرية مجال التطبيق ،  وثبت أن لها تصديقا من الكتاب ،  فقل :  إن الحق سبحانه قد هدى فلانا على اكتشاف سر جديد من أسرار القرآن ؛  لأن الحق يريد منا أن نتعقل الأشياء وأن ندرسها دراسة دقيقة ،  بحيث نأخذ طموحات العقل ؛  لتقربنا إلى الله ،  لا لتبعدنا عنه ،  والعياذ بالله .

وإذا قال الحق سبحانه : {  سبحانه وتعالى عما يشركون } فذلك لأن الشركة تقتضي طلب المعونة ،  طلب المعونة يكون إما من المساوي وإما من الأعلى ،  ولا يوجد مساو لله تعالى ،  ولا أعلى من الله سبحانه وتعالى ."
10,19,"ويقول الحق سبحانه بعد ذلك :

{  وما كان الناس إلا أمة واحدة فاختلفوا ولولا كلمة سبقت من ربك لقضي بينهم فيما فيه يختلفون( 19 ) } :

وقد جاءت آية في سورة البقرة متشابهة مع هذه الآية وإن اختلف الأسلوب ،  فقد قال الحق سبحانه في سورة البقرة : {  كان الناس أمة واحدة فبعث الله النبيين(  ) .  . ( 213 ) } : والذين يقرأون القرآن بسطحية وعدم تعمق قد لا يلتفتون إلى الآيات المشابهة لها في المعنى العام ،  وهذه الآيات توازن بين المعاني فلا تضارب بين آية وأخرى .

ولذلك نجد بين المفكرين العصريين من يقول :  إن الناس كانوا كلهم كفارا ،  ثم ارتقى العقل محاولا اكتشاف أكثر الكائنات قوة ؛  ليعبدوه ،  فوجدوا أن الجبل هو الكائن العالي الصلب ؛  فعبدوه .  وأناس آخرون قالوا :  إن الشمس أقوى الكائنات فعبدوها ،  وآخرون عبدوا القمر ،  وعبد قوم غيرهم النجوم ،  واتخذ بعض آخر آلهة من الشجر ،  وكل جماعة نظرت إلى جهة مختلفة تتلمس فيها القوة .

وهم يأخذون من هذا أن الإنسان قد اهتدى إلى ضرورة الدين بعقله ،  ثم ظل هذا العقل في ارتقاء إلى أن وصل إلى التوحيد .

ونرد على أصحاب هذا القول :  أنتم بذلك تريدون أن تعزلوا الخلق عن خالقهم ،  وكأن الله الذي خلق الخلق وأمدهم بقوام حياتهم المادية قد ضن عليهم بقوام حياتهم المعنوية ،  وليس هذا من المقبول أو المعقول ،  فكيف يضمن لهم الحياة المادية ،  ولا يضمن لهذه المادية قيما تحرسها من الشراسة وتحميها من الفساد والإفساد ؟

وقوله الحق : {  كان الناس أمة واحدة فبعث الله النبيين مبشرين ومنذرين وأنزل معهم الكتاب بالحق ليحكم بين الناس فيما اختلفوا فيه وما اختلف فيه إلا الذين أوتوه من بعد ما جاءتهم البينات بغيا بينهم فهدى الله الذين آمنوا لما اختلفوا فيه من الحق بإذنه والله يهدي من يشاء إلى صراط مستقيم( 213 ) }[ البقرة ] .

لذلك فهم البعض أن الناس كانوا أمة واحدة في الكفر ،  وحين جاء النبيون ،  اختلف الناس ؛  لأن منهم من آمن ومنهم من ظل على الكفر ،  ولكن لو أحسن الذين قالوا مثل هذا القول الاستنباط وحسن الفهم عن الله لوجدوا أن مقصود الآية التي نحن بصدد خواطرنا عنها الآن إنما هو :  ما كان الناس إلا أمة واحدة فاختلفوا ؛  فبعث الله النبيين ؛  ليخرجهم عن الخلاف ويعيدوهم إلى الاتفاق على عهد الإيمان الأول الذي شهدوا فيه بربوبية الحق سبحانه وتعالى(  ) ؛  لأن الأصل في المسألة هو الإيمان لا الكفر(  ) .

ومن أخذ آية سورة البقرة كدليل على كفر الناس أولا ،  نقول له :  اقرأ الآية بأكملها ؛  لتجد قوله الحق : {  كان الناس أمة واحدة فبعث الله النبيين مبشرين ومنذرين وأنزل معهم الكتاب بالحق ليحكم بين الناس فيما اختلفوا فيه .  . ( 213 ) }[ البقرة ] .

وهكذا نرى أن الاختلاف الذي حدث بين الناس جاء في آية البقرة في المؤخرة ،  بينما جاء الاختلاف في هذه الآية في المقدمة ،  هذا دليل على أن الناس كانوا أمة واحدة على الإيمان(  ) ،  فليس هناك أناس أولى من أناس عند الخالق سبحانه وتعالى ،  ولم يكن عدل الله ليترك أناسا متخبطين في أمورهم على الكفر ،  ويرسل الرسل لأناس آخرين بالهداية ؛  فالناس بالنسبة لله سواء .  وما دام الحق سبحانه قد أوجد الخلق من البشر فلا بد أن ينزل لهم منهجا ؛  ولذلك حين نقرأ قول الحق سبحانه : {  إن أول بيت وضع للناس للذي ببكة(  ) مباركا وهدى للعالمين( 96 ) }[ آل عمران ] : نجد فيه الرد على من يقول إن إبراهيم عليه السلام هو أول من بنى الكعبة ؛  لأن الحق سبحانه وتعالى لم يترك الخلق من آدم إلى إبراهيم دون بيت يحجون(  ) إليه ،  ولكن الحق سبحانه وضع البيت ؛  ليحج إليه الناس من أول آدم إلى أن تقوم الساعة ،  والذي وضع البيت ليس من الناس ،  بل شاء وضع البيت خالق الناس ،  وما فعله سيدنا إبراهيم –عليه السلام- هو رفع القواعد من البيت الحرام .

أي :  أنه أقام ارتفاع البيت بعد أن عرف مكان البيت طولا وعرضا ،  مصدقا لقول الحق سبحانه : {  وإذ بوأنا(  ) لإبراهيم مكان البيت .  . ( 26 ) }[ الحج ] : وهكذا يصدق قول الحق سبحانه بأن البيت قد وجد للناس قبل آدم ،  وهو للناس على أن تقوم الساعة ،  وهكذا نعلم أن الحق سبحانه خلق الخلق وأنزل لهم المنهج ،  وأن الأصل في الناس هو الإيمان ،  لكن الكفر هو الذي طرأ على البشر من بابين :  باب الغفلة ،  وباب تقليد الآباء .

والدليل على ذلك أن الحق سبحانه وتعالى حينما تكلم عن ميثاق الذر ،  قال : {  وإذ أخذ ربك من بني آدم من ظهورهم ذريتهم(  ) وأشهدهم على أنفسهم ألست بربكم قالوا بلى شهدنا أن تقولوا يوم القيامة إنا كنا عن هذا غافلين( 172 ) أو تقولوا إنما أشرك آباؤنا من قبل وكنا ذرية من بعدهم أفتهلكنا بما فعل المبطلون( 173 ) }[ الأعراف ] : إذن :  فالتعصي عن الحكم الإيماني مدخله بابان :  الأول باب الغفلة ،  أي :  أن تكون قد علمت شيئا ،  ولم تجعله دائما في بؤرة(  ) شعورك ؛  لأن عقلك يستقبل المعلومات ،  ويستوعبها من مرة واحدة ،  إن لم تكن مشتت الفكر في أكثر من أمر ،  فإن كنت صافي الفكر ومنتبها إلى المعلومة التي تصلك ؛  فإن عقلك يستوعبها من مرة واحدة ،  ومن المهم أن يكون الذهن خاليا لحظة أن يستقبل المعلومة الجديدة .

ولذلك نجد فارقا بين إنسان وإنسان آخر في حفظ المعلومات ،  فواحد يستقبل المعلومة وذهنه خال من أي معلومة غيرها ،  فتثبت في بؤرة الشعور ،  بينما يضطر الآخر إلى تكرار قراءة المعلومة إلى أن يخلو ذهنه من غيرها ؛  فتستقر المعلومة في بؤرة الشعور ،  وحين تأتي معلومة أخرى ،  فالمعلومة الأولى تنتقل إلى حاشية الشعور إلى حين أن يستدعيها مرة أخرى .

وإذا أراد طالب-على سبيل المثال- أن يستوعب ما يقرأ من معلومات جديدة ،  فعليه أن ينفض عن ذهنه كل المشاغل الأخرى(  ) ؛  ليركز فيما يدرس ؛  لأنه إن جلس إلى المذاكرة وباله مشغول بما سوف يأكل في الغداء ،  أو بما حدث بينه وبين أصدقائه ،  أو بما سوف يرتدي من ملابس عند الخروج من البيت ،  أو بغير ذلك من المشاغل ،  هنا سوف يضطر الطالب أن يعيد قراءة الدرس أكثر من مرة ؛  حتى يصادف الدرس جزئية خالية من بؤرة الشعور ؛  فتستقر فيها(  ) .

وقد نجد طالبا في صباح يوم الامتحان وهو يسمع من زملائه أن الامتحان قد يأتي في الجزء الفلاني من المقرر ؛  فيفتح الكتاب المقرر على هذا الجزء ويقرأه مرة واحدة ؛  فيستقر في بؤرة الشعور ،  ويدخل الامتحان ،  ليجد السؤال في الجزء الذي قرأه مرة واحدة قبل دخوله إلى اللجنة ؛  فيجيب عن السؤال بدقة .

ولذلك فالتلميذ الذكي هو من يقوم بما يسميه علم النفس  "" عملية الاستصحاب ""  ،  أي :  أن يقرأ الدرس ثم يغلق الكتاب ؛  ليسأل نفسه :  "" ما الجديد من المعلومات في تلك الصفحة ؟  ""  ويحاول أن يتذكر ذلك ،  ويحاول أن يتعرف حتى على الألفاظ الجديدة التي في تلك الصفحة ،  وما هي الأفكار الجديدة التي صححت له معلومات أو أفكارا خاطئة كانت موجودة لديه . وهكذا يستصحب الطالب معلوماته بتركيز وانتباه .

وكذلك الأستاذ المتميز هو من يشرح الدرس ثم يتوقف ؛  ليسأل التلاميذ ؛  ليثير انتباههم ؛  حتى لا ينشغل أحدهم بما هو خارج الدرس ،  والأستاذ المتميز هو الذي يلقي درسه بما يستميل التلاميذ ،  كما تستميلهم القصة المروية ،  وحتى لا تظل المعلومات الدراسية مجرد معلومات جافة .

وبهذا يستمر الذهن بلا غفلة ،  والغفلة تأتي إلى القضايا الدينية ؛  لأن في الإنسان شهوات تصادم الأوامر والنواهي ؛  فيتناسى الإنسان بعض الأوامر وبعض النواهي إلى أن يأتي الران(  ) الذي له قال عنه الحق سبحانه : {  كلا بل ران على قلوبهم ما كانوا يكسبون( 14 ) }[ المطففين ] .

ويبين النبي صلى الله عليه ويسلم ذلك بالحديث الشريف :  "" نزلت الأمانة في جذر(  ) قلوب الرجال ،  ثم نزل القرآن فعلموا من القرآن وعلموا من السنة ""  .  ثم يحدثنا صلى الله عليه وسلم عن رفع الأمانة فيقول :  "" ينام الرجل النومة فتقبض الأمانة من قلبه ؛  فيبطل أثرها مثل أثر الوكت(  ) "" (  ) أي :  مثل لسعة النار وهكذا تتوالى ؛  حتى يأتي الران على القلب .

إذن :  فالغفلة تتلصص على النفس الإنسانية ،  وكلما غفل الإنسان في نقطة ،  ثم يغفل عن أخرى وهكذا .  ولكن من لا يغفل فهو من يتذكر الحكم ،  ويطبقه ،  ويذوق حلاوته(  ) .  ومثال هذا :  المسلم الذي يشرح الله تعالى قلبه للصلاة ،  فإن لم يصل يظل مرهقا وفي ضيق .

ولذلك جاء في الحديث أن رسول الله صلى الله عليه وسلم قال :  "" تعرض الفتن على القلوب كالحصير عودا عودا ،  فأي قلب أشربها نكت فيه نكتة سوداء ،  وأي قلب أنكرها نكت فيه نكتة بيضاء حتى تصير على قلبين :  على أبيض مثل الصفا فلا تضره فتنة ما دامت السماوات والأرض ،  والآخر أسود مربادا كالكوز مجخيا لا يعرف معروفا ولا ينكر منكرا إلا ما أشرب من هواه "" (  ) .

إذن :  فالغفلة هي أول باب يدخل منه الشيطان ؛  فيبعد الإنسان عن أحكام الله .  وإذا ما غفل الأب ،  فالأنباء يقلدون الآباء ،  فتاتيهم غفلة ذاتية .  وهكذا يكون الغافل أسوة لمن بعده .

ولذلك قال الحق سبحانه عن الأبناء الذين يتبعون غفلة الآباء : {  بل نتبع ما ألفينا(  ) عليه آباءنا .  . ( 170 ) }[ البقرة ] : وإلف تقليد الآباء قضية كاذبة ؛  لأننا عن سلسلنا مسألة الإيمان على آدم عليه السلام ،  وهو الأب الأول لكل البشر ؛  لوجدنا أن آدم عليه السلام قد طبق كل مطلوب لله(  ) ،  فإن قلت : {  بل نتبع ما ألفينا عليه آباءنا } فهذا القول يحتم عليك ألا تنحرف عن الإيمان الفطري ،  وإلا كنت من الكاذبين غير المدققين فيما دخل على الإيمان الفطري من غفلة أو غفلات ،  تبعها تقليد دون تمحيص .

والحق سبحانه قد شاء أن تكون كل كلمة في القرآن لها معنى دقيق مقصود ،  فالحق سبحانه يقول إلى السنة الكافرين في القرآن : {  إنا وجدنا آباءنا على أمة وإنا على آثارهم مقتدون( 23 ) }[ الزخرف ] : ولم يقل :  "" مهتدون ""  بل قال :  "" مقتدون ""  ،  والمقتدى من هؤلاء هو من اتخذ أباه قدرة ،  ولكن المهتدي هو من ظن أن أباه على حق .

إذن :  فالمقتدى هو من لا يهتم بصدق إيمان أبيه ،  بل يقلده فقط ،  وتقليد الآباء نوعان :  تقليد على أنه اقتداء مطلق لا صلة له بالهدى أو الضلال ،  وتقليد على أنه هدى صحيح لشرع الله تعالى .

وقد حدث خلاف حول آدم عليه السلام أهو رسول أم نبي فقط(  ) ؟  فهناك من قال :  إن أول الرسل هو نوح عليه السلام ونقول :  هل من المعقول أن يترك الله الخلق السابقين على نوح عليه السلام دون رسول ؟

إن الحق سبحانه هو القائل : {  وإن من أمة إلا خلا(  ) فيها نذير( 24 ) }[ فاطر ] ، والذي أشكل على هؤلاء المفسرين الذين قالوا :  إن أول رسول هو نوح عليه السلام أنهم قد فكروا تفكيرا سطحيا ،  وفهموا أن الرسول يطرأ على المرسل إليهم ،  وما دام لم يكن هناك بشر قبل آدم فكيف يكون آدم مبعوثا برسالة ،  ولمن تكون تلك الرسالة ؟

ولم يفطن هؤلاء المفسرون إلى أن آدم عليه السلام كان رسولا وأسوة إلى أبنائه ،  فالحق سبحانه قد قال له : {   .  . فإما يأتينكم مني هدى فمن تبع هداي فلا خوف عليهم ولا هم يحزنون( 38 ) }[ البقرة ] ، وسبحانه قد قال لآدم عليه السلام : {   .  . فمن اتبع هداي فلا يضل ولا يشقى( 123 ) }[ طه ] .

وما دام الحق سبحانه قد ذكر الهدى ،  فهذا ذكر للمنهج ،  وهو الذي طبقه سلوكا يقلده فيه الأبناء .  وغفل هؤلاء المفسرون أيضا عن استقراء قوله الحق : {  واتل عليهم نبأ ابني آدم بالحق إذ قربا قربانا(  ) .  . ( 27 ) }[ المائدة ] : وابنا آدم عليه السلام قد قدما القربان إلى الله تعالى .  إذن :  فهما قد عرفا أن هناك إلها .

وحين قال قابيل لأخيه : {  لأقتلنك ( 27 ) ][ المائدة ] : بعد ما تقبل الله قربان أخيه ولم يتقبل منه .  قال هابيل : {  إنما يتقبل الله من المتقين( 27 ) }[ المائدة ] .

ثم في قول هابيل : {  لئن بسطت إلي يدك لتقتلني ما أنا بباسط يدي إليك لأقتلك إني أخاف الله ربا لعالمين ( 28 ) }[ المائدة ] : إذن :  لو لم يكن آدم عليه السلام رسولا فمن بلغ أبناءه بأن الله يثيب ويعاقب ؟

والحق سبحانه يقول في الآية التي نحن بصدد خواطرنا عنها : {  ولولا كلمة(  ) سبقت من ربك لقضي بينهم فيما فيه يختلفون } وفي هذا إشارة إلى أن الله سبحانه-قبل رسالة محمد عليه الصلاة والسلام-كان يعاقب من يكذب البلاغ عنه وما جاء به السابقون من الرسل ،  يقول سبحانه : {  فكلا أخذنا بذنبه فمنهم من أرسلنا عليه حاصبا(  ) ومنهم من أخذته الصيحة(  ) ومنهم من خسفنا به الأرض(  ) ومنهم من أغرقنا وما كان الله ليظلمهم ولكن كانوا أنفسهم يظلمون( 40 ) }[ العنكبوت ] : إلا أمة محمد صلى الله عليه وسلم فقد قال الله تعالى : {  وما كان الله ليعذبهم وأنت فيهم وما كان الله معذبهم وهم يستغفرون( 33 ) }[ الأنفال ] : أي :  أنه سبحانه قد أجل الجزاء والعقوبة عن أمة محمد صلى الله عليه وسلم إلى الآخرة .  وهذه الكلمة التي سبقت ،  أنه سبحانه لا يؤاخذ أمة محمد صلى الله عليه وسلم بذنوبهم في الدنيا ،  ولكنه يؤخر ذلك على يوم الجزاء .  ويقضي سبحانه في ذلك اليوم بين من اتبعوا الرسول صلى الله عليه وسلم ومن عاندوه ،  وبطبيعة الحال يكون الحق سبحانه في جانب من أرسله ،  لا من عاند رسوله صلى الله عليه وسلم ."
10,20,"ويقول سبحانه بعد ذلك :

{  ويقولون لولا(  ) أنزل عليه آية من ربه فقل إنما الغيب لله فانتظروا إني معكم من المنتظرين( 20 ) } :

والآية كما عرفنا هي الشيء العجيب ،  وإما أن تكون آية كونية ،  أو آية إعجاز ،  أو آية قرآن تشتمل على الأحكام .

ولماذا لم يصدقوا آيات القرآن ،  وهي معجزة بالنسبة إليهم ؟

نقول :  إن استقبال القرآن فرع تصديق للرسول صلى الله عليه وسلم ،  وقد حدث اللبس عندهم ؛  لأنهم ظنوا أن الآية هي الآيات المحسة الكونية المشهودة ،  وما علموا أن الآيات التي سبق بها الرسل إنما جاءت لتناسب أزمان رسالاتهم ،  ولتناسب مواقعهم من المرسل إليهم .

فقد كان الرسل السابقون لرسول الله صلى اله عليه وسلم-وعلى جميع الرسل السلام- قد بعث كل منهم لأمة محدودة زمانا ومكانا ؛  ولذلك كانت الآيات التي اصطحبوها آيات حسية ،  وكل آية كانت من جنس ما نبغ فيه القوم المبعوث إليهم .

أما رسالة محمد عليه الصلاة والسلام فهي لعامة الزمان وعامة المكان(  ) .  فلو جعل الله سبحانه له آية حسية لآمن بها من شاهدها ،  ولصارت خبرا لمن لم يشاهدها .

ونحن على سبيل المثال كمسلمين لم نصدق أن موسى-عليه السلام- قد ضرب البحر فانشق له البحر ؛  إلا لأن القرآن قال ذلك ؛  لأن كل أمر حسي يقع مرة واحدة فمن شاهده آمن به ،  ومن لم يره إن حدث به له أن يكذب ،  وله أن يصدق ،  ولكنا صدقنا ؛  لأن القائل هو الحق سبحانه وقد أبلغنا ذلك في القرآن .  وثقتنا فيمن قال هي التي جعلتنا نصدق معجزات الرسل السابقين على رسول الله صلى الله عليه وسلم .

وقد يتساءل البعض عن السر في عدم إرسال معجزات حسية مع رسول الله صلى الله عليه وسلم ،  فنقول :  لقد شاء الله سبحانه أن يرسل الرسول صلى الله عليه وسلم بمعجزة باقية إلى أن تقوم الساعة وهي معجزة القرآن .  وتتحدث كتب السيرة أن الماء نبع من بين أصابعه صلى الله عليه وسلم ،  فمن صدق صدق ،  وإن قرأت ولم تصدق ذلك ،  فاعلم أنك لست المقصود بها ،  فقد كان المقصود بها هم المعاصرون لها ،  وقد جاءت لتربيب الإيمان في القوم المعاصرين ؛  لأنهم كانوا في حاجة إلى شد أزرهم الإيماني ،  وحدثتنا كتب السيرة أيضا عن حفنة الطعام التي أكل منها عدد كبير من الرجال ،  ومن صدق الرواية ؛  فليصدقها ،  ومن لم يصدقها ،  فهذه الآية لم تأت له ،  لكنها جاءت للمعاصرين له صلى الله عليه وسلم .

وهذا لا يمنع أن يكون للرسول صلى الله عليه وسلم معجزات حسية كباقي إخوانه من الرسل علينا أن نؤمن بها بالثقة فيمن أخبر بها .

وهنا يقول الحق سبحانه : {  ويقولون لولا أنزل عليه آية من ربه } وإن دخلت  "" لولا "" (  ) على جملة اسمية ،  فالمقصود بها عدم شيء لوجود شيء ،  كقول إنسان لآخر :  لولا زيد عندك لأتيتك ،  وبذلك ينعدم ذهابه على فلان لوجود زيد عنده .  وهكذا تكون  "" لولا ""  حرف امتناع لوجود ،  وكذلك كلمة  "" لوما ""  إن وجدتها تدخل على جملة اسمية فاعرف أنها امتناع شيء ،  لوجود شيء وإن دخلت  "" لولا ""  على جملة فعلية فاعلم أنها حث وتحضيض .

وهم هنا قد قالوا : {  لولا أنزل عليه آية } وكأنهم لا يعترفون بالقرآن ،  وطلبوا آية حسية ؛  لذلك نجد الحق سبحانه يقول في موقع آخر بالقرآن الكريم : {  لولا أوتي مثل ما أوتي موسى( 48 ) }[ القصص ] : وهذا تأكيد أنهم طلبوا الآية الحسية ؛  لأنهم علموا بالآيات الحسية للرسل السابقين على رسول الله صلى الله عليه وسلم ،  ولكن قولهم هذا كان تشبثا بالكفر رغم أنهم شهدوا رسول الله صلى الله عليه وسلم في كل أحواله ،  وقد حدثت الآيات الحسية ورآها من آمن به ،  وزاد تمسكهم بالإيمان .

والذين طلبوا أن يأتي لهم محمد صلى الله عليه وسلم بمعجزة حسية ،  كمعجزة موسى عليه السلام ،  نسوا أن موسى عليه السلام قد بعث إلى قوم محدودين هم بنو إسرائيل .

أما محمد صلى الله عليه وسلم فقد بعث على الناس كافة ؛  لذلك كان لا بد أن تكون معجزته متجددة العطاءات ،  وتحمل المنهج المناسب لكل زمان ومكان .  أما المعجزة الحسية فهي تنقضي بانقضاء زمانها ومكانها .

أو هم طلبوا الآيات التي اقترحوها مثل قولهم : {  قالوا لن نؤمن لك حتى تفجر لنا من الأرض ينبوعا (  ) ( 90 ) أو تكون لك جنة من نخيل وعنب فتفجر الأنهار خلالها تفجيرا( 91 ) أو تسقط السماء كما زعمت علينا كسفا(  ) أو تأتي بالله والملائكة قبيلا (  ) ( 92 ) أو يكون لك بيت من زخرف(  ) أو ترقى(  ) في السماء ولن نؤمن لرقيك .  . ( 93 ) }[ الإسراء ] .

إذن :  فهم قد طلبوا آيات اقترحوها بأنفسهم ،  والآيات لا تكون باقتراح المرسل إليهم ،  بل بتفضل المرسل .

ولقائل أن يقول :  ولماذا لم يرسل الحق سبحانه لهم آية حسية معجزة كما قالوا ؟  فنقول :  إن الحق سبحانه قد قال : {  وما منعنا أن نرسل بالآيات إلا أن كذب بها الأولون .  . ( 59 ) }[ الإسراء ] .

وعلى ذلك يكون قولهم بطلب الآيات مدحوضا(  ) ؛  لأن الحق سبحانه قد أرسل الآيات من قبل وكذب بها الأولون ،  أو هم طلبوا آيات اقترحوها ،  ويقول الحق سبحانه ما جاء على ألسنتهم : {  لولا أنزل عليه آية من ربه } وفي هذا إقرارا منهم بأن لمحمد صلى الله عليه وسلم ربا ،  وهو صلى الله عليه وسلم يبلغ عنه ،  فكيف-إذن- ينكرون أنه رسول ؟  !

ونعلم أنهم قالوا من قبل :  "" إن رب محمد قد قلاه(  ) ""  حين فتر(  ) الوحي عنه صلى الله عليه وسلم ،  ولكن الحق سبحانه رد عليهم : {  ما ودعك ربك وما قلى( 3 ) }[ الضحى ] .

إذن :  هم قد ناقضوا أنفسهم ،  ففي الوصل منعوا وأنكروا أن يكون له رب ،  وفي الهجر سلموا بأن له ربا ،  وهذا تناقض في الشيء الواحد ،  وهو لون من التناقض يؤدي إلى اضطراب الحكم ،  واضطراب الحكم يدل على يقظة الهوى(  ) .

ثم يقول الحق سبحانه ردا على طلبهم للآية الحسية : {  فقل إنما الغيب لله } وهكذا يعلم الحق سبحانه وتعالى رسوله صلى الله عليه وسلم جوابا احتياطيا ،  فمن الممكن أن ينزل الحق سبحانه الآية الحسية ،  ومن الممكن ألا ينزلها ،  فرسول الله صلى الله عليه وسلم لا يحكم على ربه ؛  لأن الغيب أمر يخصه سبحانه ،  وإن شاء جعل ما في الغيب مشهدا ،  وإنشاء جعل الغيب غيبا مطلقا ،  وليس عليكم إلا الانتظار ،  ويعلن رسول الله صلى الله عليه وسلم أنه معهم من المنتظرين {  فانتظروا إني معكم من المنتظرين( 20 ) }[ يونس ] ."
10,21,"ويقول الحق سبحانه بعد ذلك :

{  وإذا أذقنا الناس رحمة من بعد ضراء مستهم إذا لهم مكر في آياتنا قل الله أسرع مكرا إن رسلنا(  ) يكتبون ما تمكرون( 21 ) } :

والرسول صلى الله عليه وسلم حين ضاق ذرعا بالكافرين من صناديد قريش دعا عليهم أن يهديهم الحق بسنين الجدب كالسنين التي أصابت مصر واستطاع سيدنا يوسف عليه السلام أن يدبر أمرها ،  فسلط الحق سبحانه على قريش الجدب والقحط(  ) ،  ثم جاء لهم بالرحمة من بعد ذلك .  وكان من المفروض أن يرجعوا إلى الله ،  وأن يؤمنوا برسالة رسوله صلى الله عليه وسلم ،  بعد أن علموا أن ما مسهم من القحط ومن الجدب كان بسبب دعوة الرسول صلى الله عليه وسلم :  "" اللهم اجعلها عليهم سنين كسني يوسف "" (  ) .

وانتهت السنوات السبع وجاءت لهم الرحمة ممثلة في المطر ،  ولم يلتفتوا إلى ضرورة شكر الله والإيمان برسوله صلى الله عليه وسلم ،  ولكنهم ظلوا يبحثون عن أسباب المطر ،  فمنهم من قال :  لقد جاء مطرنا نتيجة لنوء(  ) كذا ،  ولأن الرياح هبت على مناطق كذا ،  وفعلوا ذلك دون التفات لانتهاء دعوة رسول الله صلى الله عليه وسلم ،  مثلهم مثل من جلس يبحث في أسباب النصر في الحرب ،  وجعلوا أسبابها مادية في العدة والعتاد(  ) .  ولا أحد ينكر أهمية الاستعداد للقتال وجدواه ،  ولكن يبقى توفيق الله سبحانه وتعالى فوق كل اعتبار ؛  لأن المؤمنين بالله الذين استعدوا للقتال ودخلوا المعارك وجدوا المعجزات تتجلى بنصر الله ؛  لأن الحق سبحانه ينصر من ينصره .

أما الذين يحصرون أسباب النصر في الاستعداد القتالي فقط ،  فالمقاتلون الذين خاضوا الحرب بعد التدريب الجاد ،  يعلمون أن التدريب وحده لا يصنع روح المقاتل ،  بل تصقل(  ) روحه رغبته في القتال ونيل الشهادة ودخول الجنة .

إذن :  فلمدد السماء مدخل ،  ومن رأى من المقاتلين آية مخالفة لنواميس الكون ،  فليعلم علم اليقين أن يد الله كانت فوق أيدي المؤمنين المقاتلين .  ومن يدعي أن أي نصر هو نتيجة للحضارة ،  يجد الرد عليه من المقاتلين أنفسهم بأن الحضارة بلا إيمان هي مجرد تقدم مادة هش(  ) لا يصنع نصرا(  ) ،  والنصر لا يكون بالمادة وحدها ،  وقد أمرنا الله بحسن الاستعداد المادي ،  ولكن النصر يكون بالإيمان فوق المادة .

ولذلك نجد من خاضوا حربنا المنتصرة في العاشر من رمضان 1393ه يعلمون أن مدد الله كان معهم بعد أن أحسنوا الاستعداد ،  ولا أحد من المقاتلين يصدق أن الاستعداد المادي وحده يمكن أن يكفي للنصر ،  إنه ضرورة ،  ولكن بالإيمان وحسن استخدام السلاح يكون النصر ؛  ولذلك لا يصدق المقاتلون من ينسب النصر للمادة وحدها ،  وينسحب عدم التصديق على كل ما يقوله من ينكر دور الإيمان في الانتصار .

وهكذا نجد أن من يجرد النصر من قيمة الإيمان إنما يخدم الإيمان ؛  لأن إنكار الإيمان يقلل من قيمة الرأي المادي .  وهكذا ينصر الله دينه حتى يثبته في قلوب جنده ،  ويقلل من قيمة ومكانة من ينكرون قيمة الإيمان .

ومثال هذا في تاريخ الإسلام أن اليهود الذين كانوا يستفتحون على أهل المدينة من الأوس والخزرج بأن رسولا سوف يظهر ،  وأنهم–أي :  اليهود- سيتبعونه(  ) ،  وسوف يقتلون العرب من الأوس والخزرج قتل عاد وإرم .

ولما جاء وقت ظهور محمد بن عبد الله صلى الله عليه وسلم بمكة ،  أسرعت الأوس والخزرج إلى الإيمان به ،  وقالوا :  إنه النبي الذي تهددنا به يهود ،  فلنسبق إليه حتى لا يسبقونا .

هكذا كانت كلمة اليهود هي دافع الأوس والخزرج إلى الإيمان .

إذن :  فالله ينصر دينه بالفاجر(  ) ،  رغم ظن الفاجر أنه يكيد للدين .

وكذلك حين جاءت لهم الرحمة بعد القحط ارجفوا(  ) وظلوا يحللون سبب سقوط المطر بأسباب علمية محدودة بالمادة ،  لا بالإيمان الذي فوق المادة .

ولذلك يقول الحق سبحانه هنا في الآية التي نحن بصدد خواطرنا عنها :

{  وإذا أذقنا الناس رحمة من بعد ضراء مستهم إذا لعم مكر(  ) في آياتنا قل الله أسرع مكرا إن رسلنا يكتبون ما تمكرون( 21 ) }[ يونس ] .

والمكر :  هو الكلام الملتوي الذي لا يريد أن يعترف برحمة الله ،  والادعاء بأن نوء كذا هو السبب في سقوط المطر ،  وبرج كذا هو السبب في سقوط المطر .

وقوله الحق : {  مكر في آياتنا } والمكر هو الكيد الخفي ،  والمقصود به هنا محاولة الالتفاف ؛  لتجريد العجائب من صنع الله لها ،  وحتى العلم وقوانينه فهو هبة من الله ،  والحق هو القادر على أن يوقف الأسباب وأن يفعل ما يريد وأن يخرق القوانين ،  فهو سبحانه رب القوانين ،  فلا تنسبوا أي خبر إلا له سبحانه ؛  حتى لا نضل ضلال الفلاسفة الذين قالوا بأن الله موجود ،  وهو الذي خلق الكون وخلق النواميس ؛  لتحكم الكون بقوانين .

ونقول :  لو خلق الحق سبحانه القوانين والنواميس وتركها تتحكم لما شذ شيء عن تلك القوانين ،  فالمعجزات مع الرسل- على سبيل المال- كانت خروجا عن القوانين .  وأبقى الله في يده التحكم في القوانين ،  صحيح أنه سبحانه قد أطلقها ،  ولكنه ظل قيوما عليها ،  فيعطل القانون متى شاء ويبرزه متى شاء ويوجه كيفما شاء .

والمكر كما نعلم مأخوذ من التفاف أغصان الشجرة كالضفيرة ،  فلا تتعرف على منبت ورقة الشجر ومن أي غصن خرجت ،  فقد اختلطت منابت الأوراق ؛  حتى صارت خفية عليك ،  وأخذ من ذلك الكيد الخفي ،  وأنت قد تكيد لمساويك ،  لكنك لن تقدر على أن تكيد لمن هو أعلى منك ،  فإن كنتم تمكرون فإن الله أسرع مكرا ،  والحق سبحانه يقول : {  قل الله أسرع مكرا } ،  وهذه اسمها  "" مشاكلة التعبير "" (  ) .

أي :  عليك أن تأخذ ذلك في مقابله في ذات الفاعل والفعل ،  ولكن لا تأخذ من هذا القول اسما لله ،  فإياك أن تقول :  إن الله-سبحانه وتعالى- ماكر ؛  لأن المكر كيد خفي تفعله أنت مع مساويك ،  ولكنك لن تستطيع ذلك مع من هو مطلع على كيدك ،  ولا تطلع أنت على ما يشاء لك .

وانظر إلى أي جماعة تكيد لأي أمر ،  وستجد من بينهم من يبلغ عنهم السلطات ،  وأجهزة الأمن فإذا كان كيد البشر للبشر مفضوحا بمن يشي منهم بالآخرين ،  بل هناك من البشر غير الكائدين من يستطيع بنظرته أن يستنبط ويستكشف من يكيدون له .

وهناك من الأجهزة المعاصرة ما تستطيع تسجيل مكالمات الناس والتنصت(  ) عليهم ؛  وكل ذلك مكر من البشر للبشر ،  فما بالنا إن كاد الله لأحد ،  وليس هناك أحد مع الله-سبحانه وتعالى- ليبلغنا بكيده ،  ولا أحد يستطيع أن يتجسس عليه ؟  !

مكر الله سبحانه-إذن- أقوى من أي مكر بشري ؛  لأن مكر البشر قد يهدم من بعض الماكرين أو من التجسس عليهم ،  لكن إذا كاد الله لهم ،  أيعلمون من كيده شيئا ؟  طبعا لا يعلمون .

وكلمة {  أسرع مكرا } تلفتك إلى أن هناك اثنين يتنافسان في سباق ،  وحين تقول :  فلان أسرع من فلان ،  فمعنى ذلك :  أن كلا منهما يحاول الوصول على نفس الغاية ،  لكن هناك واحدا أسرع من الآخر في الوصول إلى الغاية .

ومكركم البشري هو أمر حادث ،  لكن الله-سبحانه- أزلي الوجود ،  يعلم كل شيء قبل أن يقع ،  ويرتب كل أمر قبل أن يحدث ؛  لذلك فهو الأسرع في الرد على مكركم ،  إن مكرتم .

وهنا يقول الحق سبحانه : {  وإذا أذقنا الناس رحمة من بعد ضراء مستهم(  ) إذا لهم مكر في آياتنا } و "" إذا ""  الأولى ظرف ،  أما الثانية فهي  "" إذا الفجائية ""  مثلها تقول :  خرجت فإذا الأسد بالباب .

وهم حين أنزل الحق لهم الأمطار رحمة منه ،  فهم لا يهدأون ويستمتعون ويذوقون رحمة الله تعالى بهم من الماء الذي جاءهم من بعد الجدب ،  بل دبروا المكر فجأة ،  فيأتي قول الحق سبحانه : {  قل الله أسرع مكرا إن رسلنا يكتبون ما تمكرون } .

وهكذا ترى أن ما يبطل كيد الماكرين من البشر ،  يكون بإحدى تلك الوسائل :  إما أن يكون بوشاية من أحد الماكرين ،  وإما أن يكون بقوة التخابر من الغير ،  وإما أن يكون من رسل العلي القدير وهم الملائكة الذين يكتبون كل ما يفعله البشر ،  فسبحانه القائل : {  وإن عليكم لحافظين( 10 )كراما كاتبين( 11 ) يعلمون ما تفعلون( 12 ) }[ الانفطار ] .

واقرأ أيضا قول الحق سبحانه : {  اقرأ كتابك كفى بنفسك اليوم عليك حسيبا( 14 ) }[ الإسراء ] .

وجاء الحق سبحانه بكل ما سبق ؛  لأنه سبحانه قد شاء أن يعطي لقريش فرصة التراجع في عنادها للرسول صلى الله عليه وسلم ،  هذا العناد الذي قالوا فيه :  إنهم يتبعون ما وجدوا عليه آباءهم ،  وهذا قول مغلوط ؛  لأن الآباء في الأصل كانوا مؤمنين ،  ولكن جاءهم الضلال كأمر طارئ ،  والأصنام التي عبدوها طارئة عليهم من الروم ،  جاء بها إنسان ممن ساحوا في بلاد الروم هو  "" عمرو بن لحي "" (  ) ،  فإن رجعتم إلى الإيمان بعد عنادكم ؛  فهذا هو الطريق المستقيم الذي كان عليه آباؤكم بالفطرة والميثاق الأول ."
10,22,"ويقول الحق سبحانه بعد ذلك : {  هو الذي يسيركم في البر والبحر حتى إذا كنتم في الفلك وجرين بهم بريح طيبة وفرحوا بها جاءتها ريح عاصف وجاءهم الموج من كل مكان وظنوا أنهم أحيط بهم دعوا الله مخلصين له الدين لئن أنجيتنا من هذه لنكونن من الشاكرين( 22 ) } :

وهذه الآية الكريمة جاءت مرحلة من مراحل إخبار الله سبحانه وتعالى عن المعاندين لدعوة الإسلام ،  التي بدأها الحق سبحانه بأنه قد رحمهم فأجل لهم استجابة دعائهم على أنفسهم بالشر ،  ولو أنه أجابهم إلى ما دعوا به على أنفسهم من الشر في قولهم : {  إن كان هذا هو الحق من عندك فأمطر علينا حجارة من السماء أو ائتنا بعذاب أليم .  . ( 32 ) }[ الأنفال ] : ليقضي أمرهم .  فمن رحمة الله تعالى أنه لم يجبهم إلى دعائهم .

وإذا كان الله سبحانه قد أجل استجابة دعائهم على أنفسهم بالشر رحمة بهم ،  فيجب أن يعرفوا أن تأجيل استجابتهم بدعاء الخير رحمة بهم أيضا ؛  لأنهم قد يدعون بالشر وهم يظنون أنهم يدعون بالخير ،  وبعد ذلك دلل على كذبهم في دعائهم على أنفسهم بالشر بأنهم إذا مسهم ضر دعوا الله تعالى مضطجعين(  ) وقاعدين وقائمين .

فلو كانوا يحبون الشر لأنفسهم ؛  لظلوا على ما هم فيه من البلاء إلى أن يقضي الله تعالى فيهم أمرا .

ثم عرض سبحانه قضية أخرى ،  وهي أنه سبحانه إذا مسهم بضر ؛  ليعتبروا ،  جاء الله سبحانه برحمته ؛  لينقذهم من هذا الضر .  فياليتهم شكروا نعمة الله تعالى في الرحمة من بعد الضر ،  ولكنهم مروا كأن لم يدعوا الله سبحانه إلى ضر مسهم .

وهنا في الآية التي نحن بصدد خواطرنا عنها ،  يصور لنا الحق سبحانه وضعا آخر ،  هو وضع السير في البر والبحر ،  فيقول : {  هو الذي يسيركم في البر والبحر .  . ( 22 ) }[ يونس ] : وكلمة [ يسيركم } تدل على أن الذي يسير هو الله ،  ولكن في القرآن آيات تثبت أن السير ينسب إلى البشر حين يقول : {  قل سيروا في الأرض .  . ( 69 ) }[ النمل ] .

وحين يقول الحق سبحانه : {  فلما قضى موسى الأجل وسار بأهله .  . ( 29 ) } . [ القصص ] .

وهو سبحانه يقول : {  سيروا فيها ليالي وأياما آمنين .  . ( 18 ) }[ سبأ ] فكأن هذه الآية التي نحن بصدد خواطرنا عنها قد نسبت التسيير إلى الله سبحانه ،  وبعض الآيات الأخرى نسبت التسيير إلى النفس الإنسانية ،  ونقول لمن توهموا أن في ذلك تعارضا : لو أنكم فطنتم على تعريف الفاعل عند النحاة(  ) وكيف يرفعونه ؛  لعرفتم أن تحقق أي فعل إنما يعود على مشيئة الله سبحانه ،  فحين نقول :  "" نجح فلان ""  فهل هو الذي نجح ،  أم أن الذي سمح له بالنجاح غيره ،  إن الممتحن والمصحح هما من سمحا له بالنجاح ؛  تقديرا لإجاباته التي تدل على بذل المجهود في الاستذكار .

وكذلك نقول :  "" مات فلان ""  ،  فهل فلان فعل الموت بنفسه ؟  خصوصا ونحن نعرب "" مات ""  كفعل ماض ،  ونعرب كلمة ( فلان )  "" فاعل ""  أو نقول :  إن الموت قد وقع عليه واتصف به ؛  لأن تعريف الفاعل :  هو الذي يفعل الفعل ،  أو يتصف به .

وإذا أردنا أن ننسب الأشياء إلى مباشرتها السببية ؛  قلنا :  "" سار الإنسان ""  .

وإذا أردنا أن نؤرخ لسير الإنسان بالأسباب ،  وترحلنا به إلى الماضي ؛  لوجدنا أن الذي سيره هو الله تعالى .

وكل أسباب الوجود إن نظرت إليها مباشرة ؛  وجدتها منسوبة إلى من هو فاعل لها ؛  لكنك إذا تتبعتها أسبابا ؛  وجدتها تنتسب إلى الله سبحانه .

فمثلا :  إذا سئلت :  من صنع الكرسي ؟  تجيب :  النجار .  وإن سألت النجار :  من أين أتيت بالخشب ؟  سيجيبك :  من التاجر .  وسيقول لك التاجر أنه استورده من بلاد الغابات ،  وهكذا .

إذن :  إذا أردت أن تسلسل كل حركة في الوجود ؛  لا بد أن تنتهي إلى الله تعالى(  ) .

وحين قال الحق سبحانه : {  فلما قضى موسى الأجل(  ) وسار بأهله .  . ( 29 ) }[ القصص ] .

نفهم من ذلك أن موسى-عليه السلام-قد سير بأهله ؛  لأن التسيير في كل مقوماته من الله تعالى .

والمثال الآخر :  نحن نقرأ في القرآن قوله الحق : {  وأنه هو أضحك وأبكى( 43 ) }[ النجم ] : فهو سبحانه الذي خلق الضحك ،  وخلق البكاء .

فنجد من يقول :  كيف يقول الله سبحانه إنه خلق الضحك والبكاء وهو الذي يقول في القرآن : {  فليضحكوا قليلا وليبكوا كثيرا .  . ( 82 ) }[ التوبة ] .

ونقول :  أنت إن نظرت إلى القائم بالضحك ،  فهو الإنسان الذي ضحك ،  وإن نظرت إلى من خلق غريزة الضحك في الإنسان ؛  تجده الله سبحانه .

وغريزة الضحك موجودة باتفاق شامل لكل أجناس الوجود ،  وكذلك البكاء فلا يوجد ضحك عربي ،  وضحك انجليزي ،  ولا يوجد بكاء فرنسي ،  أو بكاء روسي .

إذن :  فالله سبحانه وتعالى هو الذي خلق الضحك والبكاء .

وقد صدق قوله الحق : {  وأنه هو أضحك وأبكى( 43 ) }[ النجم ] : لكن الضاحك والباكي يقوم به الوصف .  وكذلك قوله الحق : {  وما رميت إذ رميت ولكن الله رمى .  . ( 17 ) } ]الأنفال ] .

فقد شاء الحق سبحانه أن يمكن رسوله صلى الله عليه وسلم بالبشرية أن يرمي الحصى ،  ولكن إيصال الحصى لكل فرد في الجيش المقابل له ،  فتلك إرادة الله(  ) .

إذن :  فقول الحق سبحانه : {  هو الذي يسيركم في البر والبحر } .  لا يتعارض مع أنهم هم الذين يسيرون ،  وأنت إذا عللت السير في الأرض أو في البحر ؛  ستجد أن السير هو انتقال السائر من مكان إلى مكان ،  وهو يحدد غاية السير بعقله ،  والأرض أو البحر الذي يسير في أي منهما بأقدامه أو بالسيارة أو بالمركب ،  هذا العقل خلقه الله تعالى ،  والأرض كذلك ،  والبحر أيضا ،  كلها مخلوقات خلقها الله سبحانه وتعالى .  وأنت حين تحرك ساقيك ؛  لتسير ،  لا تعرف كيف بدأت السير ولا كم عضلة تحركت في جسدك ،  فالذي أخضع كل طاقات جسمك لمراد عقلك هو الله تعالى .

إذن :  فكل أمر مرجعه على الله سبحانه .

وهنا ملحظ في السير في البر والبحر ،  فكلاهما مختلف ،  فالإنسان ساعة يسير في الأرض على اليابسة ،  قد تنقطع به السبل ،  ويمكنه أن يستصرخ(  ) أحدا من المارة ،  أو ينتظر على أن يمر عليه بعض المارة ؛  ليعاونه .

أما المرور في البحر ؛  فلا توجد به سابلة أو سالكة(  ) كثيرة ؛  حتى يمكن للإنسان أن يستصرخهم .

إذن :  فالمرور في البحر أدق من المرور في البر ؛  ولذلك نجد أن الحق سبحانه وتعالى في هذه الآية التي نحن بصدد خواطرنا عنها يقول عن السير في البحر : {  حتى إذا كنتم في الفلك وجرين بهم بريح طيبة وفرحوا بها جاءتها ريح عاصف وجاءهم الموج من كل مكان وظنوا أنهم أحيط بهم دعوا الله مخلصين له الدين لئن أنجيتنا من هذه لنكونن من الشاكرين( 22 ) }[ يونس ] .

وهكذا لا نجد أن في الآية نفسها حديثا عن السير في البر ؛  لأن الحق سبحانه ما دام قد تكلم عن إزالة الخطر للمضطر في البحر ،  فهذا يتضمن إزالته عمن يسير في البر من باب أولى .  وإذا ما جاء الدليل الأقوى ،  فهو لا بد أن ينضوي(  ) فيه الدليل الأقل .

ومثال هذا قول الحق سبحانه : {  ووصينا الإنسان بوالديه إحسانا .  . ( 15 ) }[ الأحقاف ] .

وجاءت كل الحيثيات بعد ذلك للأم ،  ولم يأت بأي حيثية للأب ،  فيقول : {  حملته أمه كرها ووضعته كرها وحمله وفصاله(  ) ثلاثون شهرا( 15 ) }[ الأحقاف ] .

وشاء الحق سبحانه ذلك ؛  لأن حيثية الأم مبنية على الضعف ،  فيريد أن يرقق قلب ابنها عليها ،  فالأب رجل ،  قد يقدر على الكدح في الدنيا ،  كما أن فضل الأب على الولد يدركه الولد ،  لكن فضل أمه عليه وهو في بطنها ؛  لا يعيه ،  وفي طفولته الأولى لا يعي أيضا هذا الفضل .  ولكنه يعي من بعد ذلك أن والده يحضر له كل مستلزمات حياته ،  من مأكل وملبس ،  ويبقى دور الأم في نظر الطفل ماضيا خافتا .

إذن :  فحيثية الأم هي المطلوبة ؛  لأن تعبها في الحمل والإرضاع لم يكن مدركا من الطفل .

وكذلك هنا في هذه الآية التي نحن بصدد خواطرنا عنها ،  ترك الحق سبحانه حيثية البر وأبان بالتفصيل حيثية البحر : {  هو الذي يسيركم في البر والبحر حتى إذا كنتم في الفلك (  ) ( 22 ) }[ يونس ] . وكلمة ( الفلك ) تأتي مرة مفردة ،  وتأتي مرة جمعا ،  والوزن واحد في الحالتين ومثال هذا أنه حين أراد الله سبحانه أن ينجي نوحا عليه السلام ،  وأن يغرق الكافرين به ،  قال لسيدنا نوح : {  واصنع الفلك بأعيننا .  . ( 37 ) }[ هود ] : إذن :  هي تطلق على المفرد ،  وعلى الجمع ،  ولها نظائر في اللغة في كلتا الحالتين ،  فهي في الإفراد تكون مثل :  قفل ،  وقرط .  وعند الجمع تكون مثل :  أسد .

والحق سبحانه وتعالى يصف الريح هنا بأنها طيبة ،  والقرآن الكريم من طبيعة أسلوبه حين يتكلم عن الريح بلفظ الإفراد يكون المقصود بها هو العذاب ،  مثل قوله الحق : {  فلما رأوه عارضا مستقبل أوديتهم قالوا هذا عارض ممطرنا بل هو ما استعجلتم به ريح فيها عذاب أليم( 24 ) تدمر كل شيء بأمر ربها .  . ( 25 ) }[ الأحقاف ] ، وإن تكلم عنها بلفظ الجمع فهي للرحمة ،  وسبحانه القائل :

{  وأرسلنا الرياح لواقح(  ) .  . ( 22 ) }[ الحجر ] .

ويقول سبحانه أيضا : {  وهو الذي يرسل الرياح بشرا بين يدي رحمته حتى إذا أقلت سحابا ثقالا سقناه لبلد ميت فأنزلنا به الماء فأخرجنا به من الثمرات .  . ( 57 ) }[ الأعراف ] .

والرياح هنا جاءت في صيغة الجمع ،  وعلة وجود ريح للشر(  ) ،  ورياح للخير ،  يمكنك أن تستشفها من النظر إلى الوجود كله ؛  هذا النظر يوضح لك أن الهواء له مراحل ،  فهواء الرخاء هو الذي يمر خفيفا ،  مثل النسيم العليل ،  وأحيانا يتوقف الهواء فلا تمر نسمة واحدة ،  ولكننا نتنفس الهواء الساكن الساخن أثناء حرارة الجو ،  ثم يشتد الهواء أحيانا ؛  فيصير رياحا قوية بعض الشيء ،  ثم يتحول على أعاصير .

والهواء-كما نعلم- هو المقوم الأساسي لكل كائن حي ،  ولكل كائن ثابت غير حي ،  فإذا كان الهواء هو المقوم الأساسي للنفس الإنسانية ،  فالعمارات الضخمة- مثل ناطحات السحاب- لا تثبت بمكانها إلا نتيجة توازن تيارات الهواء حولها ،  وإن حدث تفريخ للهواء تجاه جانب من جوانبها ؛  فالعمارة تنهار .

إذن :  فالذي يحقق التوازن في الكون كله هو الهواء .

ولذلك نجد القرآن الكريم قد فصل أمر الرياح وأوضح مهمتها ،  وهنا يقول الحق سبحانه : {  حتى إذا كنتم في الفلك وجرين بهم بريح طيبة } وكأنه سبحانه يتكلم هنا عن السفن الشراعية التي تسير بالهواء المتجمع في أشرعتها .  وإذا كان التقدم في صناعة السفن قد تعدى الشراع ،  وانتقل إلى البخار ،  ثم الكهرباء ،  فإن كلمة الحق سبحانه : {  ريح طيبة } تستوعب كل مراحل الارتقاء ،  خصوصا وأن كلمة  "" الريح ""  قد وردت في القرآن الكريم بمعنى القوة أيا كانت :  من هواء ،  أو محرك يسير بآية طاقة .  وسبحانه القائل : {  ولا تنازعوا فتفشلوا وتذهب ريحكم(  ) .  . ( 46 ) }[ الأنفال ] :

وهكذا نفهم أن معنى الريح ينصرف إلى القوة .  وأيضا كلمة  "" الريح ""  تنسجم مع كل تيسيرات البحر .

وقوله الحق : {  حتى إذا كنتم في الفلك وجرين بهم بريح طيبة وفرحوا بها } هذا القول الكريم يضم ثلاثة وقائع :  الوجود في الفلك ،  وجرى الفلك بريح طيبة ،  ثم فرحهم بذلك ؛  هذه ثلاثة أشياء جاءت في فعل الشرط ثم يأتي جواب الشرط فيه ثلاثة أشياء أيضا :

أولها : {  جاءتها ريح عاصف } وثانيها : {  وجاءهم الموج من كل مكان } وثالثها : {  وظنوا أنهم أحيط بهم } .

أما الريح العاصف :  فهي المدمرة ،  ويقال :  فلان يعصف بكذا ،  وفي القرآن : {  كعصف(  ) مأكول .  . ( 5 ) }[ الفيل ] . إذن : {  ريح عاصف } هي الريح المدمرة المغرقة .  وقوله الحق : {  وجاءهم الموج من كل مكان } .

فالموج يأتي من أسفل ،  والريح تأتي من أعلى ،  وترفع الريح الموج فيدخل الموج إلى المركب ،  ونعلم أنهم يقيسون ارتفاع الموج كل يوم حسب قوة الريح ،  فحين تكون الريح خفيفة ؛  يظهر سطح مياه البحر مجعدا(  ) ،  وحين تكون الريح ساكنة ؛  فأنت لا تجد صفحة المياه مجعدة ،  بل مبسوطة ،  وقد جاءتهم الريح عاصفا فيزداد عنف الموج ،  ويتحقق نتيجة لذلك الظن بأنهم قد أحيط بهم .

ومعنى الإحاطة هو عدم وجود منفذ للفرار ؛  ولذلك نجد الحق سبحانه يتكلم عن الكافرين بقوله : {  والله محيط بالكافرين .  . ( 19 ) }[ البقرة ] . أي :  ليس هناك منفذ يفلتون منه .

ولحظة ظنهم أنه قد أحيط بهم ؛  لا يسلمون أنفسهم لهذه الحالة ؛  بدعوى الاعتزاز بأنفسهم غريزيا ،  بل يتجهون إلى الله بالدعاء ،  هذا الإله الذي أنكروه ،  لكنهم لحظة الخطر لا يكذب أحد على نفسه أو يخدعها(  ) .

ولذلك نجد سيدنا جعفر الصادق يجيب على سائل سأله :  أهناك دليل على وجود الصانع الأعلى ؟  فيقول سيدنا جعفر :  ما عملك ؟  فيجيب السائل :  تاجر أبحر في البحر .  فسأله سيدنا جعفر :  أو لم يحدث لك فيه حال ؟  قال الرجل :  بل حدث .  فسأل سيدنا جعفر :  ما هو ؟  قال :  حملت بضائعي في سفينة ،  فهبت الريح وعلا الموج وغرقت السفينة وتعلقت بلوح من الخشب .  قال سيدنا جعفر :  ألم يخطر على بالك أن تفزع إلى شيء ؟  قال الرجل :  نعم .  قال سيدنا جعفر :  هذا الصانع الأعلى .

وكذلك لجأ هؤلاء الذين كفروا بالله إلى الله تعالى حين عصفت بهم الريح ،  وعلا عليهم الموج ،  وظنوا أنهم قد أحيط بهم ويقول الحق سبحانه وتعالى عنهم- وهم في مثل هذه الحالة : {  دعوا الله مخلصين له الدين } وهذا يعني أنهم لم يدعوه فقط ،  بل دعوه بإخلاص وأقروا بوحدانيته ،  وألا شريك له أبدا ؛  لأنهم يعلمون أن مثل هذا الشريك لن ينفعهم أبدا ."
10,23,"ثم يجيء الحق سبحانه بصيغة دعائهم : {  لئن أنجيتنا من هذه لنكونن من الشاكرين } .  فهل وفوا بالعهد ؟  لا ؛  لأن الحق سبحانه يقول بعد ذلك : {  فلما أنجاهم إذا هم يبغون في الأرض بغير الحق يا أيها الناس إنما بغيكم على أنفسكم متاع الحياة الدنيا ثم إلينا مرجعكم فننبئكم بما كنتم تعملون( 23 ) } :

وبعد أن أنجاهم الحق سبحانه مباشرة تأتي  "" إذا ""  الفجائية لتوضح لنا أنهم لم ينتظروا إلى أن يستردوا أنفسهم ،  أو تمر فترة زمنية بينهم وبين الدعاء ،  وتحقق نتيجة الضراعة ،  لا ،  بل بغوا(  )-على الفور- في الأرض {  فلما أنجاهم إذا هم يبغون في الأرض بغير الحق } .

والبغي :  هو تجاوز الحد في الظلم وهو إفساد ؛  لأن الإنسان إذا ما أخرج أي شيء عن صلاحه ،  يقال :  "" بغي عليه ""  ، فإن حفرت طريقا ممهدا ؛  فهذا إفساد ،  وإن ألقين بنفاية(  ) في بئر يشرب منه الناس ؛  فهذا إفساد وبغي ،  وأي شيء قائم على الصلاح فتخرجه عن مهمته وتطرأ عليه بما يفسده ؛  فهذا بغي .

والبغي :  أعلى مراتب الظلم ؛  لأن الحق سبحانه هو القائل : {  إن قارون كان منة قوم موسى فبغى عليهم .  . ( 76 ) }[ القصص ] .

ويعطينا رسول الله صلى الله عليه وسلم صورة البغي الممثلة في الاعتداء بالفساد على الأمر الصالح ،  فيقول صلى الله عليه وسلم :  "" أسرع الخير ثوابا :  البر وصلة الرحم ،  وأسرع الشر عقوبة :  البغي وقطيعة الرحم "" (  ) .

والحق سبحانه لا يؤخر عقاب البغي وقطيعة الرحم على الآخرة ،  بل يعاقب عليهما في الدنيا ؛  حتى يتوازن المجتمع ؛  لأنك إن رأيت ظالما يحيا في رضا ورخاء ثم يموت بخير ،  فكل من يراه ويعلم ظلمه ولم يجد له عقابا في الدنيا ،  سوف يستشري في الظلم .

ولذلك تجد أن عقاب الله تعالى لمثل هذا الظالم في الدنيا وأن يرى الناس نهايته السيئة ،  وحين يرى الناس ذلك يتعظون ؛  فلا يظلمون ،  وهذا ما يحقق التوازن في المجتمع .

وإلا فلو ترك الله سبحانه الأمر لجزاء الآخرة ؛  لشقي المجتمع بمن لا يؤمنون بالآخرة ويحترفون البغي ؛  ولذلك يرى الناس عذابهم في الدنيا ،  ثم يكون لهم موقعهم من النار في الآخرة .

ويقول صلى الله عليه وسلم محذرا :  "" لا تبغ ،  ولا تكن باغيا "" (  ) . فالباغي إنما يصنع خللا في توازن المجتمع .  والذي يبغي إنما يأخذ حق الغير ،  ليستمتع بناتج من غير كده وعمله ،  ويتحول إلى إنسان يحترف فرض الإتاوات(  ) على الناس ،  ويكسل عن أي عمل غير ذلك .  وأنت ترى ذلك في أبسط المواقع والأحياء ،  حين يحترف بعض ممن يغترون بقوتهم الجسدية ،  وقد تحولوا إلى ( فتوات ) (  ) يستأجرهم البعض لإيذاء الآخرين ،  والواحد من هؤلاء إنما احترف الأكل من غير بذل جهد في عمل شريف .

والبغي-إذن- هو عمل من يفسد على الناس حركة الحياة ؛  لأن من يقع عليهم ظلم البغي ،  إنما يزهدون في الكد والعمل الشريف الطاهر .  وإذا ما زهد الناس في الكد والعمل الشريف ؛  تعطلت حركة الحياة ،  وتعطلت مصالح البشر ،  بل إن مصالح الظالم نفسها تتعطل ؛  ولذلك قال الحق سبحانه : {  إذا هم يبغون في الأرض بغير الحق .  . ( 23 ) }[ يونس ] : ولقائل أن يسأل :  هل هناك بغي بحق ؟

أقول :  نعم ؛  لأن البغي اعتداء على الصالح بإفساد .  وأنت ساعة ترى إنسانا يفسد الشيء الصالح ،  فتسأله :  لماذا تفعل ذلك ؛  وقد يجيبك بأن غرضه هو الإصلاح ،  ويعدد لك أسبابا لهذا البغي ،  فهذا بغي بحق ،  أما عن كان بغيا بدون سبب شرعي فهذا هو البغي ،  بل قمته .

ومثال البغي بحق ،  أقول :  ألم يستول النبي صلى الله عليه وسلم على أرض  "" بنى قريظة ""  ،  وأحرق زرعهم وقطع الأشجار في أراضيهم ،  وهدم دورهم ؟  أليس في ذلك اعتداء على الصالح ؟  .

لقد فعل رسول الله صلى الله عليه وسلم ذلك ؛  لأنه رد على عدوان أقسى من ذلك .  وهكذا نرى أن هناك بغيا بحق ،  وبغيا بغير حق .  ولذلك يسمى الله جزاء السيئة سيئة مثلها(  ) ،  ويقول سبحانه : {  فمن اعتدى عليكم فاعتدوا عليه( 194 ) }[ البقرة ] : ويسميه الحق سبحانه  "" اعتداء ""  رغم أنه ليس اعتداء ،  بل رد الاعتداء .

ويطلقها الحق سبحانه وتعالى قضية تظل إلى الأبد بعد ما تقدم ،  فيقول : {  يا أيها الناس إنما بغيكم على أنفسكم متاع الحياة الدنيا( 23 ) }[ يونس ] : وهنا يبين الله سبحانه وتعالى وكأنه يخاطب الباغي :  يا من تريد أن تأخذ حق غيرك ،  اعلم أن قصارى(  ) ما يعطيك أخذ هذا الحق هو بعض من متاع الدنيا ،  ثم تجازى من بعد ذلك بنار أبدية(  ) .

وأنت إن قارنت زمن المتعة المغتصبة الناتجة عن البغي بزمن العقاب عليها ؛  لوجدت أن المتعة رخيصة هينة بالنسبة إلى العقاب الذي سوف تناله عليها ولا تأخذ عمرك في الدنيا قياسا على عمر الدنيا نفسها ؛  لأن الحق سبحانه قد يشاء أن يجعل عمر الدنيا عشرين مليونا من السنوات ،  لكن عمرك فيها محدود .

فاربأوا(  ) على أنفسكم وافهموا إن متاع الدنيا قليل ،  إن كان هذا المتاع نتيجة ظلمكم لأنفسكم ؛  لأن نتيجة هذا الظلم إنما تقع عليكم ؛  لأن مقتضى ما يعطيكم هذا الظلم من المتعة والنعمة هو أمر محدود بحياتكم في الدنيا ،  وحياتكم فيها محدودة ،  ولا يظن الواحد أن عمره هو عمر البشرية في الدنيا ،  ولكن ليقس كل واحد منكم عمره في الدنيا وهو محدود .

ولذلك يقول الحق سبحانه في آية أخرى : {  قل متاع الدنيا قليل .  . ( 77 ) }[ النساء ] : وهنا يؤكد الحق سبحانه : {  إنما بغيكم على أنفسكم ( 23 ) }[ يونس ] .

وقد يتمثل جزاء البغي في أن يشاء الحق سبحانه ألا يموت الظالم إلا بعد أن يرى مظلومه في خير مما أخذ منه ؛  ولذلك أقول دائما :  لو علم الظالم ما ادخره الله للمظلوم من الخير ؛  لضن عليه بالظلم .

وعلى فرض أن الظالم يتمتع بظلمه وهو متاع الدنيا القليل ،  نجد الحق سبحانه يقول : {  ثم إلينا مرجعكم .  . ( 23 ) }[ يونس ] .

وحين نرجع إلى الله تعالى فلا ظلم أبدا ؛  لأن أحدكم لن يظلم أو يظلم فكل منكم سوف يلقى ما ينبئه به الله سبحانه إن ثوابا أو عقابا ؛  مصدقا لقوله الحق : {  ثم إلينا مرجعكم فننبئكم(  ) بما كنتم تعملون( 23 ) }[ يونس ] : وقد جاء الخبر عن نبأ الجزاء من قبل أن يقع ؛  ليعلم الجميع أن لكل فعل مقابلا من ثواب أو عقاب ،  كما أن في ذكر النبأ مقدما تقريعا لمن يظلمون أنفسهم بالبغي ."
10,24,"ويقول الحق سبحانه بعد ذلك :

{  إنما مثل الحياة الدنيا كماء أنزلناه من السماء فاختلط به نبات الأرض مما يأكل الناس والأنعام حتى إذا أخذت الأرض زخرفها وازينت(  ) وظن أهلها أنهم قادرون عليها أتاها أمرنا ليلا أو نهارا فجعلناها حصيدا كأن لم تغن بالأمس كذلك نفصل الآيات لقوم يتفكرون( 24 ) } :

والماء الذي ينزل من السماء ،  هو الماء الصالح للري وللسقي ؛  لأن المياه الموجودة في الوجود ،  هي مخازن للحياة ،  وغالبا ما تكون مالحة ،  كمياه البحار والمحيطات ،  وشاء الحق سبحانه ذلك ؛  لحمايتها من العفن والفساد ،  ثم تتم عملية تقطير المياه بأشعة الشمس التي تحول الماء إلى البخار ،  ويتجمع البخار كسحاب ،  ثم يسقط ماء عذبا مقطرا صالحا للشرب والري .

والحق سبحانه يقول هنا : {  كماء أنزلناه من السماء فاختلط به نبات الأرض( 24 ) }[ يونس ] : والاختلاط :  اجتماع شيئين أو أشياء على هيئة الانفصال بحيث يمكن أن تعزل هذا عن ذاك ،  فإن خلطت بعضا من حبات الفول مع بعض من حبات الترمس ؛  فأنت تستطيع أن تفصل أيا منهما عن الأخرى ،  ولكن هناك لونا آخر من جمع الأشياء على هيئة المزج ،  مثلما تعصر ليمونة على ماء محلى بالسكر ،  وهذا ينتج عنه ذوبان كل جزئ من الليمون والسكر في جزئيات الماء .

وهنا يقول الحق سبحانه : {  كماء أنزلناه من السماء فاختلط به نبات الأرض }وقد يفهم من ذلك أن الماء والنبات قد اختلطا معا ،  لكن النبات- كما نعلم- ككائن حي مخلوق من الماء مصداقا لقول الحق سبحانه : {  وجعلنا من الماء كل شيء حي .  . ( 30 ) }[ الأنبياء ] .

وهنا لا بد أن نلتفت إلى الفارق بين  "" باء ""  الخلط ،  و "" باء ""  السببية(  ) فالباء هنا في هذه الآية هي باء السببية ،  وبذلك يكون المعنى :  فاختلط بسببه نبات الأرض .  وأنت ترى بعد سقوط المطر على الأرض أن المياه تغطي الأرض ،  ثم تجد بعد ذلك بأيام أو أسابيع ،  أن سطح الأرض مغطى بالزروع ،  وكلها مختلطة متشابكة ،  وكلما تشابكت الزروع مع بعضها فهذا دليل على أن الري موجود والخصوبة في هذه الأرض عالية ،  وهذا نتيجة تفاعل الماء مع التربة .

أما إن كانت الأرض غير خصبة ،  فأنت تجد نبتة في منطقة من الأرض ،  وأخرى متباعدة عنها ،  هذا ما يطلق عليه أهل الريف المصري أثناء زراعة الذرة-على سبيل المثال :  "" الذرة تفلس ""  أي :  أن كل عود من أعواد الذرة يتباعد عن الآخر نتيجة عدم خصوبة الأرض .

إذن :  فخصوبة الأرض لها أساس هام في الإنبات والماء موجود لإذابة عناصر الغذاء للنبات ،  فتنتشر بها جذور النبات .

وإن سمحت لك الظروف بزيارة المراكز العلمية للزراعة في  "" طوكيو ""  أو  "" كاليفورنيا ""  ؛  فلسوف ترى أنهم يزرعون النبات على خيوط رفيعة ؛  تسقى بالماء الذي يحتوي على عناصر الغذاء اللازمة للإنبات ؛  لأنهم وجدوا أن أي نبات يأخذ من الأرض المواد اللازمة لإنباته بما لا يتجاوز خمسة في المائة من وزنه ،  ويأخذ من الهواء خمسة وتسعين في المائة من وزنه .

إذن :  فالمطر النازل من السماء خلال الهواء هو الذي يذيب عناصر الأرض ؛  ليمتصها النبات .

والحق سبحانه وتعالى هنا أراد أن يضرب لنا المثل ،  والمثل :  هو قول شبه مضربه بمولده ،  أي شيء نريد أن نمثله بالشيء ،  ولا بد أن يكون الشيء الممثل به معلوما ،  والشيء المأخوذ كمثل هو الذي نريد أن نوضح صورته ؛  ولذلك لا يصح أن نمثل مجهولا بمجهول ،  وإنما نمثل مجهولا بمعلوم .

وتجد من يقول لك :  ألا تعرف فلانا ؟  فتقول :  لا أعرفه ،  فيرد عليك صاحبك :  إنه مثل فلان في الشكل .  وهكذا عرفت المجهول بمعلوم .

وبعض من الذين يحاولون الاعتراض على القرآن ،  دخلوا من هذه الناحية ،  وقالوا :  إذا كان الشيء مجهولا ونريد أن نعرف به ،  ألا نعرفه بمعلوم ؟  فما بال الله-سبحانه وتعالى- يقول في شجرة الزقوم(  ) : {  إنها شجرة تخرج في أصل الجحيم( 64 ) طلعها(  ) كأنه رءوس الشياطين( 65 ) }[ الصافات ] .

ما بال الله سبحانه يبين شجرة الزقوم ،  وهي شجرة في النار لا نعرفها ،  فيعرفها للمؤمنين به بأن طلعها يشبه رءوس الشياطين ،  وبذلك يكون سبحانه قد مثل مجهولا بمجهول .  والذين قالوا ذلك فاتهم أن الذي يتكلم هو الله تعالى .  وقد أراد الحق سبحانه أن يمثل لنا شجرة الزقوم بشيء بشع معلوم لنا ،  والبشع المعلوم هو الشيطان .

وشاء الحق سبحانه ألا يحدد البشاعة ؛  حتى لا ينقضي التشبيه ؛  لأن الشيء قد يكون بشعا في نظرك ،  وغير بشع في نظر غيرك .  ويريد الله سبحانه أن يبشع طلع شجرة الزقوم ؛  فاختار الشيء المتفق على بشاعته ،  وهو رءوس الشياطين ،  وليتصور كل إنسان صورة الشيطان ،  بما ينفر منه ويقبحه ،  وهكذا تتجلى عظمة الحق سبحانه في أن جعل شكل الشيطان مبهما(  ) .

وأما المثل الذي نحن بصدده هنا وهو تشبيه الحياة الدنيا بأنها كالماء الذي أنزله الحق سبحانه من السماء فاختلط به نبات الأرض ،  والحياة الدنيا نحن ندرك بعضها ،  وكل منا يدرك فترة منها ،  ولم يدرك أولها ،  وقد لا يدرك آخرها ،  فجاء الحق سبحانه بمثل يراه كل واحد منا ،  وهو الزرع الذي يرتوي بالمطر ،  فأراد الحق سبحانه أن يجمع لنا صورة الدنيا في مثل معروف لنا جميعا ،  وندركه ؛  فندرك ما سبق ،  وما يلحق ،  فكل شيء يأخذ حظه في الازدهار ،  والجمال ،  ثم ينتهي ،  كذلك الدنيا .

يقول الحق سبحانه : {  كماء أنزلناه من السماء فاختلط به نبات الأرض مما يأكل الناس والأنعام حتى إذا أخذت الأرض زخرفها وازينت وظن أهلها أنهم قادرون عليها أتاها أمرنا ليلا أو نهارا فجعلنا حصيدا كان لم تغن بالأمس )( 24 ) }[ يونس ] :

والزخرف :  هو الشيء الجميل المستميل للنفس وتسر به حينما تراه ،  وتتزين الدنيا بالألوان المتنوعة في تنسيق بديع ،  ثم يصبح كل ذلك حصيدا(  ) وهذا ما نراه في حياتنا ،  وهذا جمع الله سبحانه وتعالى مثل الحياة من أولها إلى أخرها بالصورة المرئية لكل إنسان ،  حتى لا يخدع إنسان بزخرف الدنيا ولا بزينتها .

والحق سبحانه هو القائل : {  فلينظر الإنسان إلى طعامه( 24 ) أنا صببنا الماء صبا( 25 ) ثم شققنا الأرض شقا( 26 ) فانبتنا فيها حبا( 27 ) وعنبا وقضبا(  )( 28 ) وزيتونا ونخلا( 29 ) وحدائق غلبا(  )( 30 ) وفاكهة وأبا(  )( 31 ) متاعا لكم ولأنعامكم( 32 ) فإذا جاءت الصاخة(  )( 33 ) يوم يفر المرء من أخيه( 34 ) وأمه وأبيه( 35 ) وصاحبته وبنيه( 36 ) لكل امرئ منهم يومئذ شأن يغنيه( 37 ) }[ عبس ] .

إذن :  فالدنيا بكل جمالها الذي تراه إنما تذوي(  ) ،  وما تراه من بديع ألوانها إنما يذبل ،  ومهما ازدانت الدنيا فهي إلى زوال ،  فإياك أن تبغي ؛  لأن البغي فيه متاع الدنيا ،  والدنيا كلها إلى زوال ؛  كزوال الروض التي ينزل عليها المطر ؛  فتنبت الأرض الأزهار ،  ثم يذوي كل ذلك .

وقد قال الحق سبحانه : {  إنا بلوناهم كما بلونا أصحاب الجنة إذ أقسموا ليصرمنها مصبحين( 17 ) ولا يستثنون( 18 ) فطاف عليها طائف من ربك وهم نائمون( 19 ) فأصبحت كالصريم(  ) ( 20 ) } . [ القلم ] : إذن :  فالدنيا بهذا الشكل وعلى هذا الحال .

وهنا يقول الحق سبحانه : {  حتى إذا أخذت الأرض زخرفها وازينت( 24 ) }[ يونس ] :

والأرض تتزين بأمر ربها ،  والحق سبحانه ينسب الإدراكات إلى ما لا نعرف أن له عقلا أو إرادة .  ألم يقل الحق سبحانه في قصة العبد الصالح : {  فانطلقا حتى إذا أتيا أهل القرية استطعما أهلها فأبوا أن يضيفوهما فوجدا فيها جدارا يريد أن ينقض(  ) .  . ( 77 ) }[ الكهف ] : فهل يملك الجدار إرادة أن ينقض ؟  ولو حققنا أمر جيدا ؛  لوجدنا أن الحق سبحانه جعل لكل كائن في الوجود حياة تناسبه ،  وله إرادة تناسبه ،  وله انفعال يناسبه .  وقد ضرب الحق سبحانه لنا في ذلك صورا شتى ،  فنجد أن الشيء الذي يعز على عقولنا أن تفهمه يبرز لنا ببيان من الله تعالى .

ومثال هذا :  معرفة الهدهد في قصة سليمان عليه السلام بالتوحيد ،  وكيف أخبر هذا الهدهد سيدنا سليمان عليه السلام بحكاية مملكة سبأ حيث يسجد الناس هناك للشمس من دون الله ،  فكأن الهدهد قد علم من يستحق السجود له إذ قال : {  ألا يسجدوا لله الذي يخرج الخبء(  ) في السماوات والأرض .  . ( 25 ) }[ النمل ] :

ومن كان يظن أن الهدهد ،  وهو طائر ،  يكون على هذه البصيرة بالعقائد على أصفى ما تكون ؟  لأن الحق سبحانه أراد أن يبين لنا أن هذا الطائر لا هوى له يفسد عقيدته ،  وأن أهواءنا هي التي تفسد العقائد ،  ومن أعطاه الله سبحانه البدائل هو الذي يفسد الاختيار ما دام لا يحرس الاختيار بالإيمان ،  وأن يختار في ضوء منهج الله تعالى .

ونحن نرى أن ما دون الإنسان من طائر أو حيوان لا يفسد شيئا ؛  لأن غريزته تقوده ،  فلا نجد حيوانا يأكل فوق طاقته ،  لكننا نجد إنسانا يصيب نفسه بالتخمة(  ) ،  ولا نجد حمارا يقفز فوق قناة من الماء لا يقدر عليها ،  بل نراه وهو يتراجع عنها ،  ولكنا نجد إنسانا يشمر عن ساعديه(  ) ؛  ليقفز فوق قناة مياه ؛  فيقع فيها(  ) .

إذن :  فنحن بأهوائنا التي تسيطر على غرائزنا نوقع أنفسنا فيما يضرنا ،  ما لم نحرس أنفسنا بمنهج الله سبحانه وتعالى .  ونجد في مثال الهدهد صفاء عقديا في التوحيد كأصفى ما يكون المتصوفة ،  ويأتي بما يهمه{  إلا يسجدوا لله الذي يخرج الخبء في السماوات والأرض } :  لأن الخبء هو رزق الهدهد ،  فهو لا يأكل من الشيء الظاهر على سطح الأرض ،  بل يضرب بمنقاره الأرض ؛  ليأتي لنفسه بما يطعمه .

ويعطينا الحق سبحانه مثلا آخر بالنملة التي قالت : {  يا أيها النمل ادخلوا مساكنكم لا يحطمنكم سليمان وجنوده وهم لا يشعرون( 18 ) }[ النمل ] : وهذه دقة عدالة من هذه النملة ،  فإنها لم تقل :  إن سليمان وجنوده سيحطمون أخواتنا من النمل ظلما لهم ،  بل قالت : {  وهم لا يشعرون } لأنكم لا تظهرون تحت أرجلهم .

إذن :  كل كائن في الوجود له حياة تناسبه ،  ولكن الآفة أننا نريد أن نتصور الحياة في كل كائن ،  كتصورها في الكائن الأعلى وهو الإنسان .

ولا بد لنا أن نعلم أن النبات له حياة تناسبه ،  والحيوان له حياة تناسبه ،  والجماد له حياة تناسبه ،  وكل شيء في الحياة له لون من الحياة المناسبة له .

وقد أوضحنا من قبل أن الحق سبحانه قد قال : {  ليهلك من هلك عن بينة ويحيى من حي عن بينة .  . ( 42 ) }[ الأنفال ] : والهلاك مقابل للحياة ،  والحياة مقابلة للموت ،  والهلاك يساوي الموت .  والحق سبحانه يصور الحالة يوم القيامة فيقول : {  كل شيء هالك إلا وجهه .  . ( 88 ) }[ القصص ] : إذن :  فالجماد هالك ،  ولكنه يتمتع بلون من الحياة لا نعرفه ،  وكذلك كل كائن له حياة تناسبه ،  والآفة أن الإنسان يريد أن يعرف الحياة التي في الجماد كالحياة في الإنسان .

وانظر إلى دقة الأداء القرآني في قوله الحق : {  حتى إذا أخذت الأرض زخرفها وازينت وظن أهلها أنهم قادرون عليها أتاها أمرنا ليلا أو نهارا ( 24 ) }[ يونس ] :

وقد جاء هذا القول من قبل أن يتقدم العلم ويثبت أن الأرض تشبه الكرة ،  وأنها تدور ،  وأن كل ليل يقابله نهار ،  وكذلك جاء قول الحق سبحانه : {  أفأمن أهل القرى أن يأتيهم بأسنا بياتا وهم نائمون( 97 ) أو أمن أهل القرى أن يأتيهم بأسنا ضحى .  . ( 98 ) }[ الأعراف ] : إذن :  فأمر الله سبحانه يتحقق حين يشاء ،  وهو أمر واحد عند من يكونون في ضحى أو في ليل .

ثم يقول الحق سبحانه : {  فجعلناها حصيدا(  ) كأن أم تغن(  ) بالأمس( 24 ) }[ يونس ] : أي :  كأنها لم يكن لها وجود .

وينهي الحق سبحانه الآية بقوله : {  كذلك نفصل الآيات لقوم يتفكرون( 24 ) }[ يونس ] :

فإذا كانت الدنيا كلها مثل عملية الزرع في الأرض الذي ينمو ويزدهر ويزدان ،  ثم ينتهي ،  ألا يجب أن ننتبه على أن كل زخرف إلى زوال ؛  وعلينا ألا نفتتن بزينة الدنيا ومتاعها في شيء ،  وأن نحرص على ألا نبغي في الأرض ؛  لأن البغي متاع الحياة الدنيا ،  وهي إلى زوال(  ) .

ونجد القرآن يأتي بذكر التفصيل للآيات ،  ويتبع ذلك بأن هذا التفصيل لقوم  "" يتفكرون ""  ،  أو "" يتذكرون ""  ،  أو "" يعقلون ""  ،  أو  "" يتدبرون ""  .

وكل هذه عمليات تتناول المعلوم الواحد في مراحل متعددة ،  فالتعقل : هو أن تأتي بالمقدمات ؛  لتستنبط ولترى إلى أي نتائج تصل .  والتذكر يعني :  ألا تنسى وألا تغفل عن الأمر الهام .  والتفكر :  هو أن تعمل الفكر .  والفارق بين الفكر والعقل هو أن العقل أداة التفكر .  والتدبر(  ) :  هو ألا تنظر إلى ظواهر الأشياء ،  بل إلى المعطيات الخفية في أي أمر .

والحق سبحانه يقول : {  أفلا يتدبرون القرآن .  . ( 82 ) }[ النساء ] : أي :  اجعل بصيرتك تمحص البدايات والنهايات ؛  لتعرف أن المرجع والمصير إلى الله تعالى .  والعاقل هو من يعد نفسه للقاء الله سبحانه ،  وقد يرهق نفسه في الدنيا الفانية ؛  ليستريح في الآخرة .

وإذا نظرنا إلى الدنيا والآخرة من خلال معادلة تجارية ،  سنجد أن الآخرة لا بد وأن ترجح كفتها ؛  لأن عمر الإنسان في الدنيا مظنون ،  ولا يعرف فرد هل يحيا في الدنيا عاما أو عشرة أو سبعين أو مائة عام .

ومهما طالت الدنيا مع كل الخلق فهي منتهية ،  والنعيم فيها على قدر إمكاناتك البشرية وعلى قدر تصورك للنعيم ،  أما الآخرة فهي بلا نهاية ،  وأمر الإنسان فيها متيقن ،  والنعيم فيها على قدر عطاءات الله تعالى ومراده سبحانه للنعيم .  فإن قارنت هذا بذاك وقارنت الدنيا بالآخرة لرجحت كفة الآخرة . لذلك يقول الحق سبحانه : {  وإن الدار الآخرة لهي الحيوان(  ) لو كانوا يعلمون( 64 ) } [ العنكبوت ] .

وفي قوله تعالى : {  لهي الحيوان } .  مبالغة في كونها حياة لا فناء فيها .  فاتبع منهج الله سبحانه ؛  ليأخذك هذا المنهج إلى دار السلام والسلامة من الآفات .  اضمن لنفسك الخروج من دار الفناء والأغيار ،  وضع يدك في يد من يدعوك إلى دار السلام .

ولذلك يقول الحق سبحانه :

{  والله يدعوا إلى دار السلام(  ) ويهدي من يشاء إلى صراط مستقيم( 25 ) } :"
10,25,"ودار السلام :  هي الآخرة التي تختلف عن دار الدنيا المليئة بالمتاعب ،  هذه الدنيا التي تزهو وتتزخرف ،  وتنتهي إلى حطيم ؛  لذلك يدعو الله تعالى على دار أخرى ،  هي دار السلام ؛  لأن من المنغصات على أهل الدنيا ،  أن الواحد منهم قد يأخذ حظه جاها ،  ومالا ،  وصحة ،  وعافية ،  ولكن في ظل أرق من أمرين :  الأول هو الخوف من أن يفوته هذا النعيم وهو حي ،  والثاني أن يفوت هو النعيم .

أما الآخرة فالإنسان يحيا فيها في نعيم مقيم ؛  ولذلك يقول الله سبحانه : {  والله يدعو إلى دار السلام } .

وهذه الآخرة لن يشاغب فيها أحد الآخر ،  ولن تجد من يأكل عرق غيره ومثلها يحدث في الدنيا(  ) ،  وإذا كنا نعيش في الدنيا بأسباب الله ،  فنحن في الآخرة نعيش بالله سبحانه وتعالى ،  فكل ما يخطر على بالك تجده .

فإذا كانت الأسباب تتنوع في الدنيا وتختلف قدرات الناس فيها مع أخذهم بالأسباب ،  فإنهم في الآخرة يعيشون مع عطاء الله سبحانه دون جهد أو أسباب ؛  لأن درا السلام هي دار الله تعالى ،  فالله تعالى هو السلام .

ولله المثلى الأعلى ،  فأنت إذا دعاك ولي أمرك إلى داره ،  فهو يعد لدعوتك على قدره هو ،  وبما يناسب مقامه ،  فما بالك حين يدعوك خالقك سبحانه وقد اتبعت منهجه .  إنه سبحانه هو القائل : {  إن أصحاب الجنة اليوم في شغل فاكهون(  )( 55 ) هم وأزواجهم في ظلال على الأرائك متكئون(  )( 56 ) لهم فيها فاكهة ولهم ما يدعون( 57 ) سلام قولا من رب رحيم( 58 ) }[ يس ] : وهذا السلام ليس من البشر ؛  لأن من البشر من يعطيك السلام وهو يكن لك غير السلام ،  أو قد يعطيك السلام وهو يريد بك السلام ،  ولكنه من الأغيار(  ) ؛  فيتغير فلا يقدر أن يعطيك هذا السلام ،  لكن إذا ما جاء السلام من الله تعالى ،  فهو سلام من رب لا يعجزه شيء ،  ولا يعوزه شيء ،  ولا تلحقه أغيار ؛  لذلك يقول سبحانه : {  والملائكة يدخلون عليهم من كل باب( 23 ) سلام عليكم .  . ( 24 ) }[ الرعد ] : والملائكة حين يقولون ذلك إنما اخذوا سلامهم من باطن سلام الله تعالى ،  وحتى أصحاب الأعراف(  ) الذين لم يدخلوا الجنة ،  ويرون أهل الجنة وأهل النار ،  هؤلاء يلقون السلام على أهل الجنة .  وهكذا يحيا أهل الجنة في سلام شامل ومحيط ومطمئن ؛  لأن الداعي هو الله سبحانه ،  ولا أحد يجبره على أن ينقض سلامه .

ودعوة الله سبحانه هي منهجه الذي أرسل به الرسل ؛  ليحكم به حركة الحياة حركة إيمانية ،  يتعايش فيها الناس تعايشا على وفق منهج الله تعالى ،  بما يجعل هذه الدنيا مثل الجنة ،  ولكن الذي يرهق الناس في الدنيا أن بعض الناس يعطلون جزئية أو جزئيات من منهج(  ) الله سبحانه .

وأنت إذا رأيت مجتمعا فيه لون من الشقاء في أي جهة ؛  فاعلم أن جزءا من منهج الله تعالى قد عطل .

ولو أن الناس قد ساروا على منهج الله سبحانه وتعالى ؛  لما كان بالوجود عورة واحدة ؛  فالذي يظهر عورات الوجود هو غفلة بعض الناس عن منهج الله سبحانه .

وأنت إن رأيت فقراء لا يجدون ما يأكلونه ؛  فاعلم أن هناك من عطل منهج الله تعالى ،  إما من الفقراء أنفسهم ،  الذين استمرأ(  ) بعضهم الكسل ،  وإما أن الأغنياء قد ضنوا برعاية حق الله تعالى في هؤلاء الفقراء ؛  وبذلك يتعطل منهج الله سبحانه .

أما إذا سيطر منهج الله تعالى على الحياة ؛  لصارت الحياة مثل الجنة .

ويقول الحق سبحانه : {  ويهدي من يشاء إلى صراط مستقيم } ونعلم أن الهداية نوعان :  هداية الدلالة بالمنهج ،  فمن أخذ المنهج سهل الله تعالى له طريق الصراط المستقيم ؛  وبذلك انتقل العبد من مرحلة الهداية بالدلالة إلى الهداية بالمعونة ،  وحين تقوم القيامة يهديهم الله سبحانه بالنور إلى الجنة : {  يهديهم ربهم بإيمانهم .  . ( 9 ) }[ يونس ] : إذن :  فمن أخذ هداية الله بالدلالة وهي المنهج ،  واتبع هذا المنهج ؛  فالحق سبحانه يجعل له نورا يسعى بين يديه : {  نورهم يسعى بين أيديهم وبأيمانهم .  . ( 8 ) }[ التحريم ] .

والحق سبحانه يقول : {  ويهدي من يشاء( 25 ) }[ يونس ] : لأن كل شيء في هذا الكون لا يخرج عن مشيئته سبحانه ،  فالقوانين لا تحكمه ،  بل هو الذي يحكم كل شيء .

وإذا كان الله قد بين من شاء هدايته ،  فهو أيضا قد بين لنا من شاء إضلاله بقوله سبحانه : {  والله لا يهدي القوم الكافرين( 37 ) }[ التوبة ] ، وقوله سبحانه : {  والله لا يهدي القوم الفاسقين( 24 ) }[ التوبة ] : إذن :  فقد بين الحق سبحانه لنا من الذين يهديهم على الجنة ومن الذين لا يهديهم ،  فلا يقولن أحد :  وما ذنب الكافرين والفاسقين(  ) ؟  لأن الحق سبحانه قد بين منهجه ،  فمن أخذ به ؛  جعل له نورا يسعى بين يديه ،  ويدخله الجنة ."
10,26,"وبعد ذلك يقول الحق سبحانه :

{  للذين أحسنوا الحسنى وزيادة ولا يرهق وجوههم قتر ولا ذلة أولئك أصحاب الجنة هم فيها خالدون( 26 ) } :

وكلمة {  الحسنى } مثلها مثل قولنا :  "" امرأة فضلى ""  ونقول أيضا :  امرأة كبرى ،  وهي أفعل تفضيل ،  أي :  مبالغة في الفضل(  ) .

والمقصود بقوله سبحانه : {  للذين أحسنوا الحسنى } أي :  بالغوا في أداء الحسنات ،  والحسنة كما نعلم بعشرة أمثالها ،  وهنا يقول الحق سبحانه : {  للذين أحسنوا الحسنى وزيادة } فما هذه الزيادة ؟

نقول :  هي عطاء زائد في الحسنات ،  فهناك  "" كادر ""  للجزاء بالحسنات ،  يبدأ بعشرة أمثال الحسنة ويصل إلى سبعمائة ضعف ،  أما السيئة فبواحدة(  ) .  وهذا  ""  الكادر ""  لا يحدد فضل الله تعالى ،  بل الحق سبحانه يزيد من فضله من يشاء .

ولذلك يجب ألا نفرق بين عدل الله سبحانه في أن الشيء يساوي الشيء ،  وفضل الله تعالى في أن يجزى على الشيء الحسن بأضعاف أضعاف ما نتصور .

والحق سبحانه يقول : {  قل بفضل الله وبرحمته فبذلك فليفرحوا .  . ( 58 ) }[ يونس ] .

وقال قوم من العارفين بالله :  إن الزيادة المقصودة هي في العشرة الأمثال والسبعمائة ضعف ،  والفضل هو ما فوق ذلك .

وهكذا تتعدد مراتب الجزاء :  فهناك العشرة الأمثال ،  والسبعمائة ضعف ،  والحسنى ،  والزيادة عن الحسنى ،  وقد قال رسول الله صلى الله عليه وسلم في ذلك :  "" إذا دخل أهل الجنة لجنة قال :  يقول الله تبارك وتعالى :  تريدون شيئا أزيدكم .  فيقولون :  ألم تبيض وجوهنا ؟  ألم تدخلنا الجنة وتنجنا من النار ؟  قال :  فيكشف الحجاب فما أعطوا شيئا أحب إليهم من النظر إلى ربهم عز وجل "" (  ) .

ثم يقول الحق سبحانه : {  ولا يرهق وجوههم قتر ولا ذلة } أي :  لا يغطي وجوههم غبار ،  وهو سبحانه القائل : {  وجوه يومئذ ناضرة( 22 ) إلى ربها ناظرة( 23 ) }[ القيامة ] ، وهو سبحانه القائل : {  ووجوه يومئذ عليها غبرة( 40 ) ترهقها قترة(  )( 41 ) }[ عبس ] : وترهقها :  أي :  تغطيها ،  وقترة تعني :  الغبار ،  وهي مأخوذة من القتار وهو الهواء الذي يمتلئ بدخان الدهن المحترق من اللحم المشوي ،  وقد تكون رائحته أخاذة ويسيل لها اللعاب ،  ولكن من يوضع على وجهه هذا القتار يصنع له طبقة سوداء .

ويقول الحق سبحانه : {  ولا يرهق وجوههم قتر ولا ذلة( 26 ) }[ يونس ] : لأنهم اتقوا الله سبحانه وأحبوا منهجه . ويقول الحق سبحانه : {  يوم تبيض وجوه وتسود وجوه .  . ( 106 ) }[ آل عمران ] : فليس المقصود هو لون الوجه في الدنيا ؛  لأنك قد تجد إنسانا أسود اللون لكنه بالإيمان قد أشرق وجهه ،  وأحاطت ملامحه هالة من البهاء .  وهناك من هو أبيض الوجه ولكنه من فرط معصية الله صار وجهه بلا نور .

ويقول الحق سبحانه : {  أولئك أصحاب الجنة هم فيها خالدون( 26 ) }[ يونس ] : أي : أنهم ملازمون للجنة ملازمة الصاحب لصاحبه ،  أو  "" أصحاب الجنة ""  أي :  من يملكونها ."
10,27,"يقول الحق سبحانه بعد ذالك :

{  والذين كسبوا السيئات جزاء سيئة بمثلها وترهقهم ذلة ما لهم من الله من عاصم كأنها أغشيت وجوههم قطعا من الليل مظلما أولئك أصحاب النار هم فيها خالدون( 27 ) } :

وما دام الحق سبحانه قد جاء بمن دعاهم إلى دار السلام وأعطاهم الجنة جزاء للعمل الحسن ،  فذكر مقابل الشيء يجعله ألصق بالذهن ،  والحق سبحانه هو القائل : {  فليضحكوا قليلا وليبكوا كثيرا .  . ( 82 ) }[ التوبة ] ، وأيضا من أمثلة المقابلة(  ) في القرآن قوله الحق : {  عن الأبرار لفي نعيم( 13 ) وإن الفجار لفي جحيم( 14 ) }[ الانفطار ] : إذن :  فمجيء المقابل للشيء إنما يرسخه في الذهن ؛  ولأن الحق سبحانه قد تكلم عن الدعوة على دار السلام ،  ومن دخل هذه الدعوة ؛  فله الجنة خالدا فيها ،  لا يرقه وجهه قتر ولا ذلة ،  كان لا بد أن يأتي بالمقابل ،  وأن يبشع رفض الدعوة لدار السلام ،  ويحسن الأمر عند من يقبلون الدعوة .

ولا بد-إذن- أن يفرح المؤمن ؛  لأنه لن يكون من أهل النار ،  ولا بد أيضا أن يخرج بعض من الذين ضلوا عن الغفلة ؛  ليهربوا من مصير النار ،  ويتحولوا إلى الإيمان .

وهنا يقول الحق سبحانه : {  والذين كسبوا السيئات .  . ( 27 ) }[ يونس ] : ونحن نعلم أن الكسب إنما يكون في الأمر الفطري ويناسب الطاعات ؛  لأن الطاعة أمر يناسب وملائم للفطرة ،  فلا أحد يستحي أن يصلي ،  أو يتصدق ،  أو يصوم ،  أو يحج ،  لكن من الناس من يستحي أن يعرف عنه أنه كاذب ،  أو مراب ،  أو شارب خمر .

والإنسان حين يرتكب السيئة يمر بتفاعلات متضاربة ؛  فالذي يسرق من دولاب والده وهو نائم ،  تجده يتسلل على أطراف أصابعه ويكون حذرا من أن يرتطم بشيء يفضح أمره ،  كذلك الذي ينظر إلى محارم غيره .

كل هذا يدل على أن ارتكاب الشيء المخالف فيه افتعال ،  أي :  يحتاج إلى اكتساب ،  ولكن الكارثة أن يستمر الإنسان في ارتكاب المعاصي حتى تصير دربة ،  ويسهل اعتياده عليها ؛  فيمارس المعصية باحتراف ؛  فتتحول من اكتساب على كسب .

أو أن يصل الفاسق من هؤلاء إلى مرتبة من الاستقرار على الانحلال ؛  فيروي ما يفعله من معاص وآثام بفخر ،  كأن يقول :  "" لقد سهرنا بالأمس سهرة تخلب العقل ،  وفعلنا كذا وكذا ""  ،  ويروي ذلك ،  وكأنه قد كسب تلك السهرة بما فيها من معاص وآثام .

ومن رحمة الله سبحانه بالخلق أنه يجازي مرتكب السيئة بسيئة مثلها ،  فيقول سبحانه : {  جزاء سيئة بمثلها } ،  وتتجلى أيضا رحمة الحق سبحانه وتعالى حين يعطي من لا يرتكب السيئة مرتبة ؛  فيصير ضمن من قال عنهم الحق سبحانه : {  لا يرهق وجوههم قتر ولا ذلة } لكن الذين لم يهتدوا منهم من يقول الحق سبحانه عنهم : {  ما لهم من الله من عاصم }أي :  لن يجيرهم أحد عند الله تعالى ،  ولن يقول أحد لله سبحانه :  لا تعذبهم .  أو أن ( لا عاصم لهم ) بمعنى :  أن الله تعالى لن يأمر بعد ذلك بألا يعذبوا .

ولا يقتصر أمرهم على ذلك فقط ،  بل يقول الحق سبحانه : {  كأنما أغشيت وجوههم قطعا من الليل مظلما }أي :  كأن قطعا من الليل المظلم قد غطت وجوههم ،  ويكون مأواهم النار{  أولئك أصحاب النار هم فيها خالدون } .

هذا هو حال الذين كذبوا بآيات الله تعالى وكذبوا الرسل ،  وتأبوا عن دعوة الله سبحانه وتعالى إلى دار السلام واتبعوا أهواءهم واتخذوا شركاء من دون الله تعالى .

وشاء الحق سبحانه أن يجلي لنا ذلك كله في الدنيا ؛  حتى يكون الكون كله على بصيرة بما يحدث له في الآخرة ؛  لأنه نتيجة حتمية لما حدث من هؤلاء في الدنيا ."
10,28,"يقول الحق سبحانه بعد ذلك :

{  ويوم نحشرهم جميعا ثم نقول للذين أشركوا مكانكم أنتم وشركاؤكم فزيلنا بينهم وقال شركاؤهم ما كنتم إياها تعبدون( 28 ) } :

والحشر :  هو أخذ الناس من أمكنة متعددة على مكان واحد ،  وستقذف هذه الأمكنة المتعددة من فيها من الكفرة ؛  ليصيروا في مكان الذي شاءه الله سبحانه لهم .

وكلما اقترب الناس من هذا المكان ؛  ازدحموا ،  وذلك شأن الدائرة بمحيطها ،  والمحيطات الداخلة فيها على أن تلتقي في المركز ،  فأنت إذا نظرت إلى محيط واسع في دائرة ،  وأخذت بعد ذلك الأفراد من هذا المحيط الواسع ؛  لتلقي بهم في المركز ؛  فلا شك أنك كلما اقتربت من المركز ؛  فالدوائر تضيقن ويحدث الحشر .

فكأننا سنكون مزدحمين ازدحاما شديدا ،  ولهذا الازدحام متاعب ،  ولكن الناس سيكونون في شغل عنه بما هم فيه من أهوال يوم القيامة(  ) .

وقوله الحق : {  ويوم نحشرهم جميعا } تفيد الجمع المؤكد لحالات الذين لم يستجيبوا لمنهج الله تعالى ،  ولا لدعوة الله سبحانه لهم لدار السلام ،  وكذبوا رسلهم ،  واتخذوا من دون الله تعالى أندادا ،  فيجمع الله سبحانه المتخذ أندادا(  ) ،  والمتخذ ندا ،  ويواجههم ؛  لتكون الفضيحة تامة وعامة ،  بين عابد عبد باطلا ،  ومعبود لم يطلب من عابده أن يعبده ،  أو معبود طلب من عابده أن يعبده .

لذلك يقول الحق سبحانه : {  ثم نقول للذين أشركوا مكانكم أنتم وشركاؤكم .  . ( 28 ) }[ يونس ] : وهكذا يتلاقى من عبد الملائكة مع الملائكة ،  ويتلاقى من عبد رسولا وجعله إلها ،  ومن عبد صنما ،  أو عبد شمسا ،  أو عبد قمرا ،  أو جنا أو شيطانا من شياطين الإنس أو شياطين الجن .

إذن :  فالمعبودون متعددون ،  وكل معبود من هؤلاء له حكم في ذلك الحشر ،  وستكون المواجهة علنية مكشوفة .

فإذا نظرنا إلى العابد الذي اتخذ إلها باطلا سواء أكان من الملائكة أو رسولا أرسل إليهم ؛  ليأخذهم إلى عبادة إله واحد- هو الله سبحانه وتعالى- ففتنوا في الرسول وعبدوه ،  أو عبدوا أشياء لا علم لها بمن يعبدها :  كالأصنام ،  والشمس ،  والقمر ،  والأشجار .

أما المعبود الذي له علم ،  وله دعوة على أن يعبده غيره ،  فهو يتركز في شياطين الإنس ،  وشياطين الجن ،  وإبليس .

أما الملائكة فإن الله-سبحانه وتعالى- يواجههم بمن عبدهم ،  فيسألهم :  أأنتم وعدتم هؤلاء ؛  ليتخذوكم آلهة ،  فيقولون :  سبحانك أنت ولينا ،  ويتبرأون من هؤلاء الناس ،  مصدقا لقول الحق سبحانه : {  إذ تبرأ الذين اتبعوا من الذين اتبعوا .  . ( 166 ) }[ البقرة ] .

والملائكة لا علم لهم بمن اتخذهم آلهة ،  وإذا انتقلنا إلى البشر وعلى قمتهم الرسل عليهم السلام ،  فيأتي سيدنا عيسى ابن مريم عليه السلام ،  ويقول الحق سبحانه له : {  أأنت قلت للناس اتخذوني وأمي إلهين من دون الله .  . ( 116 ) }[ المائدة ] .

فيقول سيدنا عيسى عليه السلام ما جاء على لسانه في القرآن الكريم : {  سبحانك ما يكون لي أن أقول ما ليس لي بحق إن كنت قلته فقد علمته .  . ( 116 ) }[ المائدة ] :

فكان هؤلاء قد عبدوا من لا علم له بهذا التأليه ،  ولم يدع إليه .

والأصنام كذلك ليس لها علم بمن ادعى ألوهيتها ،  ولكن الذي له علم بتلك الدعوة هو إبليس ،  ذلك أنه حينما عز عليه أنه عاص لله ،  أغوى آدم ،  ثم تاب آدم عليه السلام وقبل الله سبحانه وتعالى توبته ،  أما إبليس فلم يتب عليه الحق سبحانه ؛  لأنه رد حكم المولى-عز وجل- بالسجود لآدم ،  واستكبر ،  وظن نفسه أعلى مكانة(  ) .  أما آدم عليه السلام فلم يرد الحكم على الله تعالى .

يقول الحق سبحانه : {  ولقد خلقناكم ثم صورناكم ثم قلنا للملائكة اسجدوا لآدم فسجدوا إلا إبليس لم يكن من الساجدين( 11 ) قال ما منعك ألا تسجد إذ أمرتك قال أنا خير منه خلقتني من نار وخلقته من طين( 12 ) }[ الأعراف ] : ومن ذلك نأخذ مبدأ إيمانيا موجزه أن الذين لا يقدرون على أنفسهم في إخضاعها لمنهج الله تعالى ،  فمن الخير لهم أن يقولوا :  إن منهج الله سبحانه هو الصدق ،  وحكمه سبحانه هو الحق ،  ولكننا لم نستطع أن نخضع أنفسنا للحكم ؛  وبذلك يخرجون من دائرة رد الأمر على الآمر ،  وبإمكانهم أن يتوبوا بنية عدم العودة إلى المعصية .

إذن :  فالمخاصمة والمحاجة(  ) موجهة من إبليس لذرية آدم ،  فقد أقسم إبليس بعزة الله سبحانه أن يغوي كل أبناء آدم إلا الذين أستخلصهم الله لعبادته سبحانه وتعالى ،  فقد علم إبليس أنه غير قادر على إغوائهم(  ) .

وهكذا تكون عزة الله سبحانه هي التي تمكن إبليس-وذريته من الشياطين- من غواية أو عدم غواية خلق الله سبحانه وتعالى .

والشياطين هم الجن العصاة ؛  لأننا نعلم أن الجن جنس يقابل جنس البشر ،  ومن الجن من هو صالح طائع ،  ومنهم من هو عاص ،  ويسمى شيطانا ،  ويخدم إبليس في إغواء البشر ،  فيتسلط على الإنسان فيما يعلم أنها نقطة ضعف فيه .

فمن يحب المال يدخل الشيطان إليه من ناحية المال ،  ومن يحب الجمال يدخل له الشيطان من ناحية الجمال ،  ومن يحب الجاه يجد الشيطان وهو يزين له الوصول على الجاه بأية وسيلة تتنافى مع الأخلاق الكريمة ومنهج الله عز وجل .

وكل إنسان له نقطة ضعف في حياته يعرفها الشيطان ويتسلل منها إليه ،  وقد يجند إبليس وذريته أناسا من البشر يعملون بهدف إغواء الإنسان ففساده .

فهناك-إذن- ثلاثة يطلبون أن ينصرف الناس عن منهج الله تعالى ودعوة الحق ؛  وهؤلاء الثلاثة هم :  إبليس ،  والعاصون من الجن( أي :  الشياطين ) ،  ثم البشر الذين يشاركون إبليس في الإغواء ،  وهم شياطين الإنس الذين يعملون أعمالا تناهض منهج الرسل .

وهل يكون الحوار-يوم القيامة- بين الملائكة ومن عبدوهم من البشر ؟  وهل يكون الحوار بين الأصنام والذين عبدوها دون علمها ؟  وهل يكون الحوار بين عيسى عليه السلام ومن اتخذوه إلها دون علمه ؟ ها نحن نجد عارفا بالله  يقول على لسان الأصنام :   "" عبدونا ونحن أعبد لله من القائمين بالأسحار(  ) ""  : لأن الحق سبحانه هو القائل : {  وإن من شيء إلا يسبح بحمده .  . ( 44 ) }[ الإسراء ] ، ويكمل العارف بالله :  "" اتخذوا صمتنا علينا دليلا فغدونا لهم وقود النار ""  ، والحق سبحانه هو القائل : {  فاتقوا النار التي وقودها الناس والحجارة .  . ( 24 ) }[ البقرة ] ، ويتابع العارف بالله :  "" قد تجنوا جهلا كما تجنوا على ابن مريم والحواري(  ) "" فما موقف الله سبحانه من هؤلاء وأولئك ؟  فنقول :  إن للمغالي جزاءه ،  والمغالى فيه تنجيه رحمة الغفار ""  .

وهكذا وضح موقف كل من يعبد غير الله سبحانه أو يشرك به ،  هؤلاء الذين يشملهم قول الحق سبحانه : {  ويوم نحشرهم جميعا .  . ( 28 ) }(  ) [ يونس ] : وهكذا يحشر من عبدوا الأصنام أو الكواكب أو أشركوا بالله ،  وكذلك شياطين الجن والإنس ،  الجميع سيحشرون في الموقف يوم الحشر ،  وليتذكر الجميع في الدنيا أن في الحشر ستكشف الأمور ويفضح فيه كل إنسان أشرك مع الله غيره ،  سبحانه ،  وستحدث المواجهة مع من أشركه بالعبادة مع الله سبحانه دون علم من الملائكة أو الرسل أو الكواكب أو الحجارة بأمر هؤلاء ،  ويأتيهم جميعا أمر الحق سبحانه : {  ثم نقول للذين أشركوا مكانكم .  . ( 28 ) }[ يونس ] : وحين تسمع الأمر :  ""  مكانك ""  فهو يعني :  "" ألزم مكانك ""  وهي لا تقال للتحية ،  بل تحمل التهديد والوعيد ،  وانتظار نتيجة موقف لن يكون في صالح من تقال له ،  ونعرف أن الملائكة ،  والرسل ،  والكواكب ،  والحجارة ليس لها علم بأمر هؤلاء الذين عبدوهم .

إذن :  فالذين ينطبق عليهم هذا الأمر هم هؤلاء المشركون الذين ظنوا أن بإمكانهم الإفلات من الحساب ،  لكنهم يسمعون الأمر{  مكانكم أنتم وشركاؤكم } ،  فهل يعني ذلك أنهم سوف يأتون مع الملائكة ومن عبد من الرسل والكواكب والحجارة في موكب واحد ؟  لا ؛  لأن هؤلاء العبيد اتفقوا على موقف باطل ،  يشاء الحق سبحانه أن يفصل بين الحق والباطل .

لذلك يقول الحق سبحانه : {  فزيلنا بينهم وقال شركاؤهم ما كنتم إينا تعبدون( 28 ) }(  ) [ يونس ] : أي :  جعل من المشركين فريقا ،  وجعل من الذين عبدوا دون علمهم فريقا آخر ،  وأعلن فريق من عبدوا دون علمهم : {  ما كنتم إيانا تعبدون .  . ( 28 ) }[ يونس ] :

أي :  ما كنتم تعبدوننا بعلمنا .

وانظروا إلى الموقف المخزي لمن عبدوا غير الله سبحانه ،  أو أشركوا به ،  إن الواحد منهم قد عبد معبودا دون أن يدري به المعبود ،  مع الأصل في العبادة هو التزام العابد بأمر المعبود ،  وهذه المسألة تصدق على الملائكة وسيدنا عيسى عليه السلام ،  وتصدق أيضا على الكواكب والأحجار ؛  لأن الحق سبحانه الذي ينطق أبعاض الإنسان يوم القيامة ؛  لتشهد على صاحبها ،  قادر على أن ينطق الأحجار .

والحق سبحانه هو القائل : {  ويوم يحشر أعداء الله إلى النار فهم يوزعون( 19 ) حتى إذا ما جاءوها شهد عليهم سمعهم وأبصارهم وجلودهم بما كانوا يعملون( 20 ) وقالوا لجلودهم لم شهدتم علينا قالوا أنطقنا الله الذي أنطق كل شيء .  . ( 21 ) }[ فصلت ] : وجد الصنم يوم القيامة وهو يلعن من عبده ،  تماما مثلما يتبرأ الجلد من صاحبه إن عصى الله تعالى ،  فالحق سبحانه يقول : {  يوم تشهد عليهم ألسنتهم وأيديهم وأرجلهم بما كانوا يعملون( 24 ) }[ النور ] .

ولكن لا تترك عقلك يتخيل كيفية تكلم الصنم ،  فأنت آمنت أن جوارح الإنسان من يد ورجل وجلد ستنطق يوم القيامة ،  فهل تعقلت كيف تنطق اليد ،  وكيف ينطق الجلد ،  وكيف تنطق الرجل في الآخرة ،  أنت تؤمن بخبر الآخرة فلا تنظر إلى معطيات أمور الآخرة بقوانين الدنيا ؛  لأن كل شيء يتبدل في الآخرة ،  ألم تخبرك ألسنة أنك ستأكل في الجنة ،  ولا تخرج فضلات(  ) ؟  وهذا أمر غير منطقي- بقوانين الدنيا- ولكننا نؤمن به ،  وإذا كان الحق سبحانه وتعالى يخبرنا بأشياء سوف تحدث في الجنة ،  لو قسناها بعقولنا على ما نعرف في الدنيا لوقفت أمامها عاجزة ،  لكن القلب المؤمن يعقل أمور القيامة والآخرة على أساس أنها غيب ،  والمقاييس تختلف فيها ؛  لأن الإنسان مظروف(  ) بين السماء و الأرض .  وللدنيا أرض وسماء ،  وللآخرة أيضا أرض وسماء ؟

والحق سبحانه يقول : {  يوم تبدل الأرض غير الأرض والسماوات .  . ( 48 ) }[ إبراهيم ] .

إذن :  فكل شيء يتبدل يوم القيامة ،  فإذا حدثت أن الأصنام تنطق مستنكرة أن تعبد من دون الله تعالى ،  وأن الملائكة تلعن من عبدوها من دون الله سبحانه ،  فلا تتعجب ."
10,29,"ثم يقول الحق سبحانه بعد ذلك :

{  فكفى بالله شهيدا بيننا وبينكم إن كنا عن عبادتكم لغافلين( 29 ) } :

إذن :  فالكائنات التي عبدت من دون الله تعالى تعلن رفضها لمسألة عبادتها ،  فإذا كان الطير-ممثلا في الهدهد- قد أعلن من قبل اندهاشه من أن بعضا من البشر قد عبد غير الله تعالى(  ) .

واستدل الهدهد- على قدرة الحق سبحانه- بما يخصه هو من الرزق ،  حيث يعلم أن الحق سبحانه قد علم الخبء في السماوات والأرض ،  إذا كان الهدهد قد عرف ذلك فالاستنكار أمر منطقي من غيره من المخلوقات ،  سواء أكانت من الملائكة ،  أو من عيسى عليه السلام ،  أو من الأصنام والشجار والكواكب .

ولذلك نجد الحق سبحانه يضرب المثال بسؤاله للملائكة : {  أهؤلاء إياكم كانوا يعبدون .  . ( 40 ) } ]سبأ ] ، فيجيب الملائكة بقولهم : {  سبحانك أنت ولينا من دونهم بل كانوا يعبدون الجن .  . ( 41 ) }[ سبأ ] ، والحق سبحانه وتعالى يعرض هذه المواقف في سور القرآن الكريم عرضا منثورا(  ) مكررا بما لا يدع للغفلة أن تصيب الإنسان ،  فمثلا يقول الحق سبحانه : {  ويوم يحشرهم جميعا يا معشر الجن قد استكثرتم(  ) من الإنس .  . ( 128 ) }[ الأنعام ] ، ويقول على ألسنة من اتخذوا الشياطين أولياء :

{  وقال أولياؤهم من الإنس ربنا استمتع بعضنا ببعض وبلغنا أجلنا الذي أجلت لنا .  . ( 128 ) }[ الأنعام ] : وقولهم هذا يتضمن الحديث عن ذواتهم والحديث عن الجن .

ولسائل أن يسأل :  وكيف يأخذ الجن كثيرا من الإنس ؟

ونقول :  إن الحق سبحانه قد خلق الجن على هيئة تختلف عن هيئة الإنس ،  فجعل للجن خواصا تختلف عن خواص الإنس ،  ومن هذه الخواص ما قال عنه الحق سبحانه : {  إنه يراكم هو وقبيله(  ) من حيث لا ترونهم .  . ( 27 ) }[ الأعراف ] : وأعطى الحق سبحانه للجن قوة أكثر مما أعطى للأنس ،  وأعطاهم القدرة على النفاذ من السواتر الحديدية والجدران وغيرها ،  وهذا أمر منطقي مع أصل تكوين الجن ،  فالجن مخلوق من النار ،  والإنسان مخلوق من الطين .  وهناك اختلاف بين طبيعة كل من النار والطين ،  فما يخرج من الطين قار(  ) ،  أي :  لا يشع ،  وما يخرج من النار له إشعاع وحرارة .

بمعنى :  أنك لو كنت تجلس في حجرة ،  وخلف ظهرك في الحجرة الأخرى نار موقدة ؛  فالساتر-أيا كان- سوف يحمل لك بعضا من حرارة النار ،  إلا لو كان عازلا للحرارة .

أما لو كانت هناك تفاحة-وهي مخلوقة من الطين-موجودة في الحجرة الأخرى ،  فلن ينفذ طعمها أو رائحتها إليك .

إذن :  فالنار لها قانونها ،  والطين له قانونه .  وقانون المادة المخلوقة من الطين لا ينتقل إلا إذا نقلت الجرم(  ) إلى المكان الذي توجد فيه .

ونلمح هذه المسألة التقنينية في قصة سيدنا سليمان عليه السلام حين علم أن ملكة سبأ تسير في الطريق إليه لتعلن إسلامها ،  وأراد سيدنا سليمان عليه السلام أن يأتي لها بعرشها من مكانه قبل أن تصل .

فقال لمن هو في مجلسه : {  أيكم يأتيني بعرشها قبل أن يأتوني مسلمين .  . ( 38 ) }[ النمل ] .

وهذا يدل على أنه كان في مجلسه أجناس مختلفة ،  ولكل جنس منهم قدرات مختلفة عن قدرات الجنس الآخر ،  ونقل العرش من اليمن إلى مكان سيدنا سليمان عليه السلام يحتاج إلى زمن وإلى قوة ،  فلو أنهم كانوا متساوين في قدراتهم ما قال : {  أيكم يأتيني .  . ( 38 ) }[ النمل ] .

فكان أول من تقدم لتنفيذ ما أراده سليمان عفريت من الجن- لا جنا عاديا ،  فمن الجن من هو خائب قليل الذكاء ،  ومنهم من هو ذكي ،  فهم وإن كانوا من جنس واحد فهم متفاوتون أيضا ،  وكان عفريت الجن هو أول من تكلم ،  وقال {  أنا آتيك به قبل أن تقوم من مقامك .  . ( 39 ) }[ النمل ] ، ولكن مقام سليمان قد يستمر ساعة أو بضع ساعات(  ) ،  والمتكلم هو عفريت من الجن الذي يعلم أن له صفات أقوى من صفات الإنس .  أما الإنس العادي-ممن كان حاضرا مجلس سليمان-فلم يتكلم ؛  لأن المطلوب ليس في قدرته ،  أما الذي تكلم من الإنس فهو من عنده علم من الكتاب ،  فقال : {  أنا آتيك به قبل أن يرتد إليك طرفك(  ) .  . ( 40 ){  [ النمل ] ، ولم يأخذ الأمر شيئا من الزمن ؛  لذلك عبر القرآن التعبير السريع بعد ذلك ،  فقال : {  فلما رآه مستقرا عنده قال هذا من فضل ربي .  . ( 40 ) }[ النمل ] : إذن :  فللجن قوة على أشياء لا يقوى عليها الإنس(  ) ،  ولم يأخذ الجني خواصه في الخفة والقدرة ومهارة اختزال الزمن بذات تكوينه ،  ولكن بإرادة المكون سبحانه ؛  ولذلك شاء الحق أن يذكر الجن أنهم قد أخذوا تلك الخصوصيات بمشيئته سبحانه ،  والحق هو القادر على أن يجعل الإنس وهو الأدنى قدرة ،  قادرا على تسخير الجن ؛  ولذلك يحاول الإنس أن يأخذ من تسخير الجن قوة له فيقوى على نظيره من الإنس .

ولكن الحق سبحانه أصدر الحكم على من يحاول ذلك بأن تسخير الجن يزيد رهقا(  ) . واقرأوا قول الحق سبحانه : {  واتبعوا ما تتلو الشياطين على ملك سليمان وما كفر سليمان ولكن الشياطين كفروا يعلمون الناس السحر وما أنزل على الملكين ببابل هاروت وما روت وما يعلمان من أحد حتى يقولا إنما نحن فتنة فلا تكفر .  . ( 102 ) }[ البقرة ] : إذن :  فتعليم الجن السحر للإنس دليل على تفوق قدرات الجن وتميزها عن قدرات الإنس .

ولكن الملكين هاروت وماروت(  ) حينما علما الإنسان السحر حذراه أولا من أن يأخذ من ذلك فرصة زائدة تطغيه على بني جنسه ويظلم بها ،  إنما الأمر كله اختبار ،  فإن تعلمته فذلك لتقي نفسك من الشر لا لتوقعه بغيرك ،  ثم إنك-أيها الإنسان- من الأغيار قد تضمن نفسك وقت التحمل ،  ولكن ماذا عن وقت الأداء ؟

مثلما يأتي لك إنسان ليودع عندك ألفا من الجنيهات كأمانة ،  ولكن أتظل على الأمانة ،  أو أنك قد تنكر المال أصلا حين يطالبك به صاحبه ،  أو قد تمر بك أزمة مالية فتتصرف بهذا المال ؟

ولذلك تجد الذكي هو من يقول لمودع هذا المال :  "" احفظ عليك مالك ،  لأني من الأغيار ""  .

وتلك هي القضية الإيمانية الأصلية في الكون كله ؛  لأن الحق سبحانه هو القائل :

{  إنا عرضنا الأمانة(  ) على السماوات والأرض والجبال فأبين أن يحملنها وأشفقن منها وحملها الإنسان إنه كان ظلوما جهولا( 72 ) }[ الأحزاب ] : والأمانة هي ما يكون في ذمة المؤتمن ،  ولا حجة للمؤتمن عنده إلا ذمته ،  ولا شهود عليه ،  ولا يوجد إيصال بتلك الأمانة ،  بل هي وديعة لا توثيق فيها ؛  إلا ذمة المؤتمن ،  قد يقر بها ،  وقد ينكرها .

وعلى ذلك فحق المؤتمن عند المؤتمن خاضع لخيار المؤتمن ؛  ولذلك وجدنا السماء والأرض والجبال قالت :  يا رب لا نريد أن ندخل أنفسنا في هذه التجربة ،  افعل بنا ما شئت واجعلنا مقهورين ولا اختيار لنا ،  ولا نريد تحمل الأمانة .

أما الإنسان فقد ميزه الله بالعقل ،  وقدرة الاختيار بين البدائل ؛  لذلك قبل الإنسان حمل الأمانة ،  وحين جاء وقت الأداء لم يجد نفسه أمينا على الأشياء مثلما ظن في نفسه وقت التحمل .

وكذلك الذين يتعلمون السحر ،  يقول الواحد منهم لنفسه :  سوف أتعلمه لدفع الضر عن نفسي ،  ونقول له :  أنت لا تضمن نفسك ؛  لأنك من الأغيار ،  فقد يغضبك أو يثير أعصابك إنسان ؛  فتستخدم السحر فتصيب نفسك بالرهق .

إذن :  فحين قال الله سبحانه : {  يا معشر الجن قد استكثرتم من الإنس .  . ( 128 ) }[ الأنعام ] : أي :  أخذتم من الإنس كثيرا بأن أعطيتموهم سلاحا يحقق لهم فرصة وقوة على غيرهم من البشر .

وقد ذكر الحق-سبحانه وتعالى- لنا أن بعض البشر الذين استجابوا للجن قالوا : {  استمتع بعضنا ببعض .  . ( 128 ) }[ الأنعام ] : واستمتاع الإنس بالجن مصدره أن الإنس يأخذ قوة فوق غيره من البشر ،  واستمتاع الجن بالإنس مصدره أنه سوف يعين هذا الإنسان على معصيته ؛  تطبيقا لقسم إبليس اللعين : {  فبعزتك لأغوينهم(  ) أجمعين .  . ( 82 ) }[ ص ] : ولكن هذا الاستمتاع في النهاية لا يعطي أمرا زائدا عن المقدور لكل جنس ؛  ولذلك تجد أن كل من يعمل بالسحر وتسخير الجن إنما يعاني ؛  مصدقا لقول الحق سبحانه : {  فزادوهم رهقا .  . ( 6 ) }[ الجن ] .

وأنت تجد رزق الذي يقوم بالسحر أو تسخير الجن يأتي من يد من لا يعلم السحر ،  ولو كان في تعلم ذلك ميزة فوق البشر ؛  لجعل رزقه من مصدر آخر غير من لا يعلمون السحر أو تسخير الجن .

وأنت حين ترى الواحد من هؤلاء ،  تجد على ملامحه غبرة ،  وفي ذريته آفة أو عيبا ،  فمنهم من هو أعور أو أكتع(  ) أو أعرج ؛  لأنه أراد أن يأخذ فرصة في الحياة أكثر من غيره من البشر ؛  بواسطة الجن ،  وهذه الفرصة تزيده رهقا ؛  ولذلك فليلزم كل إنسان أدبه وقدره الذي شاءه الله- سبحانه وتعالى- له ؛  فلا يفكر في أخذ فرصة تزيد من رهقه .

ونحن نرى في البشر من يستخدم صاحب القوة الجسدية أو قدرة تصويب السلاح ؛  ليرهب غيره ،  وقد ينجح في ذلك مرة أو أكثر ،  ثم ينقلب هذا ( الفتوة ) أو ذلك القاتل المأجور على من استأجره .

إذن :  فلا بد أن يحترم كل إنسان قدر الله-سبحانه وتعالى- في نفسه ،  وألا يأخذ فرصة من جنس آخر ؛  يظن أنها تزيده في دنياه شيئا ،  لكنها في الواقع ستزيده تعبا وتزيده رهقا . ولذلك نجد الحق- سبحانه وتعالى- يقول عنهم : {  ربنا استمتع بعضنا ببعض وبلغنا أجلنا الذي أجلت لنا قال النار مثواكم(  ) .  . ( 128 ) }[ الأنعام ] : وهكذا نرى أن مصير الاستمتاع بقوة الجن هو النار للإنس الذي استخدم الجن ،  وللجن الذي أغوى الإنس .

ثم يعرض لنا الحق-سبحانه وتعالى-قضية أخرى في هذه المسألة ؛  فيقول سبحانه : {  الأخلاء(  ) يومئذ بعضهم لبعض عدو إلا المتقين( 67 ) }[ الزخرف ] .

الأخلاء :  هم الجماعة التي يجمع أفرادها صحبة ومودة ،  ويتخلل كل منهم حياة الآخر .  وأنت تجد الناس صنفين : أناسا اتخذوا الخلة(  ) في الله تعالى ،  فيذهبون إلى المساجد ،  ويستذكرون العلم ،  ولا يأكلون إلا من حلال ،  ويقرأون القرآن ،  وإن هم واحد منهم بمعصية وجد من صديقه ما يرده عن المعصية ،  ويحجون إلى بيت الله الحرام ،  ويعتمرون ،  وتدور حياتهم في إطار حديث المصطفى صلى الله عليه وسلم :  رجلان تحابا في الله اجتمعا عليه وتفرقا عليه "" (  ) وهذا لون من الخلة .

واللون الآخر يضم أناسا يساعد بعضهم البعض على المعصية ،  ويشربون الخمر ،  ويلعبون الميسر ،  ويفعلون كل المعاصي ،  فإذا جاء يوم القيامة يقابلون حكم الله تعالى : {  لا بيع فيه ولا خلة .  . ( 254 ) }[ البقرة ] : فلا خلة إلا خلة اللقاء في الله تعالى ،  فإذا التقى الأخلاء في الله تعالى فرحوا ببعضهم ؛  لأن كلا منهم حمى أخاه من معصية ،  أما من كانوا يجتمعون في الدنيا على المعصية ،  فكل منهم يلعن الآخر ،  ويصدق حكم الله سبحانه وتعالى : {  الأخلاء يومئذ بعضهم لبعض عدو إلا المتقين( 67 ) }[ الزخرف ] : ولذلك نجد الحوار بين الذين استضعفوا والذين استكبروا ،  ونجد الحق سبحانه وتعالى يأتي لنا بهذا الحوار في القرآن : {  فقال الضعفاء للذين استكبروا إنا كنا لكم تبعا فهل أنتم مغنون عنا من عذاب الله من شيء .  . ( 21 ) }[ إبراهيم ] ، فيرد الآخرون : {  لو هدانا الله لهديناكم سواء علينا أجزعنا(  ) أم صبرنا ما لنا من محيص(  ) .  . ( 21 ) } ]إبراهيم ] : وبعد ذلك يأتي اعتراف الشيطان الذي يقول عنه الحق سبحانه : {  وقال الشيطان لما قضي الأمر إن الله وعدكم وعد الحق ووعدتكم فأخلفتكم وما كان لي عليكم من سلطان(  ) إلا أن دعوتكم فاستجبتم لي فلا تلوموني ولوموا أنفسكم ما أنا بمصرخكم وما أنتم بمصرخي(  ) .  . ( 22 ) }[ إبراهيم ] : وهذا الحوار هو الذي يكشف لنا ما سوف يحدث يوم القيامة ،  ونجد الحق سبحانه يقول : {  كمثل الشيطان إذ قال للإنسان اكفر فلما كفر قال إني بريء منك إني أخاف الله .  . ( 16 ) }[ الحشر ] : هذه كلها لقطات من مشاهد يوم القيامة ،  جاءت في خواطرنا ونحن نتناول قول الحق سبحانه : {  كفى بالله شهيدا بيننا وبينكم إن كنا عن عبادتكم لغافلين( 29 ) }[ يونس ] : هكذا يعلن كل من عبد من الملائكة أو الرسل أو الأصنام ،  وبذلك تتم فضيحة الذين عبدوهم من دون الله سبحانه ويأخذون طريقهم إلى النار .

ولذلك نجد الحق سبحانه يقول : {  احشروا(  ) الذين ظلموا وأزواجهم وما كانوا يعبدون( 22 ) }[ الصافات ] : ولننتبه هنا إلى أن الأزواج متقدمون في الإغواء والتوجيه إلى الشر ،  قبل الأعداء ؛  لأن الزوج أو الزوجة قد يكون هو الشيطان الملازم الذي يهيئ الانحراف إلى ما يريد(  ) .

ونجد الحق سبحانه يقول بعد ذلك : {  وقفوهم إنهم مسئولون( 24 ) }[ الصافات ] ، ومثلها مثل قوله سبحانه : {  مكانكم } نفهم من ذلك أنهم كانوا معا في الدنيا وهي دار الاختيار ،  وهم الآن في دار جبرية الاقتدار ؛  لذلك يقول الحق سبحانه : {  وقفوهم إنهم مسئولون( 24 ) مالكم لا تناصرون( 25 ) بل هم اليوم مستسلمون( 26 ) وأقبل بعضهم على بعض يتساءلون( 27 ) قالوا إنكم كنتم تأتوننا عن اليمين( 28 ) }[ الصافات ] : أي :  كنتم تستعملون قوتكم ؛  لتجعلونا نتبعكم ،  فلا يظنن ظان أنها قوة البطش فقط ،  أو قوة التذليل ،  بل المقصود بذلك أي قوة ،  حتى وإن كانت قوة الإغواء .

إذن :  فالمواقف مفضوحة ،  وهذا لون ومقدمة من ألوان العذاب ؛  ليبين الله- سبحانه وتعالى- صدقه في قوله : {  الأخلاء يومئذ بعضهم لبعض عدو إلا المتقين(  ) ( 67 ) }[ الزخرف ] : وشاء الله سبحانه ذلك ؛  ليبين لنا كيف يختار الإنسان خليله في الدنيا ،  فلا يختار الخليل الذي يزين الخطأ والمعصية ،  بل يختار الذي يعينه على الطاعة .

ويذكر الحق سبحانه موقفا من مواقف يوم القيامة فيقول سبحانه : {  وقال الذين كفروا ربنا أرنا اللذين أضلانا من الجن والإنس(  ) نجعلهما تحت أقدامنا ليكونا من الأسفلين( 29 ) }[ فصلت ] : هكذا يكون حال الذين ضلوا يوم القيامة ،  يتبرأون ممن أوقفهم هذا الموقف بل يطلبون من أضلهم لإيقاع العذاب بهم بأنفسهم ؛  لذلك يقول الحق سبحانه في الآية التي نحن بصدد خواطرنا عنها : {  فكفى بالله شهيدا بيننا وبينكم إن كنا(  ) عن عبادتكم لغافلين( 29 ) }[ يونس ] : هكذا يتبرأ الملائكة والرسول الذي عبد ،  وحتى الأصنام ،  من الذين عبدوهم في الدنيا ."
10,30,"ويقول الحق سبحانه بعد ذلك :

{  هنالك تبلوا كل نفس ما أسلفت(  ) وردوا إلى الله مولاهم الحق وضل عنهم ما كانوا يفترون( 30 ) } :

وقوله الحق سبحانه : {  هنالك } يعني :  في هذا الوقت ،  أو في هذا المكان .  والزمان والمكان هما ظرفا الحدث ؛  لأن كل فعل يلزم له زمان ومكان ،  فإن كان الزمان هو الغالب ،  فيأتي ظرف الزمان ،  وإذا كان المكان هو الغالب فيأتي ظرف المكان .

وجاءت {  هنالك } أيضا في قصة سيدنا زكريا عليه السلام ،  إذ يقول الحق سبحانه : {  هنالك دعا زكريا ربه .  . ( 38 ) }[ آل عمران ] : أي :  في ذلك الوقت الذي قالت فيه مريم- رضي الله عنها- قولة أدت بها قضية اعتقادية إيمانية لكفيلها ،  وهو سيدنا زكريا عليه السلام وهو الذي يأتي لها بالطعام ،  وشاء لها الحق-سبحانه وتعالى- أن تعلمه هي .  يقول سبحانه : {  كلما دخل عليها زكريا المحراب وجد عندها رزقا .  . ( 37 ) }[ آل عمران ] : والرزق ما به انتفع ،  وكان زكريا-عليه السلام-يكفلها بكل شيء تحتاجه ،  لكنه فوجئ بوجود رزق لم يأت هو به ؛  بدليل أنه قال : {  أنى(  ) لك هذا .  . ( 37 ) }[ آل عمران ] : وهذه ملحظية ويقظة الكفيل حين يجد مكفوله يتمتع بما لم يأت به .  وهذه هي قضية  "" من أين لك هذا ؟  ""  ،  وهي قضية الكفيل العام للمجتمع حين يرى واحدا يتمتع بما لا تؤهله له حركته في الحياة ،  وبذلك يكتشف مختلس الانتفاع بما يخص الغير دون أن يعرف كافله ،  ولو أن كافله أصر على معرفة من أين تأتي مصادر دخله ؛  لحمي المجتمع من الفساد .

وانظر إلى جواب مريم عليها السلام على قول زكريا عليه السلام الذي ذكره رب العزة سبحانه : {  أنى لك هذا .  . ( 37 ) }[ آل عمران ] ، قالت مريم : {  هو من عند الله .  . ( 37 ) }[ آل عمران ] ، ثم تعلل الجواب : {  إن الله يرزق من يشاء بغير حساب(  ) .  . ( 37 ) }[ آل عمران ] : قالت ذلك ؛  لأنه وجد عندها أشياء لا توجد في مثل هذا الوقت من السنة ،  فعجب سيدنا زكريا عليه السلام-إذن- كان من أمرين اثنين :  شيء لم يأت هو به ،  وشيء مخالف للفترة التي هو فيها ،  كأن وجد عندها عنب في زمن غير أوانه ،  أو وجد عندها برتقالا في غير أوانه(  ) ،  وسؤاله كان دليل يقظة الكفيل ،  وإجابتها كانت قضية إيمانية عقدية {  إن الله يرزق من يشاء بغير حساب .  . ( 37 ) }[ آل عمران ] : وما دام {  من عند الله }-سبحانه وتعالى- ما طرح حسابك أنت للأشياء في ضوء هذه القضية .

ولكن هل غفل سيدنا زكريا-عليه السلام- عن قضية الإيمان بأن الله تعالى يرزق من يشاء بغير حساب ؟  فنقول : لا ،  لم يغفل عنها ،  ولكنها لم تكن في بؤرة شعوره حينئذ ؛  فجاءت بها قولة السيدة مريم لتذكر بهذه القضية ،  وهنا تذكر زكريا نفسه ،  كرجل بلغ من الكبر عتيا(  ) ،  وامرأته عاقر ،  وما دام الله سبحانه يرزق من يشاء بغير حساب ،  فليس من الضروري أن يكون شابا أو تكون زوجته صغيرة لينجب ،  فجاء الحق معبرا عن خاطر زكريا في قوله : {  هنالك دعا زكريا ربه .  . ( 38 ) }[ آل عمران ] : أي :  في هذا الوقت أو ذلك المكان ،  أو في الاثنين معا زمانا ومكانا ،  وهنا جاءته الإجابة من ربه سبحانه وتعالى : {  قال ربك هو علي هين وقد خلقتك من قبل ولم تك شيئا .  . ( 9 ) }[ مريم ] : وقد جاء الحق سبحانه بهذه القضية ليمنع أي ظان من أن يسئ الظن بعفة مريم عليها السلام ؛  لأنها في موقف اللجوء فأنطقها الحق بقوله : {  يرزق من يشاء بغير حساب .  . ( 37 ) } [ آل عمران :  ]ومادام الرزق بغير حساب وفي غير وقته وغير مكانه وبلا سبب وبغير علم كافلها ،  فعند ذلك تحقق اللجوء إلى الله بالقبول الحسن الذي دعت به امرأة عمران : {  وإني أعيدها بك وذريتها من الشيطان الرجيم( 36 ) فتقبلها ربها بتقبل حسن(  ) وأنبتها نباتا حسنا وكفلها زكريا .  . ( 37 ) }[ آل عمران ] .

ويطبقها زكريا عليه السلام على نفسه ،  ثم تتعرض هي لها ،  حين يبشرها الحق سبحانه بغلام اسمه المسيح عيسى ابن مريم- عليهما السلام .

فهي ستلد من غير أن يمسسها ذكر ،  وهي تعلم أن الأسباب جارية في أنه لا يوجد تناسل ألا بوجود ذكر وأنثى وشاء الحق سبحانه أن يقدر لها أن تلد دون هذه العملية ،  فجاء سبحانه بتلك المقدمة على لسانها{  إن الله يرزق من يشاء بغير حساب .  . ( 37 ) }[ آل عمران ] .

وحين تساءلت : {  رب أنى يكون لي ولد ولم يمسسني بشر .  . ( 47 ) }[ آل عمران ] ، جاءتها الإجابة بأن اسمه المسيح عيسى ابن مريم ،  يقول سبحانه : {  إن الله يبشرك بكلمة منه اسمه المسيح عيسى ابن مريم .  .  ( 45 ) }[ أل عمران ] : فبيقظتها الإيمانية فطنت إلى هذا الطفل سينسب إلى أمه ؛  فعرفت أن أباه ملغى ؛  وأدركت أن هذا الولد لن يأتي نتيجة زواج ولو فيما بعد ،  وبذلك كان عليها أن تعود إلى القضية الإيمانية التي ذكرتها : {  إن الله يرزق من يشاء بغير حساب( 37 ) }[ آل عمران ] : وهنا في الآية التي نحن بصدد خواطرنا عنها يقول الحق سبحانه : {  هناك تبلوا كل نفس ما أسلفت .  . ( 30 ) }[ يونس ] : أي : في ذلك الوقت تختبر كل نفس ،  وترى هل الجزاء طيب أم لا ؟  فإن كانت قد عملت الشر ؛ فستجد الجزاء شرا .

إذن :  فالإنسان وقت النتائج يختبر نفسه بما كان منه .

ثم يقول الحق سبحانه : {  وردوا إلى الله مولاهم(  ) الحق .  . ( 30 ) }[ يونس ] : وكأنهم كانوا في الدنيا عند مولى آخر غير الإله الحق سبحانه ،  والمولى غير الحق هو الشريك أو الشركاء الذين اتخذتهم بعض الناس موالي لهم ،  وهنا في اليوم الآخر يردون إلى الإله الحق والمولى الحق سبحانه .

وكلمة "" ردوا إلى كذا ""  لا تدل على أنهم كانوا مع الضد ،  وجاءوا له ،  بل تدل على أنهم كانوا معه أولا ،  ثم ذهبوا إلى الضد ،  ثم ردوا أليه ثانيا ،  مثل قوله سبحانه عن موسى عليه السلام : {  فرددناه إلى أمه .  . ( 13 ) }[ القصص ] : فدلت على أنه كان مع أمه ،  ثم فارقها ، ثم رد إليها .

وقوله الحق سبحانه هنا : {  وردوا إلى الله مولاهم (  )الحق .  . ( 30 ) }[ يونس ] : أي :  أنهم كانوا مع الله أولا ، ثم أخذهم الشركاء ، وفي هذا اليوم الآخر يرجعون لربهم سبحانه .

والإنسان يكون مع ربه أولا بالفطرة التكوينية المؤمنة ،  ثم يتجه به أبواه إلى المجوسية أو أي ديانة أخرى تحمل الشرك بالله(  ) ،  وهم في ظل تلك الديانات المشركة ،  كانوا عند مولى وسيد وآمر ومشرع ،  ولكنه مولى غير حق ؛  لأن الحق هو الثابت الذي لا تدركه الأغيار .

{  هنالك تبلو كل نفس ما أسلفت .  . ( 30 ) }[ يونس ] : أي :  عرفت كل نفس ما فعلت ،  ويعرف كل إنسان بفضيحته في جزئيات ذاته ،  وكذلك الفضيحة العامة لكل إنسان أشرك بالله سبحانه .

ثم يقول الحق سبحانه : {  وضل عنهم ما كانوا يفترون( 30 ) }[ يونس ] : أي :  أن الآلهة التي عبدوها لا تتعرف إلى أمكنتهم ومواقعهم ،  وأنهم في خطر ؛  فتأخذ بأيديهم ؛  لأن هذه الآلهة لا علم لها بهم ،  ولو أن هذه الآلهة التي كانوا يعبدونها من دون الله-سبحانه- على شيء من الحق ؛  ووجدوهم في مأزق ؛  لكان يجب أن يدافعوا عنهم ،  لكنهم لم يعرفوا أماكنهم {  وضل عنهم ما كانوا يفترون .  . ( 30 ) }[ يونس ] : أي :  ما كانوا يكذبونه كذبا متعمدا ."
10,31,"وبعد أن كشف-سبحانه- المسألة وما سوف يحدث في الآخرة ، وخوفهم وبشع لهم ما سوف ينتظرهم من مصير إن ظلوا على الكفر ؛  لعلهم يرتدعون(  ) ،  ويتذكرون ضرورة العودة على عبادة الإله الحق سبحانه ،  يأتي الحق سبحانه وتعالى بما يعيد إليهم رشد الإيمان في نفوسهم ،  فيقول : {  قل من يرزقكم من السماء والأرض أمن يملك السمع والأبصار ومن يخرج الحي من الميت ويخرج الميت من الحي ومن يدبر الأمر فسيقولون الله(  ) فقل أفلا تتقون( 31 ) } :

أي :  أن الحق سبحانه يقول لرسوله صلى الله عليه وسلم : اسألهم هذا السؤال ،  ولا يسأل هذا السؤال إلا من يثق في أن المسئول لو أراد في ذهنه كل الأجوبة ،  فلن يجد جوابا غير ما عند السائل .

ومثال ذلك من حياتنا-والله المثل الأعلى- إن جاء لك من يقول :  أبي يهملني ،  فتمسك به ،  وتسأله :  من جاء لك بهذه الملابس وذلك القلم ويطعمك ويعلمك ؟  سيقول لك :  أبي .

وأنت تسأل هذا السؤال إلا وأنت واثق أنه لو أراد كل الأجوبة فلن يجد جوابا إلا الذي تتوقعه منه ،  فليس عنده إجابة أخرى ؛  لأنك لو كنت تعرف أنه سوف يجيبك إجابة مختلفة لما سألته فكأنك ارتضيت حكمه هو في المسألة .

والحق سبحانه وتعالى قال في بداية هذه الآية الكريمة : {  قل } كما أنزل عليه مثيلاتها مما بدئ بقوله سبحانه : {  قل } مثل قوله سبحانه : {  قل هو الله أحد( 1 ) }[ الصمد ] : وهذا ما اقتضاه خطاب الحق سبحانه دائما للخلق ،  ويختلف عن خطاب الخلق للخلق ،  فحين تقول لابنك :  "" اذهب إلى عمك ،  وقل له كذا ""  .  فالابن يذهب إلى العم ويقول له منطوق رسالة الأب ،  دون أن يقول له : {  قل } ،  أما خطاب الحق سبحانه للخلق ،  فقد شاء سبحانه أن يبلغنا به رسول الله صلى الله عليه وسلم كما نزل {  قل } فالرسول صلى الله عليه وسلم أمين في البلاغ عن الله تعالى ،  لا يترك كلمة واحدة من الوحي دون أن يبلغها للبشر ،  وما دام الحق سبحانه وتعالى هو الذي أمره ،  فهو يبلغ ما أمر ،  حتى لا يحرم آذان خلق الله تعالى من كل لفظ صدر عن الله سبحانه .

وكذلك أمر الحق-سبحانه-هنا لرسوله صلى الله عليه وسلم بأن يقول : {  من يرزقكم من السماء والأرض .  . ( 31 ) }[ يونس ] : ونحن نعلم أن الرزق هو ما ينتفع به ،  والانتفاع الأول مقوم حياة ،  والثاني ترف أو كماليات حياة ،  والرزق الذي هو أصل الحياة هو ماء ينزل من السماء ،  ونبات يخرج من الأرض(  ) .

وهكذا قال الحق سبحانه السؤال والإجابة معروفة مقدما ،  فلم يقل لرسوله صلى الله عليه وسلم :  "" أجب أنت ""  بل ترك لهم أن يجيبوا بأنفسهم .

وكذلك جاء الحق سبحانه بسؤال آخر : {  أمن يملك السمع والأبصار .  . ( 31 ) }[ يونس ] :

والسمع والبصر هما السيدان لملكات الإدراك ؛  لأن إدراك المعلومات(  ) له وسائل متعددة ،  إن أردت أن تدرك رائحة ؛  فبأنفك ،  وإن أردت أن تدرك نعومة ؛  فبلمسك وببشرتك ،  وإن أردت أن تدرك مذاق شيء فبلسانك ،  وإن أردت أن تتكلم فبأجهزة الكلام وعمدتها اللسان ،  وإن أردت أن تسمع فبأذنك .

وكذلك تتجلى لك المرائي(  ) بعينك ،  ثم تأتي إدراكات متعددة من الحواس ؛  لتكون أشياء نسميها الخميرة ،  توجد منها القضية العقلية الأخيرة ،  فالطفل أمام النار يجد منظرها جميلا جذابا ،  لكن ما إن يلمسها حتى تلسعه ؛  فلا يقرب منها أبدا من بعد ذلك ؛  لأنه اختبرها بحواسه فارتكزت لديه القضية العقلية وهي أن هذه نار محرقة ،  واستقر هذا لديه يقينا .

وهكذا تكون الإدراكات الحسية إدراكات متعددة تصنع خميرة في النفس تتكون منها الإدراكات المعنوية .

إذن :  فوسائل العلم للكائن الحي هي الحواس ،  وهذه الحواس تعطي العقل معطيات تنغرز فيه لتستقر من بعد ذلك في الوجدان ؛  فتصبح عقائد .

إذن :  فمراحل الإدراك هي :  إدراك حسي ،  وتفكر عقلي ،  فانتهاء عقدي ؛  ولذلك نسمي الدين عقيدة . أي :  أنك عقدت الشيء في يقينك بصورة لا تحله بعدها من جديد لتحلله ،  فهذا يسمى عقيدة .

ولذلك حينما أراد الله-سبحانه وتعالى-أن يقص علينا مراحل الإدراك في النفس الإنسانية ؛  ليربي الإنسان ومعلوماته ،  قال الحق سبحانه : {  والله أخرجكم من بطون أمهاتكم لا تعلمون شيئا وجعل لكم السمع والأبصار والأفئدة لعلكم تشكرون( 78 ) }[ النحل ] ، لذلك يقال :  "" كما ولدته أمه ""  ،  أي :  لم يعط القدرة على استخدام حواسه بعد ،  ثم يجعل له الحق سبحانه الحواس ،  ويجعله قادرا على استخدامها .

ولم يذكر بقية الحواس ،  بل جاء بالسيدين ،  وهما السمع والبصر ؛  لأن آيات الكون تحتاج إلى الرؤية ،  وإبلاغ الرسل يحتاج للسماع ،  وهما أهم آلتين في البلاغ ،  فأنت ترى بالعين آيات الكون ومعجزات الرسل ،  وتسمع البلاغ بمنهج الله سبحانه وتعالى من الرسل .

وقد لفتنا الإمام علي بن أبي طالب-رضي الله عنه- إلى العجائب فقال :  "" أعجبوا لهذا الإنسان ،  ينظر بشحم ،  ويتكلم بلحم ،  ويسمع بعظم ،  ويتنفس من خرم "" (  ) .

فالصوت يطرق عظمة الأذن ،  ويرن على طبلتها ،  ونرى بشحمة(  ) العين ،  وننطق بلحمة اللسان .

وأضاف البعض :  "" ونشم بغضروف ،  ونلمس بجلد ،  ونفكر بعجين ""  .  فالإنسان يولد وكأن مخه قطعة من العجين التي تعمل في استقبال المعلومات من الكون وتخزينها فيه ،  وهي التي ستكون ركيزة لتشكيل الفؤاد من بعد ذلك .

وجاء قول الحق سبحانه هنا في الآية التي نحن بصدد خواطرنا عنها بوسيلتين من وسائل الإدراك ،  وترك بقية الوسائل الثلاث الأخرى الظاهرة ،  مع أن العلم الحديث حين تكلم عن وظائف الأعضاء ،  احتاط للأمر وقرر أن هذه الحواس هي الحواس الخمس الظاهرة .

وهذا يعني أن هناك حواسا أخرى غير هذه سيكشف عنها ،  وهي حواس لم يكن القدماء يعرفونها ،  مثل حاسة البين بين ،  التي نفرق بها بين أنواع الأقمشة والأوراق وغيرها ،  وكثافة هذا النوع من ذاك ،  وهذه الحاسة توجد بين لمستين من إصبعين متقاربين(  ) .

وكذلك حاسة العضل التي تزن ثقل الأشياء ،  وتعرف حين تحمل ثقلا ما مدى الإجهاد الذي يسببه لك ،  وهل يختلف عن إجهاد حمل ثقل آخر .

وحين نظر العلماء في معاني الألفاظ قالوا :  "" النظائر حين تخالف فلا بد من علة للمخالفة ""  فالسمع آلة إدراك ،  والبصر آلة إدراك ،  فلماذا قال الحق سبحانه في آلة الإدراك "" السمع ""  ،  وقال في آلة الثانية  "" الإبصار ""  ؟  ،  ولماذا جاء السمع بالإفراد ،  وجاء الإبصار بالجمع ،  ولم يأت بالاثنين على وتيرة(  ) واحدة ؟

فنقول :  إن المتكلم هو الله تعالى ،  وكل كلمة منه لها حكمة وموضوعة بميزان ،  وأنت حين تسمع ،  تسمع أي صوت قادم من أي مكان ،  لكنك بالعين ترى من جهة واحدة ،  فإن أردت أن ترى ما على يمينك فأنت تتجه بعينيك إلى اليمين ،  وإن أردت أن ترى ما خلفك ،  فأنت تغير من وقفتك ،  فالأذن تسمع بدون عمل منك ،  لكن البصر يحتاج إلى عمليات متعددة ؛  لترى ما تريد .

وأيضا فالسمع لا اختيار لك فيه ،  فأنت لا تستطيع أن تحجب أذنك عن سماع شيء ،  أما الإبصار فأنت تتحكم فيه بالحركة أو بإغلاق العين .

وجاء الحق- سبحانه وتعالى- بالسمع أولا ؛  لأن الأذن هي أول وسيلة إدراك تؤدي مهمتها في الإنسان ،  أما العين فلا تبدأ في أداء مهمتها إلا من بعد ثلاثة أيام إلى عشرة أيام غالبا . وهنا يقول الحق سبحانه : {  أمن يملك السمع والأبصار .  . ( 31 ) } ]يونس ] : والحق سبحانه يملكها ؛  لأنه خالقها وهو القادر على أن يصونها ،  وهو القادر سبحانه على أن يعطلها ،  وقد أعطانا الحق مثالا لهذا في القرآن فقال عن أصحاب الكهف : {  فضربنا على آذانهم في الكهف سنين عددا( 11 ) }[ الكهف ] : فعطل الله سبحانه أسماعهم بأن ضرب على آذانهم ،  فذهبوا في نوم استمر ثلاثة قرون من الزمن وازدادوا تسعا .

كيف حدث هذا ؟  .  . إن أقصى ما ينامه الإنسان العادي هو ليلة ،  ولذلك عندما بعثهم الله تساءلوا فيما بينهم : {  قال قائل منهم كم لبثتم قالوا لبثنا يوما أو بعض يوم .  . ( 19 ) }[ الكهف ] : ولكن هيئتهم لم تكن تدل على هذا ،  فإن شعورهم قد طالت جدا ،  وبل إن لونها الأسود قد تبدل وأصبحوا شيبا وكهولا ،  ولذلك قال الحق سبحانه : {  لو اطلعت عليهم لوليت منهم فرارا ولملئت منهم رعبا .  . ( 17 ) }[ الكهف ] .

ونلحظ هنا ملحظا يجب الانتباه إليه ،  ففي هذه الآية الكريمة يقول الحق سبحانه : {  أمن يملك السمع والأبصار .  . ( 31 ) }[ يونس ] ، بينما يقول في آية أخرى في سورة السجدة : {  وجعل لكم السمع والأبصار .  . ( 9 ) }[ السجدة ] : ولا بد أن ننتبه إلى الفارق بين  "" الخلق ""  و "" الجعل ""  ،  و "" الملك ""  ،  فالحق قد عرفنا أمره ،  وملكية كل شيء لله-تعالى-أمر ملزم في العقيدة ،  ومعروف ،  أما  "" الجعل ""  ،  فهو توجيه ما خلق إلى مهمته .

فأنت تجعل الطين إبريقا ،  والقماش جلبابا ،  هذا على المستوى البشري ،  أما الحق سبحانه وتعالى فقد خلق المادة أولا ،  ثم جعل من المادة سمعا وبصرا ،  وزاد من بعد ذلك {  أمن يملك } ،  فمن خلق هو الله تعالى ،  ومن جعل هو الله تعالى ،  ومن ملك هو الله تعالى .

وهو سبحانه ينبهنا إلى ذلك ،  فالأشياء النافعة لابن آدم يخلقها الله سبحانه ،  ويجعلها ،  ثم يملكها له .

أما ذات الإنسان وأبعاضه من سمع وبصر وغيرهما وإن كانت قد خلقت في الإنسان ،  وجعلت له للانتفاع بها ،  ولكنها ستظل ملكا لله ،  يبقيها على حالها ،  أو يخطفها أو يصيبها بآفة ،  أو يعطلها(  ) .

إذن :  فهي خلقت لله ،  وجعلت من الله ،  وتظل مملوكة لله ،  ويصيرها كيف يشاء ،  فدقات القلب والحب والكراهية والأمور اللاإرادية التي تعمل لصالح الإنسان هي مملكة الله .

والحق سبحانه-على سبيل المثال- جعل لكل حيوان جلدا ؛  ننتفع به وندبغه إلا جلدين اثنين :  جلد الإنسان وجلد الخنزير ،  وقد حرم استخدام جلد الإنسان ؛  لكرامته عند خالقه ،  وحرم استخدام جلد الخنزير ؛  ليدل على حرمته ونجاسته .

وعلينا أن ننتبه إلى أن الحق سبحانه قد خلق وجعل وملك ،  ودليل ملكية الحق- سبحانه وتعالى- أنه حرم الجنة على المنتحر(  ) ؛  لأنه لا يأخذ الحياة إلا واهب الحياة ،  فأنت أيها الإنسان لست ملك نفسك .  ولا عذر لأحد ما دام قد وصله هذا البلاغ ،  وعليه أن يستوعبه أما من لا يستوعب ؛  فيلقى مصيره .

لذلك فإنه سبحانه هو الذي رزق ،  وهو-سبحانه-الذي يملك .

ثم يقول الحق سبحانه : {  ومن يخرج الحي من الميت ويخرج الميت من الحي .  . ( 31 ) }[ يونس ] ، ونحن نعلم أن لكل كائن في الوجود حياة تناسبه ،  بدليل قول الحق سبحانه : {  كل شيء هالك إلا وجهه .  . ( 88 ) }[ القصص ] : وما دام كل شيء سيأتي له وقت يهلك فيه ،  فمعنى ذلك أن لكل شيء حياة ،  إلا أن حياتنا نحن في ظاهر الأمر عبارة عن الحس والحركة ،  والإنسان يأكل الخضروات والخبز والفاكهة ،  ومن هذه المأكولات وغيرها يكون الجسم الحيوانات المنوية في الرجل ،  والبويضات في المرأة ،  ومنهما يأتي الإنسان ،  وكذلك يخرج الكتكوت من البيضة المخصبة ؛  لأن البيضة غير المخصبة لا تخرج كتكوتا ؛  فهي بدون حياة ؛  ولذلك لا يتكون منها جنين ،  فهنالك فرق بين قابلية الحياة ،  وبين الحياة نفسها .

وكذلك نواة التمرة ،  إذا ما ألقيت دون أن توضع في الأرض ،  فلن تكون نخلة أبدا ،  ولكن إذا ما زرعت في الأرض ،  ووجدت لها البيئة المناسبة ؛  خرجت نخلة .

ثم يقول الحق سبحانه : {  ومن يدبر الأمر .  . ( 31 ) }[ يونس ] : والتدبير هو عملية الإدارة لأي شيء ؛  حتى يؤدي مهمته ،  وبالله من يدير قلبك ؟  ومن يدير حركة أمعائك ؟  لتستخلص من الطعام ما يفيدك ،  ثم تخرج ما لا يفيدك .

إياك أن تقول :  إنني أنا الذي أدير ذلك ؟  ونقول :  كنت طفلا في مرحلة الطفولة ،  فهل كنت تدير حركة قلبك أو أمعائك ؟  ومن الذي يدير حركة رئتيك ؟  إن الذي يديرها هو خالقها ؛  لذلك اطمئنوا على حركة أجهزتكم التي لا دخل لكم فيها ؛  لأن الذي خلقها فيكم قيوم لا تأخذه سنة(  ) ولا نوم ،  ولا يؤوده حفظ ذلك(  ) .

ويجيب من يسألهم الرسول صلى الله عليه وسلم على كل تلك الأسئلة-بأمر الله تعالى- الإجابة التي حددها الله سبحانه سلفا{  فسيقولون الله .  . ( 31 ) }[ يونس ] : إذن :  أما كان يجب أن نرهف الآذان ،  ونعمل الأبصار ؛  لنرى قدرة الله سبحانه الذي وهب لنا كل تلك النعم من رزق ،  وسمع ،  وبصر ،  وإحياء ،  وإماتة ،  وإحياء من ميت ،  وتدبير الأمر كله ؟  أما كان يجب أن نقول :  يا من خلقتنا ماذا تنتظر منا ؛  لنعمر الكون الذي أوجدتنا فيه ؟  فكيف-إذن- يتجه البعض بالعبادة لغير الله تعالى ؛  لشمس أو قمر ،  أو ملائكة ،  أو نبي ،  أو صنم ؟  كيف ذلك والعبادة معناها إطاعة العابد للمعبود فيما يأمر به ؟  وهل هناك إله بغير منهج يأمر به عباده ،  ومن عبد الشمس هل كلفته بشيء ؟  .  . لا .

إذن :  يتساوى عندها من عبدها ،  ومن لم يعبدها ،  وفي هذا نقض لألوهية كل معبود غير الله تعالى . ولذلك ينهي الحق سبحانه الآية بقوله : {  أفلا تتقون .  . ( 31 ) }[ يونس ] .

فما دام الله سبحانه هو الذي خلق كل ذلك ،  وأنزل منهجا ،  فعليكم أن تجعلوا بينكم وبينه وقاية ؛  تحكيمكم من صفات الجلال ،  وتقربكم من آثار صفات الجمال(  ) وأن تسمعوا إلى البلاغ من الرسل عليهم السلام ،  وإلى مطلوباته سبحانه .

وما دام كل إنسان سيجيب عن أسئلة هذه الآية ،  ويعترف أن الخالق سبحانه والمالك هو الله تعالى ، فعلى الإنسان أن يقي نفسه النار .

والعجيب أن الجميع يجيب بأن الله سبحانه هو الذي خلق ،  فالحق سبحانه يقول : {  ولئن سألتهم من خلقهم ليقولن الله .  . ( 87 ) }[ الزخرف ] ، ويقول أيضا : {  ولئن سألتهم من خلق السماوات والأرض ليقولن الله .  . ( 25 ) }[ لقمان ] ، وما دام الله تعالى هو الذي خلق ،  ورزق ،  ودبر الأمر ،  فكيف تتركون عبادته وتتجهون لعبادة غيره ؟"
10,32,"ويقول الحق سبحانه بعد ذلك :

{  فذلكم الله ربكم الحق فماذا بعد الحق إلا الضلال فأنى تصرفون(  )( 32 ) } :

وقد جاء قول الحق سبحانه : {  فذلكم } إشارة منه على ما ذكره قبلا من الرزق ،  وملكية السمع والأبصار ،  وقدرة إخراج الحي من الميت ،  وإخراج الميت من الحي ،  وتدبير الأمر .

إذن :  فقوله سبحانه : {  فذلكم } إشارة إلى أشياء ونعم كثيرة ومتعددة أشار إليها بلفظ واحد ؛  لأنها كلها صادرة من إله واحد . {  فذلك الله ربكم الحق .  . ( 32 ) }[ يونس ] ، ولا يوجد في الكون حقان(  ) ،  بل يوجد حق واحد ،  وما عداه هو الضلال ؛  لذلك يقول الحق سبحانه : {  فماذا بعد الحق إلا الضلال .  . ( 32 ) }[ يونس ] : إذن :  أنتم إن وجهتم الأمر بالربوبية إلى غيره ؛  تكونون قد ضللتم الطريق ،  فالضلال أن يكون لك غاية تريد أن تصل إليها ،  فتتجه على طريق لا يوصل إليها .  فإن صرفتم من الإله الحق فأنتم تصلون إلى الضلال .

ولذلك ينهي الحق سبحانه الآية بما بين أنه لا يوجد إلا الحق أو الضلال ،  فيقول سبحانه : {  فأنى تصرفون .  . ( 32 ) }[ يونس ] : أي :  أنكم إن انصرفتم عن الحق-سبحانه وتعالى- فإلى الضلال ،  والحق واحد ثابت لا يتغير .

ومن عبد الملائكة أو الكواكب أو النجوم ؛  أو بعض رسل الله-عليهم السلام- أو صنما من الأصنام ؛  فقد هوى إلى الضلال .

وإن كنتم تريدون أن نجادلكم عقليا ،  فلنقرأ معا قول الحق سبحانه وتعالى بعد ذلك :

{  كذلك حقت كلمت ربك على الذين فسقوا أنهم لا يؤمنون( 33 ) } :"
10,33,"قوله : {  كذلك }إشارة إلى ما تقدم من رزق الله تعالى للبشر جميعا ،  ومن ملك السمع والبصر ،  ومن تدبير الأمر كله ،  ومن إخراج الحي من الميت ،  وإخراج الميت من الحي ،  ذلك هو الإله الحق سبحانه ،  وقد ثبت ذلك بسؤاله سبحانه وتعالى هذا السؤال الذي علم مقدما ألا إجابة له إلا بالاعتراف به إلها حقا : {  فماذا بعد الحق إلا الضلال .  . ( 32 ) } .

ومثل هذه القضية تماما قول الحق سبحانه : {  حقت كلمت ربك على الذين فسقوا أنهم لا يؤمنون( 33 ) }[ يونس ] : لأنهم أساءوا الفهم في الوحدانية ،  وفي العقيدة ،  واستحقوا أن يعذبوا ؛  لأنهم صرفوا الحق إلى غير صاحب الحق .

وقد كان هذا خطابا للموجودين في زمن النبي صلى الله عليه وسلم ،  لكن بعضهم آمن بالله تعالى ؛  ولذلك فالعذاب إنما يحل على من لم يؤمن .

وهذا القول متحقق فيمن سبق في علم الله سبحانه أنهم لا يؤمنون ،  وكذلك حقت كلمة ربك على هؤلاء الذين فسقوا ولا ينتهون عن فسقهم وكفرهم ،  وإصرارهم على الانحراف بالعبودية لغير الله الأعلى والرب الحق سبحانه وتعالى .

والدليل على العلم الأزلي لله سبحانه ما نقرأه في سورة البقرة : {  إن الذين كفروا سواء عليهم أأنذرتهم أم لم تنذرهم لا يؤمنون( 6 ) } (  )[ البقرة ] : إذن :  معلوم لله تعالى من يؤمن ومن لا يؤمن ،  ومن يستمر ويصر على كفره ؛  هو الذي يلقى العذاب ،  ويعلم الله تعالى فيه أنه لن يؤمن .

ثم يذكر الحق بعد ذلك ما يمكن أن يجادل به الكافرين بمنطق أحوالهم ،  ففي ذوات نفوس غير المؤمنين بإله توجد نزعة فطرية لفعل الخير ،  وتوجيه غيرهم إليه ،  وهو موجود حتى في الأمم غير المؤمنة ،  فكل قوم يوجهون إلى الخير بحسب معتقداتهم ،  فنجد بين الشعوب غير المؤمنة بإله حكماء وأطباء وعلماء ،  وهؤلاء يوجهون الناس إلى بعض الخير الذي يرونه .

ونجد الطفل الصغير يكتسب المعتقدات والعادات والاتجاهات من والديه ،  ومما يسمعه من توجيهاتهم ،  فتجده يبتعد عن النار مثلا أو الكهرباء ؛  لأنه ترسخت في ذهنه توجيهات ونصائح غيره ؛  بل إنه يتعلم كيف يتعامل مع هذه الأشياء دون أن تصيبه بالضرر .

إذن :  يوجد توجيه من الخلق إلى الخلق لجهات الخير ،  ألا نجد في الدول غير المؤمنة بإله من يرشد الناس إلى الطرق التي يمكن أن يسيروا فيها باتجاهين ،  والطرق التي عليهم أن يسيروا فيها باتجاه واحد ؟

ألا يوجد من يدل الناس على المنحنيات الخطرة على الطرق ،  وكذلك يوجههم إلى ضرورة خفض سرعة السيارات أمام مدارس الأطفال ؟  نعم ،  يوجد في البلاد غير المؤمنة من يفعل ذلك .

إذن :  فالتفكير في الخير لصالح الأمم أمر طبيعي غريزي موجود في كل المجتمعات ،  وإذا كان التوجيه للخير يحدث من الإنسان المساوي للإنسان ،  ألا يكون الله سبحانه هو الأحق بالتوجيه إلى الخير ،  وهو سبحانه الذي خلق الإنسان ،  وخلق له ما يقيم حياته على الأرض ،  ولذلك يقول الحق سبحانه :

{  قل هل من شركائكم من يبدأ الخلق ثم يعيده قل الله يبدأ الخلق ثم يعيده فأنى تؤفكون(  )( 34 ) } :"
10,34,"وهنا يأمر الحق سبحانه رسوله صلى الله عليه وسلم أن يسألهم : {  هل من شركائكم من يبدأ الخلق ثم يعيده .  . ( 34 ) }[ يونس ] : ومعنى أن الله يسأل القوم هذا السؤال أنه لا بد أن تكون الإجابة كما أرادها هو سبحانه .  وإن قال قائل :  وكيف يأمنهم على مثل هذا الجواب ،  ألم يكن من الجائز أن ينسبوا هذا إلى غير الله ؟

نقول :  إن هذا السؤال لا يطرح إلا وطارحه يعلم أن له إجابة واحدة ،  فلن يجد المسئول إجابة إلا أن يقول :  إن الذي يفعل ذلك هو الله سبحانه ولا يمكن أن يقولوا :  إن الصنم يفعل ذلك ؛  لأنهم يعلمون أنهم هم الذين صنعوا الأصنام ،  ولا قدرة لها على مثل هذا الفعل .

فالإجابة معلومة سلفا :  إن الله سبحانه وتعالى وحده هو القادر على ذلك ،  وهذا يوضح أن الباطل لجلج والحق أبلج(  ) ،  وللحق صولة(  ) ؛  فأنت ساعة تنطق بكلمة الحق في أمر ما ،  تجدها قد فعلت فعلها فيمن هو على الباطل ،  ويأخذ وقتا طويلا إلى أن يجد كلاما يرد به ما قلته ،  بل يحدث له انبهار واندهاش ،  وتنقطع حجته(  ) .

ولذلك لم يقل الحق سبحانه هنا مثلما قال من قبل : {  فسيقولون الله .  . ( 31 ) }[ يونس ] .

بل قال : {  قل الله يبدأ الخلق ثم يعيده .  . ( 34 ) }[ يونس ] ، وجاء بها الحق سبحانه هكذا ؛  لأنهم حينما سئلوا هذا السؤال بهرهم الحق وغلب ألسنتهم وخواطرهم ؛  فلم يستطيعوا قول أي شيء .

ومثال ذلك-والله المثل الأعلى-نجد وكيل النيابة يضيق الخناق على المتهم بأسئلة متعددة إلى أن يوجه له سؤالا ينبهر المتهم من فرط دقته وليس له إلا إجابة واحدة تتأبى طباعه ألا يجيب عنه ،  فيجيب المتهم معترفا .

والإنسان-كما خلقه الله تعالى-صالح لأن يؤمن ،  وصالح لأن يكفر ،  فإرادته هنا تتدخل ،  لكن أبعاضه مؤمنة عابدة مسبحة ،  فاللسان الذي قد ينطق الكفر ،  هو في الحقيقة مؤمن مسبح ،  حامد ،  شاكر ،  لكن إرادة الإنسان التي شاءها الله-سبحانه- متميزة بالاختيار قد تختار الكفر- والعياذ بالله- فينطق اللسان بالكفر .

وقد تأتمر اليد بأمر صاحبها ؛  فتمتد لتسرق ،  أو تسعى الأقدام-مثلا- إلى محل احتساء الخمر ،  ولكن هل هذه الفاعلات راضية عن تلك الأفعال ؟ لا ،  إنها غير راضية(  ) ،  إنما هي خاضعة لإرادة الفاعل .

وحين يسأل السؤال :  من يبدأ الخلق ثم يعيده ؟  فاللسان بفطرية تكوينه المؤمنة يريد أن يتكلم ؛  لكنه لا يملك إرادة الكلام ،  فيبين الحق سبحانه للنبي صلى الله عليه وسلم أن يجيب نيابة عن الأبعاض المؤمنة ،  فيقول سبحانه : {  قل الله يبدأ الخلق ثم يعيده .  . ( 34 ) } وهو بذلك يؤكد الصيغة ،  ويكفي أن يقول محمد صلى الله عليه وسلم هذا القول مبلغا عن ربه ،  وينال هذا القول شرف العندية : {  قل الله يبدأ الخلق ثم يعيده فأنى تؤفكون( 34 ) } : والإفك :  هو الكذب المتعمد ،  وهو الافتراء ،  وهناك فارق بين الكذب غير المتعمد والكذب المتعمد ،  فالكذب غير المتعمد هو من ينقل ما بلغه عن غيره حسبما فهم واعتقد ،  وهو لون من ألوان الكذب لا يصادف الحق ،  ويتراجع عنه صاحبه إن عرف الحق .

أما الافتراء فهو الكذب المتعمد ،  أي :  أن يعلم الإنسان الحقيقة ويقبلها(  ) ؛  ولذلك نجد العلماء قد وقفوا هنا وقفة ؛  فمنهم من قال :  هناك صدق ،  وهناك كذب ،  لكن علماء آخرين قالوا :  لا ،  إن هناك واسطة بين الصدق والكذب .

ومثال ذلك :  أن يدخل ابن على أبيه ،  بعد أن سمع هذا الابن من الناس أن هناك حريقا في بيت فلان ،  فيقول الابن لوالده :  هناك حريق في بيت فلان ؛  فيذهب الأب ليعاين الأمر ،  فإن وجد حريقا فقول الابن صدق ،  وإن لم يكن هناك حريق فالخبر كاذب ،  ولكن ناقل الخبر نقله حسبما سمع .

إذن :  فهناك فرق بين صدق الخبر وصدق المخبر ،  فمرة يصدق الخبر ويصدق المخبر ،  ومرة يصدق الخبر ولا يصدق المخبر ،  ومرة يصدق المخبر ولا يصدق الخبر .

فهنا أربعة مواقف ،  والذين قالوا إن هناك واسطة بين الصدق والكذب هم من قالوا :  إن الصدق يقتضي مطابقة بين الواقع والخبر .  أما الكذب فهو ألا يطابق الواقع الخبر .

لذلك يجب أن نفرق بين صدق الخبر في ذاته ،  وصدق المخبر ؛  بأنه يقول ما يعتقد .  أما صدق الخبر فهو أن يكون هو الواقع .

وقول الحق سبحانه : {  فأنى تؤفكون } أي :  فكيف تقلبون الحقائق ؛  لأنكم تعرفون الواقع وتكذبونه كذبا متعمدا ؟ وكلنا نعلم قول الحق سبحانه : {  والمؤتفكة أهوى(  ) ( 53 ) }[ النجم ] : والمؤتفكة :  هي القرى التي كفئت أعلاها إلى أسفلها ،  كذلك الكذاب يقلب الحقيقة ."
10,35,"ويقول الحق سبحانه بعد ذلك :

{  قل هل من شركائكم من يهدي إلى الحق قل الله يهدي للحق أفمن يهدي إلى الحق أحق أن يتبع أمن لا يهدي إلا أن يهدي فما لكم كيف تحكمون( 35 ) } :

وهذا أمر للرسول صلى الله عليه وسلم بأن يسألهم سؤالا جديدا ،  لا إجابة له إلا ما يفرضه الواقع ،  والواقع يؤكد أن الهداية لا تكون إلا للحق ؛  لأن كل كائن مخلوق لغاية ،  فلا شيء يخلق عبثا(  ) .

ونحن بقدرتنا المحدودة نصنع ( الميكرفون ) و( التليفزيون ) أو الثلاجة أو السرير وغيرها ،  كل منها له غاية ،  وكل له قوانين صيانته الخاصة به ،  والذي يحدد الغاية من هذا المصنع أو ذاك هو صانعه ،  ويضع لها قوانين صيانتها ؛  لتؤدي غايتها ،  فالغاية من أي شيء توجد قبل الشيء نفسه ؛  ليوجد الشيء على مقتضى الغاية منه .

وآفة العالم الآن أنهم يعلمون أن الله سبحانه خلق الإنسان ،  ولكنهم يصنعون من عندهم قوانين لصيانة الإنسان وحركة الإنسان ،  وهذا غباء وغفلة من الذين يفعلون ذلك ،  كان عليهم أن يتركوا أمر صيانة الإنسان للقوانين التي وضعها خالق الإنسان سبحانه .

فالحق سبحانه تعالى قد حدد الغاية من خلق الإنسان وحدد قوانين صيانته ،  والشر الموجود حاليا بسبب الجهل بغاية الإنسان ،  والعدول عن المنهج الذي يجب أن يسير عليه الإنسان ،  فقال الحق سبحانه : {  قل هل من شركائكم من يهدي إلى الحق .  . ( 35 ) } : أي :  هل من هؤلاء الشركاء من يهدي الإنسان على غايته ؟  هل قالت الشمس-مثلا-غايتها ؟  هل قالت الملائكة غايتها ؟  هل قالت الأشجار أو الأحجار أو الرسل الذين عبدتموهم شيئا غير مراد الله تعالى ؟ إنهم آلهة لا يعرفون الغاية من العابد لهم ،  ولا يعرفون الطريق الموصل إلى تلك الغاية .

ولذلك يأتي القول الفصل : {  قل الله يهدي للحق .  . ( 35 ) } : فالله هداك أيها الإنسان إلى الحق في كل حركة تتحركها بالمنهج الذي أنزله الله سبحانه مكتملا على رسوله صلى الله عليه وسلم من بدء "" لا إله إلا الله ""  إلى إماطة الأذى عن الطريق(  ) ،  وهو منهج مستوعب مستوف لكل حركات الإنسان .

وجاءت الإجابة من الله تعالى على لسان رسوله صلى الله عليه وسلم ؛  لأنهم انبهروا بالسؤال وتلجلجوا ولم يوجد عند أي منهم قدرة على المعارضة ،  فالغاية من خلق الإنسان وغيره يوجزها قول الحق سبحانه : {  وما خلقت الجن والإنس إلا ليعبدون( 56 ) }[ الذاريات ] : والعبادة ليست أركان الإسلام فقط ،  بل هي عمارة الكون كبنيان حي للإسلام ،  والذي حدد الغاية هو الخالق سبحانه ،  وهو سبحانه الذي يحدد طريق الوصول إليها .

ونحن حين نرغب في الوصول إلى مكان في الصحراء مثلا ،  إنما نحدد أولا المكان ،  ونختار طريق الوصول ،  فإن كان الطريق المستقيم مليئا بالعقبات والجبال ،  فإنك ستضطر للانحراف عن هذا الطريق وصولا إلى غايتك ،  فهذا الطريق المعوج هو الطريق المستقيم ؛  لأنه الطريق الذي يجنبنا العقبات .

ومثال ذلك :  السيول التي تنزل على هضاب الحبشة ،  فاختارت لنفسها المجرى السهل فكان نهر النيل ،  فلا أحد قد حفر النيل مثلما حفرنا الرياحات أو قناة السويس ،  بل نزل السيل واختار لنفسه الطريق السهل فسار فيه بين التعاريج والرمال والصخور .

ولذلك أنت تجد كل ما لا دخل للبشرية به قد يتعرج لينفذ ،  أما ما صنعه البشر فلا يستطيع ذلك .

وكل خلق لا بد له من غاية ؛  لذلك نجد سيدنا إبراهيم عليه وعلى نبينا السلام يقول : {  الذي خلقني فهو يهدين( 78 ) }[ الشعراء ] : فمن خلق هو الذي يحدد الغاية ؛  لأن هذه الغاية توجد عنده أولا ليخلق ،  وتتجلى الدقة في قول القرآن على لسان سيدنا إبراهيم عليه السلام ،  فلم يقل :  الذي خلقني يهديني ،  بل قال : {  الذي خلقني فهو يهدين } مما يدل على أن هذه القضية ستخالف ،  وبعد أن يخلق الإنسان سيقوم بعض الناس-حماية لمصالحهم-بوضع طريق أخرى تخالف الغاية ؛  فتوصل إلى الضلال .

أما الحق سبحانه فقد أنزل القرآن فيه الهداية الحقة ،  فالذي خلق هو الذي يقنن ،  ولذلك يذكر القرآن على لسان سيدنا إبراهيم عليه السلام : {  والذي هو يطعمني ويسقين( 79 ) }[ الشعراء ] : وبهذا القول وصل سيدنا إبراهيم عليه السلام إلى أن الذي رزق الآباء قدرة استنباط الرزق مطعما ومشربا هو الله سبحانه .

وذكر القرآن على لسان سيدنا إبراهيم عليه السلام : {  والذي يميتني ثم يحيين( 81 ) }[ الشعراء ] : فالإماتة والإحياء هما من الحق سبحانه ،  فلا أحد يسأل عمن يملك الإماتة والإحياء ،  أما عن شفاء المرض فقال : {  وإذا مرضت فهو يشفين(  ) ( 80 ) }[ الشعراء ] : فأنت قد تذهب إلى الطبيب وتظن أنه هو الذي يشفيك ؛  بل هو يعالج ،  ولكن الله هو الذي يشفي .

وهكذا نعلم أن قول سيدنا إبراهيم عليه السلام : {  الذي خلقني فهو يهدين( 78 ) }[ الشعراء ]أولاالهداية ،  ثم الخلق ،  ثم توضيح الطريق موصل إلى تلك الغاية ،  فإذا خولف في شيء من ذلك فلا صلاح لكون أبدا .

وتجد في القرآن على لسان سيدنا موسى عليه السلام : {  قال ربنا الذي أعطى كل شيء خلقه ثم هدا( 50 ) }[ طه ] ، فما دام الحق سبحانه قد خلق فهو يهدي إلى السبيل الموصل إلى الغاية ،  ويقول القرآن أيضا : {  سبح اسم ربك الأعلى( 1 ) الذي خلق فسوى( 2 ) والذي قدر فهدى(  ) ( 3 ) }[ الأعلى ] : وهكذا يتأكد لنا أنه ما دامت هناك غاية ،  فلا بد من وجود طريق يهدينا إليه من خلقنا .

وهنا في الآية التي نحن بصدد خواطرنا عنها يقول الحق سبحانه : {  قل الله يهدي للحق .  . ( 35 ) } لأنه سبحانه هو الذي خلق ؛  ولذلك فمن المنطقي أن يأتي بعد ذلك التساؤل : {  أفمن يهدي إلى الحق أحق أن يتبع أمن لا يهدي إلا أن يهدى .  . ( 35 ) } ؟

وسبب وجود اللام في قوله : {  يهدي للحق } هو النظرة إلى الغاية ،  وسبب وجود : {  إلى الحق } هو لفت الانتباه إلى أن الوصول إلى الغاية يقتضي طريقا ،  فأراد الحق سبحانه في آية واحدة أن يجمع التعبيرين معا .

ونحن نعلم أن هذه الآية قد نزلت في الذين اتخذوا لله شركاء ،  فهم يعترفون بالله تعالى ولكنهم يشركون به غيره ،  فالله سبحانه وتعالى تفرد بالألوهية بربوبيته للخلق ؛  لأنه خلق من عدم ،  ورزق من عدم ،  وخلق لنا وسائل العلم ودبر لنا الأمر ،  وأخرج الحي من الميت ،  وأخرج الميت من الحي ،  وهدى للحق .

فأين-إذن-هؤلاء الشركاء الذين اتخذتموهم مع الله تعالى ؟  وهل صنع واحد منهم أو كلهم مجتمعين شيئا واحدا من تلك الأشياء(  ) ؟

لذلك قال سبحانه : {  هل من شركائكم من يهدي على الحق .  . ( 35 ) }[ يونس ] : إذن :  فالذي يهدي هو الذي خلق ،  وهؤلاء الذين أشركوا اعترفوا بالله خالقا بشهاداتهم حين قال الحق سبحانه : {  ولئن سألتهم من خلقهم ليقولن الله .  . ( 87 ) }[ الزخرف ] :

إذن :  فالذين أشركوا قد ارتكبوا الإثم العظيم ،  وهؤلاء الشركاء إما أن يكونوا من الملائكة ،  أو من الأنبياء والرسل الذين فتن بهم بعض الناس ،  وهناك من اتخذ وسائط أخرى مثل :  الشمس والقمر والنجوم ؛  وهذه أشياء علوية ،  وبعض الناس اتخذوا وسائط سفلية كالأشجار والأحجار ،  فهل أي شيء من كل ذلك يهدي إلى الحق ؟  وما منهج أي منهم إذن ؟  وكيف بلغوكم به ؟

إن كل هؤلاء يعلمون أن أيا منهم لا يستطيع أن يهدي ،  بل هو يهدى من الله سبحانه وتعالى ،  فمن أين قلتم إن الملائكة ستهديكم ؟  أو من أين جاء الذين فتنوا برسولهم واتخذوه إلها ؟  ومن أين جاء هذا الرسول بمنهجه ؟

إن كل كائن لا يهدى على بعد أن يهدى من الله أولا ،  وإن كانت الأشياء-المتخذة شركاء-لا هداية لها ،  ولا منهج ،  ولا عقل ،  ولا تفكير ،  كالشمس والقمر والنجوم في العلويات ،  والأشجار والأحجار في السفليات ،  فماذا قالت هذه الأشياء ؟  إنها لم تقل شيئا .

وهكذا لا يستقيم أمر اتخاذهم شركاء مع الله ،  حتى الملائكة ،  فالله هو الذي يختار منهم الملك الذي يبلغ عن الله سبحانه ،  وكذلك الرسل عليهم السلام : {  أفمن يهدي إلى الحق أحق أن يتبع أمن لا يهدي إلا أن يهدى .  . ( 35 ) }[ يونس ] :

{  لا يهدي } تقرأ هكذا ،  وللغة فيها عملية تخفيف جرس لسلامة نطقها واستقامة اللغة العربية ،  فنحن نعرف أن {  يهدي } يعني :  يهتدي .  . أصلها يهتدي .  . ويهتدي فيها هاء ساكنة وتاء ودال وياء .  . وفيها تقارب لمخارج الحروف ،  وهذا التقارب يجعل المعنى غائما ،  والنطق ثقيلا ،  فتقوم اللغة بعملية إبدال وإدغام ،  وتخلص من التقاء الساكنين فتصل إلى مسامعنا كما أنزلها الله تعالى لسلامة النطق وجمال المعنى ؛  لأن القرآن أدب اللغة بكلام السماء ؛  لتكون خالدة اللفظ والمعنى .  فإذا كنتم على طريق هداية ،  فالأصل في الهداية هو الله تعالى .

وينهي الحق سبحانه الآية الكريمة بقوله : {  فما لكم كيف تحكمون .  . ( 35 ) }[ يونس ] :

أي :  ماذا أصاب عقولكم لتحكموا هذا الحكم ؛  فتشركوا بالله ما لا منهج له ،  أو له منهج ولكنه موصول بالله تعالى جاء ليبلغه لهم ؟

وساعة تسمع {  كيف } فهي للاستفسار عن عملية عجيبة ما كان-في عرف العاقل-أن تحدث .  كأن تقول :  "" كيف ضربت أباك ؟  ""  أو "" كيف سببت أمك ؟  ""  ،  وهذا كله من الأمور التي تأباها الفطرة ويأباه الطبع والدين .

وقوله سبحانه : {  فما لكم كيف تحكمون } كأنه أمر عجيب ما كان يصح أن يحدث ؛  لأن الحق سبحانه وحده هو الإله ،  والحق هو الشيء الثابت الذي لا يتغير غاية وطريقا .  والله سبحانه وحده هو الذي حدد لنا الغاية والطريق الموصل إليها ،  وهو سبحانه القائل : {  والله يدعو إلى دار السلام .  . ( 25 ) }[ يونس ] . والمنهج هو الطريق الذي يوصل إلى دار السلام من آفة الأغيار(  ) ؛  لأن الدنيا كلها أغيار ،  فأنت قد تكون قويا ثم تضعف أو صحيحا فيصيبك المرض ،  أو غنيا فتفتقر ،  أو مبصرا فيضيع منك بصرك ،  أو تكون صحيح الأذن سميعا فتصير أصم بعد ذلك(  ) .

إذن :  فهي دنيا أغيار ،  وهب أن إنسانا أخذ من دنياه كل نصيبه عافية وأمنا وسلامة وغنى وكل شيء ؛  سنجده في قلق من جهتين :  الجهة الأولى أنه يخاف أن يفارقه كل هذا النعيم ،  أو يخاف أن يترك هو هذا النعيم ،  هذا ما نراه في حياتنا .

إذن :  فالدنيا بما فيها من أغيار لا أمان لها ؛  لنفهم أن كل عطاءات المخلوق إنما هي هبة من الخالق سبحانه وتعالى ؛  لأنها لو كانت من ذاتك لاستطعت الحفاظ عليها ،  ولكنها هبات من الحق الأعلى سبحانه . والأمر الموهوب قد يصبح مسلوبا ."
10,36,"ثم يقول الحق سبحانه بعد ذلك :

{  وما يتبع أكثرهم إلا ظنا إن الظن لا يغني من الحق شيئا إن الله عليم بما يفعلون( 36 ) } :

وقول الحق سبحانه : {  وما يتبع أكثرهم إلا ظنا .  . ( 36 ) }يفيد أن بعضهم كان يتبع يقينا ؛  لأن مقابل الظن (  )هو اليقين ،  فالنسب التي تحدث بين الأشياء تربط بين الموضوع والمحمول ،  أو المحكوم والمحكوم عليه ،  وهي نسب ذكرناها من قبل ،  ونذكر بها ،  فهناك شيء أنت تجزم به ،  وشيء لا تجزم به .  وما تجزم به وتدلل عليه هو علم يقين ،  أما ما لا تستطيع التدليل عليه فليس علم يقين ،  بل تقليد ،  كأن يقول الطفل : {  قل هو الله أحد( 1 ) }[ الإخلاص ] : وهذا حق ،  لكن الطفل لا يستطيع أن يدلل عليه أو أن يقال شيء ومن يقوله جازم به ،  وهو غير واقع ؛  فذلك هو الجهل .

والعلم هو القضية المجزوم بها ،  وهي واقعة وعليها دليل ،  على عكس الجهل الذي هو قضية مجزوم بها وليس عليها دليل .

والظن هو تساوي نسبتين في الإيجاب والسلب ،  بحيث لا تستطيع أن تجزم بأي منهما ؛  لأنه إن رجحت كفة كانت قضية مرجوحة ،  والقضية المرجوحة هي شك أو ظن أو وهم .  فالظن هو ترجيح النسب على بعضها .  والشك هو تساوي الكفتين .

وقول الحق سبحانه : {  وما يتبع أكثرهم إلا ظنا .  . ( 36 ) } يبين لنا أن الذين كانوا يعارضون رسول الله صلى الله عليه وسلم فعلوا ذلك إما عنادا-رغم علمهم بصدق ما يبلغ عنه ،  وإما أنهم يعاندون عن غير علم ،  مصدقا لقول الحق سبحانه : {  بل كذبوا بما لم يحيطوا بعلمه .  . ( 39 ) }[ يونس ] : وكان الواحد منهم إذا تمعن في البلاغ عن الله تعالى والأدلة عليه ،  يعلن الإيمان ،  لكن منهم من تمعن في الأدلة وظل على عناده ،  والذين اتبعوا الظن إنما اتبعوا ما لا يغني من الحق شيئا .

لذلك يبين لهم الحق سبحانه أنه عليم بخفايا نفوسهم ،  ويعلم إن كل إنكارهم للإيمان نابعا من العناد أو من العجز عن استيعاب قضية الإيمان ؛  لذلك يقول الحق سبحانه : {  إن الله عليم بما يفعلون .  . ( 36 ) }[ يونس ] : إذن :  فقد علم الله سبحانه أزلا أن بعضهم في خبايا نفوسهم يوقنون بقيمة الإيمان ،  لكنهم يجحدونها ،  مصدقا لقول الحق سبحانه : {  قد نعلم إنه ليحزنك الذي يقولون فإنهم لا يكذبونك ولكن الظالمين بآيات الله يجحدون( 33 ) }[ الأنعام ] : إذن :  فالحق سبحانه وتعالى عليم ،  ولا يخفى عليه أنهم كذبوا بما لم يحيطوا بعلمه ،  وبعضهم لم يفهم قيمة الإيمان ،  ومن علم منهم قيمة الإيمان جحدها ، عنادا واستكبارا .

يقول الحق سبحانه : {  وجحدوا بها واستيقنتها أنفسهم ظلما وعلوا .  . ( 14 ) }[ النمل ] ."
10,37,"وبعد ذلك يقول الحق سبحانه :

{  وما كان هذا القرآن أن يفترى من دون الله ولكن تصديق الذي بين يديه وتفصيل الكتاب لا ريب فيه من رب العالمين( 37 ) } :

وحين تستمع للقرآن وما فيه من سر الأعداد والإخبار بالمغيبات التي لا تخضع لمنطق الزمان ،  ولا لمنطق المكان ،  فالفطرة السليمة توق أن هذا القرآن لا يمكن أن يفترى ،  بل لا بد أن قائله ومنزله عليم خبير ؛  لأن القرآن جاء مصدقا لما بين يديه من الكتب السابقة .

أي :  أن ما به دائما هو أمام الناس ،  أو مواجه لهم ،  وهو كتاب مصدق للكتب السابقة من قبل تحريفها كالتوراة والإنجيل والزبور(  ) ،  وهي الكتب التي سبقت القرآن نزولا ،  لا واقعا ،  فجاء القرآن مصدقا لها .

أي :  هي تصدقه ،  وهو يصدقها من قبل تحريفها ،  وهي الكتب التي بشرت بمحمد صلى الله عليه وسلم رسولا ،  مثلما جاء في القرآن عن تصديق عيسى عليه السلام بمجيء محمد عليه الصلاة والسلام : {  ومبشرا برسول يأتي من بعده اسمه أحمد .  . ( 6 ) }[ الصف ] : فلما جاء أحمد ( محمد صلى الله عليه وسلم ) ونزل عليه القرآن صدق الإنجيل في قوله هذا ،  وما جاء في القرآن من عقائد أصيلة هي عقائد جاءت بها كل الكتب السماوية ،  فالحق سبحانه يقول : {  إنا أوحينا إليك كما أوحينا إلى نوح والنبيين من بعده وأوحينا إلى إبراهيم وإسماعيل وإسحاق ويعقوب والأسباط وعيسى وأيوب ويونس وهارون وسليمان وآتينا داوود زبورا( 163 ) }[ النساء ] ، ويقول الحق سبحانه : {  شرع لكم من الدين ما وصى به نوحا والذي أوحينا إليك وما وصينا به إبراهيم وموسى وعيسى أن أقيموا الدين ولا تتفرقوا فيه .  . ( 13 ) }[ الشورى ] : إذن :  فهنالك أصول جاءت بها كل الكتب السماوية ،  وهناك كذلك أخبار أخبرت عن حدوثها الكتب السماوية ،  وأبلغنا رسول الله صلى الله عليه وسلم بالقرآن وفيه تلك الأخبار ،  فمن أين جاء محمد صلى الله عليه وسلم بتلك العقائد الصحيحة ،  وتلك الأخبار الموجودة في الكتب السابقة ،  وهو صلى الله عليه وسلم لم يكن من أهل الكتاب ،  ولا علم منهم شيئا(  ) ؟

إذن :  فعندما يقول محمد صلى الله عليه وسلم ما جاء ذكره في الكتب السابقة على القرآن ،  فهذه الكتب مصدقة لما جاء به محمد صلى اله عليه وسلم ؛  لأن هذه الأخبار قد وقعت ،  وهذا تأكيد لصدقه ؛  لأنه بشهادة أهل زمانه لم يجلس إلى معلم ،  ولم يقرأ كتابا ،  وتاريخه وسيرته معروفة ؛  لأنه من أنفسكم ،  ولم يعلم عنه أنه قد زاول كلاما بليغا ،  أو خطب في قوم قبل الرسالة ،  أو قال شعرا .

وبعد ذلك فوجئ هو-كما فوجئتم أنتم-بمجيء هذا البيان الرائع ،  فمن أين جاء به ؟

أنتم تقولون إنه هو الذي جاء به ،  لكنه صلى الله عليه وسلم ينسب الرفعة لصاحبها ،  ويعلن أنه صلى الله عليه وسلم مبلغ فقط ،  فيقول ما أمره الله به أن يقوله : {  قل لو شاء الله ما تلوته عليكم ولا أدراكم به فقد لبثت فيكم عمرا من قبله أفلا تعقلون( 16 ) }[ يونس ] .

ويحض القرآن الكريم النبي صلى الله عليه وسلم أن يسألهم :  هل لاحظوا على كلماته-من قبل- البلاغة والفصاحة أو الشعر ؟  !

ولننظر في  "" ماكنات "" (  ) القرآن الكريم ،  وهي الآيات التي يقول فيها الحق سبحانه : {  وما كنت } مثل قوله سبحانه : {  ذلك من أنباء الغيب نوحيه إليك وما كنت لديهم إذ يلقون أقلامهم(  ) أيهم يكفل مريم .  . ( 44 ) }[ آل عمران ] : وهذا أمر ثابت في الأخبار ، وقوله الحق سبحانه : {  وما كنت بجانب الغربي إذ قضينا إلى موسى الأمر وما كنت من الشاهدين( 44 ) }[ القصص ] : والوحي إلى موسى-عليه السلام- والمكان الذي نزل فيه ذلك الوحي أمر ثابت في الأخبار .

وقول الحق سبحانه : {  ولكنا أنشأنا قرونا فتطاول عليهم العمر وما كنت ثاويا في أهل مدين(  ) تتلو عليهم آياتنا ولكن كنا مرسلين( 45 ) }[ القصص ] : وكثير من هذه الآيات تجعل محمدا صلى الله عليه وسلم وكأنه يسأل المعاصرين له :  كيف أخبرت بوقائع وأخبار لم أكن موجودا في زمانها أو مكانها ؟

لابد-إذن- أن الله الحق-سبحانه-هو الذي أخبرني بما وافق ما عندكم من أخبار .

وبعد ذلك جاء القرآن الكريم مصدقا لما بين يديه : {  فإنه نزله على قلبك بإذن الله مصدقا لما بين يديه .  . ( 97 ) }[ البقرة ] : أي :  أنه الكتاب الذي يضم صدق كل حدث قادم ؛  لأن القرآن خرق حجب وحجز الماضي والمستقبل .

ونحن نعلم أن الأشياء الغيبية تحدث بسببين ؛  الأول :  أن يتكلم عن شيء سبق الزمان الذي نزل فيه ،  فهو يتكلم في الماضي الذي لم يكن رسول الله صلى الله عليه وسلم من أهل الاطلاع والتعلم ليعرفه ويعلمه .

وكذلك خرق القرآن الكريم حجب الحاضر الذي عاصر نزوله ،  هذا الحاضر الذي قد يكون محجوبا بالمكان .

وأضرب هذا المثل-ولله المثل الأعلى- فقد يحدث حادث في الإسكندرية في نفس الوقت الذي تكون أنت فيه موجودا بالقاهرة ،  وأنت لا تعلم هذا الحدث ؛  لأنه محجوب عنك ببعد المكان ،  وحاجز المكان يتمثل-غالبا- في الأمور الحاضرة ،  أما أمور المستقبل فهي محجوبة عنا بالزمان والمكان معا .

وحين يخبرنا القرآن بحدث ماض لم يشهده رسول الله صلى الله عليه وسلم ،  ولم يتعلمه ،  ولم يقرأ عنه ؛  إذن :  فالقرآن إنما يخرق أمامنا حجاب الزمن الماضي .  وإذا أخبر القرآن بحدث حاضر في غير مكان نزوره على سيدنا رسول الله صلى الله عليه وسلم ،  فهذا خرق لحجاب المكان مثل قول الحق سبحانه : {  ويقولون في أنفسهم لولا يعذبنا الله بما نقول .  . ( 8 ) }[ المجادلة ] : وحين سمع المنافقون والكفار هذا القول الكريم ،  لم ينكروا أنهم قالوا في أنفسهم ما جاء به القرآن ،  وهكذا خرق القرآن حاجز المكان في أنفسهم هم .

إذن :  فأخبار الغيب في القرآن إما خرق لزمان ماض أو خرق لزمان الحال ،  وإما خرق لزمان ومكان الاستقبال .

ونحن نعلم أن القرآن كان ينزل والمسلمون ضعاف ،  لا يستطيعون حماية أنفسهم ،  ولا أحد يجير على أحد ،  ويتجه النبي صلى الله عليه وسلم على الطائف ليعرض الإسلام على أهلها ،  لعله يلتمس لهم مجيرا من أهل الطائف ؛  ولكنه صلى الله عليه وسلم لا يجد إلا الإيذاء والإعراض(  ) ،  ويوصي بعضا من صحابته أن يهاجروا على الحبشة(  ) . وفي ظل كل هذه الأزمات ،  ينزل قول القرآن : {  سيهزم الجمع ويولون الدبر .  . ( 45 ) }[ القمر ] : حتى إن عمر بن الخطاب-رضي الله عنه-يتساءل :  أي جمع هذا الذي يهزم ،  ونحن غير قادرين على حماية أنفسنا ؟  ثم تأتي غزوة بدر ويشهد عمر هزيمة وفرار مقاتلي قريش ؛  فيرى رأى العين صدق ما جاء به الوحي من قبل(  ) .

وهكذا تأكد الجميع أن القرآن الكريم غير مفترى ،  فكيف يتهم رسول الله صلى الله عليه وسلم أنه افتراه ؟

وإذا كان هذا القرآن مفترى ،  فلماذا لا تفترون مثله ؟  وفيكم الشعراء والبلغاء والخطباء ؟  !  ولم يقل محمد صلى الله عليه وسلم أنه بليغ أو خطيب أو شاعر ،  ولم يطلب القرآن الكريم منهم أن يأتوا بواحد مثل محمد صلى الله عليه وسلم ،  لا صلة له بالبلاغة أو الفصاحة ،  بل يطلب منهم أن يأتوا بالفصحاء كلهم ،  ويدعوهم أن يقولوا مثل آية واحدة من القرآن .

وإن قالوا :  إن ما جاء به هو السحر ،  وإن محمدا ساحر قد سحر العبيد والضعاف ،  وأدخلهم في الإسلام ،  فلماذا لم يسحركم محمد ؟

إن بقاءكم من غير سحر يدل على أن إطلاقكم كلمة السحر على ما جاء به دعوى كاذبة .

ثم يقول الحق سبحانه : {  وتفصيل الكتاب لا ريب فيه من رب العالمين .  . ( 37 ) }[ يونس ] : فالقرآن قد جاء فيه تفصيل كل الأحكام الصالحة على قيام الساعة ،  أما الكتب السابقة على القرآن فكانت تضم الأحكام المناسبة لزمانها ،  ولأمكنة نزولها .

وهو كتاب {  لا يرب فيه } أي :  لا شك فيه ،  يكشف الكفار ،  ويفضح ارتيابهم وكذبهم ،  فهم قد اعترفوا بعظمة القرآن وقالوا : {  لولا نزل هذا القرآن على رجل من القريتين عظيم .  . ( 31 ) }[ الزخرف ] : إذن :  فهم قد عرفوا أن القرآن لا عيب فيه ،  ولا ريب ،  حتى من الكافرين به . ويأتي الرد على قولهم بالافتراء ،  في قول الحق سبحانه :

{  أم يقولن افتراه قل فأتوا بسورة مثله وادعوا من استطعتم من دون الله إن كنتم صادقين( 38 ) } :"
10,38,"وقد سبق هذا المجيء بالتحدي أسباب عجزهم عن النجاح في التحدي ؛  لأن الآية السابقة تقرر أن الكتب السماوية السابقة تصدق نزول القرآن الكريم ،  وبينها وبين القرآن تصديق متبادل .

فهم مهزومون فيه قبل أن ينزل .

ويقول الحق سبحانه وتعالى : {  قل فأتوا بسورة مثله .  . ( 38 ) }[ يونس ] : وقد جاء التحدي مرة بالكتاب في قوله الحق سبحانه : {  قل لئن اجتمعت الإنس والجن على أن يأتوا بمثل هذا القرآن لا يأتون بمثله ولو كان بعضهم لبعض ظهيرا( 88 ) }[ الإسراء ] : ولم يستطيعوا ،  فنزلت درجة التحدي ؛  وطالبهم أن يأتوا : {  بعشر سور مثله مفتريات .  . ( 13 ) }[ هود ] : فلم يستطيعوا الإتيان بعشر سور ،  فطالبهم أن يأتوا بسورة تقترب-ولو من بعيد- من أسلوب القرآن ،  فلم يستطيعوا{  فأتوا بسورة مثله .  . ( 23 ) }[ البقرة ] : فكيف-إذن-من بعد كل ذلك يدعون أن محمدا صلى الله عليه وسلم قد افترى القرآن ،  وهو صلى الله عليه وسلم لم تكن له صلة بالأساليب البلاغية أو الفصاحة ؟  !

لقد دعاكم أن تأتوا بكل الفصحاء والبلغاء ليفتروا ،  ولو سورة من مثله ،  ووضع شرطا فقال : {  وادعوا من استطعتم من دون الله .  . ( 38 ) }[ يونس ] : لأن الله سبحانه وتعالى هو القادر الوحيد على أن ينزل قرآنا ؛  لذلك دعاهم رسول الله صلى الله عليه وسلم أن يدعوا الشركاء ؛  وذلك حتى لا يقول الكفار وبعضهم من أهل اللجاجة(  ) :  سندعو الله ؛  ولذلك يأتي القرآن بالاستثناء {  وادعوا من استطعتم من دون الله إن كنتم صادقين .  . ( 38 ) } . وهم بطبيعة الحال غير صادقين في هذا التحدي .

والله-سبحانه وتعالى-حين يرسل رسولا إلى قوم ؛  ليعلمهم منهجه في حركة الحياة ،  إنما يريد سبحانه أن تؤدي حركة الحياة على الغاية المطلوبة من الإنسان الخليفة في الأرض ؛  ولذلك يأتي الرسول من جنس المرسل إليهم ؛  ليكون أسوة لهم ؛  لأن الرسول إن جاء ملكا لما صحت الأسوة ،  بل لابد أن يكون بشرا(  ) .

والحق سبحانه لا يرسل أي رسول إلا ومعه بينة ودليل صدق على أنه رسول يبلغ عن الله تعالى .

والبينة لا بد أن تكون من جنس نبوغ (  )القوم ،  فلا يأتي لهم بمعجزة في شيء لم يعرفوه ولم يألفوه ؛  حتى لا يقولوا :  لو تعلمنا هذا لجئنا بمثل ما جاء .

وقد جاء القرآن ليثبت عجزهم عما نبغوا فيه من صناعة الكلام ؛  شعرا ونثرا وخطابة .

وكان القرآن هو معجزة رسول الله صلى الله عليه وسلم في قوم فصحاء يعقدون لشعر أسواقا ،  ويعلقون الفائز من هذا الشعر على جدران الكعبة شهرة له وشهادة به .

إذن :  فهم أصحاب دراية بصناعة الكلام ،  وجاءت المعجزة مع الرسول صلى الله عليه وسلم من جنس ما نبغوا فيه ؛  لتتحداهم .  والتحدي يستدعي استجماع قوة الخصم ؛  ليرد على هذا المتحدي ،  فإذا عجز مع التحدي ،  يصير العجز ملزما .

وقد تحدى الحق سبحانه العرب جميعا بالقرآن كله : {  قل لئن اجتمعت الإنس والجن على أن يأتوا بمثل هذا القرآن لا يأتون بمثله ولو كان بعضهم لبعض ظهيرا(  )( 88 ) }[ الإسراء ] : فلم يستطيعوا أن يأتوا بمثله ،  فتدرج القرآن معهم في التحدي فطلب منهم ما هو أقل من ذلك ،  وهو أن يأتوا بعشر سور مثله في قوله تعالى : {  قل فأتوا بعشر سور مثله مفتريات .  . ( 13 ) }[ هود ] ، ثم تحداهم بالإتيان بمثل سورة من القرآن . وعند التأمل نجد أن الأسلوب الذي جاء بطلب سورة كان على لونين :  فمرة يقول : {  بسورة مثله .  . ( 38 ) }[ يونس ] ، ومرة يقول : {  بسورة من مثله .  . ( 23 ) }[ البقرة ] ، وكل من اللونين بليغ في موضعه ف{  بسورة مثله .  . ( 38 ) } تبين أن المثلية هنا محققة ،  أي :  مثل ما جاء من سور القرآن .  وقوله : {  بسورة من مثله .  . ( 23 ) }[ البقرة ] : أي :  سورة من مثل محمد-صلى الله عليه وسلم-في أنه لم يجلس على معلم ،  ولم يقرأ ،  ولا عرف عنه أنه تكلم بالبلاغة في أي فترة من مراحل حياته قبل الرسالة(  ) .

وقال الحق سبحانه : {  قل لو شاء الله ما تلوته عليكم ولا أدراكم به فقد لبثت فيكم عمرا من قبله أفلا تعقلون( 16 ) }[ يونس ] ، إذن : {  بسورة من مثله .  . ( 23 ) }[ البقرة ] : أي :  مثل محمد صلى الله عليه وسلم الذي لم يتعلم وكان أميا ،  ولكن لماذا يأتي هذا اللون من التحدي ؟ لأنهم قالوا إن القرآن : {  أساطير(  ) الأولين اكتتبها(  ) فهي تملى عليه بكرة وأصيلا( 5 ) }[ الفرقان ] . بل واتهموه في قمة غفلتهم أنه يتعلم من رجل كان بمكة ،  فيلفتهم القرآن إلى أن الرجل-الذي قالوا إنه معلم للرسول صلى الله عليه وسلم-كان أعجميا غير عربي ،  يقول الحق سبحانه : {  لسان الذي يلحدون(  ) إليه أعجمي وهذا لسان عربي مبين( 103 ) }[ النحل ] . ويزيد الحق سبحانه أن يصنفهم ،"
10,39,"فيقول بعد ذلك :

{  بل كذبوا بما لم يحيطوا بعلمه ولما يأتهم تأويله كذلك كذب الذين من قبلهم فانظر كيف كان عاقبة الظالمين( 39 ) } :

وهذا الصنف من الناس الذين {  كذبوا بما لم يحيطوا بعلمه .  . ( 39 ) } ،  وهم من أخذتهم المفاجأة حين حدثوا بشيء لا يعرفونه ،  والناس أعداء ما جهلوا ؛  فكذبوا ما جاء به رسول الله صلى الله عليه وسلم من القرآن قبل أن يتبينوا جمال الأداء فيه ،  ونسق القيم العالية ،  وإذا ما سنحت لهم فرصة يتبينون فيها جمال الأداء ،  ودقة الإعجاز فهم يتجهون إلى الإيمان .

ومثال ذلك :  عمر بن الخطاب-رضي الله عنه-فقد كان كافرا ثم علم أن أخته وزوجها قد أسلما ؛  فذهب إليها في منزلها وضربها ،  فأسال دمها ،  وسيل الدم من أخت بضربة أخيها مثير لعاطفة الحنان ،  وهذا ما حدث مع عمر ؛  فهدأت موجة عناده ،  فاستقبل القرآن بروح لا عناد فيها ؛  فذهب فآمن برسول الله صلى الله عليه وسلم(  ) ،  وكان من قبل ذلك ممن : {  كذبوا بما لم يحيطوا بعلمه ولما يأتهم تأويله .  . ( 39 ) } أي :  لم يعرفوا مراميه ،  وبمجرد أن سمعوا عن رسالته صلى الله عليه وسلم فجأة ،  اتهموه بالكذب والعياذ بالله .

ولذلك اقرأ قول الحق سبحانه : {  ومنهم من يستمع إليك حتى إذا خرجوا من عندك قالوا للذين أوتوا العلم ماذا قال آنفا(  ) .  . ( 16 ) }[ محمد ] : وهذا يدل على أنهم لم يفهموا ما نزل على رسول الله صلى الله عليه وسلم من القرآن ،  وتأتي الإجابة من الحق سبحانه وتعالى : {  قل هو للذين آمنوا هدى وشفاء والذين لا يؤمنون في آذانهم وقر(  ) وهو عليهم عمى .  . ( 44 ) }[ فصلت ] : إذن :  فالقرآن هدى لمن تتفتح قلوبهم للإيمان ،  أما القلوب المليئة بالبغض لقائله وللإسلام ؛  فهؤلاء لا يمكن أن يصح حكمهم .

وإن أراد أي منهم حكما صحيحا فليخرج من قلبه ما يناقض ما يسمع ،  ثم عليه أن يستقبل الأمرين ؛  ولسوف يدخل قلبه الأقوى حجة ،  وهو الإسلام .

إذن :  فمن امتلأ قلبه بعقيدة كاذبة ؛  لا يمكن له أن يهتدي .  : {  بل كذبوا بما لم يحيطوا بعلمه ولما يأتهم تأويله .  . ( 39 ) }[ يونس ] : والتأويل(  ) هو ما يرجع الشيء إليه ،  وهذا يوضح لنا أن هناك أقضية من القرآن لم يأت تفسيرها بعد ،  ستفسرها الأحداث ،  وقد يقول القرآن الكريم قضية غيبية ،  ثم يأتي الزمن ليؤكد هذه القضية ،  هنا نعرف أن تأويلها قد جاء .

وهؤلاء القوم قد كذبوا من قبل أن يأتي لهم التأويل ،  وكان عدم مجيء التأويل هو السبب في تأخر بيان الحق في المسألة لتأخر زمنه .

وعلى سبيل المثال ،  ها هو ذا عمار بن ياسر صاحب رسول الله صلى الله عليه وسلم حين قامت المعركة بين معاوية بن أبي سفيان والإمام علي-رضي الله عنه- وقاتل عمار في صف علي ،  وقتل .  هنا تنبه الصحابة إلى تأويل حديث من رسول الله صلى الله عليه وسلم حيث قال : ّويح عمار .  . تقتله الفئة الباغية "" (  ) .

وهكذا جاء تأويل حديث رسول الله صلى الله عليه وسلم عندما تحقق في الواقع ،  وكان هذا سببا في انصراف بعض الصحابة عن جيش معاوية .

وهنا يقول الحق سبحانه : {  ولما يأتهم تأويله .  . ( 39 ) }[ يونس ] : أي :  أن التأويل لم يظهر لهم بعد .

ومن أدوات النفي :  "" لم ""  مثل قولنا :  "" لم يجيء فلان ""  ،  ونقول أيضا :  "" لما يجيء فلان ""  ،  والنفي في الأولى جزم غير متصل بالحاضر ،  كأنه لم يأت بالأمس .

أما النفي ب "" لما ""  فيعني أن المجيء منتف على ساعة الكلام ،  أي :  الحاضر ،  وقد يأتي من بعد ذلك ؛  لأن  "" لما ""  تفيد النفي ،  وتفيد توقع الإثبات .

والحق سبحانه يقول : {  قالت الأعراب آمنا قل لم تؤمنوا ولكن قولوا أسلمنا .  . ( 14 ) }

[ الحجرات ] : وهؤلاء القوم من الأعراب قالوا : {  آمنا } رغم أنهم راءوا المسلمين وقلدوهم زيفا ونفاقا(  ) ،  ولم يكن الإيمان قد دخل قلوبهم بعد ،  وحين سمعوا قول الحق سبحانه : {  ولما يدخل الإيمان في قلوبكم .  . ( 14 ) }[ الحجرات ] : قالوا :  الحمد لله ؛  لأن معنى ذلك أن الإيمان سوف يدخل قلوبهم .

وكذلك قول الحق سبحانه : {  أم حسبتم أن تدخلوا الجنة ولما يعلم الله الذين جاهدوا منكم ويعلم الصابرين( 142 ) }[ آل عمران ] : فحين سمعوا ذلك قالوا :  إذن وثقنا أنه سيأتي علم الله سبحانه بنا كمجاهدين وصابرين . وهكذا نعرف أن {  لما } تعني أن المنفي بها متوقع الحدوث .  والتأويل كما نعلم هو مرجع الشيء .

وقد جاء في القرآن الكثير من الأخبار لم تكن وقت ذكرها بالقرآن متوقعة ،  أو مظنة أن توجد .  وحين وجدت ولا دخل لبشر في وجودها ،  فهذا يعني أن قائل هذا الكلام قد أخذه عمن يقدر على أن يوجد ،  مثلما جاء في خبر انتصار الروم على الفرس رغم هزيمة الروم .

قال الحق سبحانه :

{  غلبت الروم( 2 ) في أدنى الأرض وهم من بعد غلبهم سيغلبون( 3 ) في بضع(  ) سنين لله الأمر من قبل ومن بعد ويومئذ يفرح المؤمنون( 4 ) بنصر الله .  . ( 5 ) }[ الروم ] : جاء هذا الخبر وانتظر المسلمون تأويله ،  وقد جاء تأويله طبقا لما أخبر القرآن . أو أن التأويل سيأتي في الآخرة ،  وما يؤول الأمر في التكذيب سيعلمونه من بعد ذلك .

والحق سبحانه يقول : {  ولقد جئناهم بكتاب فصلناه على علم هدى ورحمة لقوم يؤمنون( 52 ) هل ينظرون إلا تأويله .  . ( 53 ) }[ الأعراف ] : هم ينتظرون ما يؤول إليه القرآن وما يؤولون إليه ،  إن كان في الدنيا فنصر أهل القرآن ،  وإن كان في الآخرة ،  فهذا قول الحق سبحانه : {  يوم يأتي تأويله يقول الذين نسوه من قبل قد جاءت رسل ربنا بالحق فهل لنا من شفعاء فيشفعوا لنا أو نرد فنعمل غير الذي كنا نعمل .  . ( 53 ) }[ الأعراف ] : هذا هو التأويل الذي كذبه البعض من قبل .

إذن :  فالتأويل إما أن يكون لمن بقي من الكفار فيرى ما أخبر به القرآن وقد جاء على وفق ما أخبر به نبي لا يملك أن يتحكم في مصائر الأشياء ،  وتأتي على وفق ما قال .

فكأن محمد صلى الله عليه وسلم كان يجازف بأن يقول كلاما لا يتحقق ؛  فينصرف عنه الذين آمنوا به ،  ولكنه صلى الله عليه وسلم لم يقل إلا ما هو واثق ومطمئن من وقوعه ؛  لأن الخبر به جاء من لدن عليم خبير .

وإما أن التأويل-أيضا- يأتي في الآخرة .

وهنا قال الحق سبحانه : {  بل كذبوا بما لم يحيطوا بعلمه ولما يأتيهم تأويله .  . ( 39 ) }[ يونس ] : والحق سبحانه هنا يلفت رسوله صلى الله عليه وسلم إلى أن ما حدث معه قد حدث مع رسل من قبله ،  فقال سبحانه في نفس الآية : {  كذلك كذب الذين من قبلهم فانظر كيف كان عاقبة الظالمين( 39 ) }[ يونس ] : أي :  انظر لموكب الرسل كلهم من بدء إرسال الرسل ،  هل أرسل الله رسولا ونصر الكافرين به عليه ؟  .  . لا ،  لقد كانت الغلبة دائما لرسل الحق عز وجل مصداقا لقوله سبحانه : {  كتب الله لأغلبن أنا ورسلي .  . ( 21 ) }[ المجادلة ] : وعرفنا ما حدث للظالمين ،  فمنهم من أغرقه الله ،  ومنهم من خسف به الأرض ،  ومنهم من أخذه بالصيحة(  ) .

إذن :  فالتأويل واضح في كل مواكب الرسل التي سبقت رسالة محمد صلى الله عليه وسلم ،  وإذا كان كل قوم من الظالمين قد نالوا ما يناسب رسالة رسولهم ،  فسينال القوم الظالمين الكافرين برسالة محمد صلى الله عليه وسلم ما يناسب عمومية رسالته صلى الله عليه وسلم .

وحين يقول الحق سبحانه : {  فانظر كيف كان عاقبة الظالمين .  . ( 39 ) } لابد لنا أن نعرف معنى الظلم ،  إنه نقل الحق لغير صاحبه ،  والحقوق تختلف في مكانتها ،  فهناك حق أعلى ،  وحق أوسط ،  وحق أدنى .

فإذا جئت للحق الأدنى في أن تنقل الألوهية لغير الله سبحانه وتعالى فهذا قمة الظلم ،  والحق سبحانه يقول : {  إن الشرك لظلم عظيم(  ) .  . ( 13 ) }[ لقمان ] : لأن في هذا نقل الألوهية من الله سبحانه إلى غيره ،  ويا ليت غيره كان صاحب دعوة بينه وبين الله تعالى ،  لا ،  فليس ذلك المنقول له الألوهية بصاحب دعوة ،  بل تطوع الظالم من نفسه بذلك ،  واتخذ من دون الله شريكا لله ،  وفي هذا تطوع بالظلم بغير مدع .

وهب أن الله تعالى قال :  لا إله إلا أنا ،  فإما أن القضية صحيحة ،  وإما أنها غير ذلك ،  فإن افترض أحد-معاذ الله-عدم صحتها ،  فالإله الثاني كان يجب أن يعلن عن نفسه ،  ولا يترك غيره يسمع له ويعلن عنه ،  وإلا كان إلها أصم غافلا ،  ولكن أحدا لم يعلن ألوهية غير الله سبحانه ؛  لذلك تثبت الألوهية الواحدة للإله الحق سبحانه وتعالى . وقد بين لنا الحق سبحانه : لا إله إلا أنا ،  أنا الخالق ،  أنا الرازق .  ولم يصدر عن أحد آخر دعوى بأنه صاحب تلك الأعمال ،  إذن :  فقد صحت الدعوى في أنه لا إله إلا الله .

والدرجة التالية في الظلم هي الظلم في الأحكام ،  فإذا حكم أحد بحل الربا فهذا ظلم في قضية كبيرة ،  ولكن إن حكم قاض على مدين بأن يرد الدين فقط فهذا عدل ؛  وكذلك القاضي الذي يظلم في أحكامه إنما ينقل حقوق الناس إلى غيرهم . إذن :  فالظلم يأخذ درجات حسب الشيء الذي وقع فيه الظلم ."
10,40,"ويقول الحق سبحانه بعد ذلك :

{  ومنهم من يؤمن به ومنهم من لا يؤمن به وربك أعلم بالمفسدين( 40 ) } :

والكلام هنا في الذين كذبوا ،  فكيف يقسم الله المكذبين-وهم بتكذيبهم لا يؤمنون- إلى قسمين :  قسم يؤمن ،  وقسم لا يؤمن ؟

ونحن نعلم أن الإيمان عمل قلوب ،  لا عمل حواس ،  فنحن لا نطلع على القلوب ،  والحق سبحانه يعلم من من هؤلاء المكذبين يخفي إيمانه في قلبه .

إذن :  فمن هؤلاء من يقول بالتكذيب بلسانه ويخفي الإيمان في قلبه ،  ومنهم من يوافق تكذيبه بلسانه فراغ قلبه من الإيمان ،  ومن الذين قالوا :  إن هذا القرآن افتراء إنما يؤمن بقلبه أن محمدا رسول من الله ،  وصادق في البلاغ عن الله ،  ولكن العناد والمكابرة والحقد يدفعونه إلى أن يعلن عدم الإيمان . وكذلك منهم قسم آخر لا يؤمن ويعلن ذلك .

إذن :  فالمسقم ليس هو الإيمان الصادر عن القلب والمعبر عنه باللسان ،  ولكن المقسم هو إيمان بالقلب غير معبر عنه ،  ولم يصل إلى مرتبة الإقرار باللسان . والذي جعل إيمان بعضهم محصورا في القلب غير معبر عنه باللسان وهو الحقد والحسد والكراهية وعدم القدرة على حكم النفس على مطلوب المنهج .

وبعض العرب حين أعلن لهم رسول الله صلى الله عليه وسلم أن يقولوا :  لا إله إلا الله ؛  فيضمن لهم السيادة على الدنيا كلها(  ) .  ورفضوا أن يقولوا الكلمة ؛  لأنهم يعلمون أنها ليست كلمة تقال ،  بل فهموا مضمون ومطلوب الكلمة ،  وعرفوا أن  "" لا إله إلا الله ""  تعني :  المساواة بين البشر ،  وهم يكرهون ألا تكون لهم السيادة والسيطرة في أقوامهم .

وهذا يدل أيضا على أن الحق سبحانه قد شاء أن يبدأ الإسلام في مكة ،  حيث الأمة التي تعلن رأيها واضحا ؛  ولذلك نجد أن النفاق لم ينشأ إلا في  "" المدينة ""  ،  أما في مكة ،  فهم قوم منسجمون مع أنفسهم ،  فهم حين أعلنوا الكفر ،  ولم يعانوا من تشتت الملكات ،  لكن المنافقين في المدينة وغيرها هم الذين كانوا يعانون من تشتت الملكات ،  ومنهم من كان يلعب على الطرفين ،  فيقول بلسانه ما ليس في قلبه .

ولذلك يعزي الحق رسوله الكريم صلى الله عليه وسلم ويسري(  ) عنه ويبين له :  إياك أن تحزن لأنهم يكذبونك ؛  لأنك محبوب عندهم وموقر ،  فيقول الحق سبحانه {  قد نعلم إنه ليحزنك الذي يقولون فإنهم لا يكذبونك .  . ( 33 ) } [ الأنعام ] : أي :  أنك يا محمد منزه عن الكذب ؟

ويقول الحق سبحانه : {  ولكن الظالمين بآيات الله يجحدون(  ) .  . ( 33 ) }[ الأنعام ] . أي :  أنه سبحانه يحملها عن رسوله صلى الله عليه وسلم ؛  لأن الحق سبحانه يعلم أن رسوله أمين عند قومه ،  وهم في أثناء معركتهم معه ،  نجد الواحد منهم يستأمنه على أشيائه النفيسة(  ) .

والذين آمنوا برسالته صلى الله عليه وسلم ولم يعلنوا إيمانهم ،  والذين لم يؤمنوا ،  هؤلاء وأولئك أمرهم موكول إلى الله تعالى ؛  ليلقوا حسابهم عند الخالق سبحانه ؛  لأنه سبحانه الأعلم بمن كذب عنادا ،  ومن كذب إنكارا .

والحق سبحانه هو الذي يعذب ويعاقب ،  وكل إنسان منهم سوف يأخذ على قدر منزلته من الفساد ؛  لذلك ينهي الحق سبحانه الآية بقوله : {  وربك أعلم بالمفسدين .  . ( 40 ) }[ يونس ] : والمفسد كما نعلم هو الذي يأتي إلى الشيء الصالح فيصيبه بالعطب(  ) ؛  لأن العالم مخلوق قبل تدخل الإنسان-على هيئة صالحة ،  وصنعة الله سبحانه وتعالى-لم يدخل فيها الفساد إلا بفعل الإنسان المختار ،  وصنعة الله يؤدي مهمتها كما ينبغي لها .

وأنت أيها الإنسان إن أردت أن يستقيم لك كل أمر في الوجود ،  فانظر إلى الكون الأعلى الذي لا دخل لك فيه ،  وستجد كل ما فيه مستقيما مصدقا لقول الحق سبحانه : {  والسماء رفعها ووضع الميزان( 7 ) ألا تطغوا في الميزان( 8 ) وأقيموا الوزن بالقسط ولا تخسروا الميزان(  ) ( 9 ) }[ الرحمن ] : أي :  أتقنوا أداء مسئولية ما في أيديكم وأحسنوه كما أحسن الله سبحانه ما خلق لكم بعيدا عن أياديكم ،  والمطلوب من الإنسان-إذن-أن يترك الصالح على صلاحه ،  إن لم يستطع أن يزيده صلاحا ؛  حتى لا يدخل في دائرة المفسدين ."
10,41,"ويقول الحق سبحانه بعد ذلك :

{  وإن كذبوك فقل لي عملي ولكم عملكم أنتم بريئون مما أعمل وأنا بريء مما تعملون( 41 ) } :

وهذه آية تضع الاطمئنان في قلب رسول الله صلى الله عليه وسلم فلم يقل الله سبحانه :  "" إذا كذبوك ""  بل قال : {  إن كذبوك .  . ( 41 ) } وشاء الحق سبحانه أن يأتي بالتكذيب في مقام الشك ،  وأتبع ذلك بقوله للنبي صلى الله عليه وسلم : {  فقل لي عملي ولكم عملكم .  . ( 41 ) } أي :  أبلغهم :  أنا لا أريد أن أحملكم على ما أعمل أنا ،  إنما أريد لكم الخير في أن تعملوا الخير ،  فإن لم تعملوا الخير ؛  فهذا لن يؤثر في حصيلتي من عملي .

وبذلك يتضح لنا أن الرسول صلى الله عليه وسلم لا يجازى على عدد المؤمنين به ،  بل بأداء البلاغ كما شاءه الله سبحانه(  ) .

وقد شاء الحق سبحانه أن ينقل محمد صلى الله عليه وسلم الخير إلى أمته ،  فإن ظلوا على الشر ؛  فهذا الشر لن يناله لأن خير البلاغ بالمنهج يعطيه صلى الله عليه وسلم خيرا ،  لأنه يطبقه على نفسه ،  وشر الذين لا يتبعونه إنما يعود عليهم ؛  لأن الذين يتأبون على الاستجابةلأي داع إنما يظنون أن الداعي سوف يستفيد(  ) .

والبلاغ عن الله ،  إنما يطبقه الرسول صلى الله عليه وسلم منهجا وسلوكا ويجازى عليه(  ) . فلا يجوز الخلط في تلك المسائل {  لي عملي ولكم عملكم .  . ( 41 ) } .

ثم يقول الحق سبحانه على لسان رسوله صلى الله عليه وسلم : {  أنتم بريئون مما أعمل وأنا بريء مما تعملون .  . ( 41 ) }[ يونس ] : وكلمة {  بريء } تفيد أن هناك ذنبا ،  وهذا القول الحق فيه مجاراة للخصوم ،  وشاء الحق سبحانه أن يعلم رسوله صلى الله عليه وسلم والمؤمنين أدب الحوار والمناقشة ،  فيقول : {  وإنا أو إياكم لعلى هدى أو في ضلال مبين( 24 ) }[ سبأ ] . أي :  أننا-الرسول ومعه المؤمنون-وأنتم أيها الكافرون إما على هدى ،  أو في ضلال .  والرسول صلى الله عليه وسلم موقن أنه على هدى وان الكافرين على الضلال ،  ولكنه يجاريهم ؛  عدالة منه صلى الله عليه وسلم ومجاراة لهم .

كذلك يعلمه ربه سبحانه أن يقول : {  قل لا تسألون عما أجرمنا .  . ( 25 ) }[ سبأ ] : أي :  أنه يبين لهم :  هبوا أني أجرمت فأنتم لن تسألوا عن إجرامي ،  ومن أدب الرسول صلى الله عليه وسلم شاء له الحق سبحانه أن يقول : {  ولا نسأل عما تعملون( 25 ) }[ سبأ ]

ولم يقل :  "" ولا نسأل عما تجرمون ""  .  وكذلك شاء الحق سبحانه أن تأتي هنا في هذه الآية التي نحن بصدد خواطرنا عنها : {  أنتم بريئون مما أعمل وأنا بريء مما تعملون .  . ( 41 ) }[ يونس ] ."
10,42,"ويقول الحق سبحانه بعد ذلك :

{  ومنهم من يسمعون إليك أفأنت تسمع الصم ولو كانوا لا يعقلون( 42 ) } :

وكلمة  "" من ""  تطلق وقد يراد بها المفرد ،  وقد يراد بها المفردة ،  وقد يراد بها المثنى ،  وقد يراد بها الجمع ،  ومرة يطابق اللفظ فيقول سبحانه : {  ومنهم من يستمع إليك .  . ( 25 ) }[ الأنعام ] ، ومرة يقصد المعنى فيقول : {  ومنهم من يستمعون .  . ( 42 ) }[ يونس ] : لأن {  من } صالحة للموقعين .

والسماع كما نعلم هو استقبال الأذن للصوت ،  فإن كان صوتا مبهما كأصوات الحيوانات أو أصوات الأعواد ،  فهذه الأصوات لا تفيد إلا ما تفيده النغمة في الجسم من هزة أو ارتجاج .

وإما أن يكون الصوت له معنى تواضعي ،  كاللغات المختلفة التي يتخاطب بها الناس في البلدان المختلفة ،  فإن تكلمت بالإنجليزية في بلد يتكلم أهله بهذه اللغة فهموك وفهمت عنهم .  هذا هو معنى التواضع في اللغة ،  أي :  أن المتكلم والسامع على درجة واحدة من الاتفاق على اللغة .

والنبي صلى الله عليه وسلم عربي يتحدث بلسان عربي مبين لقوم من العرب ،  فما العائق عن السمع إذن ؟ إن العائق عن السمع نفض الأذن لما يأتي من جهة الخصم ،  والسماع-كما نعلم-هو استشراف المخاطب إلى ما يفهم من المتكلم ،  فإن لم يوجد عند المخاطب استشراف إلى أن يسمع ،  فالكلام يقال ولا يصل .

إذن :  لا بد للسامع من حالة الاستشراف إلى فهم ما يقوله المتكلم .  وكما يقول المثل :  ""  أذن منطين وأخرى من عجين ""  .  أو كما تقول المزحة أو واحدا مال على أذن صديق له وقال :  "" أريد أن أقول لك سرا ""  فاقترب الصديق مستشرفا سماع السر ،  فقال الرجل :  ""  أريد مائة جنيه كقرض ""  ؛  فقال الصديق :  ""  كأني لم أسمع هذا السر ""  .

إذن :  فالكلام ليس مجرد صوت يصل على الأذن ، لكن لا بد من استشراف نفسي للتلقي .  وهم لا يملكون هذا الاستشراف ؛  لذلك قال الحق سبحانه : {  أفأنت تسمع الصم .  . ( 42 ) }أي :  كأن سمعهم لا يسمع .

ومثال ذلك :  أننا نجد المدرس الذي يشرح الدرس للتلاميذ ،  وبين التلاميذ من يستشرف السمع ؛  ولذلك يفهم الدرس ،  أما الذي لا يستشرف فكأنه لم يسمع الدرس .

وهم قد فاتوا الصم ؛  لأن الأصم قد يفهم بالحركة أو الإشارة أو لغة العين ،  ولكن هؤلاء لا يسمعون ولا يعقلون {  أفأنت تسمع الصم ولو كانوا لا يعقلون .  . ( 42 ) } ]يونس ] ."
10,43,"ويقول الحق سبحانه بعد ذلك :

{  ومنهم من ينظر إليك أفأنت تهدي العمي ولو كانوا لا يبصرون( 43 ) } :

والرؤى أيضا تحتاج على استشراف ،  وأن يقبل المرء على ما يريد أن يراه ،  وأحيانا لا يكون الرائي مستشرفا ؛  لأن قلبه غير متوجه للرؤية .

وسئل واحد :  إنك تقول : ومن رأى فلانا الصالح(  ) يهده الله .  فرد عليه السامع متسائلا :  كيف تقول ذلك ؟  !  فرد القائل :  لقد رأى أبو جهل خيرا من هذا ،  ومع ذلك ظل كافرا .  فرد السامع :  إن أبا جهل لم ير محمدا رسول الله صلى الله عليه وسلم ،  ولكنه رأى يتيم أبي طالب(  ) .

وهكذا شرح الرجل أن أبا جهل لم ينظر إلى محمد صلى الله عليه وسلم على أنه رسول ؛  لأنه لو نظر إليه بهذا الإدراك لتسللت إليه سكينة الإيمان وهيبة الخشوع وجلال الورع . ونحن قد نلقي رجلا صالحا في نشرته أدمة(  ) أو سواد ،  وصلاحه يضيء حوله ،  وله أسر(  ) من التقوى ،  وجاذبية الورع .

ولو أن أبا جهل رأى محمدا صلى الله عليه وسلم على انه رسول لتغير أمره .

وها هو  "" فضالة "" (  ) يحكى عن لحظة أراد فيها أن يقتل رسول الله صلى الله عليه وسلم وهو يطوف بالبيت عام الفتح ،  فلما اقترب منه ؛  قال له رسول الله صلى الله عليه وسلم :  ماذا كنت تحدث به نفسك ؟  قال :  لا شيء ،  كنت أذكر الله .  قال :  فضحك النبي صلى الله عليه وسلم ،  ثم قال :  استغفر الله ،  ثم وضع يده على صدر فضالة .

وساعة سمع فضالة هذا ،  ورأى محمدا صلى الله عليه وسلم وهو يقول ذلك القول ،  قال :  ما كان أبغض إلي من وجهه ،  ولكني أقبلت عليه فما كان أحب إلي في الأرض كلها من وجهه(  ) .

هذا هو السماع ،  وهذا هو البصر ،  وكلاهما-السمع والبصر-أكرم المتعلقات وأشرفها ؛  لأن السمع هو وسيلة الاستماع لبلاغ الله عنه ،  والإنسان قبل أن يقرأ لا بد له من أن يكون قد سمع . والمقصود هنا بالعمى في قول الحق سبحانه : {  أفأنت تهدي العمى ولو كانوا لا يبصرون( 43 ) } هو عمى البصيرة ."
10,44,"ويقول الحق سبحانه بعد ذلك :

{  إن الله لا يظلم الناس شيئا ولكن الناس أنفسهم يظلمون( 44 ) } :

كلمة  "" الله ""  هي اسم علم على واجب الوجود المتصف بكل صفات الكمال التي عرفناها في أسماء الله الحسنى التسعة والتسعين ،  وإن كان لله تعالى كمالات لا تتناهى ؛  لأن الأسماء أو الصفات التي يحملها التسعة والتسعون اسما لا تكفي كل كمالات الله سبحانه ،  فكمالاته سبحانه لا تتناهى .

ولذلك قال النبي صلى الله عليه وسلم :  "" أسألك بكل اسم سميت به نفسك ،  أو علمته أحدا من خلقك ،  أو استأثرت به في علم الغيب عندك "" (  ) .

وإن سأل سائل :  ولماذا يستأثر الله سبحانه ببعض من أسمائه في علم الغيب ؟ أقول :  حتى يجعل لنا الله سبحانه في الآخرة مزيدا من الكمالات التي لم نكن نعرفها ؛  ولذلك نجد الحق سبحانه يفتح على رسوله صلى الله عليه وسلم  ""  من محامده وحسن الثناء عليه شيئا لم يفتحه على أحد قبله "" (  ) .

وهذا بعض من فيض لا ينفد من آفاق اسم علم على واجب الوجود ،  وصفات علم واجب الوجود ،  والتسعة والتسعون اسما التي نعلمها(  ) هي اللازمة لحياتنا الدنيا ،  ولكننا سنجد في الآخرة صفات كمال أخرى ،  وكلمة  "" الله ""  هي الجامعة لكل هذه الأسماء ،  وعرفناها ؛  وما لم نعرفها .

والإنسان منا حين يقبل على عمل ،  فهذا العمل يتطلب تكاتف صفات متعددة ،  يحتاج إلى قدرة ،  وعلم ،  وحكمة ،  ولطف ،  ورحمة ،  غير ذلك من الصفات ،  فإن قلت :  باسم القوي ؛  فأنت تحتاج إلى القوة ،  وإن قلت :  باسم القادر ؛  فأنت تحتاج إلى القدرة ،  وإن قلت :  باسم الحليم ؛  فأنت تحتاج إلى الحلم ،  وإن قلت :  باسم الحكيم ؛  فأنت تحتاج إلى الحكمة ،  وإن قلت :  "" بسم الله ""  فهي تكفيك في كل هذا وغيره أيضا ؛  ولذلك يكون بدء الأعمال(  ) ب "" بسم الله ""  ،  فإذا احتجت إلى قدرة وجدتها ،  وإن احتجت إلى غنى وجدته ،  وإن احتجت إلى بسط(  ) وجدته .

وكل الصفات الكمال أوجزها الحق سبحانه لنا في أن نقول :  "" بسم الله ""  . وحين تبدأ عملك باسم الله ؛  فأنت تقر بأن كل حول(  ) لك موهوب من الله ،  والأشياء التي تنفعل لك ،  إنما تنفعل باسم الله ،  وكل شيء إنما يسخر لك باسم الله ،  وهو القائل :

{  أو لم يروا أنا خلقنا لهم مما عملت أيدينا أنعاما فهم لها مالكون( 71 ) وذللناها لهم فمنها ركوبهم ومنها يأكلون( 72 ) }[ يس ] : ولو لم يذلل الله لنا الأنعام والأشياء لتنفعل لنا ما استطعنا أن نملكها ،  بدليل أن الله تعالى قد ترك أشياء لم يذللها لنا حتى نتعلم أننا لا نستطيع ذلك ،  لا بعلمنا ،  ولا بقدرتنا ،  إنما الحق سبحانه هو الذي يذلل .

فأنت ترى الطفل في الريف وهو يسحب الجمل ،  ويأمره بالرقود ؛  فيرقد ،  ويأمره بالقيام ؛  فيقوم .  أما إن رأينا ثعبانا فالكثير منا يجري ليهرب ،  ولا يواجهه إلا من له دربة على قتله .  والبرغوث الصغير الضئيل قد يأتي ليلدغك ليلا ،  فلا تعرف كيف تصطاده ؛  لأن الله لم يذلله لك .

وكذلك الثمرة على الشجرة إذا قطفتها قبل نضجها تكون غير مستساغة ،  أما إن قطفتها بعد نضجها فأنت تستمتع بطعمها ،  ثم تأخذ منها البذرة لتعيد زراعتها ،  وتضمن بقاء النوع ،  بل إن الثمرة تسقط من على الشجرة حين تنضج وكأنها تنادي من يأكلها .

وكذلك الإنسان حين يبلغ ،  أي :  يصبح قادرا على أن ينجب غيره ،  فيكلفه الله بعد ذلك بالتكاليف الإيمانية ؛  لأنه لو كلفه قبل ذلك(  ) ثم طرأت عليه مشاكل المراهقة ؛  فقد لا يستطيع أن يحتمل التكليف .

ولذلك شاء الحق سبحانه أن يخلق من عدم ،  وأن يربي حتى يكتمل الإنسان ،  ثم حدد التكليف من لحظة البلوغ ،  ووضع شرط اكتمال العقل والرشد ،  وألا توجد آفة أو جنون .

ولا أقوى من الله سبحانه يمكن أن يكلف لتفعل غير ما يريد الله ؛  لذلك شاء الحق سبحانه أن يكتمل للإنسان الرشد ساعة التكليف ،  أما المجنون فلم يكلفه الله سبحانه ،  وكذلك يسقط التكليف عن المكره ؛  لأن التكليف في مضمونه هو اختيار بين البدائل ،  وهذه منتهى العدالة في التشريع .

وأنت حين تستقبل التكليف عليك ألا تنظر إلى ما تأخذه منك العبادات ،  لأنها لا تأخذ من حريتك ،  بل تحترم أنت حرية الآخرين ،  ويحترمون هم حريتك ،  فإن حرم عليك أن تسرق ،  فهو سبحانه قد حماك بأن حرم على جميع الخلق أن يسرقوا منك(  ) . إذن :  فالقيد قد جاء لصالحك .

وهب أنك أطلقت يدك في الناس ،  فماذا تصنع لو أطلقوا هم أياديهم فيما تملك ؟

وحين حرم عليك التكليف أن تنظر إلى محارم غيرك ،  فهو قد حرم على الغير أن ينظروا على محارمك .

وحين أمرك أن تزكي ،  فهو قد أخذ منك ؛  ليعطي الفقير من المال الذي استخلفك الله فيه .

فلا تنظر على ما أخذ منك ،  بل انظر إلى ما قد يعود عليك إن أصابك القدر بالفقر ،  والشيء الذي تستشعر أنه يؤخذ منك فالله سبحانه يعطيك الثواب أضعافا كثيرة(  ) .

وبعد ذلك انظر على حركة الحياة ،  وانظر على ما حرم الله تعالى عليك من أشياء ،  وما حلل لك غير ذلك ،  فستجد المباح لك أكثر مما منعك عنه .

إذن :  فالتكليف لصالحك . ثم بعد كل ذلك :  أيعود شيء مما تصنع من تكاليف على الحق سبحانه ؟  لا . أيعطيه صفة غير موجودة ؟ لا ؛  لأن الحق سبحانه قد خلقنا بكل صفات كماله ،  وليس في عملنا ما يزيده شيئا .

إذن :  فمن المصلحة أن تطبق التكاليف لأنها تعود عليك أنت بالخير .

وانظر-مثلا- إلى الفلاح في الحقل ،  إنه يحرث الأرض ،  وينقل السماد ،  ويبذر ،  ويروي ويتعب ،  وبعد ذلك يستريح في انتظار الثمار .

وأنت حين تنفذ تكاليف الحق(  ) سبحانه فأنت تجد العائد ،  وأنت ترى في حياتك أن الفلاح الكسول يصاب بحسرة يوم الحصاد ،  فما بالنا بحساب الآخرة .

والفلاح الذي يأخذ من مخزنه إردبا ؛  ليزرعه ،  وهو في هذه الحالة لا ينقص مخزنه ؛  لأنه سيعود بعد فترة بخمسة عشر إردبا .

وهكذا من ينفذ التكاليف يعود عليه كل خير ؛  ولذلك أقول :  انظر في استقبالات منهج الله تعالى فيما تعطيه ،  لا فيما تأخذه .

وهكذا ترى أنه لا ظلم ؛  لأننا صنعة الله ،  فهل رأيتم صانعا يفسد صنعته ؟

إذن :  فالصانع الأعلى لا يظلم صنعته ولا يفسدها أبدا ،  بل يحسنها ويعطيها الجمال والرونق(  ) ؛  لذلك يقول الحق سبحانه : {  إن الله لا يظلم الناس شيئا ولكن الناس أنفسهم يظلمون( 44 ) }[ يونس ] : أي :  أن الناس هم الذين يظلمون أنفسهم ،  ومن الظلم جحد الحق ،  وهذا هو الظلم الأعلى ،  ومن الظلم أن يعطي الإنسان نفسه شهوة عاجلة ؛  ليذوق من بعد ذلك عذابا آجلا ،  وهو بذلك يحرم نفسه من النعيم المقيم ،  وهو حين يظلم نفسه يكون قد افتقد القدرة على قياس عمره في الدنيا ،  فالعمر مهما طال قصير ،  وما دام الشيء له نهاية فهو قصير .

والحق سبحانه وتعالى حين يخاطب الناس ،  فهو قد نصب آيات باقية إلى أن تقوم الساعة ،  وكلهم شركاء فيها ،  وهي الآيات الكونية(  ) ،  وبعد ذلك خص كل رسول بآية ومعجزة ،  وأنزل منهجا ب  "" افعل ""  و "" لا تفعل ""  ،  وبين في آيات الكتاب ما المطلوب فعله ،  وما المطلوب أن نمتنع عنه(  ) ،  وترك لك بقية الأمور مباحة .

والمثال الذي أضربه دائما :  هو التلميذ الذي يرسب آخر العام ،  هذا التلميذ لم تظلمه المدرسة ،  بدليل أن غيره قد نجح ؛  لذلك لا يصح أن يقال :  إن المدرسة أسقطت فلانا ،  ولكن الصحيح أن نقول :  إن فلانا قد أسقط نفسه ،  وأن زميله قد أنجح نفسه ،  ودور المدرسة في ذاك هو إعلان النتيجة .

ومن الظلم أيضا أن يستكثر الظالم نعمة عند المظلوم ،  فيريد أن يأخذها منه ،  ولا يمكن أن يكون الحق سبحانه وتعالى ظالما يستكثر نعم عباده ؛  لأنه منزه عن ذلك ؛  فضلا عن أن خلقه ليس عندهم نعم يريدها هو ،  فهو الذي أعطاها لهم ؛  ولذلك لا يأتي منه سبحانه أي ظلم ،  وإن جاء الظلم فهو من الإنسان لنفسه ."
10,45,"ويقول الحق سبحانه بعد ذلك :

{  يوم يحشرهم كأن لم يلبثوا(  ) إلا ساعة من النهار يتعارفون بينهم قد خسر الذين كذبوا بلقاء الله وما كانوا مهتدين( 45 ) } :

فهذه الدنيا التي يتلهف عليها الإنسان ،  ويأخذ حظه فيها ،  وقد ينسى الآخرة ،  فإذا ما قامت القيامة فأنت تشعر كأنك لم تمكث في الدنيا إلا ساعة ،  والساعة هي الساعة الجامعة التي تقوم فيها القيامة ،  ولكن الساعة في الدنيا هي جزء من الوقت ،  ونحن نعلم أن اليوم مقسم لأربع وعشرين ساعة ،  وأيضا تطلق الساعة على تلك الآلة التي تعلق على الحائط أو يضعها الإنسان على يده ،  وهي تشير إلى التوقيت .

والتوقيت ثابت-بمقدار الساعة والدقيقة والثانية- منذ آدم عليه السلام وإلى من سوف يأتون بعدنا ،  ولكن التوقيت يختلف من مكان إلى آخر ،  فتشير الساعة في القاهرة-مثلا- إلى الثانية ظهرا ،  وتكون في نيويورك السابعة صباحا ،  وتشير في بلد آخر إلى الثالثة بعد منتصف الليل ،  ولا تتوحد الساعة بالنسبة لكل الخلق إلا يوم القيامة .

ولذلك يقول الحق سبحانه : {  ويوم تقوم الساعة يقسم المجرمون ما لبثوا غير ساعة .  . ( 55 ) }[ الروم ] : وهم-إذن- يفاجأون أن دنياهم الطويلة والعريضة كلها مرت وكأنها مجرد ساعة(  ) ،  وهكذا يكتشفون قصر ما عاشوا من وقت ،  ولا يقتصر الأمر على ذلك ،  بل إنهم لم ينتفعوا بها أيضا فهي مدة من الزمن لم تكن لها قيمة .

والحق سبحانه يقول : {  كأنهم يوم يرون ما يوعدون لم يلبثوا إلا ساعة من نهار بلاغ فهل يهلك إلا القوم الفاسقون( 35 ) }[ الأحقاف ] : أي :  أن الدنيا تمر عليهم في لهو ولعب ومشاغل ،  ولم يأخذوا الحياة بالجد اللائق بها(  ) ؛  فضاعت منهم وكأنها ساعة .

ولذلك يقول الحق سبحانه هنا : {  ويوم يحشرهم كأن لم يلبثوا إلا ساعة من النهار .  . ( 45 ) }[ يونس ] : ويوم الحشر ينقسم الناس قسمين :  قسم من كانوا يتعارفون على البر ،  وقسم من كانوا يتعارفون على الإثم ،  فالذين تعارفوا في الحياة الدنيا على البر يفرحون ببعضهم البعض ،  وأما الذين تعارفوا في الحياة الدنيا على الإثم فهم يتنافرون بالعداء ،  والحق سبحانه هو القائل : {  الأخلاء يومئذ بعضهم لبعض عدوا إلا المتقين( 67 ) }[ الزخرف ] .

وكذلك قال في الذين تعارفوا على الإثم : {  إذ تبرأ الذين اتبعوا من الذين اتبعوا .  . ( 166 ) }[ البقرة ] : هم سيتعارفون على بعضهم البعض ،  ولكن هذه المعرفة لا تدوم ،  بل تنقلب إلى نكران ،  فالواحد منهم لا يريد أن يرى من كان سببا في أن يؤول إلى هذا المصير ،  وتعارفهم تعارف تعنيف .

ويقول الحق سبحانه : {  قد خسر الذين كذبوا بلقاء الله .  . ( 45 ) }[ يونس ] : وساعة تسمع كلمة  "" خسر ""  فاعرف أن الأمر يتعلق بتجارة ما ،  والخسارة(  ) تعني :  أن يفقد الإنسان المتاجر إما جزءا من رأس المال ،  أو رأس المال كله .

ومراحل التجارة- كما نعرف- إما كسب يزيد رأس المال المتاجر فيه ،  وإما ألا يكسب التاجر ولا يخسر ؛  لكنه يشعر بأن ثمن عمله ووقته في هذه التجارة قد ضاع ،  وكل ذلك يحدث في الصفقات .

ونجد الحق سبحانه وتعالى يصف العملية الإيمانية في الدنيا بقوله : {  يا أيها الذين آمنوا هل أدلكم على تجارة تنجيكم من عذاب أليم( 10 ) تؤمنون بالله ورسوله وتجاهدون في سبيل الله بأموالكم وأنفسكم ذلكم خير لكم إن كنتم تعلمون( 11 ) }[ الصف ] ، ويقول سبحانه : {  إن الذين يتلون كتاب الله وأقاموا الصلاة وأنفقوا مما رزقناهم سرا وعلانية يرجون تجارة لن تبور(  ) ( 29 ) }[ فاطر ] : والتجارة تعتمد على أنك لا تقبل على عقد صفقة إلا إذا غلب على ظنك أن هذه الصفقة سوف تأتي لك بأكثر مما دفعت فيها .

ولذلك يقول الحق سبحانه عن الصفقات الخاسرة : {  أولئك الذين اشتروا الضلالة بالهدى فما ربحت تجارتهم وما كانوا مهتدين( 16 ) }[ البقرة ] .

ويقول أيضا : {  وإذا رأوا تجارة أو لهوا انفضوا إليها وتركوك قائما .  . ( 11 ) }[ الجمعة ] .

وشاء الله الحق سبحانه أن يجعل معنى التجارة واضحا ومعبرا عن كثير من المواقف ؛  لأن التجارة تمثل جماع كل حركة الحياة ؛  فهذا يتحرك في ميدان ؛  وينفع غيره ،  وغيره يعمل في ميدان آخر ؛  فينفع نفسه ،  وينفع غيره .

وبهذا يتحقق نفع الإنسان من حركة نفسه وحركة غيره ،  وهو يستفيد من حركة غيره أكثر مما يستفيد من حركته هو ،  ومن مصلحة أي إنسان أن يحسن كل إنسان حركته ؛  فيرتاح هو ؛  لأن ما سوف يصل إليه من حركة الناس سيكون جيد الإتقان .

والتجارة تحمل أيضا الوساطة بين المنتج والمستهلك .

ولذلك حين أراد الله سبحانه أن نستجيب لأذان الجمعة قال : {  يا أيها الذين آمنوا إذا نودي للصلاة من يوم الجمعة فاسعوا إلى ذكر الله وذروا البيع ذلكم خير لكم عن كنتم تعلمون( 9 ) }[ الجمعة ] ، ولم يقل الله سبحانه :  اتركوا الزراعة أو اتركوا الصناعة ،  أو اتركوا التدريس ،  بل اختار من كل حركات الحياة حركة البيع ؛  لأن فيه تجارة ،  والتجارة هي الجامعة لكل حركات الحياة .

والتاجر وسيط بين منتج ومستهلك وتقتضي التجارة شراء وبيعا ،  والشراء يدفع فيه التاجر ثمنا ،  أما في البيع فهو يأخذ الثمن ،  والغاية من كل شيء أن يتمول الإنسان .

لذلك فالبيع أفضل عند التاجر من الشراء ،  فأنت قد تشتري شيئا وأنت كاره له ،  لاحتياجك إليه ،  ولكنك عند بيع البضاعة تشعر بالسعادة والإشراق ،  ولأن الشراء فيه أخذ ،  والبيع فيه عطاء ،  والعطاء يرضي النفس دائما ؛  لأن ثمرة الصفقة تأتيك في لحظتها .

وإن كنت مزارعا فأنت تعد الأرض ،  وتحرثها ،  وتبذر البذور ،  وترويها ،  وتشذب النبات ،  وتنتظر إلى أن ينضج الزرع ،  وكذلك تقضي الكثير من الوقت في إتقان الصنعة إن كنت صانعا ،  لكن البيع في التجارة يأتي لك بالكسب سريعا ،  فكأن ضرب المثل في التجارة ،  جاء من أصول التجارة بالبيع ولم يأت بالشراء .

إذن :  لا بد أن نعتبر أن دخولك في صفقة الإيمان تجارة ،  تأخذ منها أكثر من رأسمالك ،  وتربح ،  أما إن تركت بعضا من الدين ؛  فأنت تخسر بمقدار ما تركت ،  بل وأضعاف ما تركت .

وأنت في أية صفقة قد تعوض ما خسرت فيما بعد ،  وإن استمرت الخسارة فإن أثرها لا يتجاوز الدنيا ،  ويمكن أن تربح بعدها ،  وإذا لم تربح ،  فسيضيع عليك تعبك فقط ؛  ولأن الدنيا محدودة الزمن ؛  فخسارتها محتملة ،  أما الخسارة في الزمان غير الموقوت-الزمن الدائم- فهي خسارة كبيرة ؛  لأن الآخرة ليس فيها أغيار كالدنيا ،  وأنت في الآخرة إما في جنة ذات نعيم مقيم ،  وفي هذا ربح وكسب كبير ،  وإما إلى نار ،  وهذه هي الخسارة الحقيقية .

والخسران الحقيقي أن يكذب الإنسان ،  لا بنعيم الله فقط ،  ولكن بلقاء الله أيضا .

يقول الحق سبحانه : {  قد خسر الذين كذبوا بلقاء الله .  . ( 45 ) }[ يونس ] : أي :  أن الله سبحانه لم يكن في بالهم ،  وهم حين تقوم الساعة يجدون الله-سبحانه وتعالى –أمامهم . ولذلك يقول الحق سبحانه : {  والذين كفروا أعمالهم كسراب بقيعة(  ) يحسبه الظمآن ماء .  . ( 39 ) }[ النور ] : والسراب كما نعلم يراه السائر في الصحراء ،  وهو عبارة عن انعكاس للضوء ؛  فيظن أن أمامه ماء ،  ولكن إن سار إليه الإنسان لم يجده ماء ،  وهكذا شبه الحق سبحانه عمل الكافر بمن يسير في صحراء شاسعة ويرى السراب ؛  فيظنه كماء ،  لكنه سراب ،  ما إن يصل إليه حتى ينطبق عليه قول الحق سبحانه : {  حتى إذا جاءه لم يجده شيئا ووجد الله عنده .  . ( 39 ) }[ النور ] : أي :  أنه يفاجأ بوجود الله سبحانه وتعالى ،  فيوفيه الله حسابه .

ولذلك فالذي يكفر بالله ويعمل ما يفيد البشر ،  فإنه يأخذ حسابه ممن عمل له ،  ولا يحسب له ذاك في الآخرة ،  وتجد الناس يكرمونه ،  ويقيمون له التماثيل أو يمنحونه الجوائز وينطبق عليه قول الرسول صلى الله عليه وسلم :  "" فعلت ليقال ،  وقد قيل "" (  ) .

وهنا يقول الحق سبحانه عن الذين كذبوا بلقاء الله تعالى : {  وما كانوا مهتدين( 45 ) }[ يونس ] : أي :  لم يكونوا سائرين على المنهج الذي وضعه لهم خالقهم سبحانه ؛  هذا المنهج الذي يمثل قانون الصيانة لصنعه الله تعالى ،  وقد خلق الله سبحانه الإنسان لمهمة ،  والله سبحانه يصون الإنسان بالمنهج من أجل أن يؤدي هذه المهمة .

والهداية هي الطريق الذي إن سار فيه الإنسان فهو يؤدي به إلى تحقيق المهمة المطلوبة منه ؛  لأن الحق سبحانه قد جعله الخليفة في الأرض .

ومن لا يؤمن برب المنهج سبحانه وتعالى ولا يطبق المنهج فهو إلى الخسران المبين ،  أي :  الخسران المحيط ."
10,46,"ويقول الحق سبحانه بعد ذلك :

{  وإما نرينك بعض الذي نعدهم أو نتوفينك فإلينا مرجعكم ثم الله شهيد على ما يفعلون( 46 ) } :

وقول الحق سبحانه : {  وإما } مكونة من ""  إن ""  و "" ما ""  مدغومتين ،  وهنا يبين لنا الحق سبحانه أنه يعد الذين كذبوا رسوله صلى الله عليه وسلم بالعذاب والهوان والعقاب والفضيحة . أي :  يا محمد ،  إما أن ترى ما قلناه فيهم من خذلان وهوان ،  وإما أن نتوفينك قبل أن ترى هذا في الدنيا ،  ولكنك ستراه في الآخرة حين تشاهدهم في الهوان الأبدي الذي يصيبهم في اليوم الآخر .

وفي هذا تسرية لرسول الله صلى الله عليه وسلم . وقول الحق سبحانه : {  وإما نرينك .  . ( 46 ) } أي :  أن نريك ما وعدناهم من الخذلان والهوان في هذه الحياة ،  وإن لم تره في الحياة الدنيا فلسوف ترى هوانهم في الآخرة ،  حيث المرجع إلى الله تعالى ؛  لأنه سبحانه سيصيبهم في أنفسهم بأشياء فوق الهوان الذي يرى في الناس ؛  كحسرة في النفس ،  وكبت للأسى حين يرون نصر المؤمنين .

أما الذي يرى فهو الأمر الظاهر ،  أي :  الخذلان ،  والهزيمة ،  والأسى ،  والقتل ،  وأخذ الأموال ،  وسبي النساء والأولاد ،  أو غير ذلك مما سوف تراه فيهم-بعد أن تفيض روحك إلى خالقها- فسوف ترى فيهم ما وعدك الله به .

وأنت لن تحتاج إلى شهادة من أحد عليهم ،  لأنه سبحانه : {  شهيد على ما يفعلون( 46 ) } ، وكفاك الله سبحانه شهيدا : {  وكفى بالله شهيدا( 79 ) }[ النساء ] ."
10,47,"ويقول الحق سبحانه بعد ذلك :

{  ولكل أمة رسول فإذا جاء رسولهم قضي بينهم بالقسط(  ) وهم لا يظلمون( 47 ) } :

والحق سبحانه لا يظلم أحدا ،  ولا يعذب قوما إلا بعد أن يكفروا بالرسول الذي أرسله إليهم ،  وهو سبحانه القائل : {  وإن من أمة إلا خلا(  ) فيها نذير ( 24 ) }[ فاطر ] ، وهو سبحانه القائل أيضا : {  لم يكن ربك مهلك القرى بظلم وأهلها غافلون( 131 ) }[ الأنعام ] : فلا تجريم ولا عقوبة إلا بنص وببيان لتجريم هذا الفعل أو ذاك ،  بإرسال الرسل ؛  حتى لا يحتج أحد بأنه لم يصل إليه شيء يحاسب بمقتضاه .

والحق سبحانه هنا يبين أن لكل أمة رسولا يتعهدها بأمور المنهج .

وقد خلق الحق سبحانه كل الخلق ،  وكانوا موحدين منذ ذرية آدم- عليه السلام- ثم اقتضت الأحداث أن يتباعدوا ،  وانتشروا في الأرض ،  وصارت الالتقاءات بعيدة ،  وكذلك المواصلات ،  وتعدد الآفات بتعدد البيئات .

ولكن إذا تقاربت الالتقاءات ،  وصارت المواصلات سهلة ،  فما يحدث في الشرق تراه في لحظتها وأنت في الغرب ،  فهذا يعني توحد الآفات أو تكاد تكون واحدة ؛  لذلك كان لا بد من الرسول الخاتم صلى الله عليه وسلم ،  أما في الأزمنة القديمة ،  فقد كانت أزمة انعزالية ،  تحيا كل جماعة بعيدة عن الأخرى ؛  ولذلك كان لابد من رسول لكل جماعة ؛  ليعالج داءات البيئة ،  أما وقد التقت البيئات ،  فالرسول الخاتم يعالج كل الداءات(  ) . ولذلك يقول الحق سبحانه : {  ولكل أمة رسول فإذا جاء رسولهم قضي بينهم بالقسط وهم لا يظلمون( 47 ) }[ يونس ] ، وقد حكى التاريخ لنا ذلك ،  فكل رسول جاء آمن به البعض ،  وكفر به البعض الآخر ،  والذين آمنوا به انتصروا ،  ومن كفروا به هزموا . أو أن الآية عامة {  ولكل أمة رسول } أي :  تنادى كل أمة يوم القيامة باسم رسولها ،  يا أمة محمد صلى الله عليه وسلم ،  ويا أمة موسى ،  ويا أمة عيسى .  .  . الخ .

والحق سبحانه يقول : {  فكيف إذا جئنا من كل أمة بشهيد وجئنا بك على هؤلاء شهيدا(  )( 41 ) يومئذ يود الذين كفروا وعصوا الرسول لو تسوى بهم الأرض ولا يكتمون الله حديثا( 42 ) }[ النساء ] .

إذن :  فالحق سبحانه هنا يبين أن لكل أمة رسولا جاءها بالبلاغ عن الله ،  وقد آمن به من آمن ،  وكفر به من كفر ،  وما دام الإيمان قد حدث-وكذلك الكفر-فلا بد من القضاء بين المؤمنين والكافرين .

لذلك يقول الحق سبحانه : {  فإذا جاء رسولهم قضي بينهم بالقسط وهم لا يظلمون( 47 ) }[ يونس ] : وما دام في الأمر قضاء ،  فلا بد أن المؤمن يعتبر الكافر منازعا له ،  وأن الكافر يعتبر المؤمن منازعا له ،  ويصير الأمر قضية تتطلب الحكم ؛  لذلك يقول الحق سبحانه : {  قضي بينهم بالقسط وهم لا يظلمون( 47 ) }[ يونس ] :

أي :  يقضى بينهم بالعدل ،  فالمؤمنون يتقصى الحق سبحانه حسناتهم ويزيدها لهم ،  أما الكافرون فلا توجد لهم حسنات ؛  لأنهم كفروا بالله الحق ؛  فيوردهم النار ،  وهم قد أبلغهم رسول الله صلى الله عليه وسلم أنه سيأتي يوم يسألون فيه عن كل شيء ،  فاستبعدوا ذلك وقالوا : {  أئذا متنا وكنا ترابا وعظاما أئنا لمبعوثون( 16 ) وآباؤنا الأولون( 17 ) }[ الصافات ] : لقد تعجبوا من البعث وأنكروه ،  لكنهم يجدونه حتما وصدقا .

ويشاء الحق سبحانه أن يدخل عليهم هذه المسألة دخولا إيمانيا ،  فيقول : {  أفعيينا بالخلق الأول .  . ( 15 ) }[ ق ] : فأنتم إذا متم وتحللتم في التراب ،  أيعجز الله سبحانه أن يخلقكم من جديد ؟  لا ؛  إنه سبحانه القائل : {  قد علمنا ما تنقص الأرض منهم وعندنا كتاب حفيظ( 4 ) }[ ق ] : أي :  أنه سبحانه يأمر العناصر الخاصة بكل إنسان أن تتجمع كلها ،  وليس هذا بعسير على الله الذي خلقهم أولا .

وهم قد كذبوا واستنكروا واستهزأوا بمجيء يوم القيامة والبعث ،  وبلغ استهزاؤهم أن استعجلوا(  ) هذا اليوم ،  وهذا دليل جهلهم ،  وكان على الواحد منهم أن يفر من هول ذلك اليوم .

ولذلك يقول الحق سبحانه بعد ذلك على ألسنتهم : {  ويقولون متى هذا الوعد إن كنتم صادقين( 48 ) } :"
10,48,"هذا الإنكار والتكذيب والاستهزاء هو منطق المشركين والملحدين(  ) في كل زمان ومكان ،  وفي العصر القريب قاله الشيوعيون عندما قاموا بثورتهم الكاذبة ،  وذبحوا الطبقة العليا في المجتمع بدعوى رفع الظلم عن الفقراء .

وإذا ما كانوا قد آمنوا بضرورة الثواب والعقاب ،  فمن الذي يحكم ذلك ؟  هل الظالم يحكم على ظالم ،  فتكون النتيجة أن الظالم سيهلك بالظالم ،  وقد حدث ،  فأين الشيوعيون الآن ؟

لماذا لم يلتفتوا إلى أن لهذا الكون خالقا يعاقب من ظلموا من قبل ،  أو من يظلمون من بعد ؟

إنهم لم يلتفتوا ؛  لأنهم اتخذوا المادة إلها ،  وقالوا :  لا إله ،  والحياة مادة ،  فأين هم الآن ؟

وإن كنتم قد تملكتم في المعاصرين لكم ،  وادعيتم أنكم نشرتم العدل بينهم ،  فماذا عن الذين سبقوا ،  والذين لحقوا ؟

هم-إذن- لم يلتفتوا إلى أن الله سبحانه وتعالى قد شاء ألا يموت ظالم إلا بعد أن ينتقم الله منه(  ) .

وهم لم يلتفتوا إلى أن وراء هذه الدار دارا أخرى يجازى فيها المحسن بإحسانه والمسيء بإساءته .

وكان المنطق يقتضي أن يؤمن هؤلاء بأن لهذا الكون إلها عادلا ،  ولابد أن يجيء اليوم الذي يجازى فيه كل إنسان بما عمل ،  ولكنهم سخروا مثل سخرية الذين كفروا من قبلهم ،  وجاء خبرهم في قول الله سبحانه على ألسنتهم : {  ويقولون متى هذا الوعد إن كنتم صادقين( 48 }[ يونس ] .

ولكن وعد الله حق ،  ووعد الله قادم ،  ومحمد صلى الله عليه وسلم رسول من الله ،  يبلغ ما جاء من عند الله تعالى ،  فرسول الله صلى الله عليه وسلم لا يملك لنفسه شيئا .

ولذلك يقول القرآن بعد ذلك :

{  قل لا أمللك لنفسي ضرا ولا نفعا إلا ما شاء الله لكل أمة أجل إذا جاء أجلهم فلا يستأخرون ساعة ولا يستقدمون( 49 ) } :"
10,49,"والرسول صلى الله عليه وسلم يبرئ نفسه من كل حول وطول(  ) ،  ويعلن ما أمره الحق سبحانه أن يعلنه ،  فهو صلى الله عليه وسلم لا يملك لنفسه نفعا ولا ضرا ؛  لأن النفع أو الضر بيد خالقه سبحانه ،  وهو سبحانه وتعالى خالقكم ،  وكل أمر هو بمشيئته سبحانه .

وهذه الآية جاءت ردا على سؤالهم الذي أورده الحق سبحانه في الآية السابقة : {  ويقولون متى هذا الوعد إن كنتم صادقين( 48 ) }[ يونس ] : لقد تساءلوا بسخرية عن هذا الوعد بالعذاب ،  وكأنهم استبطأوا نزول العذاب تهكما ،  وهذا يدل على أن قول الحق سبحانه : {  ولكل أمة رسول فإذا جاء رسولهم قضي بينهم بالقسط وهم لا يظلمون( 47 ) }[ يونس ] : هذه الآية لم تنزل ليوم القيامة ،  بل نزلت لتوضح موقف من كفروا برسول الله صلى الله عليه وسلم والذين قالوا بعد ذلك : {  متى هذا الوعد إن كنتم صادقين( 48 ) }[ يونس ] : وهذا يعني أنهم قالوا هذا القول قبل أن تقوم القيمة ،  والآية التي توضح أن لكل أمة رسولا تؤيدها آيات كثيرة ،  مثل قوله سبحانه : {  وما كنا معذبين حتى نبعث رسولا( 15 ) }[ الإسراء ] ، وكذلك قول الحق سبحانه : {  لم يكن ربك مهلك القرى بظلم وأهلها غافلون( 131 ) }[ الأنعام ] ، وكذلك قول الحق سبحانه : {  ولو أنا أهلكناهم بعذاب من قبله لقالوا ربنا لولا أرسلت إلينا رسولا .  . ( 134 ) }[ طه ] : وكل ذلك يؤيد أن الرسول المرسل إلى الأمة هو الرسول الذي جاء بمنهج الله تعالى ؛  فآمن به قوم ،  وكذب به آخرون ،  وقضى الله بين المؤمنين والكافرين بأن خذل الكافرين ونصر المؤمنين .

وإن استبطأ الكافرون الخذلان فلسوف يرونه ؛  ولذلك أمر الحق سبحانه رسوله صلى الله عليه وسلم : {  قل لا أملك لنفسي ضرا ولا نفعا .  . ( 49 ) }[ يونس ] : أي :  أنكم إن كنتم تسألون محمدا صلى الله عليه وسلم عن الضر والنفع ،  فهو صلى الله عليه وسلم مبلغ عن الله تعالى ،  ولا يملك لنفسه ضرا ولا نفعا ،  فضلا عن أن يملك لهم هم ضرا أو نفعا ،  وكل هذا الأمر بيد الله تعالى ،  ولكل أمة أجل(  ) ينزل بالذين كفروا فيها بالعذاب ،  ويقع فيها القول الفصل .

وقول الحق سبحانه : {  إلا ما شاء الله لكل أمة أجل .  . ( 49 ) }[ يونس ] : يفيد أن مشيئة الله هي الفاصلة ،  ويدل على أن النبي والناس لا يملكون لأنفسهم الضر أو النفع ؛  لأن الإنسان خلق على هيئة القسر(  ) في أمور ،  وعلى هيئة الاختيار في أمور أخرى ،  والاختيار هو في الأمور التكليفية مصدقا لقوله سبحانه : {  فمن شاء فليؤمن ومن شاء فليكفر .  . ( 29 ) }[ الكهف ] : وأنت حر في أن تطيع أو أن تعصي ،  وكل ذلك داخل في نطاق اختيارك ،  وإن صنع الإنسان طاعة ،  فهو يصنع لنفسه نفعا ،  وإن صنع معصية ،  صنع لنفسه ضرا .

إذن :  فهناك في الأمور الاختيارية ضر ونفع . ومثال ذلك :  من ينتحر بأن يشنق نفسه ،  فهو يأتي لنفسه بالضر ،  وقد ينقذه أقاربه ،  وذلك بمشيئة الله سبحانه . إذن :  ففي الأمور الاختيارية يملك الإنسان-بمشيئة الله- الضر أو النفع لنفسه ،  والله سبحانه يبين لنا أن الكل امة أجلا ،  فلا تحددوا أنتم آجال الأمم ؛  لأن آجالهم-استئصالا ،  أو عذابا-هي من عند الله سبحانه وتعالى .

والعباد دائما يعجلون ،  والله لا يعجل بعجلة العباد ،  حتى تبلغ الأمور ما أراد سبحانه ،  فالله تعالى منزه أن يكون موظفا عند الخلق ،  بل هو الخالق الأعلى سبحانه وتعالى .

وهو سبحانه القائل : {  سأريكم آياتي فلا تستعجلون( 37 ) }[ الأنبياء ] ، وهو سبحانه القائل : {  ويدع الإنسان بالشر دعاءه بالخير وكان الإنسان عجولا(  ) ( 11 ) }[ الإسراء ] :

إذن :  فالحق سبحانه يؤخر مراداته رحمة بالخلق ،  وإذا جاء الأجل فهو لا يتأخر عن ميعاده ،  ولا يتقدم عن ميعاده .

لذلك يقول الحق سبحانه : {  إذا جاء أجلهم فلا يستأخرون ساعة ولا يستقدمون( 49 ) }[ يونس ] ، وقوله سبحانه : {  ويستقدمون } ليست من مدخلية جواب الشرط الذي جاء بعد {  إذا(  ) جاء أجلهم .  . ( 49 ) }[ يونس ] : لأن الجواب هو : {  فلا يستأخرون } . فهم لا يستقدمون قبل أن يحين الأجل ."
10,50,"ويقول الحق سبحانه بعد ذلك :

{  قل أرأيتم إن أتاكم عذابه بياتا أو نهارا ماذا يستعجل منه المجرمون( 50 ) } :

وهذا رد شاف على استعجالهم للعذاب ،  فإن جاءكم العذاب فلنر ماذا سيكون موقفهم ؟

وهم باستعجالهم العذاب يبرهنون على غبائهم في السؤال عن وقوع العذاب .

وقول الحق سبحانه : {  أرأيتم } .  أي :  اخبروني عما سوف يحدث لكم .

وشاء الحق سبحانه أن يأتي أمر العذاب هنا مبهما من جهة الزمان فقال سبحانه :

{  إن أتاكم عذابه بياتا أو نهارا .  . ( 50 ) }[ يونس ] : والبيات مقصود به الليل ؛  لأن الليل محل البيتوتة ،  والنهار محل الظهور . والزمن اليومي مقسوم لقسمين :  ليل ،  ونهار .

وشاء الحق سبحانه إبهام اليوم والوقت ،  فإن جاء ليلا ،  فالإنسان في ذلك الوقت يكون غافلا نائما في الغالب ،  وإن جاء نهارا ،  فالإنسان في النهار مشغول بحركة الحياة .

والحق سبحانه يقول في موضع آخر : {  أفأمن أهل القرى أن يأتيهم بأسنا(  ) بياتا وهم نائمون( 97 ) }[ الأعراف ] ، ويقول سبحانه : {  أو أمن أهل القرى أن يأتيهم بأسنا ضحى وهم يلعبون( 98 ) }[ الأعراف ] : ولو نظرت إلى الواقع لوجدت أن العذاب يأتي في الليل وفي النهار معا ؛  لأن هناك بلادا يكون الوقت فيها ليلا ،  وفي ذات الوقت يكون الزمن نهارا في بلاد أخرى .

وإذا جاء العذاب بغتة ،  وحاولوا إعلان الإيمان ،  فلن ينفعهم هذا الإيمان ؛  لأن الحق سبحانه يقول فيمن يتخذ هذا الموقف : {  آلآن وقد عصيت قبل وكنت من المفسدين( 91 ) }[ يونس ] : فإن جاءكم العذاب الآن لما استقلتم منه ؛  لأنه لن ينفعكم إعلان الإيمان ،  ولن يقبل الله منكم ،  وبذلك يصيبكم عذاب في الدنيا ،  بالإضافة إلى عذاب الآخرة ،  وهذا الاستعجال منكم للعذاب يضاعف لكم العذاب مرتين ،  في الدنيا ،  ثم العذاب الممتد في الآخرة ."
10,51,"ويقول الحق سبحانه بعد ذلك :

{  أثم إذا ما وقع آمنتم به آلآن وقد كنتم به تستعجلون( 51 ) } :

أي :  إذا ما وقع العذاب فهل ستؤمنون ؟

إن إعلان إيمانكم في هذا الوقت لن يفيدكم ،  وسيكون عذابكم بلا مقابل .

إذن :  فاستعجالكم للعذاب لن يفيدكم على أي وضع ؛  لأن الإيمان لحظة وقوع العذاب لا يفيد . ومثال ذلك :  فرعون(  ) حين جاءه الغرق {  قال آمنت أنه لا إله إلا الذي آمنت به بنو إسرائيل .  . ( 90 ) }[ يونس ] ."
10,52,"ويقول الحق سبحانه بعد ذلك :

{  ثم قيل للذين ظلموا ذوقوا عذاب الخلد(  ) هل تجزون إلا بما كنتم تكسبون( 52 ) } :

وهذا إخبار عن العذاب القادم لمن كفروا ويلقونه في اليوم الآخر ،  فهم بكفرهم قد ظلموا أنفسهم في الدنيا ،  وسيلقون العذاب في الآخرة ،  وهو {  عذاب الخلد } أي :  عذاب لا ينتهي .

وينهي الحق سبحانه الآية بقوله : {  هل تجزون إلا بما كنتم تكسبون } . أي :  أن الحق سبحانه لم يظلمهم ،  فقد بلغهم برسالة الإيمان عن طريق رسول ذي معجزة ،  ومعه منهج مفصل مؤيد ،  وأمهلهم مدة طويلة ،  ولم يستفيدوا منها ؛  لأنهم لم يؤمنوا .

إذن ""  فسيلقون عذاب الخلد ،  وقد جاء سبحانه هنا بخبر عذاب الخلد ؛  لأن عذاب الدنيا موقوت ،  فيه خزي وهوان ،  لكن محدوديته في الحياة يجعله عذابا قليلا بالقياس إلى عذاب الآخرة المؤبد .

وجاء الحق سبحانه بأمر عذاب الخلد كأمر من كسبهم ،  والكسب زيادة عن الأصل ،  فمن يتاجر بعشرة جنيهات ،  وقد يكسب خمسة جنيهات .

وهنا سؤال :  هل الذي يرتكب معصية يكسب زيادة عن الأصل ؟ نعم ؛  لأن الله سبحانه حرم عليه أمرا ،  وحلله هو لنفسه ،  فهو يأخذ زيادة في التحليل ،  وينقص من التحريم وهو يظن أنه قد كسب(  ) بمفهومه الوهمي الذي زين له مراد النفس الأمارة ،  وهذا يعني انه ينظر إلى واقع اللذة في ذاتها ،  ولا ينظر إلى تبعات(  ) تلك اللذة ،  وهو يظن أنه قد كسب ،  رغم أنه خاسر في حقيقة الأمر ."
10,53,"وبعد ذلك يقول الحق سبحانه :

{  ويستنبئونك أحق هو قل إي(  ) وربي إنه لحق وما أنتم بمعجزين(  ) ( 53 ) } :

وهم قد قالوا من قبل : {  متى هذا الوعد .  . ( 48 ) }[ يونس ] : وهم هنا قد عادوا للتساؤل .  {  ويستنبئونك }أي :  يطلبون منك النبأ .  والنبأ هو الخبر المتعلق بشيء عظيم ،  وهم يطلبون الخبر منك يا رسول الله ويتساءلون :  أهو حق ؟ وكلمة  "" حق ""  هنا لها معطيات كثيرة ؛  لأن {  هو } يمكن أن تعود على أصل الدين قرآنا ؛  ونبوة ،  وتشريعا ،  وهي كلمة تحمل التصديق بأن القرآن حق ،  والتشريع حق ،  والنبوة لمحمد صلى الله عليه وسلم حق ،  والقيامة والبعث حق ،  والكلام عن العذاب في الدنيا بخذلانهم ونصرة المؤمنين عليهم حق .

إذن :  فقولهم : {  ويستنبئونك(  ) أحق هو .  . ( 35 ) } لها أكثر من مرجع ،  كأنهم سألوا : هل القرآن الذي جئت به حق ؟ وهل النبوة التي تدعيها حق ؟ وهل الشرائع- التي تقول :  إن الله أنزلها كمنهج يحكم حركة الإنسان-حق ؟

وهل القيامة والبعث حق ؟ وهل العذاب في الدنيا حق ؟ إنها كلمة شاملة يمكن أن تؤول إلى أكثر من معنى .

ويأتي الجواب من الله تعالى : {  قل أي ربي إنه لحق .  .  ( 35 ) } [ يونس ] : وأنت حين يستفهم منك أحد قائلا :  هل زيد موجود ؟  فأنت تقول :  نعم موجود . ولا تقول له :  والله إن زيدا موجود ؛  لأنك لن تؤكد الكلام لمن يسألك ؛  لأنه لا ينكر وجود زيد .

إذن :  فأنت لن تؤكد إجابة ما إلا إذا كان هناك في السؤال شبهة إنكار . إذن : فأنت تستدل من قول الحق سبحانه : {  ويستنبئونك أحق هو .  . ( 35 ) } على أن سؤالهم يحمل معاني الإنكار والاستهزاء ؛  ولذلك جاء الجواب ب "" إي "" (  ) وهو حرف جواب يعني :   "" نعم ""  ،  وتأتي "" إي ""  دائما مع القسم .

ولكل حرف من حروف الجواب مقام ،  فهناك  "" بلى ""  وهي تأتي في جواب سؤال منفي ،  مثل قوله تعالى : {  ألست بربكم قالوا بلى .  . ( 172 ) }[ الأعراف ] ، وقول الحق سبحانه هنا : {  إي وربي .  . ( 53 ) }[ يونس ] : تعني :  نعم وأقسم بربي إنه لحق .  وأنت لا تقسم على شيء إلا إذا كان السائل عنده شبهة إنكار ،  وتأتي ب "" إن ""  لمزيد من هذا التأكيد .

ومثال ذلك في قوله سبحانه : {  واضرب لهم مثلا أصحاب القرية(  ) إذ جاءها المرسلون( 13 ) إذ أرسلنا إليهم اثنين فكذبوهما فعززنا(  ) بثالث فقالوا إنا إليكم مرسلون( 14 ) }[ يس ] . وماذا كان رد من بعث إليهم الثلاثة ؟

{  قالوا ما أنتم إلا بشر مثلنا وما أنزل الرحمان من شيء إن أنتم إلا تكذبون( 15 ) }[ يس ] : هكذا كان إنكار المكذبين للرسل الثلاثة شديدا .  فقال لهم الرسل :

{  ربنا يعلم إنا إليكم لمرسلون( 16 ) }[ يس ] : فكان قولهم هذا مناسبا لإنكار الكافرين الشديد .

إذن :  فالتأكيد في أسلوب المسئول إنما يأتي على مقدار الإنكار ،  فإن لم يكن هناك إنكار ؛  فلا يحتاج الأمر إلى تأكيد .

أما إذا صادف الكلام إنكارا قليلا ،  فالتأكيد يأتي مرة واحدة .  وإن صادف الكلام لجاجة في الإنكار جاء التأكيد مرتين .  أما إذا ما صادف الكلام تبجحا في الإنكار فالتأكيد يأتي ثلاث مرات .

وقد علم الحق سبحانه رسوله صلى الله عليه وسلم هنا أن يرد على استنبائهم بأن يقول لهم : {  إي وربي إنه لحق .  . ( 53 ) }[ يونس ] : وهنا يقسم الرسول صلى الله عليه وسلم بالرب ؛  لأن الرب هو من كلفه ،  ثم يؤكد {  إنه لحق } لأن سؤالهم تضمن الإنكار والاستهزاء .

وما دام قد قال : {  إي وربي لحق } فهم إن لم يؤمنوا فسوف يلقون العذاب ؛  لأنه ليس هناك منجى من الله تعالى ،  ولن تعجزوا الله هربا ،  ولن تعجزوه شفاعة من أحد ،  ولن تعجزوه بيعا ،  ولن تعجزوه خلة تتقدم لتشفع لكم .

ثم يأتي قوله سبحانه في نهاية الآية : {  وما أنتم بمعجزين( 53 ) }[ يونس ] : وقد أراد الحق سبحانه أن يفسر لمحة من الإعجاز ،  ذلك أن الله سبحانه وتعالى من الممكن أن يقبل شفاعة الشافعين ،  ومن الممكن أن يقبل الفداء(  ) ؛  ولذلك جاء الإيضاح في الآية التالية ،  فيقول سبحانه :

{  ولو أن لكل نفس ظلمت ما في الأرض لافتدت به وأسروا الندامة(  ) لما رأوا العذاب وقضي بينهم بالقسط وهم لا يظلمون( 54 ) } :"
10,54,"وساعة يأتي العذاب فالإنسان يرغب في الفرار منه ،  ولو بالافتداء .

وانظر كيف يحاول الإنسان أن يتخلص من كل ما يملك افتداء لنفسه ،  حتى ولو كان يملك كل ما في السماوات وما في الأرض(  ) .

ولكن هل يأتي لحد-غير الله سبحانه- أن يملك السماوات والأرض ؟ طبعا لا .

إذن :  فالشر لا يتأتى .  وهب أنه تأتى ،  فلن يصلح الافتداء بملك ما في السماوات وما في الأرض ؛  لأن الإنسان الظالم في الدنيا قد أخذ حق الغير ،  وهذا الغير قد كسب بطريق مشروع ما أخذه الظالم منه ،  والظالم إنما يأخذ ثمرة عمل غيره ،  ولو صح ذلك لتحول البعض إلى مغتصبين لحقوق الغير ،  ولأخذوا عرق وكدح غيرهم ،  ولتعطلت حركة الحياة .

ولذلك إن لم يردع الله-سبحانه وتعالى- الظالم في الدنيا قبل الآخرة لاستشرى الظلم ،  وإذا استشرى الظلم في مجتمع ،  فالبطالة تنتشر فيه ،  ويحاول كل إنسان أن يأخذ من دم وعرق غيره ،  وبهذا يختل ميزان العدل وتفسد حركة الحياة كلها .

وهب أن الظالم أخذ ملك الدنيا كلها ،  وأراد أن يفتدى به نفسه ساعة يأتي العذاب ،  ويفاجأ بأن كسبه من حرام لا يقبل فداء ،  أليس هذا هو الخسران الكبير ؟  وهذه ظاهرة موجودة في دنيا الناس .

وهب أن واحدا ارتشى أو اختلس أو سرق ،  ويفاجئه القانون ليمسكه من تلابيبه(  ) فيقول :  خذوا ما عندي واتركوني .  ولن يقبل القائمون على القانون ذلك .  وإن كان مثل هذا التنازل يحدث في ( الجمارك ) فنرى من يتنازل عن البضائع المهربة مقابل الإفراج عنه ،  هذا ما يحدث في الدنيا ،  لكنه لن يحدث في الآخرة .

وفي سورة البقرة يقول الحق سبحانه : {  واتقوا يوما لا تجزي نفس عن نفس شيئا ولا يقبل منها شفاعة ولا يؤخذ منها عدل(  ) ولا هم ينصرون( 48 ) }[ البقرة ] .

وقال الحق سبحانه في آية أخرى : {  واتقوا يوما لا تجزى نفس عن نفس شيئا ولا يقبل منها عدل ولا تنفعها شفاعة ولا هم ينصرون( 123 ) }[ البقرة ] :

وقال بعض المشككين أن الآيتين متشابهتان ،  ولم يلتفتوا إلى أن كل آية تختلف عن الأخرى في التقديم للعدل ،  والتأخير للشفاعة .

والبلاغة الحقة تتجلى في الآيتين ؛  لأن القارئ لصدر كل آية منهما ،  والفاهم للملكة اللغوية العربية يعرف أن عجز كل آية يناسب صدرها .

ومن يقرأ قول الحق سبحانه : {  واتقوا يوما لا تجزى نفس عن نفس .  . ( 48 ) }[ البقرة ] .

يرى أنه أمام نفسين :  النفس(  ) الأولى هي التي تقدم الشفاعة ،  والنفس الثانية هي المشفوع لها .  والشفاعة هنا لا تقبل من النفس الأولى الشفاعة ،  وكذلك لا يقبل العدل .

وفي الآية الثانية لا تقبل الشفاعة ولا العدل من النفس المشفوع لها ،  فهي تحاول أن تقدم العدل أولا ،  ثم حين لا ينفعها تأتي بالشفيع .

وهكذا جاء التقديم والتأخير في الآيتين مناسبا للموقف في كل منهما .

وهنا يقول الحق سبحانه : {  ولو أن لكل نفس ظلمت ما في الأرض لافتدت به .  . ( 54 ) }[ يونس ] : وفي هذا القول تعذر النفس الواحدة لكل ما في الأرض ،  ولو افترضنا أن هذه النفس ملكته فلن تستطيع الافتداء به ؛  وتكون النتيجة هي ما يقوله الحق سبحانه : {  وأسروا الندامة لما رأوا العذاب .  . ( 54 ) }[ يونس ] : أي :  أخفوا الحسرة التي تأتي إلى النفس ،  وليس لها ظاهر من انزعاج لفظي أو حركي .

إن كلا منهم يكتم همه في قلبه ،  لأنه ساعة يرى العذاب ينبهر ويصعق ويبهت(  ) من هول العذاب ،  فتجمد دماؤه ،  ولا يستطيع حتى أن يصرخ ،  وهو بذلك إنما يكبت ألمه في نفسه ،  لأن هول الموقف يجمد كل دم في عروقهم ،  ويخرس ألسنتهم ،  ولا يستطيع أن ينطق ،  لأنه يعجز عن التعبير الحركي من الصراخ أو الألم .

ونحن نعلم أن التعبير الحركي لون من التنفيس البدني ،  وحين لا يستطيعه الإنسان ،  فهو يتألم أكثر .

هم- إذن- يسرون الندامة حين يرون العذاب المفزع المفجع ،  والكلام هنا عن الظالمين ،  وهم على الرغم من ظلمهم ،  فالحق سبحانه يقول : {  وقضي بينهم بالقسط(  ) وهم لا يظلمون( 54 ) }[ يونس ] : وهؤلاء رغم كفرهم واستحقاقهم للعذاب يلقون العدل من الله ،  فهب أن كافرا بالله بمنأى عن الدين ظلم كافرا آخر ،  أيقف الله سبحانه من هذه المسألة موقفا محايدا ؟

لا ،  لأن حق خلق الله سبحانه- الكافر المظلوم- يقتضي أن يقتص الله سبحانه له من أخيه الكافر الظالم ،  لأن الظلم الكافر ،  إنما ظلم مخلوقا لله ،  حتى وإن كان المظلوم كافرا .

ولذلك يقضي الله بينهم بالحق ،  أي :  يخفف عن المظلوم بعضا من العذاب بقدر ما يثقله على الظالم .

هذا هو معنى {  وقضي بينهم } لأنها تتطلب قضاء ،  أي :  عدم تحيز ،  وتتطلب الفصل بين خصومتين .

ويترتب على هذا القضاء حكم ؛  لذلك يبين لنا الحق سبحانه أنهم-وإن كانوا كافرين به- إلا أنه إن وقع من أحدهم ظلم على الآخر ،  فالحق رب الجميع وخالق الجميع ،  كما أعطاهم بقانون الربوبية كل خير مثلما أعطى المؤمنين ،  فهو سبحانه الذي أعطى الشمس ،  والماء ،  والهواء ،  وكل وسائل الرزق والقوت لكل الناس- مؤمنهم ،  وكافرهم-فإذا ما حدث ظلم بين متدينين بدين واحد ،  أو غير متدينين ،  فلا بد أن يقضي فيه الحق سبحانه بالفصل والحكم بالعدل ."
10,55,"ويقول الحق سبحانه بعد ذلك :

{  ألا إن لله ما في السماوات والأرض ألا إن وعد(  ) الله حق ولكن أكثرهم لا يعلمون( 55 ) } :

و "" ألا ""  في اللغة يقال عنها  "" أداة تنبيه ""  وهي تنبه السامع أن المتكلم سيقول بعدها كلاما في غاية الأهمية ،  والمتكلم-كما نعلم- يملك زمام لسانه ،  بحكم وضعه كمتكلم ،  لكن السامع يكون في وضع المفاجأ .

وقد يتكلم متكلم بما دار في ذهنه ليبرزه على لسانه للمخاطب ،  ولكن المخاطب يفاجأ ،  وإلى أن ينتبه قد تفوته كلمة أو اثنتان مما يقوله المتكلم .

والله سبحانه وتعالى يريد ألا يفوت السامع لقوله أي كلمة ،  فأتى بأداة تنبيه تنبه إلى الخبر القادم بعدها ،  وهو قول الحق سبحانه : {  إن لله ما في السماوات والأرض .  . ( 55 ) }[ يونس ] : هكذا شاء الحق سبحانه أن تأتي أداة التنبيه سابقة للقضية الكلية ،  وهي أنه سبحانه مالك كل شيء ،  فهو الذي خلق الكون ،  وخلق الإنسان الخليفة ،  وسخر الكون للإنسان الخليفة ،  وأمر الأسباب أن تخضع لمسببات عمل العامل ؛  فكل من يجتهد ويأتي بالأسباب ؛  فهي تعطيه ،  سواء أكان مؤمنا أو كافرا .

وإذا خدمت الأسباب الإنسان ،  وكان هذا الإنسان غافلا عن ربه أو عن الإيمان به ،  ويظن أن الأسباب قد دانت له بقوته ،  ويفتن بتلك الأسباب ،  ويقول مثلما قال قارون : {  إنما أوتيته(  ) على علم عندي .  . ( 78 ) }[ القصص ] .

فالذي نسى مسبب الأسباب ،  وارتبط بالأسباب مباشرة ،  فهو ينال العذاب ،  وإن لم يكن في الدنيا ففي الآخرة ؛  فكأن الحق سبحانه ينبههم :  تنبهوا أيها الجاهلون ،  وافهموا هذه القضية الكبرى : {  إن لله ما في السماوات والأرض .  . ( 55 ) }[ يونس ] .

فإياك أيها الإنسان أن تغتر بالأسباب ،  أو أنك بأسبابك أخذت غير ما يريده الله لك ،  فهو سبحانه الذي أعطاك وقدر لك ،  وكل الأسباب تتفاعل لك بعطاء وتقدير من الله عز وجل .

وفي أغيار الكون الدليل على ذلك ،  ففكرك الذي تخطط به قد تصيبه آفة الجنون ،  والجوارح مثل اليد أو القدم أو اللسان أو العين أو الأذن قد تصاب أي منها بمرض ؛  فلا تعرف كيف تتصرف .

وكل ما تأتي فيه الأغيار ؛  فهو ليس من ذاتك ،  وكل ما تملكه موهوب لك من مسبب الأسباب .

فإياك أن تنظر إلى الأسباب ،  وتنسى المسبب ؛  لأن لله ملك الأشياء التي تحوزها والأدوات التي تحوز بها ؛  بدليل أنه سبحانه حين يشاء يسلبها منك ،  فتنبه أيها الغافل ،  وإياك أن تظن أن الأسباب هي الفاعلة ،  بدليل أن الله سبحانه وتعالى يخلق الأسباب ؛  ثم يشاء ألا تأتي بنتائجها ،  كمن يضع بذور القطن-مثلا- ويحرث الأرض ،  ويرويها في مواعيدها ،  ثم تأتي دودة القطن لتأكل المحصول . إذن :  فمرد كل مملوك إلى الله تعالى .

واعلم أن هناك ملكا ،  وأن هناك ملكا ،  والملك(  ) هو ما تملكه ؛  جلبابا ؛  أو بيتا ،  أو حمارا ،  إلى غير ذلك ،  أما الملك فهو أن تملك من له ملك ،  وتسيطر عليه ،  فالقمة-إذن-في الملك .

وانظر إلى قول الحق سبحانه : {  قل اللهم مالك الملك تؤتي الملك من تشاء وتنزع الملك ممن تشاء .  . ( 26 ) }[ آل عمران ] : إذن ""  فالملك في الدنيا كله لله سبحانه .

وكلمة  "" ألا ""  جاءت في أول الآية-التي نحن بصدد خواطرنا عنها- لتنبه الغافل عن الحق ؛  لأن الأسباب استجابت له وأعطته النتائج ،  فاغتر بها ،  فيجعل الله سبحانه الأسباب تختلف في بعض الأشياء ؛  ليظل الإنسان مربوطا بالمسبب .

ويقول الحق سبحانه في نفس الآية : {  إلا إن وعد الله حق .  . ( 55 ) }[ يونس ] : والوعد إن كان في خير فهو بشارة بخير يقع ،  وإن كان بشر فهو إنذار بشر يقع ؛  ويغلب عليه كلمة  "" الوعيد ""  . إذن :  ففي غالب الأمر تأتي كلمة  "" وعد ""  للاثنين :  الخير والشر ،  أما كلمة  "" وعيد ""  فلا تأتي إلا في الشر .

والوعد :  هو إخبار بشيء سيحدث من الذي يملك أن يحدث الشيء .  وإنفاذ الوعد له عناصر :  أولها الفاعل ،  وثانيها المفعول ،  وثالثها الزمان ،  ورابعها المكان ،  ثم السبب .

والحدث يحتاج إلى قدرة ،  فإن قلت :  "" آتيك غدا في المكان الفلاني لأكلمك في موضوع كذا ""  فماذا تملك أنت من عناصر هذا الحدث ؛  إنك لا تضمن حياتك إلى الغد ،  ولا يملك سماعك حياته ،  وكذلك المكان الذي تحدد فيه اللقاء قد يصيبه ما يدمره ،  والموضوع الذي تريد أن تتحدث فيه ،  قد يأتي لك خاطر ألا تتحدث فيه من قبل أن يتم اللقاء .

وهب أن كل العناصر اجتمعت ،  فماذا تملك أنت أو غيرك من عناصر الوعد ؟  لا شيء أبدا .

ولذلك يعلم الله سبحانه خلقه الأدب إعطاء الوعود ،  التي لا يملكونها ،  فيقول سبحانه : {  ولا تقولن(  ) لشيء إني فاعل ذلك غدا( 23 ) إلا أن يشاء الله .  . ( 24 ) }[ الكهف ] . وحين تقدم المشيئة فإن حدث لك ما يمنع إنفاذ الوعد فلن تكون كذابا .

وهكذا يعلمنا ربنا صيانة أخبارنا عن الكذب ،  وجعلنا نتكلم في نطاق قدراتنا ،  وقدراتنا لا يوجد فيها عنصر من عناصر الحدث ،  لكن إذا قال الله سبحانه ،  ووعد ،  فلا راد لما وعد به سبحانه ؛  لأنه منزه عن أن يخلف الميعاد ؛  لأن عناصر كل الأحداث تخضع لمشيئته سبحانه ،  ولا تتأبى عليه(  ) ،  ووعده حق وثابت . أما أنت فتتحكم فيك الأغيار التي يجريها الحق سبحانه عليك .

وهب أنك أردت أن تبني بيتا ،  وقلت للمهندس المواصفات الخاصة التي تريدها في هذا البيت ،  لكن المهندس لم يستطع أن يشتري من الأسواق بعضا من المواد التي حددتها أنت ،  فأنت-إذن-قد أردت ما لا يملك المهندس تصرفا فيه .

لكن الأمر يختلف بالنسبة للخالق الأعلى سبحانه ؛  فهو الذي يملك كل شيء ،  وهو حين يعد يصير وعده محتم النفاذ ،  ولكن الكافرين ينكرون ذلك ؛  ولذلك قال الله سبحانه : {  ولكن أكثرهم لا يعلمون( 55 ) }[ يونس ]أي :  أنهم لا يعلمون هذه الحقيقة ،  فقد سبق أن قالوا : {  متى هذا الوعد .  . ( 48 ) }[ يونس ] ، أو أن {  أكثرهم لا يعلمون } تعني :  أن الإنسان يجب ألا يضع نفسه في موعد دون أن يقدم المشيئة ؛  لأنه لا يملك من عناصر أي وعد إلا ما يشاؤه الله تعالى ."
10,56,"ويقول الحق سبحانه بعد ذلك :

{  هو يحي ويميت وإليه ترجعون( 56 ) } :

ونحن نعلم أن حركة الحياة ،  والملك والملك ،  هي فروع من الأحياء ،  وهو سبحانه حي ؛  لأنه مالك الأصل ،  وهو القادر على لأن يميت ،  وكل ما يصدر عن الحياة يسلبه(  ) الله سبحانه بالموت ،  فهو مالك الأشياء ،  والأسباب التي تنتج الأشياء ،  ولا يفوته شيء من وعد ولا وعيد ،  ونحن نحيا بمشيئته سبحانه ،  ونموت بمشيئته سبحانه ،  فلن نفلت منه . لذلك قال سبحانه : {  وإليه ترجعون } فمن لا يعتبر بأمر الأحياء ؛  عليه أن يرتدع بخوف الرجعة ."
10,57,"ويقول الحق سبحانه بعد ذلك :

{  يا أيها الناس قد جاءتكم موعظة من ربكم وشفاء لما في الصدور وهدى ورحمة للمؤمنين( 57 ) } :

والخطاب هنا للناس جميعا ؛  لأن الحق سبحانه حين يخاطب المؤمنين بقوله تعالى :

{  يا أيها الذين آمنوا .  . ( 104 ) }[ البقرة ] : فهذا خطاب لمن آمن بالمنهج .

والحق سبحانه وتعالى يخاطب الناس كافة بأصول العقائد ،  مثل قول الحق سبحانه :

{  يا أيها الناس اتقوا ربكم .  . ( 1 ) }[ النساء ] : أما المؤمنون فسبحانه يكلفهم بخطابه إليهم ،  من مثل قول الحق سبحانه : {  يا أيها الذين آمنوا كتب عليكم الصيام .  . ( 183 ) }[ البقرة ] .

ومثل قول الحق : {  يا أيها الذين آمنوا كتب عليكم القصاص(  ) في القتلى .  . ( 178 ) }[ البقرة ] : أي :  أن خطابه سبحانه للمؤمنين يكون دائما في الأحكام التي يخاطب بها المؤمنين ،  أما في أصول العقائد والإيمان الأعلى بالواجد الموجد ،  فهذا يكون خطابا للناس كافة .

والحق سبحانه يقول هنا : {  يا أيها الناس قد جاءتكم موعظة .  . ( 57 ) }[ يونس ] : والآية هنا تصور الموعظة وكأنها قد تجسدت وصار لها مجيء ،  رغم أن الموعظة هي كلمات ،  وأراد الله تعالى بذلك أن يعطي للموعظة صورة الحركة التي تؤثر وتحض على الإيمان .

والموعظة(  ) هي الوصية بالخير والبعد عن الشر بلفظ مؤثر ،  ويقال :  فلان واعظ متميز ،  أي :  أن كلامه مستميل وأسلوبه مؤثر وجميل ،  والموعوظ دائما أضعف من الواعظ ،  وتكون نفس الموعوظ ثقيلة ،  فلا تتقبل الموعظة بيسر إلا ممن يجيد التأثير بجمال الكلمة وصدق الأداء(  ) ؛  لأن الموعوظ قد يقول في نفسه :  لقد رأيتني في محل دونك وتريد أن ترفعني ،  وأنت أعلى مني .  فإذا قدر الواعظ هذا الظرف في الموعوظ فهو يستميل نفسه .

ولنتذكر الحكمة التي تقول :  "" النصح ثقيل ،  فلا تجعلوه جدلا ،  ولا ترسلوه جبلا ،  واستعيروا له خفة البيان ""  ؛  وذلك لتستميل أذن السماع إليك فتأتى له بالأسلوب الجميل المقنع الممتع الذي يعجبه ،  وتلمس في نفسه صميم ما ترغب أن يصل إليه .

والموعظة تختلف عن الوصية ؛  لأن الوصية عادة لا تتأتى إلا في خلاصة حكمة الأشياء ،  وهب أن إنسانا مريضا وله أولاد ،  وحضرته الوفاة ،  فيقوم بكتابة وصيته ،  ويوصيهم بعيون(  ) المسائل .

والحق سبحانه يقول هنا : {  قد جاءتكم موعظة .  . ( 57 ) }[ يونس ] : والموعظة إما أن تسمعها أو ترفضها ،  ولأنها موعظة قادمة {  من ربكم } فلا بد من الالتفات والانتباه ،  وملاحظة أن الحق سبحانه قد اختص الموعظة بأنها من الرب ،  لا من الإله ؛  لأن الإله يريدك عابدا ،  لكن الرب هو المربي والكفيل ،  وإن كفرت به .

وهذه الموعظة قادمة من الرب ،  أي :  أنها من كمالات التربية ،  ونحن نعلم أن متعلقات الربوبية تتوزع ما بين قسمين :  القسم الأول هو مقومات الحياة التي يعطيها الحق سبحانه من قوت ورزق-وهذه المقومات للمؤمن ،  وللكافر- والقسم الآخر هو مقومات القيم التي ترسم منهج حركة الحياة ،  وهذه للمؤمن فقط .

إذن :  فالموعظة هي نوع من التربية جاءت من ربكم المأمون عليكم ؛  لأنه هو الذي خلق من عدم وأمد من عدم ،  ولم يختص بنعمة الربوبية المؤمنين فقط ،  بل شملت نعمته كل الخلق .

إذن : فالموعظة تجيء من يعطي ولا ينتظر منك شيئا ،  فهو سبحانه منزه عن الغرض ؛  لأنه لن ينال شيئا منك(  ) فأنت لا تقدر على شيء مع قدرته سبحانه .

والموعظة القادمة بالمنهج تخص العقلاء الراشدين ؛  لأن حركة العاقل الراشد تمر على عقله أولا ،  ويختار بين البدائل ،  أما حركة المجنون فهي غير مرتبة ولا منسقة ،  ولا تمر على عقله ؛  لأن عقله مختل الإدراك وفاقد للقدرة على الاختيار بين البدائل .

ولكن لماذا يفسد العاقل الاختيار بين البدائل(  ) ؟  إن الذي يفسد حركة اختيار العاقل هو الهوى ،  والهوى إنما ينشأ مما في النفس والقلب ؛  ولذلك يقول الحق سبحانه وتعالى في الآية التي نحن بصدد خواطرنا عنها : {  قد جاءتكم موعظة من ربكم وشفاء لما في الصدور .  . ( 57 ) }[ يونس ] : أي : أنه سبحانه قد أنزل عليكم ما يشفي صدوركم من غل يؤثر في أحكامكم ،  وحقد ،  وحسد ،  ومكر ،  وينقي باطن الإنسان ؛  لأن أي حركة من حركات الإنسان لها نبع وجداني ،  ولا بد أن يشفى النبع الوجداني ؛  ليصح ؛  حتى تخرج الحركات من الجوارح وهي نابغة من وجدان طاهر مصفى وسليم ؛  وبذلك تكون الحركات الصادرة من الإنسان سليمة(  ) .

ولذلك قال الحق سبحانه : {  وشفاء لما في الصدور وهدى ورحمة للمؤمنين( 57 ) }[ يونس ] : وجاءت كلمة  "" لشفاء ""  أولا ؛  لتبين أن الهداية الحقة إلى الطريق المستقيم تقتضي أن تخرج ما في قلبه من أهواء ،  ثم تدله إلى المنهج المستقيم .

وإن سأل سائل عن الفارق بين الشفاء والرحمة ؟  نجيب :  إن الشفاء هو إخراج لما يمرض الصدور ،  أما الرحمة فهي إتباع الهداية بما لا يأتي بالمرض مرة أخرى ،  واقرأ عن شئت قول الحق سبحانه : {  وننزل من القرآن ما هو شفاء ورحمة للمؤمنين .  . ( 82 ) }[ الإسراء ] : وهكذا يتبين لنا أثر الموعظة :  شفاء ،  وهدى ،  ورحمة ،  إنها تعالج ليس ظواهر المرض فقط ،  ولكن تعالج جذور المرض .

إذن :  فشفاء الصدور يجب أن يتم أولا ؛  لذلك نجد الطبيب الماهر هو من لا ينظر إلى ظواهر المرض فقط ليعالجها ،  ولكنه يبحث عما خلف تلك الظواهر ،  على عكس الطبيب غير المدرب العجول الذي يعالج الظواهر دون علاج جذور المرض .

ومثال ذلك :  طبيب الأمراض الجلدية غير الماهر حين يرى بثورا ؛  فهو يعالجها بما يطمسها ويزيلها مؤقتا ،  لكنها تعود بعد قليل ،  أما الطبيب المدرب الفاهم فهو يعالج الأسباب التي تنتج البثور ،  ويزيلها بالعلاج الفعال ؛  فيقضي على أسباب ظهورها .

وفي القرآن الكريم نجد قصة ابتلاء سيدنا أيوب عليه السلام ،  فقد قال له الحق سبحانه : {  اركض(  ) برجلك هذا مغتسل بارد وشراب( 42 ) }[ ص ] : أي :  اضرب برجلك ذلك المكان يخرج لك منه ماء بارد ،  فتغسل منه ؛  فيزيل الأعراض الظاهرة ،  وتشرب منه ليعالج أصل الداء .

إذن :  فالموعظة وكأنها تجسدت ،  فجاءت من ربكم-المأمون عليكم- شفاء حتى تعالج المواجيد(  ) التي تصدر عنها الأفعال ،  وتصبح مواجيد سليمة مستقيمة ،  لا تحلل فيها ،  وهدى إلى الطريق الموصل إلى الغاية الحقة ،  ورحمة إن اتبعها الإنسان لا يصاب بأي داء ،  وهذه الموعظة تؤدي إلى العمل المقبول عند الله سبحانه .

ولكن إن صحت لك الأربعة النابعة من الموعظة :  الشفاء ،  والهدى ،  والرحمة والعمل الصالح ،  فإياك أن تفرح بذلك ؛  ففوق كل ذلك فضل الله عليك ؛  ولذلك يقول الحق سبحانه :

{  قل بفضل الله وبرحمته فبذلك فليفرحوا هو خير مما يجمعون( 58 ) } :"
10,58,"وأنت وكل المؤمنين مهما عملوا في تطبيق منهج الله ،  فكلنا بعباداتنا لن نؤدي حق النعم الموجودة عندنا قبل أن نكلف ،  وعلينا أن نتدبر قول رسول الله صلى الله عليه وسلم :  "" لن يدخل أحدكم الجنة بعمله ""  .  قالوا :  ولا أنت يا رسول الله ؟  قال :  "" ولا أنا إلا أن يتغمدني(  ) الله برحمته(  ) ""  . إذن :  فإن افتخر إنسان بطاعته لله ،  فهذه الطاعة تعود على العبد في دنياه ،  وهو لن يؤدي بطاعته حق كل النعم التي أسبغها الله عليه . ومثال ذلك :  إن العبد لا يكلف إلا عند البلوغ ،  أي :  في سن الخامسة عشرة تقريبا ،  فإن نظر إلى النعم التي أسبغها الله تعالى عليه حتى وصل إلى هذه السن ،  فهو لن يحصيها(  ) ، فما بالنا بالنعم التي تغمرنا في كل العمر ،  وحين يجازينا الحق في الآخرة ،  فهو لا يجازينا بالعدل ،  بل يعاملنا بالفضل .

إذن :  إياك أن تقول :  أنا تصدّقت بكذا ،  أو صلّيت كذا ؛  حتى لا تورثك استجابتك لمنهج الله غرورا بعملك التعبّديّ ،  وتذكّر القول المأثور :  "" ربَّ معصية أورثت ذلا وانكسارا ،  خير من طاعة أورثت عزّا واستكبار ""  ."
10,59,"ويقول الحق سبحانه بعد ذلك :

{  قل أرأيتم ما أنزل الله لكم من رزق فجعلتم منه حراما وحلالا قل الله أذن لكم أم على الله تفترون( 59 ) } :

إن تمتع الإنسان في الحياة بالمُلك والمِلك ،  فكل ذلك يحتاج إلى استبقاء الحياة بالرزق الذي يهبنا الحق سبحانه إيّاه ،  وكذلك استبقاء النوع بالتزاوج بين الذكر والأنثى .

ولكن الرزق الذي يستبقي الحياة لا بد أن يكون حلالا ؛  لذلك حدّد لنا الحق سبحانه وتعالى المحرّمات فلا تقربها ،  وأنت عليك بالالتزام بما حدده الله ،  فلا تدخل أنت على ما حلّل الله لتحرّمه(  ) ؛  لأن الحق سبحانه حدد لك من الطعام ما سيستبقي حياتك ويعطيك وقودا لحركة الحياة ،  فعامل نفسك كما تعامل الآلة التي تصنعها ،  فأنت تعطي كل آلة الوقود المناسب لها لتؤدي مهمتها ،  كذلك جعل الله سبحانه لك المواصفات التي تنفعك وتستفيد منها وتؤدي حركات الحياة بالطاقة التي يمدّك بها ما حلّله الله لك . وكذلك حرّم الله عليك ما يضرّك .

وإياك أن تقول :  ما دامت هذه الأشياء تضرني فلماذا خلقها الله ؛  لأن عليك أن تعرف أن هناك فارقا بين رزق مباشر ،  ورزق غير مباشر ،  وكل ما في الكون هو رزق ،  ولكنه ينقسم إلى رزق مباشر تستفيد منه فورا ،  وهناك رزق غير مباشر .  ومثال ذلك :  النار ،  فأنت لا تأكل النار ،  لكنها تنضج لك الطعام . إذن :  فهناك شيء مخلوق لمهمة تساعد في إنتاج ما يفيدك .

والحق سبحانه قد حلل لك-على سبيل المثال- لحم الضأن والماعز ،  والإبل والبقر وغيرها ،  وحرم عليك لحم الخنزير(  ) ،  فلا تسأل :  لماذا خلق الله الخنزير ؛  لأنه خلقه لمهمة أخرى ،  فهو يلملم قاذورات الوجود ويأكلها ،  فهذا رزق غير مباشر ،  فاتركه للمهمة التي أراده الله لها .

وبعض الناس قد حرّم على نفسه أشياء حلّلها الله تعالى(  ) ،  وهم بذلك يضيقون على أنفسهم ،  ويظن البعض أنه حين يحلّل ما حرم الله أنه يوسع على نفسه ،  فيأمر الحق سبحانه رسوله صلى الله عليه وسلم أن يقول : {  أرأيتم ما أنزل الله لكم من رزق .  . ( 59 ) }[ يونس ] : أي :  أخبروني ما أنزل الله لكم من رزق ،  وهو كل ما تنتفعون به ،  إما مباشرة ،  وإما بالوسائط ،  فكيف تتدخلون بالتحليل والتحريم ،  رغم أن الذي أنزل الرزق قد بيّن لكم الحلال والحرام ؟  !

وكلمة {  أنزل } تفيد أن الرزق كله قادم من أعلى(  ) ،  وكل ما ترونه حولكم هو رزق ،  تنتفعون به مباشرة ،  أو بشكل غير مباشر ،  فالمال الذي تشتري به أغلب الأرزاق لا يأكله الإنسان ،  بل يشتري به ما يأكله .

وكلمة {  أنزل } تعني :  أوجد ،  وخلق من أعلى ،  وما دام كل شيء قد وجد بمشيئته من هو أعلى من كل الوجود ،  فكل شيء لصالحك مباشرة أو بوسائط .

ولا تأخذ كلمة {  أنزل } من جهة العلو الحسية ،  بل خذها من جهة العلو المعنوية ،  فالمطر-مثلا ينزل من أعلى حسيا ،  ويختلط بالأرض فيأخذ النبات غذاءه منها ،  والرزق بالمطر ومن الأرض مقدّر ممن خلق ،  وهو الأعلى سبحانه .

وقد قال الحق سبحانه : {  لقد أرسلنا رسلنا بالبينات وأنزلنا معهم الكتاب والميزان ليقوم الناس بالقسط وأنزلنا الحديد فيه بأس شديد ومنافع للناس(  ) .  . ( 25 ) }[ الحديد ] .

نعم ،  فقد أنزل الحق سبحانه منهجه على الرسل عليهم السلام لتصلح حياة الناس ،  وأنزل الحديد أيضا ،  هذا الذي نستخرجه من الجبال ومن الأرض .

إذن :  فالمراد هنا بالإنزال ،  أي :  الإيجاد ممن هو أعلى منك لصالحك أيها الإنسان .

وما دام الحق سبحانه هو الذي أنزل الرزق ،  وبين الحلال والحرام ،  فلماذا تدخلون أنوفكم في الحلال والحرام ،  وتجعلون بعض الحلال حراما ،  وبعض الحرام أو كل الحرام حلالا ؟  لماذا لا تتركون الجعل لمن خلق وهو سبحانه أدرى بمصلحتكم ؟

{  قل الله أذن لكم .  . ( 59 ) }[ يونس ] أي :  هل أعطاكم الله سبحانه تفويضا في جعل الحلال حراما ،  والحرام حلالا ؟ {  أم على الله تفترون( 59 ) } أي :  على الله تتعمدون الكذب .

وقد جاء الحق سبحانه بالحلال والحرام ليبيّن لنا مدى قبح السلوك في تحريم ما أحلّ الله ،  وتحليل ما حرّم الله .

ويشير الحق سبحانه-في إجمال هذه الآية إلى آيات أخرى فصلت الحرام ،  وسبق أن تناولناها بخواطرنا ،  مثل قوله تعالى : {  ما جعل الله من بحيرة ولا سائبة ولا وصيلة ولا حام ولكن الذين كفروا يفترون على الله الكذب وأكثرهم لا يعقلون( 103 ) }[ المائدة ] : والبحيرة-كما ذكرنا- هي الناقة التي أنجبت خمس بطون آخرها ذكر ،  وكانوا يشقّون أذنها ،  ويعلنون أنها قامت بواجبها ويتركونها سائمة(  ) غير مملوكة ،  لا يركبها أحد ،  ولا يحمل عليها أحد أيّ حمل ،  ولا يحلبها أحد ،  ولا يجز صوفها أحد ،  ثم يذبحها خدّام الآلهة التي كانوا يعبدونها ،  وسمَّوها  "" بحيرة "" (  ) ؛  لأنهم كانوا يشقون آذانها علامة على أنها أدّت مهمتها .

أما السائبة فهي غير المربوطة ؛  لأن الربط يفيد الملكية ،  وكان الواحد منهم إذا شفى من مرض أو أراد شيئا(  ) وهب أن يجعل ناقة لخدام الأصنام ،  واسمها سائبة ،  وهي أيضا لا تركب ،  ولا تحلب ،  ولا يحمل عليها ،  ولا أحد يتعرّض لها .

والوصيلة :  هي الأنثى تلدها الناقة في بطن واحدة مع ذكر ،  فيقولون :  "" وصلت أخاها ""  ؛  فلا يذبحونه للأصنام من أجل أخته .

{  ولا حام } والحام :  هو الفحل الذي يحمي ظهر نفسه بإنجاب عشرة أبطن ،  فلا يركبه أحد بعد ذلك ،  ولا يحمل عليه ،  ويترك لخدّام الأصنام .

هذه هي الأنعام المحللة التي حرموها على أنفسهم ،  بينما يأكلها خدام الأصنام ،  وفي ذكر عدم تحريم تلك الأنعام ورأفة بهم . وهناك أيضا قول الحق سبحانه : {  ثمانية أزواج من الضأن اثنين ومن المعز اثنين قل آلذكرين حرم أم الأنثيين أما اشتملت عليه أرحام الأنثيين نبئوني بعلم إن كنتم صادقين( 143 ) ومن الإبل اثنين ومن البقر اثنين قل آلذكرين حرم أو الأنثيين أما اشتملت عليه أرحام الأنثيين أم كنتم شهداء إذ وصاكم الله بهذا فمن أظلم ممن افترى على الله كذبا ليضل الناس بغير علم إن الله لا يهدي القوم الظالمين( 144 ) }[ الأنعام ] : إذن :  فقد حرموا بعضا مما أحل الله لهم ،  وقالوا ما أورده القرآن : {  وجعلوا لله مما ذرأ(  ) من الحرث والأنعام نصيبا فقالوا هذا لله بزعمهم(  ) وهذا لشركائنا فما كان لشركائهم فلا يصل إلى الله و ما كان لله فهو يصل إلى شركائهم ساء ما يحكمون( 136 ) }[ الأنعام ] . وأجمل الحق سبحانه كل ذلك في قوله الحق : {  قل أرأيتم ما أنزل الله لكم من رزق فجعلتم منه حراما وحلالا قل الله أذن لكم أم على الله تفترون( 59 ) } وهكذا تدخّلوا في تحريم بعض الحلال وحللوا بعضا من الحرام ،  وفي هذا تعدّ ما كان يجب أن يقترفوه(  ) ؛  لأن الحق سبحانه هو خالقهم ،  وهو خالق أرزاقهم ،  وفي هذا كذب متعمد على الله سبحانه ."
10,60,"ويقول الحق سبحانه بعد ذلك :

{  وما ظن الذين يفترون على الله الكذب يوم القيامة إن الله لذو فضل على الناس ولكن أكثرهم لا يشكرون( 60 ) } :

وهذه الآية توضح أن كل أمر بحساب ،  فالذين يفترون على الله الكذب سيجدون حسابهم يوم القيامة عسيرا ،  فالحق سبحانه منزه عن الغفلة ولو ظنوا أنه لا توجد آخرة ولن يوجد حساب ؛  فهم يخطئون الظن .  ولو استحضروا ما أعدّه الله لهم من العذاب والنكال(  ) يوم القيامة لما فعلوا ذلك ،  ولكنهم كالظّان بأن الله-سبحانه وتعالى-غافل عن أفعالهم ،  وكأنها أفعال لا حساب عليها ،  ولا كتابة لها ،  ولا رقيب يحسبها .

ثم يقول الحق سبحانه : {  إن الله لذو فضل على الناس ولكن أكثرهم لا يشركون( 60 ) }[ يونس ] : إن الله سبحانه متفضّل على كل خلقه- وأنتم(  ) منهم- بأشياء كثيرة ؛  فلم تحرمون أنفسكم من هذا الفضل ؟  !  ولو شكرتم الله تعالى على هذا التفضل لزاد من عطائكم ،  لكنكم تنسون الشكر ."
10,61,"ويقول الحق سبحانه بعد ذلك : {  وما تكون في شأن وما تتلوا منه من قرآن ولا تعلمون من عمل إلا كنا عليكم شهودا إذ تفيضون فيه وما يعزب(  ) عن ربك من مثقال ذرة في الأرض ولا في السماء ولا أصغر من ذلك ولا أكبر في كتاب مبين( 61 ) } :

والخطاب هنا لرسول الله صلى الله عليه وسلم ،  أي :  ما تكون يا محمد في شأن .  والشأن :  هو الحال العظيم المتميز الذي يطرأ على الأمر .

ونحن في حياتنا اليومية نقول :  ما شأنك اليوم أو ما حالك ؟  وهنا يجيب السامع بالشيء الهام الذي حدث له أو فعله ،  ويتناسى التافه من الأمور . ولذلك يصف الله تعالى نفسه فيقول : {  كل يوم هو في شأن( 29 ) }[ الرحمن ] : أي :  لا تظنوا أن ربنا- سبحانه وتعالى-خلق النواميس والقوانين ،  وقال لها :  اعملي أنت ،  لا فهو سبحانه كل يوم في شأن .

ولذلك حين سئل أحد العلماء(  ) :  ما شأن ربك الآن ؛  وقد صحّ أن القلم قد جفّ ؟  فقال :  "" أمور يبديها ولا يبتديها ""  . أي :  أنه سبحانه قد رسم كل شيء ،  وجعل له زمانا ليظهر ،  فهو سبحانه قيّوم ،  أي :  مُبالغ في القيام على مصالحكم ؛  ولذلك يطمئننا سبحانه-وقد جعل الليل لنومنا وراحتنا-بأنه سبحانه قيوم لا تأخذه سنة ولا نوم ،  وهو يراعينا .

فالحديث في الآية التي نحن بصددها موجَّه لرسول الله صلى الله عليه وسلم :

{  وما تكون في شأن .  . ( 61 ) }[ يونس ] : وشأن رسول الله صلى الله عليه وسلم الذي يهتم به ليس المأكل ولا المشرب ،  إنما المهم بالنسبة له هو بلاغ الرسالة بالمنهج ب  "" افعل ""  و "" لا تفعل :  . {  وما تكون في شأن وما تتلو منه من قرآن .  . ( 61 ) }[ يونس ] .

و "" منه ""  هنا بمعنى اللام ،  أي :  ما تتلوا له(  ) ،  وتعني تأبيدا لآيات القرآن . وهناك في موضع آخر من القرآن يقول الحق سبحانه : {  مما خطيئاتهم(  ) أغرقوا .  . ( 25 ) }[ نوح ]أي :  أغرقوا لأجل خطيئاتهم .

وهنا في الآية التي نحن بصدد خواطرنا عنها نفهم ما تكون في شأن وما تتلو لأجل هذا الشأن من قرآن ،  فالنبي صلى الله عليه وسلم في شأن هام هو الرسالة ،  ويتلو من القرآن تأبيدا لهذا الشأن وهو البلاغ بالمنهج .  ويدخل في هذا الشأن ما فوّض رسول الله صلى الله عليه وسلم فيه حسب قول الحق سبحانه : {  وما آتاكم(  ) الرسول فخذوه وما نهاكم عنه فانتهوا .  . ( 7 ) }[ الحشر ] : ومثال ذلك :  تحديد كيفية الصلاة وعدد ركعات كل صلاة ،  وكذلك نصاب(  ) الزكاة ،  وهذه أمور لم يأت بها القرآن تفصيلا ،  ولكن جاءت بها الأحاديث النبوية .

إذن :  فهناك تفويض من الحق للرسول صلى الله عليه وسلم ليكتمل البلاغ بمنهج الله ،  بنصوص القرآن ،  وبتفويض الله تعالى له أن يشرّع .

إذن :  فكل شأن رسول الله صلى الله عليه وسلم إما بلاغ عن الله بالنص القرآني ،  وإما تطبيق فعلي للنص القرآني بالحديث النبوي ،  وبالأسوة التي تركها لنا صلى الله عليه وسلم في سنّته .

والحجَّة على الحكم-أي حُكم- يأتي بها القرآن ،  فغن كانت الأحكام غير صادرة من الله مباشرة ،  فيكفي فيها أنها صدرت عن رسول الله صلى الله عليه وسلم بتفويض من الله تعالى ليشرّع .

وبذلك نردُّ على المنافقين الذين إذا حدّثوا بشيء من حديث رسول الله صلى الله عليه وسلم قالوا :  "" بيننا وبينكم كتاب الله "" (  ) ،  وهدفهم أن يردّوا حديث رسول الله صلى الله عليه وسلم-فعلا ،  أو قولا ،  أو إقرارا .

ثم ينقل الحق سبحانه الخطاب من المفرد على الجماعة فيقول جلَّ شأنه : {  ولا تعلمون من عمل إلا كنا عليكم شهودا .  . ( 61 ) }[ يونس ] : وفي هذه انتقال للسامعين للقرآن ،  المبلّغ إليهم هذا المنهج ،  فكل عمل إنما يشهده الحق سبحانه .

والعمل هو مجموع الأحداث التي تصدر عن الإنسان ،  فكل حدث يصدر من الإنسان-ولو بنيَّة القلب-يسمَّى عملا ؛  لن عمل القلوب هو النية .  ولكن إذا صدر الحدث من اللسان كان قولا ،  وإذا صدر الحدث من بقية الجوارح كان فعلا .

وهكذا ينقسم العمل إلى قسمين :  قول ،  وفعل . وقد اختصَّ حدث اللسان باسم القول ؛  لأن أصل مستندات التكليف كلها قولية .

ثم يقول الحق سبحانه : {  إذ تفيضون فيه } أي :  تسرعون إلى العمل بنشاط وحيوية وإقبال مما يدل على حسن الاستجابة للمنهج فور أن يبلّغه الرسول صلى الله عليه وسلم .

والإقبال على العمل التكليفي بهذا الشوق ،  وتلك اللهفة ،  وحسن الاستقبال ،  وإخلاص الأداء ،  كل هذه المعاني يؤول إليها قول الحق سبحانه : {  إذ تفيضون فيه } كما يفيض ماء الإناء إذا امتلأ لينزل .  أي :  أن تقبلوا على أعمال التكليف بسرعة وانصباب وانسكاب . وقد قال الحق سبحانه : {  فإذا أفضتم(  ) من عرفات .  . ( 198 ) } ]البقرة ] .

أي :  شرعتم(  ) في الذهاب مسرعين ؛  لأنكم أدَّيتم نسكا أخذتم منه طاقة ،  وتقلبون بها على نسك ثان . إذن :  فالحق سبحانه يشهد كل عمل منكم ،  لكن ماذا عن النَّيات وما يبيًَّت فيها من خواطر ؟

ها هو الحق سبحانه يخبرنا أن كل شيء مهما صغر واختفى فهو معلوم ومحسوب . يقول الحق سبحانه : {  وما يعزب عن ربك من مثقال ذرة في الأرض ولا في السماء ولا أصغر من ذلك ولا أكبر إلا في كتاب مبين( 61 ) }[ يونس ] : أي :  أن كل أمورك ،  وأمور الخلق ،  والمخلوقات كلها معلومة لله تعالى ،  ومكتوبة في كتاب مبين واضح ،  فلا أحد بقادر على أن يختلس حركة قلب ،  أو يختلس حركة ضمير ،  وكلمة  "" يعزب ""  تعني :  يغيب ويختفي .

والحق سبحانه يخبرنا أنه لا يضيع عنده جزاء أي عمل أو نية مهما بلغ العمل أو النية أدنى درجة من القلّة .

ولم يوجد عند العرب ما يضرب به المثل على الوزن القليل إلا الذّرّة ،  وهي النملة الدقيقة الصغيرة جدّا ،  ثم أطلقت الذرة على الهباء الشائع في الجو ،  ويمكنك أن ترى هذا البهاء إن جلست في حجرة مظلمة مغلقة ،  ثم دخلها شعاع من ضوء ،  هنا ترى هذا الضوء وهو يمر من الثقب وكأنه سهم ،  وترى مكوّنات هذا السهم من ذرات الهباء المتحركة الموجودة في الجو ،  تلك الذرات التي لا تراها وأنت في الضوء فقط أو في الظلام فقط ،  ولكن التناقض بين الضوء والظلام يبرزها .

وأنت لا تدرك الشيء ولا تحسه لأمرين :  إما لتناهيه في الصغر ،  وإما لتناهيه في الكبر ؛  فلا تحيط به ،  وحين تقدم العلم التطبيقي اخترعوا المجاهر التي تكبّر الشيء المتناهي في الصغر آلاف ،  أو ملايين المرات .

وأنت لو وضعت جلدك تحت عدسة المجهر فتسرى فجوات وكأنها آبار لم تكن تراها أو تحسها من قبل ؛  لأنها بلغت من الدقة والصّغر بحيث لا تستطيع عيناك أن تدركها ،  فإن رأيتها بالمجهر كبرت فترى فجوات وتعاريج وعلوّا وانخفاضا-مهما كان الجلد الذي تراه تحت المجهر ناعما .

وكذلك أنت لا تقدر على إدراك الشيء الضخم ،  وقد تفصل بينك وبين الشيء الكبير مسافة ؛  فتراه أصغر من حجمه ،  وكلما ابتعد صغر ،  فأنت إذا رأيت-مثلا- رجلا طويلا على مسافة كبيرة ،  فأنت تراه وكأنه طفل صغير ،  وكلما اقتربت منه زاد طوله في عينيك . إذن :  لا الضخامة ولا البعد ،  ولا القلّة تمنع من علم الحق سبحانه لأي شيء .

وقد خاطب الحق سبحانه العرب بأصغر ما عرفوه ،  وهو الذرة ،  أي :  النملة الصغيرة .

وأنت إذا وطأت نملة في أرض رملية فهي لا تموت ،  بل تدخل في فجوات الرمل ،  وتجد لنفسها طريقا إلى سطح الأرض مرة أخرى .

قد بيّن الحق سبحانه هذه المسألة حين تحدّث عن سليمان-عليه السلام- في وادي النمل ،  فقال تعالى : {   .  . قالت نملة يا أيها النمل ادخلوا مساكنكم لا يحطمنكم سليمان وجنوده وهم لا يشعرون( 18 ) }[ النمل ] : أنهم لا يرونهم ؛  لحجمهم المتناهي في الصغر .

وهكذا يعطينا الحق سبحانه بيانا عن كل أمة في الحياة ،  وأن من بينهم جنودا يحرسون بيقظة ،  فالنملة قامت بإنذار قومها من سليمان وجنوده ،  لأنهم لن يروا النمل الصغير(  ) . إذن :  الذّرُّ إما أن يكون النمل الصغير ،  وإما أن يكون الذرّات الهبائية . وأراد الله سبحانه أن يضرب لنا مثلا بإحاطة علمه في أنه لا يعزب عنه مثقال ذرة . ويعزب ،  أي :  يغيب ،  ويقال :  "" هذا البئر ماؤه عازب ""  ،  أي :  قادم من عمق بعيد ،  ويحتاج استخراجه إلى دلو وحبال طويلة . ونسمّي الرجل الذي يبعد عن أهله  "" عزب ""  .

وقول الحق سبحانه :  "" وما يعزب ""  .  أي :  لا يبعد ولا يغيب عنه أصغر شيء ولا أكبر شيء .  يقول سبحانه ذلك ؛  ليطمئننا أن كل خاطرة من خواطر الإنسان إنما يشهدها الله ،  ويعلمها ،  وهو المجازي عليها .

وإن استطاع إنسان أن يعمّي على قضاء الأرض ،  فلن يستطيع أن يعمّي على قضاء السماء(  ) . ومسألة الذّرة والصغر يقول عنها الحق سبحانه : {  فمن يعمل مثقال ذرة خيرا يره( 7 ) ومن يعمل مثقال ذرة شرا يره( 8 ) } [ الزلزلة ] : هذا للمتساوي في الثقل والوزن ،  إما إن كان أصغر من الذرة ،  فقد ذكره الحق سبحانه هنا في الآية التي نحن بصدد خواطرنا عنها فقال : {  ولا أصغر من ذلك ولا أكبر .  . ( 61 ) }[ يونس ] .

وعلى زمن نزول القرآن الكريم لم يكن أحد يعرف أن هناك ما هو أصغر من الذرة ،  وكنا جميعا حتى ما قبل الحرب العالمية الأولى لا نعلم أن هناك شيئا أصغر من الذرة ،  وكان العلماء يعتقدون أن الذرة هي الجزء الذي لا يتجزّأ ؛  لأنها أصغر ما يقع عليه البصر ،  فضرب الله مثلا بالأقل في زمن نزول القرآن .

ولما تقدم العلم بعد الحرب العالمية الأولى واخترعت ألمانيا آلة لتحطيم الذرة قيل عنها :  إنها آلة تحطيم الجوهر الفرد .  أي :  الشيء الذي لا ينقسم ،  وهذه الآلة مكونة من اسطوانتين مثل اسطوانتي عصّارة القصب ،  والمسافة بين الاسطوانتين لا تكاد ترى ،  وحين حطّمت ألمانيا ما قيل عنه  "" الجوهر الفرد ""  تحول إلى ما هو أقل منه ،  وتفتت الذرة . وقد جعل الحق سبحانه المقياس في الصغر هو الذرة .

وحين اخترعت ألمانيا تلك الآلة توجس المتصلون بالدين وخافوا أن يقال :  إن الحق سبحانه لم يذكر ما هو أقل من الذرة ،  ولكنهم التفتوا إلى الآية التي نحن بصدد خواطرنا عنها ،  فقرأوا قول الحق سبحانه : {  وما يعزب عن ربك مثقال ذرة في الأرض ولا في السماء ولا أصغر من ذلك ولا أكبر إلا في كتاب مبين( 61 ) }[ يونس ] . و{  ما يعزب } أي :  لا يبعد أو يغيب {  عن ربك } أي :  عن علمه {  من مثقال ذرة } . أي :  وزن ذرة .

وقديما قلنا :  إن البعض يقول :  إن  "" من ""  قد تكون حرفا زائدا في اللغة ،  كقولنا :  "" ما جاءني من رجل ""  وتعرب كلمة "" من ""  :  حرف جر زائد ،  و ""  رجل ""  فاعل مرفوع بالضمة الظاهرة التي منع من ظهورها اشتغال المحل وهو  "" اللام ""  بحركة حرف الجر الزائد .

ولكن في كلام الله لا يوجد حرف زائد(  ) ،  ف "" من ""  في قوله : {  من مثقال ذرة } .  أي :  من بداية ما يقال له  "" مثقال :  ""  .

ويقول الحق سبحانه في آية أخرى : {  وقال الذين كفروا لا تأتينا الساعة قل بلى وربي لتأتينكم عالم الغيب لا يعزب عنه مثقال ذرة في السماوات ولا في الأرض .  . ( 3 ) }[ سبأ ] : وكلمة {  وربي } مقسم به ،  وحرف  ""  الواو ""  هو حرف الجر ،  ولم يأت هنا بالشهادة ،  وجاء بالغيب ،  ولم يأت بعلم الغيب في الآية التي نحن بصدد خواطرنا عنها .

وعالم الشهادة ،  تعني :  أنه عالم بكل ما يشهد ،  ويظن البشر أنها غير محاط بها لعظمتها ؛  أو لأن الله غيب فلا يرى إلا الغيب ،  لكن الحق سبحانه يرى ويعلم الغيب والشهادة .

لقد قال الحق سبحانه كلمة  "" مثقال ذرة ""  ثلاث مرات : مرة حين قال سبحانه : {  فمن يعمل مثقال ذرة .  . ( 7 ) }[ الزلزلة ] ، ومرة حين قال هنا : {  من مثقال ذرة في الأرض ولا في السماء .  . ( 61 ) }[ يونس ] : وجاء ب  "" من ""  هنا ليبين أنه لا يغيب عن الله تعالى من بداية ما يقال له  ""  مثقال ""  .

وقال الحق سبحانه في موضع آخر : {  لا يعزب عنه مثقال ذرة في السماوات ولا في الأرض .  . ( 3 ) }[ سبأ ] . وجاء بالسماوات أولا ،  وجاء في الآية- التي نحن بصدد خواطرنا عنها- بالأرض أولا ،  وهو في الآيتين يتكلم عن علمه للغيب(  ) ،  فيأتي بمثقال الذرة ويقدم السماء ويأتي بها مفردة ،  ثم يأتي بما هو أقل من الذرة ويقدّم الأرض .

وهذا كله من إعجاز أساليب القرآن التي أراد البعض من المستشرقين أن يعترضوا عليها ،  وكانت جميع اعتراضاتهم نتيجة لعجزهم عن امتلاك ملكة الأداء البياني .

وإن عرضنا الرد على تساؤلاتهم نجد أن الحق سبحانه قدّم الأرض في الآية التي نحن بصدد خواطرنا عنها ؛  لأنه سبحانه يتكلم عن أهل الأرض : {  ولا تعلمون من عمل إلا كنا عليكم شهودا إذ تفيضون فيه .  . ( 61 ) }[ يونس ] . وجاء أيضا بالسماء ،  وهي السماء الدنيا التي يراها أهل الأرض .

أما الآية الأخرى فهو سبحانه يقول : {  وقال الذين كفروا لا تأتينا الساعة قل بلى وربي لتأتيكم عالم الغيب لا يعزب عنه مثقال ذرة في السماوات ولا في الأرض .  . ( 3 ) }[ سبأ ] : والكلام هنا عن الساعة ،  وعلمها عند الله تعالى ،  ولم تنزل من السماوات إلى السماء الدنيا حتى نقول للمكلّفين في الأرض :  قوموا ها هي الساعة .

ولذلك جاء الحديث هنا عن السماوات أولا ؛  لأن علم الساعة عند ربي ،  ولن ينزل إلا بمشيئته سبحانه .

وهكذا جاء كل أسلوب لا بإجمال المعنى ،  ولكن بدقة جزئياته ،  فتكلم في الآية التي نحن بصدد خواطرنا عنها ،  وآية سبأ عن العلم والذرّة ،  والسماء والأرض ،  وكل آية جاءت الكلمات فيها بتقديم أو تأخير يناسب مجالها .

ثم يقول الحق سبحانه : {  إلا في كتاب مبين(  ) ( 61 ) }[ يونس ] : ولنا أن نلتفت على أن الاستثناء هنا لا يخرج ما قبله ،  بل كل شيء مكتوب في الكتاب المبين ،  ونحن في الدنيا نجد الإنسان إن كان له دين عند آخر فهو يحتفظ بالوثائق المكتوبة التي تسجّل ما له وما عليه .  ولكن ،  أيحتفظ الحق سبحانه بأعمالنا ونيّاتنا مكتوبة كحجة له ،  أم حجة لنا ؟

إنه سبحانه يعلم أزلا كل أعمالنا ،  ولكنه يسجّل لنا بالواقع تلك الأعمال والنيات ؛  لنعلم عن أنفسنا ماذا فعلنا ؛  لتنقطع حجة من أساء إذا وقع به العقاب ."
10,62,"ويقول الحق سبحانه بعد ذلك :

{  ألا إن أولياء الله لا خوف عليهم ولا هم يحزنون( 62 ) } :

وجاءت هذه الآية بعد كلامه الحق عن نفسه سبحانه بأنه عالم الغيب ،  ولا يخفى عليه شيء ،  وشاء الله سبحانه بذلك أن يعلّمنا أنه قد يفيض على بعض خلقه فيوضات الإمداد على قدر رياضات المرتاضين ،  فهب أن الله قد امتن عليك بنفحة ،  فإياك أن تقول إنها من عندك ،  بل هي من عند عالم الغيب سبحانه الذي لا يخفى عليه شيء في الأرض ولا في السماء .

وعلى ذلك فلا يقال :  عن فلانا قد علم غيبا وليّ لله ،  بل لنقل :  "" إن فلانا معلم غيب ""  لأن الغيب هو ما غاب عن الناس ،  وما يغيب عنك ولا يغيب عن غيرك فهو ليس غيبا مطلقا .

ومثال ذلك :  الرجل الذي سرق منه شيء ،  وهو لا يعرف أين يوجد الشيء الذي سرق منه ،  ولكن اللص يعرف ،  وكذلك من ساعد اللص وأخفاه وأخفى له المسروقات ،  كل هؤلاء يعلمون ،  وأيضا الجن الذين كانوا في نفس مكان السرقة يعلمون ،  وهذا ليس غيبا مطلقا .

وأيضا أسرار الكون التي كانت غيبا موقوتا ،  مثل جاذبية الأرض ،  والسالب والموجب في الكهرباء ،  وتلقيح الرياح للسحاب(  ) لينزل الماء ،  كل ذلك كان غيبا في زمن ما ،  ثم شاء الحق سبحانه فحدّد لكل أمر منها ميعاد كشف ،  فصارت أمورا مشهورة .

وقد شاء الحق سبحانه ذلك ؛  ليعمل الإنسان ويجتهد ليكشف أسرار الكون .

ومن العجيب أن الباحث قد يعمل من أجل كشف معين ،  فيصادف كشفا آخر ؛  لأن الله تعالى قد أذن لذلك الكشف الذي كان غيبا أن يولد ،  وإن لم يبحث عنه أهل الأرض .

ومن اكتشف  "" البنسلين ""  رأى العفن الأخضر حول بعض المواد العضوية فبحث عن أسرار ذلك ،  واكتشف  "" البنسلين ""  .

و "" أرشميدس ""  الذي اكتشف قانون الطفو ،  واستفادت منه صناعات السفن والغواصات ،  وكل ما يسير في البحر ،  وقد تم اكتشاف قانون الطفو صدفة .

إذن :  ففي الكون غيب قد يصير مشهدا ،  وإما بمقدّمات يتبعها خلق الله بالبحث ،  وإما أن تأتي صدفة في أثناء أي بحث عن شيء آخر .

ومثال ذلك :  عصر البخار الذي بدأ من رجل رأى إناء مغطّى يغلى فيه الماء ،  فظل غطاء يرتفع ليخرج بعضا من البخار ،  وانتبه الرجل إلى أن البخار يمكن أن يتحول إلى طاقة تجر العربات التي تسير على عجل ،  وهكذا جاء عصر البخار .

إذن :  فميلاد بعض من أسرار الكون كان تنبيها من الله تعالى لأحد عباده لكي يتأمل ؛  ليكتشف سرّا من تلك الأسرار(  ) .

وأغلب أسرار الكون تم اكتشافها صدفة ،  لنفهم أن عطاء الله بميلادها-دون مقدمات من الخلق- أكثر مما وصل إليه بالعطاء من مقدمات الخلق .

ولذلك تجد التعبير الأدائي في القرآن عن لوني الغيب ،  تعبيرا دقيقا لنفهم أن هناك غيبا عن الخلق جميعا وليست له مقدمات ،  ولا يشاء الله سبحانه له ميلادا ،  واستأثر الله بعلمه ؛  فلا يعلمه إلا هو سبحانه .

يقول الحق سبحانه : {  يعلم ما بين أيديهم وما خلفهم ولا يحيطون بشيء من علمه إلا بما شاء .  . ( 255 ) }[ البقرة ] : هذا هو الغيب الذي يكشفه الله سبحانه لهم ،  إما بالمقدمات ،  أو بالصدفة ،  وقد نسب المشيئة له سبحانه ،  والإحاطة من البشر ،  وهذا هو غيب الابتكارات .

أما الغيب الآخر الذي لا يعلمه أحد إلا هو سبحانه ولا يجلّيه إلا الرسول صلى الله عليه وسلم ،  فيقول الحق عنه :

{  عالم الغيب فلا يظهر(  ) على غيبه أحدا( 26 ) إلا من ارتضى من رسول .  . ( 28 ) }[ الجن ] : إذن :  فالحق سبحانه يفيض من غيبه الذاتي على بعض خلقه ،  والقرآن الكريم فيه الكثير من الغيب ،  وأفاضه الله تعالى على رسوله صلى الله عليه وسلم ،  وتحققت الأحداث كما جاءت في القرآن .

والحق سبحانه يهب بعضا من خلقه بعضا من فيوضاته ،  وقد أعطى الله سبحانه رسوله صلى الله عليه وسلم بعضا من الهبات وحدّد من يعطيه بعضا من الغيب :

{  إلا من ارتضى من رسول .  . ( 27 ) } ]الجن ] : وهي ليست للحصر ؛  لأن الرسول صلى الله عليه وسلم أسوة(  ) ،  ويقال فيه الحق سبحانه : {  لقد كان لكم في الرسول الله أسوة حسنة لمن كان يرجو الله واليوم الآخر وذكر الله كثيرا( 21 ) }[ الأحزاب ] : ومن يعمل بعمل الرسول صلى الله عليه وسلم ويقتدى به ؛  يهبه الله تعالى هبة يراها الناس فيعرفون أن من يتّبع الرسول صلى الله عليه وسلم كقدوة يعطيه الله سبحانه الهبات النورانية ،  ولكن هذه الهبة ليست وظيفة ،  وليست ( دكّانا ) للغيب ،  بل هي من عطاءات الله تعالى .

وانظر إلى دقة القرآن حين يقول : {  وعنده مفاتح الغيب لا يعلمها إلا هو(  ) .  . ( 59 ) }[ الأنعام ] : أي :  أنه سبحانه لم يعط مفتاح الغيب لأحد ،  والوليّ من أولياء الله إنما يأخذ الهبة منه سبحانه ،  لكن مفتاح الغيب هو عند الله وحده .

وعندما نتأمل قول الحق سبحانه : {  ألا إن أولياء الله لا خوف عليهم ولا هم يحزنون( 62 ) }[ يونس ] : نجد أن كلمة  "" وليّ ""  من وليه ،  يليه ،  أي :  قريب منه ،  وهو أول مفزع يفزع إليه إن جاءه أمر يحتاج فيه إلى معاونة من غيره ،  وإن احتاج إلى نصرة فهو ينصره ،  وخيره يفيض على من والاه .

ومن يقرب عالما يأخذ بعضا من العلم ،  ومن يقرب قويا يأخذ بعضا من القوة ،  ومن يقرب غنيا ،  إن احتاج ،  فالغني يعطيه ولو قرضا .

إذن :  فالولي هو القريب الناصر المعين الموالي . وتطلق  "" الولي ""  مرة لله سبحانه ،  وقد قال القرآن : {  فالله هو الوليّ .  .  (  ) ( 9 ) }[ الشورى ] : لأنه سبحانه القريب من كل خلقه ،  عكس الخلق الذين يقتربون من بعضهم أو يتباعدون حسب إمكاناتهم ،  أما الله سبحانه وتعالى فهو الوليّ المطلق ،  فقربه من خلق لا يبعده عن خلقه ،  ولا يشغله شيء عن شيء ،  فهو الوليّ الحقّ ،  وهو سبحانه يقول : {  هنالك الولاية لله الحق .  . ( 44 ) }[ الكهف ] : فمن يحتاج على الولاية الحقّة فليلجأ إلى الله ،  وهو سبحانه يفيض على الأوفياء لمنهجه من الولاية .

ونجد التعبير القرآني الدقيق : {  الله ولي الذين آمنوا( 257 ) }[ البقرة ] : فهو سبحانه يقرب من عباده المؤمنين ،  والمؤمنون يقربون من الله تعالى في قول الحق سبحانه :

{  ألا إن أولياء الله .  . ( 62 ) }[ يونس ] : إذن :  فالولاية المطلقة لله ،  وإن قيّدت بشيء مضاف ومضاف إليه ،  فهي مرة تكون من المؤمنين لله ،  ومرة تكون من الله للمؤمنين .

والحق سبحانه لا تحكمه قوانين ؛  فبطلاقة قدرته سبحانه إذا رأى في إنسان ما خصلة من خير ،  فيكرمه أولا ،  فيصير هذا العبد طائعا من بعد ذلك .

وتسمع من يقول :  إن فلانا قد خطف من المعصية أي :  أنه كان عاصيا ،  ثم أحب الله تعالى خصلة خير فيه ،  فهداه .

ومثال ذلك :  الرجل الذي سقى كلبا ،  بل احتال ليسقيه بأن ملأ خفّه بالماء من البئر ليروي ظمأ الكلب ؛  فغفر الله-سبحانه وتعالى-له سيئاته(  ) .

هذا الرجل لم يكن ليروي الكلب نفاقا للكلب ،  ولكن لأن الرجل شعر بالعطف على كائن ذي كبد رطبة .

إذن :  فليست المسائل عند الله تعالى آلية أو ميكانيكية ،  بل طلاقة قدرته سبحانه تقدر كل موقف كما قدرت اختلاف الخلق ،  ولذلك قال سبحانه : {  ومن آياته خلق السماوات والأرض واختلاف ألسنتكم(  ) وألوانكم .  . ( 22 ) }[ الروم ] : فليس عند الله تعالى قالب يضع فيه الخلق ،  بل سبحانه يخلق الطويل والقصير والسمين والرفيع والشقر والزنجي ،  وهذا بعض من طلاقة قدرته سبحانه ،  وبرحمته سبحانه قرب من خلقه الذين آمنوا أولا ،  وقربه سبحانه منهم : {  يخرجهم من الظلمات إلى النور .  . ( 257 ) }[ البقرة ] .

فمن يتبع المنهج يأخذ النور ،  فإذا علم الله سبحانه عمله بمنهجه فهو سبحانه يقربه قربا أكثر فيعطيه هبة اصطفائية يراها الذين حوله وقد يقتدون به .

والحق سبحانه يريد من المؤمن الأدب مع خلق الله ،  فإذا علم سيئة عن إنسان فعليه أن يسترها ؛  لأن الحق سبحانه يحب الستّر ويحب من يستر .

وأنت قد تكره إنسانا تعلم عنه سيئة ما ،  وقد تكره كل حسنة من حسناته ،  فيريد الله ألا يحرمك من حسنات من له سيئة فيسترها عنك لتأخذ بعضا من حسناته ،  ويأمرك الحق ألا تحتقر هذا المسيء ؛  لأنه قد يتمتع بخصلة خير واحدة ،  فيكرمه الله سبحانه من أجلها أولا ،  ثم يطيعه هذا العبد ثانيا .

والحق سبحانه يقول في الحديث القدسي :  "" يا ابن آدم أنا لك محبّ فبحقي عليك كن لي محبا ""  . ويقول الله سبحانه في حديث قدسي :  "" أنا عند ظن عبدي بي ،  وأما معه إذا ذكرني ،  فإن ذكرني في نفسه ذكرته في نفسي ،  وإن ذكرني في ملأ ذكرته في ملأ خير منهم ""  .

وفي هذا القول يضع مسئولية القرب من الله في يد الخلق ،  ويضيف الحق سبحانه :

 "" وإن تقرب إليّ شبرا تقربت إليه ذراعا ،  وإن تقرب إليّ ذراعا تقربت إليه باعا ،  وإن أتاني يمشي أتيته هرولة "" (  ) .

ومن يريد أن يأتيه الله هرولة فليذهب إلى الله ماشيا . إذن :  فالإيمان بالله يسلم المؤمن مفتاح القرب من الله .

ومن يكن من أصحاب الخلق الملتزمين بالمنهج يقرّبه الله منه أكثر وأكثر .

إذن :  فمن الناس من يصل بطاعة الله إلى كرامة الله ،  ويدق على باب الحق ،  فينفتح له الباب ،  ومن الناس من يصل بكرامة الله أولا إلى طاعة الله ثانيا .

ولله المثل الأعلى :  أنت كواحد من البشر قد يدق بابك إنسان يحتاج إلى لقمة أو صدقة فتعطيه ،  وهناك إنسان آخر تحب أنت أن تعطيه ،  وعندما تعطيه يطيعك من منطق الإحسان إليه ،  فما بالنا بعطاء الحق لعباده ؟

إذن :  فمنهم من يصل بكرامة الله إلى طاعة الله ،  ومنهم من يصل بطاعة الله إلى كرامة الله ،  وحين يصل الإنسان إلى القرب من الله ،  ويقرب الله من العبد ، هنا يكون العبد في معية الله ،  وتفيض عليه هذه المعية كثيرا .

وقد قال أوب المعري لمحبوبته(  ) : أنت الحبيب ولكني أعوذ به 	من أن أكون حبيبا غير محبوب : أي :  أنه يستعيذ بالله من أن يكون محبا لمن يرفض حبّه ،  ولكن محبة الله تختلف عن محبة البشر ،  وسبحانه لا يعامل محبيه كذلك ،  فأنت حين تحب الله يقرّبك أكثر وأكثر ،  ويسمّى ذلك  "" المصافاة ""  ،  فإذا أفاض الله سبحانه على بعض خلقه هبات من الكرامات فعلى العباد الذين اختصهم الحق سبحانه بذلك أن يحسنوا الأدب مع الله ،  وألا يتبجّح واحد منهم متفاخرا بعطاء الله سبحانه له .

فالمباهاة بالكرامات تضيعها ،  ويسلبها الحق سبحانه من الذي يتبجّح بها ويتفاخر ويتباهى ،  فمن تظاهر بالكرامة ليس له كرامة .

إذن :  فالحق سبحانه يريد أن يكون العبد دائما في معيّته ،  وهو سبحانه الذي بدأ وبيَّن بالآية الواضحة أنه سبحانه ولي المؤمنين ؛  ولذلك سيخرجهم من الظلمات إلى النور(  ) .  فقال : {  والله ولي الذين آمنوا يخرجهم من الظلمات إلى النور .  . ( 257 ) }[ البقرة ] : ونحن نعلم أنه سبحانه يأتي بالمحسَّات ليبيّن المعنويات ؛  لأن إلف الإنسان أولا بالمحسّات ،  وهي أقرب إلى تقريب المراد ،  فحين يضرب الحق سبحانه لنا المثل بالكفر والإيمان ،  يصف الكفر بالظلمة ،  والإيمان بالنور ،  إنما يريد الحق أن يجعل لك المراد واضحا موصولا بمفهومك .

وإذا كنا نتجنّب معاطب الظلمات الحسية ،  أليس الأجدر بنا-أيضا-أن نتجنب معاطب الظلمات المعنوية ،  إن الظلمة الحسية تستر الأشياء فلا نرى الأشياء ،  وقد نرتطم بأضعف شيء فنحطمه أو نصطدم بأقوى شيء فيحطمنا .

إذن : فحجب المرائي يسبّب الكوارث ،  أما حين يأتي النور ؛  فهو يبيّن ملامح الأشياء فتسير على هدى وأنت مطمئن .

وهب أنك في مكان مظلم ويوجد شيء آخر في مكان منير ،  فأنت في الظلمة ترى من يوجد النور ،  وهذه مسألة لم يفطن لتفسيرها علماء ما قبل الإسلام ،  حيث كانوا يظنون أن الرؤية إنما تحدث من انتقال شعاع من عين الرائي على المرئيّ ،  حتى جاء  ""  الحسين بن الهيثم ""  العالم الإسلامي واكتشف قوانين الضوء ،  وكشف خطأ ما سبقه من نظريات ،  وحدّد أن المرئي هو الذي يصدر منه شعاع على الرائي ،  وإذا ما كان المرئي في ظلمة فلن يراه أحد ،  ولو كان هناك شعاع يخرج من الرائي ؛  لرأى الإنسان في الظلام .

إذن :  أول ولاية من الله للمؤمنين أنه سبحانه يخرجهم من الظلمات إلى النور ،  والظلمة المعنوية أقوى من الظلمة الحسية ،  وكذلك النور المعنوي أقوى من النور الحسّي ،  فعالم القيم قد يكون أقوى من عالم الحسّ ؛  لأن الجبر في عالم الحس يمكن أن يحدث ،  أما في عالم القيم فهو أمر شاق ؛  ولذلك قال الشاعر :

جراحات السنان(  ) فها التئام	 **** ولا يلتام ما جرح اللسان

ويقول الحق سبحانه في الآية التي نحن بصدد خواطرنا عنها : {  ألا إن أولياء الله لا خوف عليهم ولا هم يحزنون( 62 ) }[ يونس ] : و "" ألا ""  كما أوضحنا من قبل أداة تنبيه من المتكلم للمخاطب حتى لا تفوته كلمة واحدة مما يجيء في الخطاب .

وقوله سبحانه : {  لا خوف عليهم .  . ( 62 ) } . أي :  لا خوف عليهم من غيرهم {  ولا هم يحزنون( 62 ) } أي :  أن الحزن لن يأتي منهم ،  والخوف يكون من توقع شيء ضار لم يقع حتى الآن ،  ولكنه قد يحدث في المستقبل .

وفي حياتنا اليومية نجد الأب يمسك بيد ابنه في الزحام خوفا عليه ،  وقد ترى وليّا من أولياء الله وقد أصيب ابنه في حادث أو مات الابن ،  تجد الوليّ في ثبات لأنه يعلم حكمة الله في قضائه ،  فلا تتطوع أنت بالخوف عليه .

إذن :  فالخوف يأتي من المستقبل ،  وهو أمر مرتقب ،  أما الحزن فهو إحساس يحدث على شيء فات .

والحق سبحانه يقول : {  لكيلا تأسوا(  ) على ما فاتكم .  . ( 23 ) }[ الحديد ] : والحزن على ما فات عبث ؛ لأن ما فات لا يعود .

وأولياء الله تعالى لا خوف عليهم ؛  لأنهم دائما بصدد معرفة حكمة الله ،  ومن لا يعرف حكمة الله تعالى في الأشياء قد يقول :  "" إن فلانا هذا مسكين ""  ؛  لأنك لا تعرف ماذا جرى له .

وأما الحزن فهو مشاعر قلبية يريد الله من المؤمن أن تمر على باله .

وقد قال صلى الله عليه وسلم حين افتقد ابنه :  "" وإنا بفراقك يا إبراهيم لمحزونون ""  ولكنه حزن الورع الذي يتجلّى في قوله صلى الله عليه وسلم :  "" إن العين تدمع ،  والقلب يحزن ،  ولا نقول إلا ما يرضي ربنا "" (  ) ."
10,63,"ويبيّن الله سبحانه لنا شروط الولاية فيقول : {  الذين آمنوا وكانوا يتقون( 63 ) } :

والإيمان هو الأمر الإعتقادي الأول الذي يبنى عليه كل عمل ،  ويقتضي تنفيذ منهج الله ،  والأمر في الأمر ،  والنهي في النهي ،  والإباحة في الإباحة .

والتقوى-كما علمنا- هي اتقاء صفات الجلال في الله تعالى ،  وأيضا اتقاء النار ،  وزاد رسول الله صلى الله عليه وسلم في صفات من تصدر عنه التقوى ؛  لأنها مراحل ،  فقال صلى الله عليه وسلم يصف المتقين :  "" هم قوم تحابوا بروح الله على غير أرحام بينهم ،  ولا أموال يتعاطونها ،  فوالله عن وجوههم لنورن وإنهم لعلى نور "" (  ) .

وقد سئل عمر-رضي الله عنه- عن المتقين فقال :  "" الواحد منهم يزيدك النظر إليه قربا من الله ""  .  وكأنه-رضي الله عنه- يشرح لنا قول الحق سبحانه : {  سيماهم(  ) في وجوههم من آثر السجود .  . ( 29 ) }[ الفتح ] : وساعة ترى المتقي لله تسرّ وتفرح به ،  ولا تعرف مصدر هذا السرور إلا حين يقال لك :

إنه ملتزم بتقوى الله ،  وهذا السرور يلفتك إلى أن تقلده ؛  لأن رؤياه تذكرك بالخشوع(  ) ،  والخضوع ،  والسكينة(  ) ،  ورقّة السّمت ،  وانبساط الأسارير .

والواحد من هؤلاء ينظر إلى الكون ولا يجد في هذا الكون أي خلل ،  بل يرى كل شيء في موضعه تماما ،  ولا يرى أي قبح في الوجود ،  وحتى حين يصادف القبح ،  فهو يقول :  إن هذا القبح يبيّن لنا الحسن ،  ولولا وجود الباطل ومتاعبه لما عشق الناس الحقّ ،  وهكذا يصير الباطل من جنود الحق .  إن وجود الشرّ يدفع الناس إلى الخير ؛  ولذلك يقال :  كن جميلا في دينك تر الوجود جميلا ؛  لأنك حين ترى الأشياء وتقبل قدر الله فيها ،  هنا يفيض الله عليك بهبات من الفيض الأعلى ،  ولكما تقرّبت إلى الله زاد اقتراب الله سبحانه منك ،  ويفيض عليك من الحكمة وأسرار الخلق(  ) .

ومثال ذلك :  العبد الصالح الذي آتاه الله من عنده رحمة وعلّمه من لدنه علما ،  هذا العبد يعلم موسى عليه السلام(  ) ،  فحين قارن بين خرق العبد الصالح لسفينة سليمة ،  ولم يكن يعلم أن هناك حاكما ظالما يأخذ كل سفينة غصبا ؛  ولذلك ناقش موسى العبد الصالح ،  وتساءل :  كيف تخرق سفينة سليمة ؟  وهنا بين له العبد الصالح أن الملك الظالم حين يجد السفينة مخروقة فلن يأخذها ،  وهي سفينة يملكها مساكين(  ) .

وحين قتل العبد الصالح غلاما ،  كان هذا الفعل في نظر سيدنا موسى جريمة ،  ولم يعلم سيدنا موسى ما علمه العبد الصالح أن هذا الولد سوف يسيء إلى أهله ،  وأمر الله العبد الصالح بقتله قبل البلوغ حتى لا يفتن أهله(  ) ،  وسوف يدخل هذا الولد الجنة ويصير من دعاميص الجنة(  ) .

ويقال :  إن من يموت من قبل البلوغ ليس له مسكن محدد في الجنة ،  بل يذهب حيث يشاء ؛  فهو كالطفل الصغير الذي يدخل قصرا ،  ولا يطيق البقاء في مكان واحد ،  بل يذهب هنا وهناك ،  وقد يذهب إلى حيث سيدنا محمد صلى الله عليه وسلم أو أبو بكر الصديق ،  أو عند صحابي جليل .

وأيضا حين دخل سيدنا موسى-عليه السلام- مع العبد الصالح على قرية واستطعما أهلها فرفضوا أن يطعموهما-وطلب الطعام .  هو أصدق ألوان السؤال-فأبى أهل القرية أن يطعموهما ،  وهذا دليل الخسّة واللؤم ؛  فأقام العبد الصالح الجدار الآيل للسقوط في تلك القرية .

ولم يكن سيدنا موسى-عليه السلام- قد علم ما علمه العبد الصالح من أن رجلا صالحا قد مات وترك لأولاده كنزا تحت هذا الجدار ،  وبناه بناية موقوتة بزمن بلوغ الأبناء لسن الرشد ؛  فيقع الجدار ليجد الأبناء ما ترك لهم والدهم من كنز ،  ولا يجرؤ أهل القرية اللئام على السطو عليه(  ) .

إذن :  هذه هبات من فيض الحق سبحانه على عباده الصالحين ،  وهو سبحانه وتعالى يجعل مثل هؤلاء العباد كالصواري المنصوبة التي تهدي الناس ،  أو كالفنار الذي يهدي السفن في الظلمة ."
10,64,"ويقول الحق سبحانه :

{  لهم البشرى في الحياة الدنيا وفي الآخرة لا تبديل لكلمات الله ذلك هو الفوز العظيم( 64 ) } :

والبشرى(  ) :  من البشر والبشارة والتبشير ،  وكلها مأخوذة من البشرة ،  وهي الجلد ؛  لأن أي انفعال في باطن النفس الإنسانية إنما ينضح على البشرة ،  فإذا جئت للإنسان بأمر سارّ تجد أثر هذا السرور على أساريره ،  وإن جئت للإنسان بخبر سيّء تجد الكدر وقد ظهر على بشرته ،  فالبشرة هي أول منفعل بالأحداث السارة أو المؤلمة .

وحين يقال :  "" بشرى ""  فهذا يعني كلاما إذا سمعه السامع يظهر على بشرته إشراق وسرور ؛  لأنه كلام مبشّر بخير .

وحين سئل رسول الله صلى الله عليه وسلم عن البشرى ،  قال :  ""  إنها الرؤية الصالحة ترى للمؤمن أو يراها ""  ،  وقال صلى الله عليه وسلم :  "" إنها جزء من ستة وأربعين جزءا من النبوة "" (  ) .

وقد أوحى للنبي صلى الله عليه وسلم بالرؤيا ستة أشهر ،  وأوحى إليه في اليقظة ثلاثة وعشرين عاما ،  فإذا نسبت الستة أشهر إلى الثلاثة والعشرين عامان تجد أن الستة أشهر تمثل جزءا من ستة وأربعين جزءا .

والرؤيا ليست هي الحلم ؛  لأن الرؤيا هي شيء لم يشغل عقلك نهارا ،  وليس للشيطان فيه دخل .

والمثل العامي يقول :  "" الجوعان يحلم بسوق العيش ""  فإن كان ما يراه الإنسان في أثناء النوم له علاقة بأمر يشغله ،  فهذا هو الحلم ،  وليس الرؤيا ،  وإن كان ما يراه الإنسان في أثناء النوم شيئا يخالف منهج الله ،  فهذه قذفة من الشيطان(  ) . إذن :  فهنالك فارق بين الرؤيا والحلم ،  وأضغاث الأحلام(  ) .

البشرى- إذن- هي الرؤيا الصالحة ،  أو هي المقدمات التي تشعر خلق الله بهم فتتجه قلوب الناس إلى هؤلاء الأولياء ،  وقد تجد واحدا أحبه الله تعالى في السماء ،  فيقول الله سبحانه وتعالى لجبريل عليه السلام : {  إني أحب فلانا فأحبّه .  قال :  فيحبه جبريل ،  ثم ينادي جبريل في السماء فيقول :  إن الله يحب فلانا فأحبوه ،  فيحبه أهل السماء .  قال :  ثم يوضع له القبول في الأرض "" (  ) .

وساعة تراه مكتوبا له القبول ،  فالكل يجمعون على أن في رؤيتهم لهذا المحبوب من السماء سمتا طيبا ،  وهذه هي البشرى .

أو أن البشرى تأتي لحظة أن يأتي ملك الموت ،  فيلقي عليه السلام ،  ويشعر أن الموت مسألة طبيعية ،  مصدقا لقول الحق سبحانه : {  الذين تتوفاهم الملائكة طيبين يقولون سلام عليكم ادخلوا الجنة بما كنتم تعملون( 32 ) }[ النحل ] .

أو ساعة يبيضّ الوجه حين يأخذ الإنسان من هؤلاء كتابه بيمينه ،  وهذه بشرى في الدنيا وفي الآخرة .

والحق سبحانه يقول : {  إن الذين قالوا ربنا الله ثم استقاموا تتنزل عليهم الملائكة ألا تخافوا ولا تحزنوا وأبشروا بالجنة التي كنتم توعدون( 30 ) نحن أولياؤكم في الحياة الدنيا .  . ( 31 ) }[ فصلت ] : إذن :  فهؤلاء الأولياء(  ) يتلقون من فيوضات(  ) الله عليهم بواسطة الملائكة ويتميزون عن غيرهم ؛  لأن الواحد منهم قد يفرض على نفسه نوافل فوق الفروض ؛  لأن الفروض هي أقل القليل في التكاليف .

وقد يرى واحد منهم أن القيام بالفروض لا يتناسب مع حبه لله تعالى ؛  فيزيد من جنسها على ما فرض الله ،  ويصلّي-بدلا من خمسة فروض- عشرة أخرى نوافل ،  أو يصوم مع رمضان شهرا أو اثنين ،  أو يصوم يوم الاثنين والخميس من كل أسبوع .

وهذا دليل على أنه وجد أن الفروض قليلة بالنسبة لدرجة حبه لله تعالى ،  وأن الله تعالى يستحق أكثر من ذلك ،  وهذا معناه أن مثل هذا العبد قد دخل في مقام الود(  ) مع الله تعالى ،  وهنا يفيض الله سبحانه وتعالى عليه بما يشاء ،  وينال من رضوان الله ما جاء في الحديث القدسي :  "" من عادى لي وليّا فقد آذنته بالحرب ،  وما تقرّب إليّ عبدي بشيء أحب إليّ مما افترضته عليه ،  وما يزال عبدي يتقرب إليّ بالنوافل حتى أحبه ،  فإذا أحببته كنت سمعه الذي يسمع به ،  وبصره الذي يبصر به ،  ويده التي يبطش بها ،  ورجله التي يمشي عليها ،  وإن سألني لأعطينّه ،  ولئن استعاذني لأعيذنّه ،  وما ترددت عن شيء أنا فاعله ترددي عن نفس المؤمن ،  يكره الموت وأنا أكره مساءته "" (  ) .

وهكذا تختلف المقاييس بين عبد يحب الله تعالى ويؤدي فوق ما عليه ،  وعبد آخر يقوم بالتكاليف وحدها .

وينهي الحق سبحانه الآية التي نحن بصدد خواطرنا عنها بقوله : {  لا تبديل لكلمات الله ذلك هو الفوز العظيم( 64 ) }[ يونس ] : وما دام الحق سبحانه قد قال : {  لا تبديل لكلمات الله .  .  } فلن تجد أحدا قادرا على ذلك ،  كما أن الخلق مقهورين كلهم يوم القيامة ؛  ومن كان يبيح له الله تعالى أن يملك شيئا في الدنيا لم يعد مالكا لشيء ،  بدليل أن الكل سيسمع قول الحق سبحانه : {  لمن الملك اليوم لله الواحد القهار( 16 ) }[ غافر ] : وما دام الحق سبحانه قد وعد ببشرى الدنيا وبشرى الآخرة ،  فلا تبديل لما حكم به الله ،  فلا شيء يتأبّى على حكم الله تعالى ،  والوعد بالبشريات في الدنيا وفي الآخرة فوز عظيم مؤكد ."
10,65,"ويقول الحق سبحانه بعد ذلك :

{  ولا يحزنك قولهم إن العزة لله جميعا هو السميع العليم( 65 ) } :

تجيء هذه الآية بعد أن بيّن لنا الله سبحانه وتعالى اعتراضات الكفار ،  وإيذاءهم لرسول الله صلى الله عليه وسلم وتكذيبهم له وقولهم فيه ما قالوه ،  وفيما قالوه ما أحزنه صلى الله عليه وسلم ؛  لذلك طلب منه الحق سبحانه ألاّ ينفعل لما قالوه انفعال الحزين ،  فقد قالوا :  ساحر ،  وكاذب ،  ومفتر ،  ومجنون ،  وقد نفى عنه الحق سبحانه كل ما قالوه ،  فلو كان محمد صلى الله عليه وسلم ساحرا فلماذا لم يسحرهم هم أيضا ،  وهل للمسحور إرادة مع الساحر ؟  !

إذن :  كذّب قولهم في أنه صلى الله عليه وسلم سحر عبيدهم وأولادهم .

وقالوا :  مجنون ،  ولم يكن في سلوكه صلى الله عليه وسلم أدنى من جنون ،  وفنّد أقوالهم هذه بقوله سبحانه : {  ن والقلم وما يسطرون( 1 ) ما أنت بنعمة ربك بمجنون( 2 ) وإن لك لأجرا غير ممنون(  ) ( 3 ) وإنك لعلى خلق عظيم( 4 ) }[ القلم ] :

فالمجنون لا يكون على خلق عظيم أبدا .

وحين قالوا :  إنه افترى القرآن ،  تحداهم أن يأتوا بسورة من مثل ما قال(  ) ،  وعجزوا عن ذلك رغم أنهم مرتاضون(  ) للشعر والأدب والبيان .

وقول الحق سبحانه : {  ولا يحزنك قولهم .  . ( 65 ) } لأن أقوالهم لا حصيلة لها من الوقوف أمام الدعوة ؛  لأن {   .  . العزة لله جميعا .  . ( 65 ) } والعزة هي القوة ،  والغلبة ،  ويقال :  هذا الشيء عزيز ،  أي :  لا يوجد مثله ،  وهو سبحانه العزيز المطلق ؛  لأنه لا إله إلا هو لا يغلب ولا يقهر .

وتلحظ حين تقرأ هذه الآية وجود حرف  "" الميم ""  فوق كلمة {  قولهم }(  ) وتعني :  ضرورة الوقف هنا .

ولسائل أن يقول : كيف يلزم الوقف هنا مع أن القرآن مبنّي على الوصل ؛  وآخر حرف في كل سورة تجده منوَّنا ،  وليس في القرآن ما يلزم الوقف للقارئ ؟

وأقول ردّا على هذا التساؤل :  إن العلماء حين لاحظوا ضعف ملكة اللغة ؛  جاءوا بهذا الوقف ليتفهم القارئ-الذي لا علم له بالبيان العربي- كيف يقرأ هذه الآية ،  فهب أن واحدا لا يملك فطنة الأداء ،  فينسب {   .  . إن العزة لله جميعا .  . ( 65 ) } إلى {  ولا يحزنك قولهم .  . ( 65 ) } .  ويخطئ الفهم ،  ويظن-معاذ الله- أن العزة لله هي أمر يحزن النبي صلى الله عليه وسلم ؛  لذلك جاء العلماء بالوقف هنا لندقّق القراءة ونحسن الفهم .

ولذلك علينا أن نقرأ {   .  . ولا يحزنك قولهم .  . ( 65 ) } ثم نتوقف قبل أن نتابع القراءة {  إن العزة لله جميعا .  . ( 65 ) } ؛  وبهذا نفهم المعنى :  يجب ألا تحزن يا محمد ؛  لأن أقوالهم لن تغيّر في مجرى حتمية انتصارك عليهم .

ويريد الحق سبحانه هنا أن يطمئن رسوله صلى الله عليه وسلم في أمر محدد ،  هو أنه صلى الله عليه وسلم مهمته هي البلاغ فقط ،  وليس عليه أن يلزمهم بالإيمان برسالته والتسليم لمنهجه .

وبيّن له الحق سبحانه :  أنهم إذا ما صدّوا بعد بلاغك ،  فلا تحزن مما يقولون ؛  فأقوالهم لا يقوم عليها دليل ،  ولا تنهض لها حجّة ،  وقد جاء فيهم قول الحق سبحانه : {  وجحدوا بها واستيقنتها(  ) أنفسهم .  . ( 14 ) }[ النمل ] : وأقوالهم لن تقف في سبيل دعوتك ،  وسيتمّ الله نوره ،  ولا يوجد أعز من الله سبحانه وتعالى ،  ولن يجير أحد على الله أحدا ،  فهو سبحانه يجير ولا يجار عليه .

وإذا كانت العزة هي القهر والغلبة ،  وقد تكون عزة حجّة ،  وقد تكون عزة حلف ،  وقد تكون عزة حكمة ،  وكل واحد من خلق الله سبحانه قد توجد له عزة مجال ما أو محيط ما ،  لكن العزة لله سبحانه شاملة مطلقة في كل محيط وفي كل مجال ،  شاملة لكل شيء وأي شيء .

ولماذا لم يأت الحق سبحانه بأسلوب القصر(  ) في هذه الآية ؟  أي :  أن تأتي الصفة للموصوف وتنفيها عما عداه ؛  كأن نقول :  "" لزيد مال ليس لغيره ""  .  وإذا قدمنا الجار والمجرور-وهو المتعلق-فنقول :  "" لفلان كذا ""  ،  وهذا يعني أن غير فلان ليس له كذا .

وإن قلنا :  "" فلان له كذا ""  فيصح أن نقول :  "" ولفلان كذا ،  ولفلان كذا ،  ولفلان كذا ""  .

أما إذا قلت :  "" لفلان كذا ""  فمعناه :  امتناع أن يكون لغير فلان شيء من مثل ما قلت .

وهنا يقول الحق سبحانه : {   .  . إن العزة لله جميعا .  . ( 65 ) } : وجاء بالتأكيد ولم يأت لها بأسلوب القصر الذي يعطي العزة لله سبحانه وينفيها عن غيره ؛  لأنه لا يوجد لهذه الآية مناهض ،  وهو كلام ابتدائي يخبر به الله سبحانه خبرا كونيا بأن العزة لله جميعا .

وما دام الحق سبحانه هو الذي يقول ذلك- وهو خالق الخلق- فلن تأتي قضية كونية تناقضها ،  ولو وجدت-معاذ الله- قضية كونية تناقضها ،  فالآية لن تكون صادقة .  وهذا لم ولن يحدث أبدا مع آيات الحق سبحانه ؛  لأنه هو خالق الكون ،  وهو منزل الآيات ؛  فلا يكن أن يحدث تناقض أبدا بين الكون وكلام خالق الكون سبحانه وتعالى .

وقد حدث أن ادعى بعضهم العزة(  ) لنفسه وقالوا : {   .  . لئن رجعنا إلى المدينة ليخرجن الأعز منها الأذل .  . ( 8 ) }[ المنافقون ] : وكان مغزى قولهم هو ادعاء العزة لأنفسهم ،  وادعاء الذلة للمؤمنين ، إذن :  فالعزة قد ادّعيت ،  وما دامت قد ادعيت فلماذا لم تأت بأسلوب القصر ؟ نقول :  لا ،  لقد شاء الحق سبحانه أن يقول : {   .  . ولله العزة ولرسوله وللمؤمنين .  . ( 8 ) }[ المنافقون ] : فالعزة لله لا تتعداه ،  ولكنه سبحانه شاء أن تكون عزة رسوله صلى الله عليه وسلم وعزة المؤمنين من باطن عزة الله تعالى .

وقوله الحق سبحانه هنا : {   .  . إن العزة لله جميعا .  .  } أي :  في كل ألوانها هي لله سبحانه وتعالى ،  إن كانت عزة حكمة فهو الحكيم ،  وإن كانت عزة القبض على الأمور فهو العزيز ،  وإن كانت عزة الحلم فهو الحليم ،  وإن كانت عزة الغضب والانتقام فهو المنتقم الجبّار ،  وكلّ ألوان العزة لله تعالى : {   .  . هو السميع العليم( 65 ) }[ يونس ] : وما دامت العزة هي الغلبة والقهر ،  فالله سبحانه يسمع من يستحق أن يقهر منه ،  وما دام الأمر فيه قول فهو يجيء بالسمع ،  وإن كان فيه فعل ،  فهو يأتي بصفة العليم ،  فهو السميع لما يقال والعليم بما يفعل .

ونحن نعلم أن المنهّي عنه هنا هو : {  ولا يحزنك قولهم .  . ( 65 ) }[ يونس ] : لذلك كان المناسب أن يقال : {  هو السميع .  .  } أولا .

ويريد الحق سبحانه أن يدلّل على هذه القضية دلالة كونية في آيات الله تعالى في الكون ،  وليس في الوجود أو الكون من يقف أمامه سبحانه ؛  لذلك لا بد أن نلحظ أن قانون  "" العزة لله جميعا ""  محكوم بأن لله تعالى ما في السماوات وما في الأرض .

لذلك يقول الحق سبحانه بعد ذلك :

{  ألا إن لله من في السماوات ومن في الأرض وما يتبع الذين يدعون من دون الله شركاء إن يتبعون إلا الظن وإن هم إلا يخرصون(  ) ( 66 ) } :"
10,66,"فالحق سبحانه-إذن-لن يخرج كائن من كان عن ملكه .

وساعة تجد الحق سبحانه يبيّن الشيء وضده ،  فهو يأتي بالقانون والإطار{  لله ما في السماوات وما في الأرض .  . ( 284 ) }[ البقرة ] : ومثال ذلك :  حين تابع قوم فرعون موسى-عليه السلام- وقومه ،  قال أصحاب موسى : {  إنا لمدركون( 61 ) }[ الشعراء ] :

قالوا ذلك ؛  لأنهم رأوا البحر أمامهم ،  فشاء الحق سبحانه أن يبيِّن لهم أن البحر لن يعوق مشيئته سبحانه ،  ولم ينفلت البحر من قوة الله تعالى ؛  لأن لله ما في السماوات وما في الأرض ،  والبحر منها ؛  لذلك انفلق البحر ،  فكان كل فرق كالطود العظيم(  ) .

فلا شيء يخرج عن ملكه سبحانه تعالى ؛  ولذلك يأتي الحق سبحانه بالنقيض ،  فبعد أن جعل الحق سبحانه لهم مسلكا في البحر ،  وكل فرق كالطود العظيم ،  ويظل البحر مفلوقا فيدخل قوم فرعون فيه .

والحق سبحانه يقول لموسى عليه السلام : {  واترك البحر رهوا إنهم جند مغرقون( 24 ) }[ الدخان ] : فيأمر الحق سبحانه البحر أن يعود كما كان ؛  فيغرق قوم فرعون بعد أن أنجى الله-سبحانه وتعالى-موسى-عليه السلام- ومن معه ،  فأهلك وأنجى بالشيء الواحد ؛  لأنه سبحانه له ما في السماوات وما في الأرض ،  وليبيِّن الحق سبحانه لنا أنه لا شيء في كون الله تعالى يقوم مقام عزته سبحانه أبدا .

وهناك مثال آخر :  حين يقول نوح-عليه السلام-لابنه : {  يا بني اركب معنا .  . ( 42 ) }[ هود ] ، فيرد الابن قائلا : {  سآوي إلى جبل يعصمني من الماء(  ) .  . ( 43 ) }[ هود ] : وهذا كلام صحيح من ناحية أن الجبل يعلو مستواه عن مستوى المياه ،  ولكن ابن نوح نسى أن لله تعالى جنديا آخر هو الموج ؛  فكان من المغرقين .

صحيح أن ابن نوح فطن إلى أن السفينة سوف تستوي على  "" الجودي "" (  ) ،  وأن من يركبها لن يغرق ،  وكذلك من يأوي إلى الجبل العالي ،  لكنه لم يفطن إلى الموج الذي حال بينه وبين الجبل ؛  فكان من المغرقين .

إذن :  فكل كائن هو مؤتمر بأمر من الله تعالى ،  وما دامت العزة لله جميعا فمصداقها أن لله تعالى ما في السماوات وما في الأرض ،  وليس هنالك كائن في الوجود يتأبى على أن يكون جنديا من جنود الحق سبحانه ،  فيكون جنديا للإهلاك ،  وجنديا للنجاة في نفس الوقت(  ) .

وقول الحق سبحانه هنا :  ( ألا ) نعلم منه أن ( ألا ) أداة تنبيه للسامع فلا يؤخذ على غرة ،  ولا تفوته حكمة من حكم الكلام ،  وينتبه إلى أن هناك خطابا عليه أن يجمع عقله كله ليحسن استقبال ما ففي هذا لا الخطاب .

ويقول الحق سبحانه : {  ألا إن لله من في السماوات ومن في الأرض .  . ( 66 ) }[ يونس ] :

ولقائل أن يقول :  هناك كثير من الكائنات غير العاقلة ،  وقوله هنا {  من } مقصود به الكائنات العاقلة ؟

ولنا أن نتساءل للرد على هذا القائل : وهل هناك أي شيء في الوجود لا يفهم عن الله ؟ طبعا لا ،  والله سبحانه وتعالى هو القائل عن الأرض : {  يومئذ تحدث أخبارها( 4 ) بأن ربك أوحى لها( 5 ) }[ الزلزلة ] .

إذن :  فكل الكائنات في عرف الاستقبال عن الله سبحانه سواء ب "" من ""  أو ب "" ما ""  ،  وكل من في الوجود يفهم عن الله .

ونلحظ أن الحق سبحانه يأتي مرة بالقول : {  وله أسلم من في السماوات والأرض طوعا وكرها .  . ( 83 ) }[ آل عمران ] ، ومرة يقول الحق سبحانه : {  إلا إن لله من في السماوات ومن في الأرض .  . ( 66 ) }[ يونس ] : كما جاء في هذه الآية التي نحن بصددها الآن .

{  شاء الحق سبحانه ذلك } لأن هناك جنسا في الوجود يوجد في السماء ويوجد في الأرض ،  وهم الملائكة المدبرات(  ) أمرا ،  هؤلاء هم المقصودون بأن لله ما في السماوات والأرض .

ولله سبحانه وتعالى أيضا جنس في السماوات لا يوجد في الأرض وهم الملائكة المهيمون(  ) العالين ،  وليس لهم وجود على الأرض ،  كما أن لله تعالى جنودا في الأرض ليس لهم وجود في السماء ،  فإن لاحظنا الملائكة المدبرات أمرا ،  نجد أن قول الحق سبحانه : {  لله ما في السماوات والأرض .  . ( 284 ) }[ البقرة ] : مناسب لها .

وإن لاحظنا أن لله ملائكة مهيمين في السماء ،  وجنودا في الأرض لا علاقة لهم بالسماء يكون مناسبا لذلك قول الحق سبحانه : {  لله من في السماوات ومن في الأرض .  . ( 66 ) }[ يونس ] : وما دام كل شيء في الكون مملوكا لله تعالى فلا شيء يخرج عن مراده سبحانه ،  فلا يوجد مثلا غار يدخله كائن فرارا من الله ؛  لأنه سبحانه قادر على أن يسد الغار ،  وإن شاء الله سبحانه أن يساعد من دخل الغار فهو تعالى يعمي بصر من يرقب الغار(  ) .

إذن :  فلن يجير(  ) شيء على الله تعالى ،  وستظل له صفة العزة لا يخدشها خادش من وجود الله في الكون .

ثم يقول الحق سبحانه : {  وما يتبع الذين يدعون من دون الله شركاء .  . ( 66 ) }[ يونس ] :

ومعنى إتباعهم شركاء كأن هناك شركاء ،  رغم أن الأصل والحقيقة ألا شركاء له سبحانه .

إذن :  فهم يتبعون غير شيء ؛  والدليل على ذلك موجود في طي القضية ،  فهم يعبدونهم من دون الله تعالى ،  ومعنى العبادة أن يطاع أمر وينهي نهى ،  وما يعبدونه من أشياء لا أوامر لها ولا نواهي ؛  فليس هناك منهج جاءوا به .

إذن :  فلا ألوهية لهم . إذن :  فالأصل ألا شركاء لله تعالى ،  ولو كان له شركاء لأنزلوا منهجا ولأوجدوا أوامر ،  وكان لهو نواه ؛  لأن الذي يقول :  "" اعبدني ""  إنما يحدد طريقة وأسلوب العبادة .  وهاتوا واحدا من الذين تتبعونهم وتدعون لهم يكون له منهج ،  ولن يستطيعوا ذلك ،  والحق سبحانه هو القائل : {  قل لو كان معه آلهة كما يقولون إذا لابتغوا إلى ذي العرش سبيلا( 42 ) }[ الإسراء ] : أي :  أننا لو افترضنا أن هناك آلهة ولها مظهر قوة كالشمس التي تضيء والقمر الذي ينير ،  والمطر الذي ينزل من السماء ،  والملائكة التي تدبر الأمر ،  لو صدقنا أن كل هؤلاء آلهة ،  فهم سيبحثون عن الإله الواحد الأحد ؛  ليأخذوا منه القوة التي ظننتم أنها لهم .

ولذلك يقول الحق سبحانه : {  وما كان معه من إله إذا لذهب كل إله بما خلق ولعلا بعضهم على بعض سبحان الله عما يصفون( 91 ) }[ المؤمنون ] : إذ لو كان هذا الأمر صحيحا لكانت هناك ولايات إلهية .

ولذلك قال الحق سبحانه : {  أولئك الذين يدعون يبتغون إلى ربهم الوسيلة .  . ( 57 ) }[ الإسراء ] : وهم قالوا إنهم يعبدون الملائكة ،  وعليهم أن يعلموا أن الملائكة نفسها تعبد الله سبحانه وتعالى ،  وما دام لا يوجد شركاء لله لتتبعوهم ؛  إذن :  فأنتم تتبعون الظن .

لذلك جاء قول الحق سبحانه : {  إن يتبعون إلا الظن(  ) وإن هم إلا يخرصون(  ) ( 66 ) }[ يونس ] :

ونحن نجد الذين أولعوا بأن يوجدوا في القرآن ظاهر تعارض ليشككوا فيه ،  قالوا :  إن هذه الآية مثال على ذلك ؛  فيقولون :  في بداية الآية يقول : {  وما يتبع الذين يدعون من دون الله شركاء .  . ( 66 ) }[ يونس ] .

فينفي أن المشركين يتبعون شركاء لله ،  ثم يأتي في آخر الأية فيقول إنهم يتبعون الظن والخرص ،  ففي أولها ينفي الإتباع ،  وفي أخرها يثبته .

وهذا جهل ممن قال بهذا وادعى أن هناك تناقضا في الآية ،  فالله سبحانه ينفي أن يكون ما يدعوه هؤلاء المشركون شركاء لله في ملكه ،  فلله من في السماوات ومن في الأرض ،  ولكنه يثبت أنهم يتبعون الظن والخرص والتخمين .

ونقول :  ما هو الظن ؟  وما هو الخرص ؟

إن الظن حكم بالراجح كما أوضحنا من قبل في النسب من أن هناك نسبة إن لم تكن موجودة فهي مشكوك فيها ،  أو نسبة راجحة ،  أو أن نسبة يتساوى فيها الشك مع الإثبات ،  فإن كان الشك مساويا للإثبات فهذا هو الشك .  وإن رجحت ،  فهذا هو الظن .  أما المرجوح فنسميه وهما .

الظن-إذن-حكم بالراجح .  والخرص :  هو التخمين ،  والقول بلا قاعدة أو دليل .

والحق سبحانه يقول هنا : {  إن يتبعون إلا الظن وإن هم إلا يخرصون( 66 ) }[ يونس ] .

والقرآن حين يوجه خطابا فهو يأتي بالخطاب المستوعب لكل ممكن ،  وهو سبحانه حكم عليهم هنا أنهم يتبعون الظن والخرص .

ونحن نعلم أن الكافرين قسمان :  قسم يعلم حقيقة الشيء ،  ولكنه يغير الحقيقة إلى إفك(  ) وإلى خرص ،  وقسم آخر لا يعرف حقيقة الشيء ،  بل يستمع إلى من يعتقد أنه يعرف .

إذن :  فهناك متبع-بكسر الباء- وهناك متبع-بفتح الباء- المتبع-بفتح الباء-يعلم أن ما يقوله هو كلام ملتو ،  يشوه الحقيقة ويزينها ،  أما المتبع-بكسر الباء-فيظن أنه يتبع أناسا عاقلين أمناء فأخذ كلامهم بتصديق .

إذن :  فالمتبع ( بكسر الباء ) يكون الظن من ناحيته ،  أما المتبع ( بفتح الباء ) فيكون الخرص والكذب الافتراء من ناحيته ؛  ولذلك يقول لنا الحق سبحانه : {  ومنهم أميون لا يعلمون الكتاب إلا أماني وإن هم إلا يظنون( 78 ) }[ البقرة ] : هؤلاء-إذن-يصدقون ما يقال لهم ؛  لأنهم أميون ،  والكلام الذي يقال لهم راجح ،  وهم لو فكروا بعقولهم لما انتهوا إلى أنه كلام راجح .

أما الآخرون فيقول فيهم الحق سبحانه : {  فويل للذين يكتبون الكتاب بأيديهم ثم يقولون هذا من عند الله ليشتروا به ثمنا قليلا .  . ( 79 ) }[ البقرة ] : وهؤلاء هم الذين يأتي منهم الخرص والإفك وقول الزور والبهتان(  ) .

إذن :  فالكفار إن كانوا من الأميين فهم من أهل الظن ،  وينطبق عليهم قول الحق سبحانه : {  إن يتبعون إلا الظن .  . ( 66 ) } .

وإن كانوا من القادة والرؤساء فهؤلاء هم من ينطبق عليهم قول الحق سبحانه : {  وإن هم إلا يخرصون( 66 ) } ."
10,67,"ويقول الحق سبحانه بعد ذلك :

{  هو الذي جعل لكم الليل لتسكنوا فيه والنهار مبصرا إن في ذلك لآيات لقوم يسمعون( 67 ) } :

وشاء الحق سبحانه بعد أن بين الإيمان والمؤمنين ،  وما يمكن أن يدعيه الكافرون في نبي الرسالة ،  وبعد أن بين المنهج ،  ها هو سبحانه يأتي بالكلام عن آياته سبحانه في الكون تأييدا للمطلوب بالموجود .

فالمطلوب أن يؤمن برسول يبلغ منهجا عن الله ؛  ليكون هذا المنهج نافعا لنا ،  وإن أراد أحد دليلا على ذلك فلينظر إلى الآيات التي وجدت للإنسان من قبل أن يكلف ،  أهي في مصلحته أم في غير مصلحته ؟

وما دامت الآيات الموجودة في الكون-والمسخرة للإنسان-تفيد الإنسان في حياته ،  فلماذا لا يشكر من أعطاه كل تلك النعم ،  وقد أعطى الحق-سبحانه وتعالى-الإنسان من قبل التكليف الكثير من النعم ،  وفور أن يصل إلى البلوغ يصير مكلفا .

إذن :  فالله سبحانه لم يكلف أحدا إلا بعد أن غمره بالنعم النافعة له باعتقاد من العبد ،  وصدق من الواقع .

فإذا ما جاء لك التكليف ،  فقس ما طلب منك على ما وجد لك ،  فإذا كنت تعتقد أن الآيات الكونية التي سبقت التكليف نافعة لك قبل أن يطلب منك  "" افعل كذا ""  و "" لا تفعل كذا ""  ؛  فخذ منها صدقا واقعا يؤيد صدق ما طلب منك تكليفا ،  فكما نفعك في الأولى ،  فالحق سبحانه سينفعك بإتباعك التكليف ،  واستقبل حركة الحياة على ضوء هذا التكليف ؛  لتسعد(  ) .

ونحن نعلم أن الأصل في الإنسان أن يرتاح أولا ليتحرك ،  ثم يتعب ثم يرتاح ؛  ولذلك نجد التكاليف قد جاءت على نفس المنوال ،  فقد أراحك الحق سبحانه إلى سن البلوغ وأخذت نعم الله تعالى وتمتعت بها إلى سن البلوغ ،  ارتحت اختيارا ،  وارتحت في مراداتك ،  ثم تجيء  "" افعل ""  و "" لا تفعل ""  لتلتزم بما يصلح لك كل أحوالك .

وإذا كان التكليف سيأخذ منك بعضا من الجهد ،  فهناك فاصل زمني للراحة ،  وأنت في حياتك تجد وقتا للراحة ،  ووقتا للحركة ،  والراحة تجعلك تسعى بنشاط إلى الحركة ،  والحركة تأخذ منك الجهد الذي تحب أن ترتاح بعده .

إذن :  فالحركة تحتاج للراحة ،  والراحة تحتاج للحركة .  وجاء الحق سبحانه إلى الفترة الزمنية المسماة  "" اليوم ""  ،  فبين لنا أنه كما قسم الوجود الإنسان إلى مرحلتين :

الأولى :  هي ما قبل البلوغ ولا تكليف فيها .

والثانية :  هي ما بعد البلوغ وفيها التكليف .

فقد قسم الله سبحانه أيضا  "" اليوم ""  إلى وقت للراحة ووقت للحركة ،  فقال تعالى : {  هو الذي جعل لكم الليل لتسكنوا فيه والنهار مبصرا .  . ( 67 ) }[ يونس ] .

فكما خلق الحق سبحانه لنا اليوم وفيه وقت للراحة ،  ووقت للحركة ،  كذلك شرع الحق سبحانه منهج الدين ؛  لتستقيم حركة الحياة ؛  لأن الإنسان-الخليفة في الأرض-لابد أن يتحرك ،  ولا بد أن تكون حركته على مقتضى  "" افعل كذا ""  و "" لا تفعل كذا ""  ،  وما لم يرد فيه  "" افعل "" و "" لا تفعل ""  فهو مباح ؛  إن شاء فعله ،  وإن شاء لم يفعله(  ) .

وكل فعل ،  وكل نهي يتطلب حركة ،  وإياك أن تتصور أن النهي لا يتطلب حركة ؛  لأنك تتحرك في أمر ما ثم يأتيك قرار التوقف ،  وقد تتوهم أن التوقف لا يحتاج إلى حركة ؛  لأنه سلبك ملكة القيام بما تعمل ،  ولكنك تنسى أن هناك حركة داخلية ،  وهي الدوافع التي كانت تلح عليك أن تقوم بما تشتهيه نفسك ولا يواكب منهج الله ،  وأنت تكتب تلك الدوافع وتكبح جماحها(  ) ؛  لأن الله سبحانه قد أمرك بذلك .

وما دامت هناك حركة فلا بد أن يأتي منها تعب ؛  لذلك جعل الله تعالى لك حقا في الراحة .

وكذلك عمر الإنسان ،  لم يكلف الله –تعالى-الإنسان إلا بعد البلوغ ،  وترك له الفترة الأولى من عمره دون تكليف منه وحساب ،  لكنه سبحانه لم يقطع عنه التكليف في تلك المرحلة بتاتا ،  وإنما منع حسابه على ما  "" يفعل ""  أو "" لا يفعل ""  ،  وترك مسئولية التدريب على التكليف للأب مثلا ،  فالأب يقول لابنه :  "" لا تكذب ""  فإن كذب ؛  فالأب يعاقبه ،  وهكذا يكون الأمر من الوالد ،  والنهي للولد والأمر والنهي يتطلب ثوابا أو عقابا .

ويبيِّن لنا رسول الله صلى الله عليه وسلم هذا الأمر فيقول :  "" مروا أولادكم بالصلاة لسبع سنين ،  واضربوهم عليها لعشر سنين "" (  ) .

والذي يأمر هنا الابن بالصلاة هو الأب ،  وهو أيضا الذي يعاقب على ترك الصلاة ،  وهو الذي يثب ابنه إن أراد أن يجعل الصلاة محبوبة للابن ،  وأن يجعل للابن أنسا بالعبادة .

وحين يكلف الأب ابنه بالصلاة ،  فالابن يطيع ؛  لأن الأب هو الذي يقضي حاجات الابن ،  ويحقق له مصالحه ،  والابن يعلم أن والده لن يكلفه إلا بما يحقق تلك المصالح ،  وهو يفعل ذلك ؛  لأنه يحبه ؛  لذلك جعل رسول الله صلى الله عليه وسلم الأمر والنهي من النافع للابن ؛  لتوجد حيثية قبول في النفس .

وما إن يأت البلوغ فيكون التكليف من الله والأمر من الله ،  والثواب والعقاب منه سبحانه .

إذن :  فالأمر والنهي قبل البلوغ يأتيان من الأب ؛  ليتعود الإنسان استقبال الأمر والنهي ومن ربه ورب أبيه .

وإذا كانت الحياة والسير فيها على ضوء منهج الله تعالى يقتضي حركة في  "" افعل ""  و "" لا تفعل ""  فلا بد أن يحتاج الإنسان إلى راحة من الحركة ؛  لذلك يبين لنا الله سبحانه أنه جعل في  ""  اليوم ""  ليلا ونهارا ،  ولكل مهمة ،  فإياك أن تضع مهمة شيء مكان شيء آخر ؛  حتى لا ترتبك الأمور ،  ولكن الظروف قد تضطرك إلى ذلك ،  فهناك من يسهر للحراسة ،  وهناك من يسهر للعمل في المخابز ،  أو إعداد طعام الإفطار للناس ؛  ولذلك فهناك احتياط قدري ،  فقال الحق سبحانه في آية ثانية :

{  ومن آياته منامكم بالليل والنهار وابتغاؤكم من فضله .  . ( 23 ) }[ الروم ] : لأن الحق سبحانه قد علم أزلا أن هناك مصالح لا يمكن إلا أن تكون ليلا ،  فالذي يعمل ليلا يرتاح نهارا ،  ولو أن الآية جاءت عمومية ؛  لقنا لمن ينام(  ) بالنهار : لا ،  ليس هذا وقت السكن والراحة .

ولكن شاء الحق سبحانه أن يضع الاحتياطي القدري ؛  ليرتاح من يتصل عمله بالليل .

وهنا يقول الحق سبحانه : {  هو الذي جعل لكم الليل لتسكنوا فيه .  . ( 67 ) }[ يونس ] : ونحن نعلم أن هناك فارقا بين  "" الخلق ""  ،  و "" الجعل ""  ،  و "" الملك ""  ،  والمثال على الخلق :  أنه سبحانه خلق الزمن ،  ثم جاء لهذا الزمن ليجعل منه ليلا ونهارا(  ) .

إذن :  فالجعل هو توجيه شيء مخلوق لمهمة . ومثال ذلك- ولله المثل الأعلى- وهو منزه عن أي تشبيه أو مثل : تجد صانع الفخار وهو يمسك بالطين ؛  ليجعل منه إبريقا ،  فهو يصنع الطين أولا بأن يخلط الماء بالتراب ويعجنهما معا ،  ثم يجعل من الطين إبريقا أو أصص زرع أو زهرية ورد ،  وهو بذلك إنما يحول مخلوقا إلى شيء له مهمة .

والزمن كله لله سبحانه ،  وجعل منه قسم الليل ،  وقسم النهار ،  ومثلما خلق الإنسان ،  ووجه جزءا منه ؛  ليجعله سمعا ،  وجزءا آخر ؛  ليجعله بصرا ،  وجزءا آخر ؛  ليصير مخا ،  وجزءا آخر ؛  ليكون رئة ،  كل ذلك مأخوذ مما خلقه الحق سبحانه . أي :  أنه سبحانه جعل أشياء مما خلق أصلا ؛  لتؤدي مهمة للمخلوق .

وفي حياتنا-ولله المثل الأعلى-نجد من يغزل من القطن خيوطا ،  وهناك من ينسج من تلك الخيوط قماشا ،  وبعد ذلك نجد من يأخذ هذا القماش ؛  ليجعل منه جلبابا أو بنطلونا أو قميصا أو لحافا .

إذن :  فالجعل هو أخذ من شيء مخلوق لمهمة .  والخلق قد يترتب عليه ملك ،  والجعل أيضا قد يترتب عليه ملك ؛  فمن عمل قدرا من الطين هو مالكه ،  ومن جعل من الطين إبريقا إنما يملكه .

وهكذا نجد الخلق والجعل قد يترتب عليهما ملكية ما ،  لكن الملكية المنسحبة بعد الخلق والجعل تجعلك تنتفع بالأشياء وقد لا تملكها ؛  لذلك نجد قول الحق سبحانه :

{  أمن يملك السمع والأبصار .  . ( 31 ) }[ يونس .  ]

والحق سبحانه خلق لنا الأنعام ،  وذللها لنا ،  وملكها لنا ،  وإذا قال الحق سبحانه :  "" ملك ""  فملكيته سبحانه لا تنتهي لأحد أبدا سواء من الخلق أو الجعل ،  بل يظل مملوكا ؛  ولذلك قلنا :  إن نقل الأعضاء هو تحكم فيما لا يملكه المخلوق ،  بل يملكه الخالق سبحانه وتعالى .

يذكر الحق سبحانه الليل والنهار فيقول : {  هو الذي جعل لكم الليل لتسكنوا فيه والنهار مبصرا .  . ( 67 ) }[ يونس ] .

وكان مقتضى الكلام أن يقول : جعل لكم الليل لتسكنوا فيه والنهار لتتحركوا .

وشاء سبحانه أن يأتي هنا بالأداء القرآني المعجز فقال : {  والنهار مبصرا } .

فهل النهار هو الذي يبصر أم نحن ؟

هل النهار مبصر أم مبصر فيه ؟

وقديما لم يكونوا قد وصلوا إلى الحقيقة العلمية التي وصلنا إليها الآن ،  فقد كانوا يعتقدون أن الضوء(  ) يخرج من العين على المرئي فتراه ،  إلى أن جاء  "" الحسن بن الهيثم ""  العالم العربي المسلم ،  وأوضح بالتجربة أن الضوء إنما ينعكس من المرئي إلى العين ،  بدليل أن المرئي إن كان في النور وأنت في الظلام ،  فأنت تراه ،  وإذا كان الأمر بالعكس فأنت لا تراه .

إذن :  فقد سبق القرآن كل النظريات ،  وبيَّن لنا أن النهار إنما يأتي بالضوء فينعكس الضوء من الكائنات والموجودات إلى العين فتراه .

إذن :  فالنهار هو المبصر ؛  لأنه جاء بالضوء اللازم لانعكاس هذا الضوء من المرائي إلى العيون .

ونحن نجد القرآن حين يتعرض لليل والنهار يقول : {  ومن آياته الليل والنهار .  . ( 37 ) }[ فصلت ] ، ويقول : {  وجعلنا الليل والنهار آيتين فمحونا(  ) آية الليل وجعلنا آية النهار مبصرة .  . ( 12 ) }[ الإسراء ] : وهي مبصرة كما أثبت الحسن بن الهيثم العالم المسلم ،  وإن كانت في ظاهر الأمر مبصرة فيها .

ويعطي لنا الحق سبحانه تجربة حية مع موسى عليه السلام ،  وذلك في قوله سبحانه لموسى –عليه السلام : {  وما تلك بيمينك يا موسى( 17 ) قال هي عصاي أتوكأ عليها وأهش بها على غنمي ولي فيها مآرب أخرى( 18 ) قال ألقها يا موسى( 19 ) فألقاها فإذا هي حية تسعى( 20 ) }[ طه ] : وشاء الحق سبحانه ذلك ؛  ليتعرف موسى بالتجربة على ما سوف يحدث من عصاه أمام فرعون ،  ثم أمام السحرة ،  ثقة منه سبحانه أن موسى حين يراها تنقلب إلى حية أمام عينيه لأول وهلة سوف يفزع ؛  فيطمئنه الحق سبحانه بقوله : {   .  . خذها ولا تخف سنعيدها سيرتها الأولى(  ) ( 21 ) }[ طه ] : وكانت المرة الأولى لتحول العصا إلى حية ،  هي تجربة للاستعداد ؛  حتى لا يجزع موسى-عليه السلام- أو يخاف لحظة أن يمر بالتجربة العملية ،  وحتى يقبل على تقديم المعجزة وهو واثق تمام الثقة أمام فرعون .

ثم قال الحق سبحانه لموسى-عليه السلام : {  وأدخل يدك في جيبك(  ) .  . ( 12 ) }[ النمل ] .

والجيب :  هو المكان الذي تنفذ منه الرقبة في الجلباب ويسمى ( القبة ) ،  فلا يظن أحد أن الجيب المقصود هنا هو مكان وضع النقود ؛  لأن مكان وضع النقود قديما كان يوجد من داخل الجلباب ،  مثل جيب ( الصديري ) الذي يرتديه أهل الريف ،  وقد سمي الجيب الذي نضع فيه النقود جيبا ؛  لأن اليد لا تذهب إلى الجيب إلا إذا دخلت في الفتحة التي تخرج منها الرقبة .

وقد قال الحق سبحانه لموسى-عليه السلام : {  وأدخل يدك في جيبك تخرج بيضاء من غير سوء .  . ( 12 ) }[ النمل ] ، ويخبره الحق سبحانه : {  في تسع آيات إلى فرعون وقومه إنهم كانوا قوما فاسقين( 12 ) فلما جاءتهم آياتنا مبصرة .  . ( 13 ) }[ النمل ] : هكذا كانت الآيات مبصرة(  ) وكأنها تقول للعين :  أبصريني .

وهنا في الآية- التي نحن بصدد خواطرنا عنها-يقول الحق سبحانه : {  هو الذي جعل لكم الليل لتسكنوا فيه والنهار مبصرا .  . ( 67 ) }[ يونس ] . ولم يقل :  لتتحركوا فيه ،  بل جاء بما يضمن سلامة الحركة ،  فقال سبحانه : {  مبصرا } لأن الضوء الذي ينعكس على الأشياء هو الذي يحفظ للإنسان سلامة الحركة .  ولكن البعض من الناس في زماننا يستخدمون نعمة الكهرباء في الإسراف في السهر ،  وحين يأتي الليل يسهرون حتى الصباح أمام جهاز ( التليفزيون ) أو ( الفيديو ) أوفي غير ذلك من أمور الترفيه ،  ثم ينامون في النهار ،  وينسون أن الليل للرقود ،  والنهار للعمل .  وقد ثبت أن للضوء آثرا على الأجسام ،  فالضوء يؤثر في الكائن الحي ،  وقد سبق النبي صلى الله عليه وسلم ذلك الاكتشاف بزمان طويل وقال :  "" أطفئوا المصابيح إذا رقدتم "" (  ) ؛  وذلك حتى لا ينشغل الجسم بإشعاعات الضوء التي تسبب في تفاعلات كيماوية في الجسم .

لذلك أقول دائما :  خذوا الحضارة بقواعد التحضير لها ؛  لأننا يجب أن نتيح للفلاح أن يذهب إلى حقله والعامل إلى مصنعه ؛  لأن السهر ضار ،  وإذا ادعى الإنسان أنه هو الذي تحضر ،  فليحترم قيمة العمل الذي يصنع الحضارة ؛  لأن الآلة التي يسهر لمراقبتها ومشاهدتها هي إنتاج أناس يلتزمون بقواعد الحضارة ،  واحترام قيمة العمل في النهار ،  وقيمة الترفيه في الوقت المخصص .

نحن نسيء استخدام أدوات الحضارة ،  فالزمن الذي وفرته الثلاجة للزوجة ؛  حتى لا تقف في المطبخ نصف النهار لتعد الطعام ،  وصارت تطهو وجبات ثلاثة أيام وتحفظها في الثلاجة ،  وتستخدم الغسالة الكهربائية فتنهي الغسيل في ساعة من الزمن ،  لكن بقية الوقت يضيع أمام ( التليفزيون ) ولا تلتفت إلى تربية الأبناء .

وهكذا يسيء البعض استخدام الآلات المتحضرة ،  وفي هذه الإساءة نوع من التخلف ،  فإذا أخذنا الحضارة بمنطقية فهذا هو التحضر .

وعلى سبيل المثال :  أقول لمن يركب سيارة :  إياك أن تسرع بها في طريق متربة حتى لا يثور الغبار ويملأ صدور الناس بالحساسية .

وإياك أن تهمل صيانة سيارتك حتى لا يفسد الموتور ؛  ويخرج العادم الضار بصحة الناس والبيئة ،  فلا يسافر الإنسان في الطريق المتربة أو بسيارة غير جيدة الصيانة ؛  فيصيب صدور الناس بالمرض ،  ويصيب الزروع ويفسد الهواء .

ويجب ألا نأخذ الحضارة بتلصص ،  إنما علينا أن نرتقي إلى مدارجها بصيانة أسالبيها ؛  لأن من لا يأخذ الحضارة بقواعدها هو من يتخلف رغم تقدم الآلة ،  فتصير الآلة أكثر تحضرا منه .

إذن :  فإن أخذنا كل أمر بمهمته فنحن نحقق الراحة لنفسنا ولغيرنا .

ولذلك قلنا في تفسير قول الحق سبحانه : {  والليل إذا يغشى( 1 ) والنهار إذا تجلى( 2 ) }[ الليل ] : وإن بدا للإنسان أن هناك تعارضا بين غشيان الليل ( أي :  تغطيته للمرئيات ) وتجلي النهار ( أي :  كشف المرئيات ) فهذا ليس تعارضا ،  بل هو التكامل ؛  لأن حركة النهار تتولد من الليل ،  وراحة الليل تتولد من النهار .

ثم يقول الحق سبحانه : {  وما خلق الذكر والأنثى( 3 ) }[ الليل ] : وهذا الخلق للذكر والأنثى هو للتكامل ،  لا للتناقض ،  هكذا جاء الحق سبحانه بنوعين :

الأول :  هو الزمن ليلا ونهارا .

والثاني :  هو الإنسان ذكرا وأنثى .

ويقول الحق سبحانه : {  إن سعيكم لشتى(  )( 4 ) }[ الليل ] : أي :  أن حركتكم هي الموصلة على غايتكم ،  والحركات شتى ( أي :  مختلفة ) ،  سواء في الليل أو النهار أو للذكر أو للأنثى ،  فإن خلطنا الحركة وعبثنا بأنظمة الحياة ؛  فالحياة ترتبك ،  ونعاني من مرارة التجربة على أن تتعقد الأمور ،  فنبحث لها عن حلول .

وقد نادينا أن تعمل المرأة نصف الوقت لتعطي البيت بعضا من الوقت ،  أو أن تعتني بالبيت إن كان لها ما يكفيها من دخل ،  أو كان لزوجها ما يكفي لحياة الأسرة ،  ولكن أحدا لم يلتف إلى ذلك إلا بعد مرارة التجارب .

وهناك مثل آخر :  في قول البعض أن الليل في تلك البلاد المتحضرة لا ينتهي وأنت تجد السهر هناك حتى الصباح ،  وعندما أسمع مثل هذا القول أقول :  إن هذا ليس في مصلحة سكان تلك البلاد ؛  لأن الليل يجب أن يكون سباتا لتأتي الحركة المنتجة في النهار .

إذن :  فالآفة أن تنقل مهمة نوع على مهمة نوع آخر ،  سواء أكان في الزمان أو في الإنسان ،  واقرأ جيدا قول الحق سبحانه : {  إن سعيكم لشتى( 4 ) }[ الليل ] : فكل فرد من أفراد الكون له مهمة وله سعي يختلف عن سعي الآخرين .

وهنا في الآية-التي نحن بصدد خواطرنا عنها- ينهي الحق سبحانه الآية فيقول :

{  إن في ذلك لآيات لقوم يسمعون( 67 ) }[ يونس ] ، ولقائل أن يقول :  لم يقل  "" إن في ذلك لآيات لقوم يبصرون ""  .

ونقول :  لننتبه إلى أن الحق سبحانه حين يتكلم عن زمان فهو يبين في هذا الزمان مهمته ،  وهو القائل في صدر الآية ووسطها : {  جعل لكم الليل لتسكنوا فيه والنهار ومبصرا .  . ( 67 ) }[ يونس ] : فالعلة في هذه الآية هي سكون الليل ،  لا حركة النهار ،  والعين في الليل لا تؤدي مهمتها ،  بل السمع هو الذي يؤدي مهمته .

والحق سبحانه هو القائل : {  قل أرأيتم إن جعل الله عليكم الليل سرمدا(  ) إلى يوم القيامة من إله غير الله يأتيكم بضياء أفلا تسمعون( 71 ) }[ القصص ] : أي :  أن أحدا لن يستطيع الحركة في مثل هذا الليل السرمدي ولا أحد سيتبين شيئا .

والحق سبحانه هو القائل : {  قل أرأيتم إن جعل الله عليكم النهار سرمدا إلى يوم القيامة من إله غير الله يأتيكم بليل تسكنون فيه أفلا تبصرون( 72 ) }[ القصص ] .

إذن :  فقد جاء الحق سبحانه في آية الليل بالسمع(  ) ،  وجاء في آية النهار بالأبصار ،  وبعد أن تكلم الله سبحانه إن مجال الحركة بالنهار والراحة في الليل ،  يأتي الكلام عن الينبوع الذي يجب أن تصدر عنه الحركة أو السكون ،  وهو ضرورة الامتثال لأمر إله واحد حتى لا تصطدم حركتك بأمر إله آخر يقول ما يناقض حركة الإله الأول .  وكما تتحرك في النهار ،  وترتاح في الليل لا بد أن تكون حركتك صادرة عن أمر واحد ،  هذا الأمر الواحد صادر من الآمر الواحد ،  وهو الله تعالى الذي تعبده بلا شريك ،  ومن يقول بغير ذلك إنما يربك حركة الحياة .

والله سبحانه يقول : {  إذا لذهب كل إله بما خلق .  . ( 91 ) }[ المؤمنون ] : ولذلك يقول الله سبحانه بعد ذلك : {  قالوا اتخذ الله ولدا سبحانه هو الغني له ما في السماوات وما في الأرض إن عندكم من سلطان بهذا أتقولون على الله ما لا تعلمون( 68 ) } :"
10,68,"ونفس نص الآية الكريمة يكذبهم فيما يدعونه . ومثال ذلك :  أنك حين تقول :  "" اتخذ فلان بيتا ""  أي :  أن فلانا له ذاتية سابقة على اتخاذه للبيت ،  وبها اتخذ البيت ،  فإذا قيل : {  اتخذ الله ولدا .  . ( 68 ) }[ يونس ] : فهذا اعتراف منهم بكمال الله تعالى وذاتيته قبل أن يتخذ الولد .

وهم قد اختلفوا في أمر هذا الولد ،  فمنهم من قال :  إن الملائكة هن بنات الله وكذبهم الحق سبحانه في ذلك ،  ومنهم من قال :  عزيز ابن الله وهم اليهود(  ) وقد كذبهم الله سبحانه في ذلك ،  وطائفة من المسيحيين قالوا :  إن المسيح ابن الله(  ) ،  وكذبهم الحق سبحانه في ذلك(  ) .

ثم ما الداعي أن يتخذ الله الولد ؟

هل استنفد قوته حتى يساعده الولد ؟  !

وهل يمكن أن يضعف سبحانه-معاذ الله- فيمتد بقوة الولد أو يعتمد عليه ؟  !

مثلما يقال حين يواجه شيخ شابا ،  ويعتدي الشاب على الشيخ ،  فيقال للشاب :  احذر ؛  إن لهذا الشيخ ولدا أقوى منك ؛  فيرتدع الشاب ،  أو أن يقول الشيخ للشاب :  إن أبنائي يفوقونك في القوة ،  وفي هذا اعتداد بالأولاد .

ويريد الحق سبحانه أن يغفل كل هذه الدعاوى ولتكون حركة الحياة متماسكة متلازمة ،  لا متعارضة ولا متناقضة ؛  لذلك ينبغي أن يكون المحرك إلها واحدا تصدر منه كل الأوامر ،  فلا تعارض في تلك الأوامر ؛  لأن الأوامر إن صدرت عن متعدد فحركة الحياة تتصادم بما يبدد الطاقة ويفسد الصالح .

ولذلك لا بد أن يكون الأمر صادرا من آمر واحد يسلم له كل أمر ،  وهذا الإله منزه عن كل ما تعرفه من الأغيار ،  فله تنزيه في ذاته ؛  فلا ذات تشبه ذاته ،  ومنزه في صفاته ؛  فلا صفة تشبه صفته ،  ومنزه في أفعاله ؛  فلا فعل يشبه فعله(  ) .

وحتى نضمن هذه المسالة لا بد أن يكون الإله واحدا ،  ولكن بعضا من القوم جعلوا لله شركاء ،  ومن لم يجعل له شريكا ،  وتوهم أن له ابنا وولدا .

ونقول لهم : إن كلمتكم : {  اتخذ الله ولدا .  . ( 68 ) } ترد عليكم ؛ لأن معنى اتخاذ الولد أن الألوهية وجدت أولا مستقلة ،  وبهذه الألوهية اتخذ الولد .

ومن المشركين من قال :  إن الملائكة بنات الله .

فرد عليهم الحق سبحانه : {  ألكم الذكر وله الأنثى( 21 ) تلك إذا قسمة ضيزى(  )( 22 ) }[ النجم ] والكمال كله لله سبحانه فهو كمال ذاتي ؛  ولذلك يأتي في وسط الآية ويقول تعالى : {  سبحانه هو الغني .  . ( 68 ) }[ يونس ] : وسبحانه تعني :  التنزيه ،  وهو الغني أي :  المستغنى عن معين كما تستعينون أنتم بأبنائكم ،  وهو دائم الوجود ؛  فلا يحتاج إلى ابن مثل البشر ،  وهم أحداث تبدأ وتنتهي ؛  لذلك يحبون أن يكون لهم أبناء كما يقول الشاعر :

*ابني يا أنا بعد ما أقضى*

ويقال :  "" من لا ولد له لا ذكر له ""  ،  كان الإنسان لما علم أنه يموت لا محالة أراد أن يستمر في الحياة في ولده .

ولذلك حين يأتي الولد للإنسان يشعر الإنسان بالسرور والسعادة ،  والجاهل هو من يحزن حين تلد له زوجته بنتا ؛  لأن البنت لن تحمل الاسم لمن بعدها ،  أما الولد والحفيد فيحملان اسم الجد ،  فيشعر الجد أنه ضمن الذكر في جيلين .

إذن :  فاتخاذ الولد إما استعانة وإما اعتداد ،  والحق سبحانه غنيُّ عن الاستعانة ،  وغني عن الاعتداد ؛  لأنك تعتد بمن هو أقوى منك ،  وليس هناك أقوى من الله تعالى ،  وهو سبحانه لا يحتاج لامتداد ؛  لأنه هو الأول وهو الآخر ،  وعلى ذلك ففكرة اتخاذ الولد بالنسبة لله تعالى لا تصح على أي لون من ألوانها .

ولذلك يقول الحق سبحانه مرادفا لتلك الفكرة : {  سبحانه(  ) } لأنها تقطع كل احتمالات ما سبقها ،  ويتبع ذلك بقوله : {  هو الغني } لأنه غنى عن اتخاذ الولد ،  وغنى عن كل شيء ،  وقوله : {  سبحانه } تنزيه له ،  والتنزيه :  ارتفاع بالمنزَّه عن مشاركة شيء له-في الذات أو الأفعال .

وإذا ورد شيء هو لله وصف ولخلقه وصف ،  فإياك أن تأخذ هذه الصفة مثل تلك الصفة .

فإن قابلت غنيا من البشر ،  فالغني في البشر عرض ،  أما غنى الله تعالى ففي ذاته سبحانه .

وأنت حي(  ) والله سبحانه حي ،  ولكن أحياتك كحياته ؟  لا ؛  لأن حياته سبحانه لم يسبقها عدم ،  وحياتك سبقها عدم ،  وحياته سبحانه لا يلحقها عدم ،  وأنت يلحق حياتك العدم .

والله موجود وأنت موجود ،  لكن وجوده سبحانه وجود ذاتيُّ ،  ووجودك وجود عرضيُّ .

وإذا قال الحق سبحانه : إن له- سبحانه وتعالى-يدا {  يد الله فوق أيديهم .  . ( 10 ) }[ الفتح ] : فلا يمكن أن تكون يد الله سبحانه مثل يدك ؛  لأن ذاته سبحانه ليست كذاتك ،  وصفاته سبحانه ليست كصفاتك ،  وهو سبحانه القادر الأعلى ،  ولا يمكن أن يكون مقدورا لأحد .

ولذلك حين يتجلى الله سبحانه لخلقه ،  فسوف يتجلى بالصورة التي تختلف عن كل خيال العبد ،  وهذه الصورة تختلف من عبد إلى آخر ،  ولو كانت الصورة التي يتجلى بها الله سبحانه مقدورا عليها لكان معنى ذلك أن هناك ذهنا بشريا قد قدر على الإحاطة بها .  وما خطر ببالك فالله سبحانه بخلاف ذلك ؛  لأن ما خطر بالبال مقدور عليه لأنه خاطر ،  والله سبحانه لا ينقلب أبدا إلى مقدور عليه .

وأنت حين تأتي بمسالة في الحساب أو الهندسة-مثلا-وتعطيها لتلميذ ويقوم بحلها ،  فمعنى ذلك أن عقله قد قدر عليها ،  أما إن جئت لتلميذ في المرحلة الإعدادية-مثلا-بمسألة هندسية مقررة على طلبة كلية الهندسة ؛  فعقله لن يقدر عليها .

إذن :  لو أن الإنسان قد أذرك شيئا عن الله غير ما قاله الله لانقلب الإله إلى مقدور عليه ،  والحق سبحانه منزَّه عن ذلك ؛  لأنه القادر الأعلى الذي لا ينقلب أبدا إلى مقدور .

لذلك يعلمنا الحق سبحانه أن نقول تنزيها لله تعالى كلمة {  سبحانه } ،  وهو التنزيه الواجب عن كل شيء يخطر ببال الإنسان عن الله تعالى ،  وهذه السبحانية أو هذا التنزيه هو صفة ذاتية في الله تعالى ،  قبل أن يوجد شيء ،  وبعد أن خلق الخلق ،  فعلى كل المخلوقات تنزيهه ،  وبدأ الخلق في التسبيح .

والتسبيح فعل مستمر لا ينقطع ولا ينقضي ؛  لذلك تجد استدلالات القرآن في السور التنزيهية(  ) تؤكد ذلك ،  فيقول الحق سبحانه : {  سبحان الذي أسى بعبده ليلا من المسجد الحرام على المسجد الأقصى الذي باركنا حوله .  . ( 1 ) }[ الإسراء ] .

وإياك أن تظن أن محمدا صلى الله عليه وسلم قد سرى بقرار من نفسه ،  بل الذي أسرى به هو الحق سبحانه ،  فلا تظن أن المسافة يمكن أن تمنع مشيئة الحق المطلقة ،  ولا المكان ،  ولا الزمن ؛  لأن الفعل منسوب لله تعالى ،  ولا يمكن أن نقيس فعلا منسوبا لله تعالى بقياس الزمان والمكان ،  أو حسب قانون الحركة النسبية ؛  لأن الحق سبحانه له طلاقة القدرة ،  وأنت بشر مجرد حادث محدود الزمان والمكان .

وأنت إذا سرت من هنا إلى الإسكندرية-مثلا- على قدميك فستقطع المسافة في أسابيع ،  وإن امتطيت دابة فقد تأخذ في الوصول إلى الإسكندرية أياما ،  وإن ركبت سيارة فسوف تقطع المسافة في ساعتين ،  وإن ركبت صاروخا ،  فستصل خلال دقائق . أي :  أنك كلما زادت قوة أداة الوصول قلَّ زمن الوصول ،  وهذا موجز نظرية الحركة ،  وإذا كان الذي أسرى هو الله سبحانه ،  وهو قوة القوى ؛  لذلك لا يمكن أن يقاس بالنسبة لمشيئة قوة أخرى ،  أو أن يقاس الأمر ببعد أو قرب المكان أو كيفية الزمان الذي تعرفه .

وإياك أن تفهم أن إسراء الله تعالى مثل إسرائك ؛  لأن الفعل إنما يأخذ قوته من الفاعل ،  وما دام الفاعل هو الله سبحانه فلا أحد بقادر أن يحدَّ أفعاله بزمن .

وقد استهل الحق سبحانه سورة الإسراء بالسبحانية وآياتها الأولى تتكلم في أدق شيء تكلم فيه رسول الله صلى الله عليه وسلم عن ذاته بأنه قد أسرى به ،  وبذلك أثبت بحادث الإسراء حقيقة المعراج ،  وأن الناموس(  ) قد خرق له ،  وحدَّثنا عما نعلم لنصدّق حديثه عما لا نعلم ،  وحتى نقيس ما لا نعلم على ما نعلم ،  فيتأكد لنا صدقه صلى الله عليه وسلم في حديثه عما لا نعلم .

كلمة  "" سبحانه "" -إذن- هي للتنزيه ،  وهي لله تعالى أزلا قبل أن يخلق الخلق ،  فقد شهد سبحانه لذاته أنه إله واحد ،  ثم شهدت الملائكة ،  ويتكرر التسبيح من كل المخلوقات التي أوجدها الله سبحانه .

وأنت تجد سور القرآن الكريم التي جاء فيها التسبيح مؤكدة أنه سبحانه منزَّه ،  وله التسبيح من قبل أن يخلق الخلق ،  ثم خلق الخلق ؛  ليسبّحوا ،  ففي سورة الحديد يقول سبحانه : {  سبح لله ما في السماوات والأرض .  . ( 1 ) }[ الحديد ] ، ويقول سبحانه في سورة الحشر : {  سبح لله ما في السماوات وما في الأرض .  . ( 1 ) }[ الحشر ] : فهل سبَّح كل من في السماوات ومن في الأرض مرة واحدة وانتهى الأمر ؟  لا ؛  لأن الله سبحانه يقول : {  يسبح لله ما في السماوات وما في الأرض الملك القدوس .  . ( 1 ) }[ الجمعة ] ،

ويقول سبحانه في سورة التغابن : {  يسبح لله ما في السماوات وما في الأرض له الملك وله الحمد وهو على كل شيء قدير( 1 ) }[ التغابن ] : إذن :  فالسبحانية لله أزلا ،  وسبَّح ويسبّح الخلق وكل الوجود بعد أن خلقه الله سبحانه ،  سموات وأرض وما فيهما ،  وما بقي إلا أنت أيها الإنسان فسبّح باسم ربك الأعلى .

وفي الآية التي نحن بصدد خواطرنا عنها يقول الحق سبحانه : {  قالوا اتخذ الله ولدا سبحانه .  . ( 68 ) }[ يونس ] : وعلة التسبيح والتنزيه عن أن يكون له ولد يأتي في قوله تعالى : {  هو الغني } ؛  لأن اتخاذ الولد إنما يكون عن حاجة ،  إما استعانة ،  وإما اعتمادا ،  وإما اعتدادا ،  وإما امتدادا ،  وكل هذه أمور باطلة بالنسبة له سبحانه ،  وهو الحق الأعلى ،  وهو سبحانه القائل في آية أخرى : {  وقالوا اتخذ الله ولدا سبحانه بل له ما في السماوات والأرض كل له قانتون( 116 ) }[ البقرة ] : والقنوت(  ) معناه :  الإقرار بالعبودية لله تعالى والخضوع له وإطاعته .

ويقول سبحانه في الآية التي نحن بصدد خواطرنا عنها : {  إن عندكم من سلطان بهذا أتقولون على الله ما لا تعلمون( 68 ) }[ يونس ] : و ""  إن ""  قد تأتي للنفي في مثل قول الحق سبحانه : {  إن أمهاتهم إلا اللائي ولدنهم .  . ( 2 ) }[ المجادلة ] وفي قول الحق سبحانه هنا : {  إن عندكم من سلطان بهذا .  . ( 68 ) }[ يونس ] : أي :  ليس عندكم حجَّة تدل على أن الله تعالى اتخذ ولدا .

ولذلك ينهي الحق سبحانه الآية بقوله : {  أتقولون على الله ما لا تعلمون( 68 ) }[ يونس ] : أي :  أنكم لا تملكون إعلاما من الله تعالى بذلك ،  فلا إعلام عن الله إلا من الله ،  وليس لأحد أن يعلم عن ربه ،  فهو سبحانه من يعلم عن نفسه ."
10,69,"ويقول الحق سبحانه بعد ذلك :

{  قل إن الذين يفترون على الله الكذب لا يفلحون( 69 ) } :

والحق سبحانه وتعالى حينما يتكلم عن الإيمان وثمرته ونهايته يأتي بالفلاح كنتيجة لذلك الإيمان ،  فهو سبحانه القائل : {  قد أفلح من زكاها(  )( 9 ) }[ الشمس ] ، وهو سبحانه القائل : {  قد أفلح المؤمنون( 1 ) }[ المؤمنون ] ، ويقول أيضا : {  أولئك هم المفلحون( 257 ) }[ الأعراف ] : وكلها من مادة  "" الفلاح ""  وهي مأخوذة من الأمر الحسي المتصل بحياة الكائن الحي ،  فمقومات وجود الكائن الحي :  نفس ،  وماء ،  وطعام ،  والتنفس يأتي من الهواء الذي يحيط بالأرض ،  والماء ينزل من السماء أو يستنبط مما تسرب في باطن الأرض .  والطعام يأتي من الأرض ،  وكل ما أصله من الأرض يستخرج بالفلاحة .

لذلك نقول :  إن الفلاحة هي السبب الاستبقائي للحياة ،  فكما يفلح الإنسان الأرض ،  ويشقها ويبذر فيها البذور ،  ثم يرويها ،  ثم تنضج وتخرج الثمرة ،  ويقال :  أفلح ،  أي :  أنتجت زراعته نتاجا طيبا . وشاء الحق سبحانه أن يسمي الحصيلة الإيمانية الطيبة بالفلاح .

وبيَّن لنا رسول الله صلى الله عليه وسلم أن الدنيا مزروعة الآخرة ،  فإن كنت تريد ثمرة فابذل الجهد .

وإياك والظن أن الدين حينما يأخذ منك شيئا في الدنيا أنه ينقص ما عندك ،  لا ،  بل هو ينمّي لك ما عندك(  ) .

والمثل الذي أضربه دائما-ولله المثل الأعلى-نجد الفلاح حين يزرع فدانا بالقمح ،  فهو يأخذ من مخزنه إردبا ؛  ليستخدمه كبذور في الأرض ،  ولو كانت امرأته حمقاء لا تعرف أصول الزراعة ستقول له :  "" أنت أخذت من القمح ،  وكيف تترك عيالك وأنت تنقصهم من قوتهم ؟  ""

هذه المرأة لا تعلم أنه أخذ إردبَّ القمح المخزَّن ؛  ليعود به بعد الحصاد عشرة أو خمسة عشر إردبًّا من القمح .

كذلك مطلوب الله سبحانه في الدنيا قد يبدو وكأنه ينقصك أشياء ،  لكنه يعطيك ثمار الآخرة ويزيدها .

إذن :  فالفلاح مادة مأخوذة من فلح الأرض وشقها وزرعها لتأخذ الثمرة .

وكما أنك تأخذ حظك من الثمار على قدر حظك من التعب ومن العمل ،  فذلك أمر الآخرة وأمر الدنيا .

ومثال ذلك : الفلاح الذي يحرث الأرض ،  ويحمل للأرض السماد على المطية(  ) ،  ثم يستيقظ مبكرا في مواعيد الري ،  تجد هذا الفلاح في حالة من الانشراح والفرح في يوم الحصاد ،  وأمره يختلف عمن يهمل الأرض ويقضي الوقت على المقهى ،  ويسهر الليل أمام التليفزيون ،  ويأتي يوم الحصاد ليحزن على محصوله الذي لم يحسن زراعته .

وقول الحق سبحانه : {  إن الذين يفترون على الله الكذب لا يفلحون(  )( 69 ) }[ يونس ] :

أي :  هؤلاء الذي يقولون عن الله تعالى أو في الله تعالى بغير علم من الله ،  هم الذين لا يفلحون .

وأوضحت من قبل أن كل ما يتعلق بالله تعالى لا يعلم عنه إلا عن طريق الله .  لكن ما الذي يحملهم على الافتراء ؟

نعم ،  إن كل حركة في الحياة لابد أن يكون الدافع إليها نفعا ،  وتختلف النظرة على النفع وما يترتب عليه ،  فالطالب الكسول المتسكع في الشوارع ،  الرافض للتعلم ،  نجده راسبا غير موفق في مستقبله ،  أما التلميذ الحريص على علومه ،  فهو من يحصل على المكانة اللائقة به في المجتمع ،  والتلميذ الأول كان محدود الأفق ولم ير امتداد النفع وضخامته ،  بل قصر النفع على لذة عاجلة مضحيا بخير آجل .  والذي جعل هؤلاء يفترون على الله الكذب هو انهيار الذات ،  فكل ذات لها وجود ولها مكانة ،  فإذا ما انهارت المكانة ،  أحس الإنسان أنه بلا قيمة في مجتمعه .

والمثل الذي ضربته من قبل بحلاَّق الصحة في القرية ،  وكان يعالج الجميع ،  ثم تخرَّج أحد شباب القرية في كلية الطب وافتتح بها عيادة ،  فإن كان حلاق الصحة عاقلا ،  فهو يذهب إلى الطبيب ليعمل في عيادته ممرضا ،  أو ( تمرجيا ) ،  أما إن أخذته العزة بالإثم ،  فهو يعاند ويكابر ،  ولكنه لن يقدر على دفع علم الطبيب .

وكذلك عصابة الكفر ورؤساء الضلال حينما يفاجأون بمقدم رسول من الله ،  فهم يظنون أنه سوف يأخذ السيادة(  ) لنفسه ،  رغم أن أي رسول من رسل الله تعالى-عليه السلام-إنما يعطي السيادة لصاحبها ،  ألا وهو الحق الأعلى سبحانه .

وحين يأخذ منهم السيادة التي كانت تضمن لهم المكانة والوجاهة والشأن والعظمة ،  فهم يصابون بالانهيار العصبي ،  ويحاولون مقاومة الرسول دفاعا عن السلطة الزمنية .

ومثال ذلك :  هو مقدم النبي صلى الله عليه وسلم إلى المدينة ،  وكان البعض يعمل على تنصيب عبد الله بن أبَّى ليكون ملكا(  ) ؛  ولذلك قاوم الرجل الإسلام ،  وحين لم يستطع آمن نفاقا ،  وظل على عدائه للإسلام ،  رغم أنه لو أحسن الإسلام واقترب من رسول الله صلى الله عليه وسلم لنال أضعاف ما كان سيأخذه لو صار ملكا .

وهكذا قادة الضلال وأئمة الكفر ،  هم مشفقون على أنفسهم وخائفون على السلطة الزمنية ؛  لأن الرسول حينما يجيء إنما يسوّي بين الناس ؛  لذلك يقفون ضد الدعوة حفاظا على السلطة الزمنية . ولذلك يقول الحق سبحانه عن سبب افترائهم الكذب :

{  متاع(  ) في الدنيا ثم إلينا مرجعهم ثم نذيقهم العذاب الشديد بما كانوا يكفرون( 70 ) } :"
10,70,"ويعز-إذن-على قادة الكفر وأئمة الضلال أن يسلبهم الرياسة والسيادة داع جديد إلى الله سبحانه وتعالى ،  ويخافون أن يأخذ الداعي الجديد لله الأمر منهم جميعا ،  لا إلى ذاته ،  ولكن إلى مراد به .

ولو كان الداعي إلى الله تعالى يأخذ السلطة الزمنية لذاته ؛  لقلنا :  ذات أمام ذات ،  ولكنه صلى الله عليه وسلم أوضح أنه يعود-حتى فيما يخصه-إلى الله سبحانه وتعالى .

ويكشف لنا الحق سبحانه الكسب القليل الذي يدافعون عنه أنه : {  متاع في الدنيا .  . ( 70 ) } ؛  لأن كُلا منهم يحب أن يقنع نفسه ،  بحمق تقدير المنفعة ،  وكلمة  "" الدنيا ""  لا بد أن منها حقيقة الشيء المنسوبة إليه .

والأسماء-كما نعلم- هي سمات مسميات ،  فحين تقول :  إن فلانا طويل ،  فأنت تعطيه سمة الطول .

وحين تقول :  "" دنيا ""  فهي ""  الدّنوّ ""  أو "" الدناءة ""  . وإن اعتبرت الدنو هو طريق موصل على القمة ،  فهذا أمر مقبول ؛  لأن الدرجة الأولى في الوصول إلى الأعلى هي الدنو ،  وتلتزم بمنهج الله تعالى فتصد علوَّا وارتفاعا إلى الآخرة .

إذن :  فمن يصف الدنيا بالدناءة على إطلاقها نقول له :  لا ،  بل هي دنيا بشرط أن تأخذها طريقا إلى الأعلى ،  ولكن من لا يتخذها كذلك فهو من يجعل مكانته هي الدنيئة ،  أما من يتخذها طريقا إلى العلو فهو الذي أفلح باتّباع منهج الله تعالى .

إذن :  فالدنيا ليست من الدناءة ؛  لأن الدين ليس موضوعه الآخرة ،  بل موضوعه هو الدنيا ،  ومنهج الدين يلزمك ب "" افعل ""  و "" لا تفعل ""  في الدنيا ،  والآخرة هي دار الجزاء ،  والجزاء على الشيء ليس عين موضوعه ،  وأنت تستطيع أن تجعل الدنيا مفيدة لك إن جعلتها مزرعة للآخرة .

وإياك أن تعمل على أساس أن الدنيا(  ) عمرها ملايين السنين ؛  لأنه لا يعنيك كعائش في الدنيا إن طال عمرها أم قصر ،  بل يعينك في الدنيا مقدار مكثك فيها ،  وعمرك فيها مظنون ،  بل وزمن الدنيا كله مظنون ،  وهناك من يموت وعمره ستة أشهر ،  وهناك من يموت وعمره مائة سنة ،  وكل يتمتع بقدر ما يعيش ،  ثم يرجع إلى الله سبحانه وتعالى .

وهؤلاء الذين ضلّوا وقالوا على الله سبحانه افتراء ،  هؤلاء لن يفلتوا من الله ؛  لأن مرجعهم إليه سبحانه ككل خلقه ،  وهؤلاء المضلّون لم يلتفتوا إلى عاقبة الأمر ،  ولا إلى من بيده عاقبة الأمر ،  ولم يرتدعوا .

ولكن من نظر إلى عاقبة الأمر وأحسن في الدنيا فمرجعه إلى حسن الثواب والجنة ،  ومن لم ينظر إلى عاقبة الأمر وافترى على الله-سبحانه وتعالى-الكذب فالمآب والمآل(  ) إلى العذاب مصدقا لقوله تعالى : {  ثم نذيقهم العذاب الشديد بما كانوا يكفرون( 70 ) }[ يونس ] : ودرجة العذاب تختلف باختلاف المعذب ،  فإن كان المعذب ضعيفا ،  فتعذيبه يكون ضعيفا ،  وإن كان المعذب متوسط القوة ؛  فتعذيبه يكون متوسطا ،  أما إن كان المعذّب هو قوة القوى فلا بد أن يكون عذابه شديدا ،  وهو سبحانه الحق القائل : {  إن أخذه أليم شديد(  ) ( 102 ) }[ هود ] : وبعد أن تكلم الحق سبحانه عن مبدأ تنزيه الألوهية عن اتخاذ الولد ،  فهو سبحانه الغني الذي له ما في السماوات والأرض ،  وبيَّن لنا سبحانه أننا يجب أن نأخذ المنهج من مصدر واحد وهو الرسل المبلّغون عن الله تعالى ،  شاء الحق سبحانه أن يكلمنا عن موكب الرسالات ؛  لأن الكلام حين يكون كلاما نظريا ليس له واقع يسنده ،  فقد تنسحب النظرية عليه .

أما إن كان للكلام واقع في الكون يؤيد الكلام النظري ،  فهذا دليل على صحة الكلام النظري ؛  ولذلك فنحن حين نحب أن نضخّم مسألة من المسائل في داء اجتماعي ،  نحاول أن نصنع منه رواية ،  أي :  أمر لم يحدث حقيقة ،  ولكننا نتخيل أنه حقيقة ؛  لنبيَّن الأمر النظري في واقع متخيّل .

ويقص علينا الحق سبحانه في القرآن قصصا من الموكب الرسالي ؛  ليبيَّن للكفار :  أنكم لن تستطيعوا الوقوف أمام هذه الدعوة ،  وأمامكم سجل التاريخ ،  وأحداث الرسل مع أممهم ؛  المؤيدين بالمؤمنين ؛  والكفار المعاندين والمعارضين ،  فإن كان قوم من السابقين قد انتصروا على رسولهم ،  فللكفار الحق في أن يكون لهم أمل في الانتصار على رسول الله صلى الله عليه وسلم(  ) .

ولا بد أن يكون هذا الكلام موجها على أناس لهم علم ببعض أحداث الموكب الرسالي .  ولكن قد يكون علم هذا قد بهت ؛  فلأن الزمان قد طال عليه ."
10,71,"وهنا يقول الحق سبحانه : {  واتل عليهم نبأ نوح إذ قال لقومه يا قوم إن كان كبر عليكم مقامي وتذكيري بآيات الله فعلى الله توكلت فأجمعوا أمركم وشركاءكم ثم لا يكن أمركم عليكم غمة ثم اقضوا إلي ولا تنظرون(  ) ( 71 ) } :

ولقائل أن يقول :  ولماذا جاء الله سبحانه هنا بخبر نوح-عليه السلام-ولم يأت بخبر آدم-عليه السلام-أو إدريس-عليه السلام- وهما من الرسل السابقين على نوح عليه السلام ؟

ومن هنا جاءت الشبهة في أن آدم لم يكن رسولا ؛  لأن البعض قد ظن أن الرسول يجب أن يحمل رسالته إلى جماعة موجودة من البشر ،  ولم يفطن هؤلاء البعض إلى أن الرسول إنما يرسل لنفسه أولا .

وإذا كان آدم-عليه السلام-أول الخلق فهو مرسل لنفسه ،  ثم يبلغ من سوف يأتي بعده من أبنائه .

وقد أعطى الله سبحانه وتعالى التجربة لآدم-عليه السلام-في الجنة ،  فكان هناك أمر ،  وكان هناك نهي هو{  وقلنا يا آدم اسكن أنت وزوجك الجنة وكلا منها رغدا حيث شئتما ولا تقربا هذه الشجرة .  . ( 35 ) }[ البقرة ] .

وحذره من الشيطان(  ) ،  ثم وقع آدم عليه السلام في إغواء الشيطان ،  وأنزله الله تعالى إلى الأرض واجتباه(  ) ،  وتاب عليه ،  ومعه تجربته ،  فإن خالف أمر ربه فسوف يقع عليه العقاب ،  وحذره من إتباع الشيطان حتى لا يخرج عن طاعة الله تعالى .

إذن :  فقد أعطاه الحق سبحانه المنهج ،  وأمره أن يباشر مهمته في الأرض ؛  في نفسه أولا ،  ثم يبلغه لمن بعده .

وكما علمه الحق سبحانه الأسماء كلها ،  علم آدم الأسماء لأبنائه فتكلموا :  وكما نقل إليهم آدم الأسماء نقل لهم المنهج ،  وقد علمه الحق سبحانه الأسماء ؛  ليعمر الدنيا ،  وعلمه المنهج ؛  ليحسن العمل في الدنيا ؛  ليصل إلى حسن جزاء الآخرة .

واقرأ قول الحق سبحانه وتعالى : {  وعصى آدم ربه فغوى( 121 ) }[ طه ] ، ويتبعها الحق سبحانه بقوله تعالى : {  ثم اجتباه .  . ( 122 ) }[ طه ] : ومعنى الاجتباء :  هو الاصطفاء بالرسالة لنفسه أولا ،  ثم لمن بعده بعد ذلك ،  والحق سبحانه هو القائل : {  فإما يأتينكم مني هدى .  . ( 38 ) }[ البقرة ] : والهدى :  هو المنهج المنزَّل على آدم عليه السلام ،  والرسالة ليست إلا بلاغ منهج وهدى من الله سبحانه للخلق .

وإذا كان الحق سبحانه وتعالى هو القائل : {  وما كنا معذبين حتى نبعث رسولا( 15 ) }[ الإسراء .  ]

فالسابقون لنوح-عليه السلام-هم من أبلغهم آدم عليه السلام ،  والدليل هو ما جاء من خبر ابني آدم في قول الحق سبحانه : {  واتل عليهم نبأ آدم بالحق إذ قربا قربانا(  ) .  . ( 27 ) }[ المائدة ] : وهما قد قدما القربان إلى الله تعالى .

إذن :  فخبر الألوهية موجود عند ابني آدم بدليل قول الحق سبحانه : {  إذ قربا قربانا فتقبل من أحدهما ولم يتقبل من الآخر قال لأقتلنك قال إنما يتقبل الله من المتقين( 27 ) }[ المائدة ] : إذن :  فهم قد أقروا بوجود الله تعالى ،  وأيضا عرفوا النهي ؛  لأنه في إحدى الآيتين قال : {  لئن بسطت(  )إلي يدك لتقتلني ما أنا بباسط يدي إليك لأقتلك إني أخاف الله رب العالمين( 28 ) }[ المائدة ] : إذن :  فالذين جاءوا بعد آدم-عليه السلام-عرفوا الإله الواحد ،  وعلموا المنهج .  إذن :  فالذين يقولون :  إن آدم-عليه السلام- لم يكن رسولا ،  نقول لهم :  افهموا عن الله جيدا ،  كان يجب أن تقولوا :  هذه مسألة لا نفهم فيها ،  وكان عليهم أن يسألوا أهل الذّكر ليفهموا عنهم أن آدم-عليه السلام- رسول ،  وأن من أولاده قابيل وهابيل ،  وقد تكلما في التقوى .

أما لماذا جاء الحق سبحانه هنا بالحديث عن نوح ،  عليه السلام ،  فلنا أن نعلم أن آدم عليه السلام هو الإنسان الأول ،  وأنه قد نقل لأولاده المنهج المبلغ له ،  ودلهم على ما ينفعهم ،  ثم طال الزمن ونشأت الغفلة ،  فجاء إدريس عليه السلام ،  ثم تبعته الغفلة ،  إلى أن جاء نوح عليه السلام .

وهنا يأتي لنا الحق سبحانه بخبر نوح-عليه السلام- في قوله : {  واتل عليهم نبأ نوح إذ قال لقومه .  . ( 71 ) }[ يونس ] : والنبأ :  هو الخبر الهام الذي يلفت الذهن ،  وهو الأمر الظاهر الواضح .

والحق سبحانه يقول : {  عم يتساءلون( 1 ) عن النبأ العظيم( 2 ) الذي هم فيه مختلفون( 3 ) }[ النبأ ] : إذن :  فالنبأ هو الخبر الهام الملفت ،  وقد جاء هنا خبر نوح-عليه السلام- الذي يبلغ قومه أي :  يخاطبهم ،  وهو قد شهد لنفسه أنه رسول يبلّغ منهجا .

وكلمة {  قوم } لا تطلق في اللغة إلا على الرجال(  ) ،  يوضح القرآن ذلك في قول الحق سبحانه : {  لا يسخر قوم من قوم عسى أن يكونوا خيرا منهم ولا نساء من نساء عسى أن يكن خيرا منهم .  . ( 11 ) }[ الحجرات ]

إذن :  فالقوم هو الرجال ،  والمرأة إنما يبنى أمرها على السر ،  والحركة في الدنيا للرجل ،  وقد شرحنا ذلك في حديث الحق سبحانه لآدم-عليه السلام-عن إبليس ،  فقال تعالى : {  إن هذا عدو لك ولزوجك فلا يخرجنكما من الجنة فتشقى( 117 ) }[ طه ] .

ولأن الخطاب لآدم فقد قال الحق سبحانه : {  فتشقى( 117 ) }[ طه ] : ولم يقل :  فتشقيا ؛  مما يدل على أن المرأة لا شأن لها بالأعمال التي خارج البيت والتي تتطلب مشقة ،  فالمرأة تقرُّ(  ) في البيت ؛  لتحتضن الأبناء ،  وتهيّئ السكن للرجل بما فيها من حنان وعاطفة وقرار واستقرار .

أما القيام والحركة فللرجل .

والحق سبحانه يقول : {  فلا يخرجنكما من الجنة فتشقى( 117 ) }[ طه ] : إذن :  فالكدح للرجل ومتطلبه القيام لا القعود .

ثم يقول الحق سبحانه على لسان نوح-عليه السلام : {  يا قوم إن كان كبر عليكم مقامي .  . ( 71 ) }[ يونس ] : وهنا يحنن نوح قومه بإضافات التحنن ،  أي :  جاء بالإضافة التي تشعر المخاطبين بأنه منهم وهم منه ،  وأنه لا يمكن أن يغشهم فهم أهله ،  مثل قول النائب الذي يخطب في أهل دائرته الانتخابية :  "" أهلي وعشيرتي وناخبي ""  وكلها اسمها إضافة تحنن .

وكذلك مثل قول لقمان لابنه : {  يا بني لا تشرك بالله إن الشرك لظلم عظيم( 13 ) }[ لقمان ] ، وقوله : {  يا بني إنها إن تك مثقال حبة من خردل(  ) فتكن في صخرة أو في السماوات أو في الأرض يأت بها الله إن الله لطيف خبير( 16 ) }[ لقمان ] ، وقوله : يا بني أقم الصلاة .  .  ( 17 ) }[ لقمان ] : وهذه إضافات التحنن وفيها إيناس للسامع أن يقرب ويستجيب للحق .

{  يا قوم إن كان كبر عليكم مقامي .  . ( 71 ) }[ يونس ] : و "" الكاف والياء والراء ""  تأتي لمعنيين : الأول :  كبر السن ،  وهي :  كبر يكبر .

والثاني :  العظمة والتعظيم ،  إلا أن التعظيم يأتي ليبيّن أنه أمر صعب على النفس ،  مثل قول الحق سبحانه : {   .  . كبرت(  ) كلمة تخرج من أفواههم إن يقولون إلا كذبا( 5 ) }[ الكهف ] : أي :  أن هذه الكلمة التي خرجت من أقوالهم أمر صعب وشاق ،  وهي قولهم : {  قالوا اتخذ الله ولدا( 4 ) }[ الكهف ] : وهذه الكلمة إنما تعظم على المؤمن ،  وهي مسألة صعبة لا يمكن قبولها فلا يوجد مؤمن قادر على أن يقبل ادعاء خلق من خلق الله تعالى أن له سبحانه ولدا .

ومرة تكون العظمة من جهة أخرى ،  مثل قول الحق سبحانه : {  كبر على المشركين ما تدعوهم إليه .  . ( 13 ) }[ الشورى ] : أي :  عظم على المشركين ،  وصعب على أنفسهم ،  وشقّ عليهم ما تدعوهم إليه من أن الإله هو واحد أحد ،  ولا سلطان إلا له سبحانه .

وهكذا ،  إن كانت الكلمة مناقضة للإيمان فهي تكبر عند المؤمنين ،  وإن كانت الكلمة تدعو الكافرين إلى الإيمان فهي تشق عليهم .

وهنا يأتي على لسان سيدنا نوح عليه السلام : {  إن كان كبر عليكم مقامي(  ) .  . ( 71 ) }[ يونس ] .

ونحن نعلم أن سيدنا نوحا-عليه السلام- مكث في قومه ألف سنة إلا خمسين عاما .

أي :  أن حياته طالت كثيرا بين قومه ،  كما أن تقريعه للكافرين جعله ثقيلا عليهم .

أو أن : {  كبر عليكم مقامي .  . ( 71 ) }[ يونس ] .

ونحن نعلم أن سيدنا -نوح عليه السلام – مكث في قومه ألف سنة إلا خمسين عاما . أي :  أن حياته طالت كثيرا بين قومه ،  كما أن تقريعه للكافرين جعله ثقيلا عليهم .

أو أن : {  كبر عليكم مقامي .  . ( 71 ) }[ يونس ] .  تعني :  أنه حمَّلهم ما لا يطيقون ؛  لأن نوحا-عليه السلام-أراد أن يخرجهم عما ألفوا من عبادة الأصنام ،  فشقّ عليهم ذلك .

إذن :  فمبدأ عبادة الإله الواحد يصعب عليهم . أو أن الأصل في الواعظ أو المبلّغ أن يكون على مستوى القيام وهم قعود ،  وكان سيدنا عيسى عليه السلام يتكلم مع الحواريين وهو واقف ،  والوقوف إشعار بأن مجهود الهدى يقع على سيدنا عيسى-عليه السلام- بينما يقعد الحواريون ليستمعوا له في راحة .

إذن :  فقول الحق سبحانه : {  إن كان كبر عليكم مقامي .  . ( 71 ) }[ يونس ] كأي :  إن صعب عليكم ما أدعوكم إليه .

ويصح أن نأخذها من ناحية طول الوعظ والتكرار في ألف سنة إلا خمسين عاما ،  أو أن مقامي كبر عليكم ،  بمعنى :  أننا انقسمنا إلى قسمين ؛  لأن المنهج الذي أدعوا إليه لا يعجبكم ،  وكنت أحب أن نكون قسما واحدا .

وها هو ذا سيدنا عمر بن الخطاب-رضي الله عنه ،  وأرضاه-حين أحس أن الخلافة تقتضي أن يسمى من يخلفه من بعده ،  قال له بعض الناس :  لماذا لا تولي علينا عبد الله بن عمر ،  فقال ابن الخطاب :  بحسب آل خطاب أن يسأل منهم عن أمة محمد صلى الله عليه وسلم رجل واحد .  ثم أضاف :  أعلم أنكم مللتم حكمي ؛  لأني شديد(  ) عليكم .

إذن :  فقد أحس نوح-عليه السلام-أنه انقسم هو وقومه إلى قسمين :  هو قد أخذ جانب الله سبحانه الذي يدعو إلى عبادته ،  وهم أخذوا جانب الأصنام التي ألفوا عبادتها .

لذلك يقول الحق سبحانه على لسان نوح-عليه السلام : {  فعلى الله توكلت .  . ( 71 ) }[ يونس ] : أي :  أنني لن أتنازل عن دعوتي ،  ونلحظ أنك إن قلت :  "" توكلت على الله ""  فقد يعني هذا أنك قد تقول :  وعلى فلان ،  وفلان ،  وفلان ،  لكنك إن قلت : {  فعلى الله توكلت .  . ( 71 ) }[ يونس ] : فأنت قد قصرت توكُّلك على الله فقط .

وهكذا واجه نوح-عليه السلام-قومه ،  ورصيده في ذلك هو الاعتماد والتوكل على من أرسله سبحانه ،  ويحاول أن يهديهم ،  لكنهم لم يستجيبوا ،  وقال لهم : {  فأجمعوا أمركم وشركاءكم ثم لا يكن أمركم عليكم غمة .  . ( 71 ) }[ يونس ] : ومعنى جمع الأمر : ( أي :  جمع شتات الآراء كلها في رأى واحد ) ،  أي :  اتفقوا يا قوم على رأى واحد ،  وأنتم لن تضروني .  وجمع أمر الأجيال التي ظل سيدنا نوح-عليه السلام- يحاول هدايتها تحتاج إلى جهد ؛  لأن الجيل العقلي ينقسم إلى عشرين سنة .

وقد ظل سيدنا نوح-عليه السلام-يدعو القوم بعدد ما عاش فيهم ،  أي :  ألف سنة إلى خمسين ،  فكم جيل-إذن- ظل نوح يعالجه ؟

إنها أجيال متعددة ،  ومع ذلك لم يظفر إلا بقدر قليل من المؤمنين(  ) يحمل سفينة واحدة ،  ومعهم الحيوانات أيضا ،  فضلا عن أن ابنه خرج-أيضا- مع القوم الكافرين ،  وناداه نوح-عليه السلام-ليركب معه وأن يؤمن ،  فرفض ،  وآثر أن يظل في جانب الكفر ،  بما فيه من فناء للقوم الكافرين ،  وظن أنه قادر على أن يأوي إلى جبل يعصمه من الطوفان ،  ولم ينظر ابن نوح إلى جندي آخر من جنود الله سبحانه يقف عقبة في سبيل الوصول إلى الجبل ،  وهو الموج .

إذن :  فقول نوح عليه السلام : {  فعلى الله توكلت .  . ( 71 ) }[ يونس ] . له رصيد إيماني ضمني ،  فلا يوجد مجير على الله من خلق الله ؛  لأن الخلق كله-جماده ونباته وحيوانه-إنما ينصاع لأمر الله تعالى في نصرة نوح-عليه السلام-ولن يتخلف شيء .

هكذا كان توكُّل نوح-عليه السلام-على الله تعالى بما في هذا التوكل من الرصيد الإيماني المتمثل في : {  لله ملك السماوات والأرض .  . ( 120 ) }[ المائدة ] ، و{  لله ما في السماوات وما في الأرض .  . ( 284 ) }[ البقرة ] . ولن يخرج شيء عن ملكه سبحانه .

ومن العجيب أنه لم يخرج عن مراد الله في  "" كن ""  إلا الإنسان المختار ،  لم يخرج بطبيعة تكوينه ،  ولكن الحق سبحانه وهبه من عنده أن يكون مختارا ،  ولو لم يهبه الله تعالى أن يكون مختارا لما استطاع أن يقف ،  ولكان كل البشر من جنود الحق .

وقد قال نوح-عليه السلام : {  فعلى الله توكلت فأجمعوا أمركم وشركاءكم(  ) .  . ( 71 ) }[ يونس ] والإنسان حين يهمه أمر من الأمور يظل مترددا بين خواطر شتى ،  ويحاول أن يرى ميزات كل خاطر ،  ويختار أفضلها ،  وإذا ما جمع الإنسان خواطره كلها في خاطر واحد ،  فهذا يعني استقراره على رأي واحد ،  وجمع أمره عليه .

أما إذا كان الأمر متعدد الناس ،  فكل واحد منهم له رأى ،  فإن اجتمعوا وقرروا الاتفاق على رأي واحد ،  فهذا جمع للأمر .

والاتفاق على رأي واحد إنما يختلف باختلاف هوية المجتمعين ،  فإن كانوا أهل خير فهم ينزلون بالشر ،  وإن كانوا أهل شر فهم يصدون بالشر .

ومثال ذلك :  أبناء يعقوب-عليه السلام- حينما حدث بينهم وبين أخيهم من الحسد لمكانة يوسف-عليه السلام- فقالوا : {  اقتلوا يوسف أو اطرحوه أرضا يخل(  ) لكم وجه أبيكم .  . ( 9 ) }[ يوسف ] : أي :  أن الاقتراح بقتل يوسف هدفه ألا يلتفت وجه يعقوب وقلبه على أحد سواهم ،  وأتبعوا اقتراحهم بقتل يوسف باقتراح التوبة ،  فقالوا لبعضهم البعض : {  وتكونوا من بعده قوما صالحين(  )( 9 ) }[ يوسف ] : وهم قد ظنوا أن التوبة إن نفذوا القتل ستصبح مقبولة .

وهذا الشر البادي في حديثهم لم يقبله بعضهم في بادئ الأمر ؛  لأنهم أبناء نبوة ،  مما يزالون هم الأسباط(  ) ،  لا يصعد فيهم الشر ،  بل ينزل ،  فقال واحد منهم :  لا تقتلوه بل {  اطرحوه أرضا .  . ( 9 ) }[ يوسف ] : أي :  أنه خفف المسألة من القتل إلى الطرح أرضا ،  وهذه أول درجة في نزول الأخيار عن الشر الأول ،  وأيضا تنازلوا عن الشر الثاني ،  وهو طرحه أرضا ؛  حتى لا يأكله حيوان مفترس ،  وجاء اقتراح : {  وألقوه في غيابة الجب يلتقطه بعض السيارة(  ) إن كنتم فاعلين( 10 ) }[ يوسف ] : ثم أجمعوا أمرهم أخيرا حتى نزل الشر مرة أخرى لاحتمال ورود النجاة . إذن :  فالأخيار حين يجتمعون على شر لابد أن ينزل .

ومثال ذلك :  رجل طيب رأى ابنه وهو يضرب من آخر ،  فيفكر للحظة في أن يضرب غريم ابنه بطلقة من ( مسدس ) ،  ثم يستبدل هذه الفكرة بفكرة الاكتفاء بضربه ضربا مبرحا بالعصا ،  ثم يتنازل عن ذلك بأن يفكر في صفعه صفعتين ،  ثم يتنازل عن فكرة الصفع ويفكر في توبيخه ،  ثم يتنازل عن فكرة التوبيخ ويكتفي بالشكوى لوالده ،  وهكذا ينزل الشر عند أهل الخير .

أما إن كان الرجل من أهل الشر ،  فهو يبدأ بفكرة الشكوى لوالد من ضرب ابنه ،  ثم يرفضها ليصعد شره إلى فكرة أن يصفعه هو ،  ثم لا ترضيه فكرة الصفع ،  فيفكر في أن يضربه ضربا شديدا ،  ولا ترضيه هذه الفكرة ،  فيقول لنفسه :  "" سأطلق عليه الرصاص ""  .  وهكذا يتصاعد الشر من أهل الشر .

وهنا يقول الحق سبحانه على لسان سيدنا نوح عليه السلام : {  فأجمعوا أمركم وشركاءكم .  . ( 71 ) }[ يونس ] : أي :  اجتمعوا وألزموا رأيا واحدا تحرصون على تنفيذه أنتم وشركاؤكم ،  وهو ينصحهم رغم أنهم أعداؤه ،  وكان عليه أن يحرص على اختلافهم ،  ولكن لأنه واثق من توكله على ربه ؛  فهو يعلم أنهم مهما فعلوا فلن يقدروا عليه ،  ولن ينتصروا على دعوته إلا بالإقدام على إهلاك أنفسهم .

أو أنه مثلما يقول العامة :  "" أعلى ما في خيولكم اركبوه "" أي :  أنه يهددهم ،  ولا يفعل ذلك إلا إذا كان له رصيد من قوة التوكل على الله تعالى .

ولا يكتفي بذلك بل يضيف : {  ثم لا يكن أمركم عليكم غمة(  ) .  . ( 71 ) }[ يونس ] : والغمة :  منها الغمام ،  ومنها الإغماء ،  أي :  فقد الوعي وستر العقل ،  أي :  أنه قال لهم :  لا تتبعوا أنفسكم بتبادل الهمسات فيما بينكم ،  بل افعلوا ما يحلو لكم ،  ولا تحاولوا ستر ما سوف تفعلون .

إن عليكم أن تجتمعوا على رأي واحد أنتم وشركاؤكم الذين تعتمدون عليهم ،  وتعبدونهم ،  أو شركاؤكم في الكفر ،  ولم يأبه نوح-عليه السلام- بتقوية العصبية المضادة له ؛  لأنه متوكل على الله فقط .

لذلك يقول : {  ثم اقضوا إلي ولا تنظرون( 71 ) }[ يونس ] : أي :  أنه يحفزهم على الاجتماع على أمر واحد ومعهم شركاؤهم-سواء من الأصنام التي عبدوها أو من أقرانهم في الكفر-وأن يصمموا على المضي في تنفيذ ما اتفقوا عليه .

و "" قضي ""  أي :  حكم حكما ،  لكن الحكم على شيء لا يعني الاستمرار بحيث ينفذ ،  فقد يقضي على إنسان بحكم ؛  ويوقف التنفيذ .

لكن قوله : {  اقضوا إلي } يعني :  أصدروا حكمكم وسيروا إلى تنفيذ ما قضيتم به .

ثم يقول : {  ولا تنظرون } أي :  لا تمهلوني في تنفيذ ما حكمتم به علي .

والمتأمل للآية الكريمة يجد فيها تحديا كبيرا ،  فهو أولا يطلب أن يجتمعوا على أمر واحد ،  هم وشركاؤهم ،  ثم لا يكون على هذا الأمر غمَّة(  ) ،  ثم اقضوا على ما اتفقتم عليه من حكم ونفذوه ولا تؤجلوه ،  فهل هناك تحد للخصم أكثر من ذلك ؟

لقد كانوا خصوما معاندين ،  ظل نوح-عليه السلام-يترفق إليهم ويتحنن لهم ألف سنة إلا خمسين عاما ،  وصبر عليهم كل هذا الوقت ،  ولا بد-إذن- من حدوث فاصل قوي ،  ولهذا كان الترقّي في التحدي ،  فدعاهم إلى جمع الأمر ومعهم الشركاء ،  ثم بإصدار حكمهم عليه وعدم الإبطاء في تنفيذه ،  كان هذا هو التحدي الذي أخذ يترقى إلى أن وصل إلى قبول تنفيذ الحكم .

والنفسية العربية-على سبيل المثال-حين سامحت ،  وصبرت ،  وصفحت في أمر لا علاقة له بمنهج الله ،  بل بأمر يخص خلافا على الأرض ،  تجد الشاعر العربي يقول عن  "" بني ذهل ""  الذين أتبعوا قوم الشاعر كثيرا ،  ولكن قومه صفحوا عنهم ؛  يقول الشاعر(  ) :

صفحنا عن بني ذهل وقلنا :  القوم إخوان

عسى الأيام أن يرجع ن قوما كالذي كانوا

فلما صرح الشر فأمسى وهو عريان

ولم يبق سوى العدوان دناهم كما دانوا

مشينا مشية الليث غدا والليث غضبان

بضرب فيه توهين وتخضيع(  ) وإقران

وطعن كفم الزقّ(  ) غدا والزّقُّ ملآن

وفي الشرّ نجاة حين لا ينجيك إحسان

وبعض الحلم عند الجهل للذّلَّة إذعان(  )

إذن :  فالمناجزة بين نوح-عليه السلام-وقومه اقتضت التشديد ،  لعل بشريتهم تلين ،  ولعل جبروتهم يلين ،  ولعلهم يعلنون الإيمان بالله تعالى ،  ولكنهم لم يرتدعوا .

لذلك يقول الحق سبحانه على لسان نوح بعد ذلك :

{  فإن توليتم فما سألتكم من أجر(  ) إن(  ) أجري إلا على الله وأمرت أن أكون من المسلمين(  )( 76 ) } :"
10,72,"أي :  إن توليتم عن دعوتي لعبادة الإله الحق ،  فأنا لا أدعوكم إلى مثيل لكم هو أنا ،  بل أدعوكم إلى من هو فوقي وفوقكم ،  فأنا لا أريد أن أستولي على سلطة الزمنية منكم ،  ولا أبحث عن جاه ،  فالجاه كله لله تعالى .

والله لا يحتاج إلى جاه منكم لأن جاهه سبحانه ذاتي فيه ،  ولكن لنمنع جبروتكم وتجبركم ؛  لتعيشوا على ضوء المنهج الحق ؛  لتكون حياتكم صالحة ،  وكل ذلك لمصلحتكم .

{  فإن توليتم فما سألتكم من أجر .  . ( 72 ) } فهل يمالئ(  ) نوح-عليه السلام-أعداءه .

إن الإنسان يمالئ العدو ؛  لأنه يخاف أن يوقع به شرا ،  ونوح عليه السلام لا يخافهم ؛  لأنه يعتمد على الله تعالى وحده ،  بل هو يدلُّهم على مواطن القوة فيهم ،  وهو يعلم أن قوتهم محدودة ،  وأن شرهم مهما بلغ فهو غير نافذ ،  وقد لا يكون منهم شر على الإطلاق ،  فهل هناك نفع سيعود على نوح-عليه السلام- ويمنع عنه ؟

لا ؛  لأنه يعلن أنه لا يأخذ أجرا على دعوته .

هم-إذن-لا يقدرون على ضرّه ،  ولا يقدرون على نفعه ،  وهو لا يريد منهم نفعا ؛  لأن مركزه بإيمانه بالله الذي أرسله مركز قويُّ .

وهو لا يسألهم أجرا ،  وكلمة  "" أجرا "" (  ) تعني :  ثمن المنفعة ،  والأثمان تكون عادة في المعاوضات ،  إما أن تكون ثمنا للأعيان والذوات ،  وإما أن تكون ثمنا للمنفعة .

ومثال ذلك :  أن إنسانا يرغب في شراء  "" شقة ""  في بيت فيذهب إلى رجل يملك بيتا ،  ويطلب منه أن يبيع له عددا من الأسهم بقيمة الشقة .

وهناك خر يريد أن يستأجر شقة فيذهب إلى صاحب البيت ؛  ليدفع له قيمة إيجار شقة في البيت ،  أي :  يدفع له قيمة الانتفاع بالشقة ،  والأجر لا يدفع إلا لطلب منفعة ملحة .

وكان على نوح-عليه السلام- أن يطلب منهم أجرا ؛  لأنه يهديهم إلى الحق ،  هذا في أصول التقييم للأشياء ؛  لأنه يقدم لهم نفعا أساسيا ،  لكنه يعلن أنه لا يطلب أجرا وكأنه يقول :  إن عملي كان يجب أن يكون له أجر ؛  لأن منفعته تعود عليكم ،  وكان من الواجب أن آخذ أجرا عليه .

ولكن نوحا-عليه السلام- تنازل عن الأجر منهم ؛  لأنه أراد الأجر الأعلى ،  فلو أخذ منهم ؛  فلسوف يأخذ على قدر إمكاناتهم ،  ولكن الأجر من الله تعالى هو على قدر إمكانات الله سبحانه وتعالى ،  وفارق بين إمكانات المحدود العطاء وهو البشر ،  ومن له قدرة عطاء لا نهاية لها وهو الله سبحانه وتعالى .

وهنا يقول : {  فإن توليتم .  . ( 72 ) }[ يونس ] : فهذا التولي والإعراض لا يضرني ولا ينفعني ؛  لأنكم لا تملكون لي ضرا ولا تملكون لي نفعا ؛  لأني لن آخذ منكم أجرا .

ومن العجيب أن كل مواكب الرسل-عليهم السلام-حين يخاطبون أقوامهم يخاطبونهم بهذه العبارة : {  ما أسألكم عليه من أجر .  . ( 86 ) }[ ص ] : إلا في قصة سيدنا إبراهيم-عليه السلام-وقصة موسى عليه السلام ،  فعن قصة سيدنا إبراهيم يأتي قول الحق سبحانه : {  واتل عليهم نبأ إبراهيم( 69 ) إذ قال لأبيه وقومه ما تعبدون( 70 ) قالوا نعبد أصناما فنظل لها عاكفين(  )( 71 ) قال هل يسمعونكم إذ تدعون( 72 ) أو ينفعونكم أو يضرون( 73 ) قالوا بل وجدنا آباءنا كذلك يفعلون( 74 ) }[ الشعراء ] . ولم يأت الحق سبحانه فيها بشيء عن عدم السؤال عن الأجر .

وأيضا في قصة سيدنا موسى-عليه السلام-قال الحق سبحانه : {  قال رب إني أخاف أن يكذبون( 12 ) ويضيق صدري ولا ينطلق لساني فأرسل إلي هارون( 13 ) ولهم على ذنب فأخاف أن يقتلون( 14 ) قال كلا فاذهبا بآياتنا إنا معكم مستمعون( 15 ) فأتيا فرعون فقولا إنا رسول رب العالمين( 16 ) أن أرسل معنا بني إسرائيل( 17 ) }[ الشعراء ] : وهنا أيضا لا نجد قولا لموسى-عليه السلام- في عدم السؤال عن الأجر .

أما هنا في قصة نوح-عليه السلام-فنجد قول الحق سبحانه : {  فإن توليتم فما سألتكم من أجر إن أجري إلا على الله و أمرت أن أكون من المسلمين( 72 ) }[ يونس ] .

وكذلك جاء نفس المعنى في قصة هود عليه السلام ،  حيث يقول الحق سبحانه :

{  كذبت عاد المرسلين( 123 ) إذ قال لهم أخوهم هود ألا تتقون( 124 ) إني لكم رسول مبين( 125 ) فاتقوا الله وأطيعون( 126 ) وما أسألكم عليه من أجر إن أجري إلا على رب العالمين( 127 ) }[ الشعراء ] ، وجاء نفس المعنى أيضا في قوة ثمود ،  إذ قال الحق سبحانه : {  كذبت ثمود المرسلين( 141 ) إذ قال لهم أخوهم صالح ألا تتقون( 142 ) إني لكم رسول أمين( 143 ) فاتقوا الله وأطيعون( 144 ) وما أسألكم عليه من أجر إن أجري إلا على رب العالمين( 145 )[ الشعراء ] .

وكذلك جاء نفس القول على لسان لوط عليه السلام ،  فيقول الحق سبحانه : {  كذبت قوم لوط المرسلين( 160 ) إذ قال لهم أخوهم لوط ألا تتقون( 161 ) إني لكم رسول أمين( 162 ) فاتقوا الله وأطيعون( 163 ) وما أسألكم عليه من أجر إن أجري إلا على رب العالمين( 164 ) }[ الشعراء ] ، ونفس القول جاء على لسان شعيب عليه السلام في قول الحق سبحانه : {  كذب أصحاب الأيكة(  ) المرسلين( 176 ) إذ قال لهم شعيب ألا تتقون( 177 ) إني لكم رسول أمين( 178 ) فاتقوا الله وأطيعون( 179 ) وما أسألكم عليه من أجر إن أجري إلا على رب العالمين( 180 ) }[ الشعراء :  ]

إذن :  فغالبية الموكب الرسالي يأتي على ألسنتهم الكلام عن الأجر : {  وما أسألكم عليه من أجر .  . ( 164 ) }[ الشعراء ] : فكأن الرسل عليهم السلام يقولون للبشر الذين أرسلوا إليهم :  لو أنكم فطنتم إلى حقيقة الأمر لكان من الواجب أن يكون لنا أجر على ما نقدمه لكم من منفعة ،  لكنا لا نريد منكم أنتم أجرا ،  إنما سنأخذ أجرنا من رب العالمين ؛  لأن المنفعة التي نقدمها لكم لا يستطيع بشر أن يقوّمها ،  وإنما القادر على تقييمها هو واضع المنهج-سبحانه-ومنزله على رسله .

وها هو القرآن الكريم يأتي على لسان رسول الله محمد صلى الله عليه وسلم ،  ويقول : {  قل لا أسألكم عليه أجرا إلا المودة في القربى .  . ( 23 ) }[ الشورى ] : أما لماذا لم تأت مسألة الأجر على لسان سيدنا إبراهيم-عليه السلام- فنحن نعلم أن إبراهيم عليه السلام أول ما دعا ؛  دعا عمه ،  وكان للعم حظ تربية إبراهيم ،  وله على سيدنا إبراهيم حق الأبوة .

وكذلك سيدنا موسى عليه السلام ،  فقد دعا فرعون ،  وفرعون هو الذي قام بتربية موسى ،  وكانت زوجة فرعون تريده قرة عين لها ولزوجها ،  حتى إن فرعون فيما بعد قد ذكّره بذلك ،  وقال : {  ألم نربك فينا وليدا ولبثت(  ) فينا من عمرك سنين( 18 ) }[ الشعراء ] .

أما هنا في دعوة سيدنا نوح-عليه السلام- فيأتي قول القرآن على لسان نوح بما يوضح الأمر لقوم نوح : فإن توليتم فلا حزن لي ،  ولا جزع ؛  لأنكم لن تصيبوني بضرّ ،  ولن تمنعوا عني منفعة ؛  لأنكم لم تسألوني أن آتى لكم بالهدى لآخذ أجري منكم ،  ولكن الحق سبحانه هو الذي بعثني ،  وهو الذي سيعطيني أجري ،  وقد أمرني سبحانه أن أكون من المسلمين له حقا وصدقا .

وفي حياتنا نجد أن صديقا يرسل إلى صديقه عاملا من عنده ليصلح شيئا ،  فهو يأخذ الأجر من الرسل ،  لا من المرسل إليه ،  وهذا أمر منطقي وطبيعي ."
10,73,"ويقول الحق سبحانه بعد ذلك :

{  فكذبوه فنجيناه ومن معه في الفلك(  ) وجعلناهم خلائف(  ) وأغرقنا الذين كذبوا بآياتنا فانظر كيف كان عاقبة المنذرين( 73 ) } :

وكأن الأمر الذي وقع من الحق سبحانه نتيجة عدائهم للإيمان كان من الممكن أن يشمله ؛  لأنه لا يقال :  نجَّيتك من كذا إلا إذا كان الأمر الذي نجيتك منه ،  توشك أن تقع فيه ،  وكان هذا بالفعل هو الحال مع الطوفان ،  فالحق سبحانه يقول : {  ففتحنا أبواب السماء بماء منهمر(  )( 11 ) وفجرنا الأرض عيونا .  . ( 12 ) }[ القمر ] : ومن المتوقع أن تشرب الأرض ماء المطر ،  لكن الذي حدث أن المطر انهمر من السماء والأرض أيضا تفجرت بالماء ؛  ولذلك نجد الحق سبحانه وتعالى يقول : {  فالتقى الماء على أمر قد قدر( 12 ) }[ القمر ] : أي :  أن ذلك الأمر كان مقدَّرا ؛  حتى لا يقولن أحد :  إن هذه المسألة ظاهرة طبيعية .

لا إنه أمر مقدَّر ،  وقد كانت السفينة موجودة بصناعة من نوح عليه السلام ؛  لأن الحق سبحانه قد أمره بذلك في قوله تعالى في سورة هود : {  واصنع الفلك بأعيننا ووحينا .  . ( 37 ) }[ هود ] .

ويقول الحق سبحانه في الآية التي بعدها : {  ويصنع الفلك وكلما مر عليه ملأ(  ) من قومه سخروا منه قال إن تسخروا منا فإنا نسخر منكم كما تسخرون( 38 ) }[ هود ] .

ويركب نوح-عليه السلام- السفينة ،  ويركب معه من آمن بالله تعالى ،  وما حملوا معهم من الطير والحيوان من كلّ نوع اثنين ذكرا وأنثى .

وقول الحق سبحانه : {  فنجيناه ومن معه .  . ( 73 ) }[ يونس ] : يوحي أن الذي صعد على السفينة هم العقلاء من البشر ،  فكيف نفهم مسألة صعود الحيوانات والطيور إلى السفينة ؟

نقول :  إن الأصل في وجود هذه الحيوانات وتلك الطيور أنها مسخَّرة لخدمة الإنسان ،  وكان لا بد أن توجد في السفينة ؛  لأنها ككائنات مسخَّرة تسبّح الله(  ) ،  وتعبد الحق سبحانه ،  فكيف يكون علمها فوق علم العقلاء الذين كفر بعضهم ،  ثم أليس من الكائنات المسخَّرة ذلك الغراب الذي علَّم  "" قابيل ""  كيف يواري سوأة أخيه(  ) ؟  !  إنه طائر ،  لكنه علم ما لم يعلمه الإنسان !  .

والحق سبحانه هو القائل : {  فبعث الله غرابا يبحث في الأرض ليريه كيف يواري سوءة أخيه .  . ( 31 ) }[ المائدة ] ثم يقول الحق سبحانه في الآية التي نحن بصددها الآن : {  فكذبوه فنجيناه ومن معه في الفلك وجعلناهم خلائف وأغرقنا الذين كذبوا بآياتنا فانظر كيف كان عاقبة المنذرين( 73 ) }[ يونس ] : وكلمة  "" الفلك ""  من الألفاظ التي تطلق على المفرد وتطلق على الجماعة .

وقول الحق سبحانه : {  فنجيناه } نعلم منه أن الفعل من الله تعالى ،  وهو سبحانه حين يتحدث عن أي فعل له ،  فالكلام عن الفعل يأتي مثل قوله سبحانه : {  إنا نحن نزلنا الذكر(  ) وإنا له لحافظون( 9 ) }[ الحجر ] .

ولكنه حين يتحدث عن ذاته ،  فهو يأتي بكلمة تؤكد الوحدانية وتكون بضمير الإفراد مثل : {  إنني أنا الله .  . ( 14 ) }[ طه ] .

وهنا يقول الحق سبحانه :

{  فنجيناه ومن معه في الفلك .  . ( 73 ) }[ يونس ] : كلمة  "" أنجى ""  للتعددية ،  وكلمة  "" نجى ""  تدل على أن هناك معالجة شديدة للإنجاء ،  وعلى أن الفعل يتكرر .

وقول الحق سبحانه : {  وجعلناهم خلائف(  ) .  . ( 73 ) }[ يونس ] : تعني :  أن الخليفة هو من يجيء بعد سابق ،  وكلمة  "" الخليفة ""  تأتي مرة للأعلى ،  مثل الحال هنا حيث جعل الصالح خليفة للصالح ،  فبعد أن أنجى الله سبحانه العناصر المؤمنة في السفينة ،  أغرق الباقين .

إذن :  فالصالحون على ظهر السفينة أنجبوا الصالحين من بعدهم .

ومرة تأتي كلمة  "" الخليفة ""  للأقل ،  مثل قول الحق سبحانه : {  فخلف من بعدهم خلف أضاعوا الصلاة واتَّبعوا الشَّهوات .  . ( 59 ) }[ مريم ] : فهنا تكون كلمة الخليفة موحية بالمكانة الأقل ،  وهناك معيار وضعه الحق سبحانه لتقييم الخليفة ،  هو قول الحق سبحانه : {  ثمَّ جعلناكم خلائف في الأرض من بعدهم لننظر كيف تعملون( 14 ) }[ يونس ] .

ولأن الإنسان مخيَّر بين الإيمان والكفر ،  فسوف يلقى مكانته على ضوء ما يختار .

ويقول الحق سبحانه : {  وعد الله الذين آمنوا منكم وعملوا الصالحات ليستخلفنَّهم في الأرض كما استخلف الذين من قبلهم وليمكّننَّ لهم دينهم الذي ارتضى لهم وليبدلنَّهم من بعد خوفهم أمنا .  . ( 55 ) }[ النور ] : إذن :  فالخليفة إما أن يكون خليفة لصالح ،  وإما ان يكون صالحا يخلف فاسدا .

وهنا يقول الحق سبحانه :

{  وجعلناهم خلائف وأغرقنا الذين كذَّبوا بآياتنا .  . ( 73 ) }[ يونس ] :

والآيات-كما قلنا من قبل- إما آيات الاعتبار التي تهدي إلى الإيمان بالقوة الخالقة ،  وهي آيات الكون كلها ،  فكل شيء في الكون يدلُّك على أن هذا الكون مخلوق على هيئة ولغاية ،  بدليل أن الأشياء في هذا الكون تنتظم انتظاما حكيما .

وإذا أردت أن تعرف دقة هذا الخلق ،  فانظر إلى ما ليدك فيه دخل ،  وما ليس ليدك فيه دخل ؛  ستجد كل ما ليس ليدك فيه دخل على درجة هائلة من الاستقامة ،  والحق سبحانه يقول : {  لا الشمس ينبغي لها أن تدرك القمر ولا اللّيل سابق النّهار وكلّ في فلك(  ) يسبحون( 40 ) }[ يس ] .

أما ما ليدك فيه دخل ،  فاختيارنا حين يتدخل فهو قد يفسد الأشياء .

وهكذا رأينا أن الآيات الكونية تلفت إلى وجود الخالق سبحانه وهي مناط والاستدلال العقلي على وجود الإله ،  أو أن الآيات هي الأمور العجيبة التي جاءت على أيدي الرسل-عليهم السلام- لتقنع الناس بأنهم صادقون في البلاغ عن الله سبحانه وتعالى .

ثم هناك آيات القرآن الكريم التي يقول فيها الحق سبحانه : {  هو الذي أنزل عليك الكتاب منه آيات محكمات هن أمُّ الكتاب .  . ( 7 ) }[ آل عمران ] : وهي الآيات التي تحمل المنهج .

وحين يقول الحق سبحانه : {  وأغرقنا الذين كذبوا بآياتنا .  . ( 73 ) }[ يونس ] : فهو يعلّمنا أنه أغرق من كذبوا بالآيات الكونية ولم يلتفتوا إلى بديع صنعه سبحانه ،  وحكمه تكوين هذه الآيات ،  وترتيبها ورتابتها(  ) ،  هو أيضا كذبوا الآيات المعجزات ،  وكذلك كذبوا بآيات الأحكام التي جاءت بها رسلهم .

وينهي الحق سبحانه وتعالى هذه الآية بقوله : {  فانظر كيف كان عاقبة المنذرين(  ) ( 73 ) }[ يونس ]والخطاب هنا لكل من يتأتى منه النظر ،  وأولهم سيدنا محمد صلى الله عليه وسلم ،  وهو أول مخاطب بالقرآن .

وأنت حين تقول :  "" انظر ""  ؛  فأنت تلفت إلى أمر حسي ،  إن وجهت نظرك نحوه جاء الإشعاع من المنظور إليه ،  وليرسم أبعاد الشيء ؛  فتراه .

والكلام هنا عن أمور غائبة ،  فهي أحداث حسية وقعت مرة واحدة ثم صارت خبرا ،  فإن أخبرك بها مخبر فيكون تصديقك بها على مقدار الثقة فيه .

فمن رأى عصا موسى-عليه السلام-وهي تلقف الحبال التي ألقاها السحرة ؛  آمن بها ،  مثلما آمن من شاهد النار عاجزة عن إحراق إبراهيم عليه السلام ،  ومن رأى عيسى عليه السلام وهو يشفي الأكمة والأبرص(  ) ويحي الموتى بإذن الله تعالى ،  فقد آمن بها رأى ،  أما من لم ير تلك المعجزات فإيمانه يتوقف على قدر توثيقه لمن أخبر ،  فإن كان المخبر بذلك هو الله سبحانه وفي القرآن الكريم فإيماننا بتلك المعجزات هو أمر حتمي ؛  لأننا آمنا بصدق المبلغ عن الله تعالى .

ونحن نفهم أن الرسالات السابقة على رسالة محمد صلى الله عليه وسلم ،  كانت رسالات موقوتة زمانا ومكانا ،  لكن الإسلام جاء لينتظم الناس الموجه إليهم منذ أن أرسل الله رسوله محمدا صلى الله عليه وسلم إلى أن تقوم الساعة .

لذلك جاء القرآن آيات باقيات إلى أن تقوم الساعة ،  وهذا هو السبب في أن القرآن قد جاء معجزة عقلية دائمة يستطيع كل من يدعو إلى منهج رسول الله صلى الله عليه وسلم أن يقول :  محمد رسول من عند الله تعالى ،  وتلك هي معجزته .

وساعة يقول الحق سبحانه : {  فانظر } فمثلها مثل قول الحق سبحانه وتعالى لرسوله صلى الله عليه وسلم : {  ألم تر كيف فعل ربك بأصحاب الفيل(  )( 1 ) }[ الفيل ] .

وحادثة الفيل قد حدثت في العام الذي ولد فيه رسول الله صلى الله عليه وسلم ،  وبطبيعة الحال فسيدنا رسول الله صلى الله عليه وسلم لم ير حادثة الفيل ،  ولكن الذين رأوها هم الذين كانوا يعيشون وقتها ،  وهذا ما يلفتنا إلى فارق الأداء ،  فعيونك قد ترى أمرا ،  وأذنك قد تسمع خبرا ،  ولكن من الجائز أن تخدعك حواسك ،  أما الخبر القادم من الله تعالى ،  وإن كان غائبا عنك الآن وغير مسموع لك فخذه على أنه أقوى من رؤية العين .

ولقائل أن يقول :  لماذا لم يقل الحق :  "" ألم تعلم ""  وجاء بالقول : {  ألم تر .  . ( 1 ) }[ الفيل ] :

وأقول :  ليدلنا الله سبحانه على أن العلم المأخوذ من الله تعالى عن أمر غيبي عليك أن تتلقاه بالقبول أكثر من تلقيك لرأى العين .

إذن : {  فانظر } تعني :  اعلم الأمر وكأنه مجسم أمامك ؛  لأنك مؤمن بالله تعالى وكأنك تراه ،  ومبلغك عن الله سبحانه هو رسول تؤمن برسالته ،  وكل خبر قادم من الله تعالى ورسوله صلى الله عليه وسلم لا يمكن أن يتسرب إليه الشك ،  ولكن الشك لا يمكن أن يتسرب إلى المخبر الصادق أبدا .

ولقائل أن يقول :  ولماذا لم يقل الحق :  "" فانظر كيف كان عاقبة الكافرين ""  بدلا من قول الحق سبحانه : {  فانظر كيف كان عاقبة المنذرين( 73 ) } ؟ [ يونس ] ، وهنا نقول :

إن الحق سبحانه وتعالى قد بين أنه لن يعذب قبل أن ينذر(  ) ،  فهو قد أنذر أولا ،  ولم يأخذ القوم على جهلهم .

 "" فانظر "" -كما نعلم- هي خطاب لرسول الله صلى الله عليه وسلم ،  وخطاب رسول الله صلى الله عليه وسلم يشمل أمته أيضا ،  وجاء هذا الخبر تسلية لرسول الله صلى الله عليه وسلم ،  فإن صادف من قومك يا محمد ما صادف قوم نوح-عليه السلام-فاعلم أن عاقبتهم ستكون كعاقبة قوم نوح .

وفي هذا تحذير وتخويف للمناوئين لرسول الله صلى الله عليه وسلم ."
10,74,"ويقول الحق سبحانه بعد ذلك :

{  ثم بعثنا من بعده رسلا إلى قومهم فجاءوهم بالبينات(  ) فما كانوا ليؤمنوا بما كذبوا به من قبل كذلك نطبع(  ) على قلوب المعتدين( 74 ) } :

وكلمة "" بعث ""  هنا تستحق التأمل ،  فالبعث إنما يكون لشيء كان موجودا ثم انتهى ،  فيبعثه الله تعالى .

وكلمة  "" بعثنا ""  هذه تلفتنا إلى أن الحق سبحانه أول ما خلق الخلق أعطى المنهج لآدم عليه السلام ،  وأبلغه آدم لأبنائه ،  وكل طمس أو تغيير من البشر للمنهج(  ) هو إماتة للمنهج .

وحين يرسل الحق سبحانه رسولا ،  فهو لا ينشىء منهجا ،  بل يبعث ما كان موجودا ،  ليذكر الفطرة السليمة .

وهذا هو الفرق بين أثر كلمة  "" البعث ""  عن كلمة  ""  الإرسال ""  ،  فكلمة البعث تشعرك بوجود شيء ،  ثم انتهاء الشيء ،  ثم بعث ذلك الشيء من جديد ،  ومثله مثل البعث في يوم القيامة ،  فالبشر كانوا يعيشون وسيظلون في تناسل وحياة وموت إلى يوم البعث ،  ثم يموت كل الخلق ليبعثوا للحساب .

ولم يكن من المعقول أن يخلق الله سبحانه البشر ،  ويجعل لهم الخلافة في الأرض ،  ثم يتركهم دون منهج ؛  وما دامت الغفلة قد طرأت عليهم من بعد آدم-عليه السلام- جاء البعث للمنهج على ألسنة الرسل(  ) المبلغين عن الله تعالى .

وبعد نوح-عليه السلام-بعث الحق سبحانه رسلا ،  وهنا يقول الله سبحانه وتعالى :

{  ثم بعثنا من بعده .  . ( 74 )[ يونس ] : أي :  من بعد نوح ،  فمسألة نوح-عليه السلام-هنا تعني مقدمة الركب الرسالي ؛  لأن نوحا عليه السلام قد قالوا عنه أنه رسول عام للناس جميعا أيضا ،  مثله مثل محمد صلى الله عليه وسلم ،  وهو لم يبعث رسولا عاما للناس جميعا ،  بل كان صعوده إلى السفينة هو الذي جعله رسولا لكل الناس ؛  لأن سكان الأرض أيامها كانوا قلة .

والحق سبحانه قد أخذ الكافرين بذنبهم وأنجى المؤمنين من الطوفان ،  وكان الناس قسمين :  مؤمنين ،  وكافرين ،  وقد صعد المؤمنون إلى السفينة ،  وأغرق الحق سبحانه الكافرين .

وهكذا صار نوح-عليه السلام- رسولا عاما بخصوصية من بقوا وهم المرسل إليهم بخصوصية الزمان والمكان(  ) .

وهنا يقول الحق سبحانه : ثم بعثنا من بعده رسلا على قومهم .  . ( 74 ) }[ يونس ] : فهل قص الله تعالى كل أخبار الرسل عليهم السلام ؟  لا ؛  لأنه سبحانه وتعالى هو القائل : {  منهم من قصصنا عليك ومنهم من لم نقصص عليك .  . ( 78 ) }[ غافر ] .

وجاء الحق عز وجل بقصص أولى العزم منهم(  ) ،  مثلما قال سبحانه : {  وأرسلناه على مائة ألف أو يزيدون(  )( 147 ) }[ الصافات ] .

فمن أرسله الله تعالى إلى من هم أقل من مائة ألف ،  فقد لا يأتي ذكره ،  ونحن نعلم أن الرسول إنما كان يأتي للأمة المنعزلة ؛  لأن العالم كان على طريقة الانعزال ،  فنحن مثلا منذ ألف عام لم نكن نعلم بوجود قارة أمريكا ،  بل ولم نعلم كل القارات والبلاد إلا بعد المسح الجوي في العصر الحديث ،  وقد توجد مناطق في العالم نعرفها كصورة ولا نعرفها كواقع .

ونحن نعلم أن ذرية آدم-عليه السلام- كانت تعيش على الأرض ،  ثم انساحت(  ) في الأرض ؛  لأن الأقوات التي كانت تكفي ذرية آدم على عهده ،  لم تعد تكفي بعدما اتسعت الذرية ،  فضاق الرزق في رقعة الأرض التي كانوا عليها ،  وانساح بعضهم إلى بقية الأرض .

والحق سبحانه هو القائل : {  ومن يهاجر في سبيل الله يجد في الأرض مراغما كثيرا وسعة(  ) .  . ( 100 ) }[ النساء ] . وهكذا انتقل بعض من ذرية آدم-عليه السلام- إلى مواقع الغيث(  ) ،  فالهجرة تكون إلى مواقع المياه ؛  لأنها أصل الحياة .

ويلاحظ مؤرخو الحضارات أن بعض الحضارات نشأت على جوانب الأنهار والوديان ،  أما البداوة فكانت تتفرق في الصحارى ،  مثلهم مثل العرب ،  وكانوا في الأصل يسكنون عند سد مأرب ،  وبعد أن تهدم السد وأغرق الأرض ،  خاف الناس من الفيضان ؛  لأن العدوَّين اللذين لم يقدر عليهما البشر هما النار والماء .

وحين رأى الناس اندفاع الماء ذهبوا على الصحارى ،  وحفروا الآبار التي أخذوا منها الماء على قدر حاجتهم ؛  لأنهم عرفوا أنهم ليسوا في قوة المواجهة مع الماء .

وهكذا صارت الانعزالات بين القبائل العربية ،  ومثلها كانت في بقية الأرض ،  ولذلك اختلفت الداءات باختلاف الأمم ؛  ولذلك بعث الحق سبحانه إلى كل أمة نذيرا ،  وهو سبحانه القائل : {  وإن من أمة خلا فيها نذير(  ) .  . ( 24 ) }[ فاطر ] . وقص علينا الله سبحانه قصص بعضهم ،  ولم يقصص قصص البعض الآخر .

يقول الحق سبحانه : {  منهم من قصصنا عليك ومنهم من لم نقصص عليك وما كان لرسول أن يأتي بآية إلا بإذن الله .  . ( 78 ) }[ غافر ] ، وهنا يقول الحق سبحانه : {  ثم بعثنا من بعده رسلا على قومهم فجاءوهم بالبينات .  . ( 74 ) }[ يونس ] .

فهل هؤلاء هم الرسل الذين لم يذكرهم الله ؟  لا ؛  لأن الحق سبحانه أرسل بعد ذلك هدا إلى قوم عاد ،  وصالحا إلى ثمود ،  وشعيبا إلى مدين ،  ولم يأت بذكر هؤلاء هنا ،  بل جاء بعد نوح-عليه السلام-بخبر موسى عليه السلام ،  وكأنه شاء سبحانه هنا أن يأتي لنا بخبر عيون الرسالات(  ) .

وما دام الحق سبحانه قد أرسل رسلا إلى قوم ،  فكل قوم كان لهم رسول ،  وكل رسول بعثه الله تعالى إلى قومه .

وكلمة  "" قوم "" (  ) في الآية جمع مضاف ،  والرسل جمع ،  ومقابلة الجمع بالجمع تقتضي القسمة آحادا ،  مثلما نقول :  هيا اركبوا سياراتكم ،  والخطاب لكم جميعا ،  ويعني :  أن يركب كل واحد منكم سيارته .

وجاء كل رسول إلى قومه بالبينات ،  أي :  بالآيات الواضحات الدالة على صدق بلاغهم عن الله تعالى .

ثم يقول الحق سبحانه في نفس الآية : {  فما كانوا ليؤمنوا بما كذبوا به من قبل كذلك نطبع على قلوب المعتدين( 74 ) } : أي :  أن الناس جميعهم لو آمنوا لانقطع الموكب الرسالي ،  فموكب إيمان كل البشر لم يستمر ،  بل جاءت الغفلة(  ) ،  وطبع الله تعالى على قلوب المعتدين .  والطبع-كما نعلم-هو الختم .

ومعنى ذلك أن القلب المختوم لا يخرج ما بداخله ،  ولا يدخل إليه ما هو خارجه ؛  فما دام البعض قد عشق الكفر فقد طبع الله سبحانه على هذه القلوب ألا يدخلها إيمان ،  ولا يخرج منها الكفر ،  والطبع هنا منسوب لله تعالى .

وبعض الذين يتلمسون ثغرات في منهج الله تعالى يقولون :  إن سبب كفرهم هو أن الله هو الذي طبع على قلوبهم .

ونقول :  التفتوا إلى أنه سبحانه بيَّن أنه قد طبع على قلوب المعتدين ،  فالاعتداء قد وقع منهم أولا ،  ومعنى الاعتداء أنهم لم ينظروا في آيات الله تعالى ،  وكفروا بما نزل إليهم من منهج ،  فهم أصحاب السبب في الطبع على القلوب بالاعتداء والإعراض .

وجاء الطبع لتصميمهم على ما عشقوه وألفوه ،  والحق سبحانه وتعالى هو القائل في الحديث القدسي :  "" أنا أغنى الشركاء عن الشرك "" (  ) .

ولله المثل الأعلى ،  فأنت تقول لمن يسدر(  ) في غيه :  ما دمت تعشق ذلك الأمر فاشبع به .

ومثل هؤلاء الذين طبع الله سبحانه وتعالى على قلوبهم ،  مثل الذين كذبوا من قبل وكانوا معتدين ."
10,75,"ويقول الحق سبحانه بعد ذلك :

{  ثم بعثنا من بعدهم موسى وهارون إلى فرعون وملأيه(  ) بآياتنا فاستكبروا وكانوا قوما مجرمين( 75 ) } :

وكل من موسى وهارون-عليهما السلام- رسول ،  وقد أخذ البعث لهما مراحل ،  والأصل فيها أن الله تعالى قال لموسى-عليه السلام : {  وأنا اخترتك فاستمع لما يوحى( 13 ) }[ طه ] ، وقال الحق سبحانه وتعالى لموسى-عليه السلام : {  اذهبا إلى فرعون إنه طغى( 43 ) }[ طه ] ، ثم سأل موسى-عليه السلام- ربه سبحانه وتعالى أن يشد عضده بأخيه ،  فقال الحق سبحانه وتعالى : {  قد أوتيت سؤلك يا موسى( 36 ) }[ طه ] : لأن موسى-عليه السلام-أراد أن يفقه قوله ،  وقد رجى موسى ربه سبحانه وتعالى بقوله : {  واحلل عقدة(  ) من لساني( 27 ) يفقهوا قولي( 28 ) }[ طه ] .

وبعد ذلك جاء تكليف هارون بالرسالة مع موسى عليه السلام .

وقال الحق سبحانه : {  اذهب إلى فرعون إنه طغى(  )( 24 ) }[ طه ] :

فالأصل-إذن-كانت رسالة موسى-عليه السلام- ثم ضم الله سبحانه هارون إلى موسى إجابة لسؤال موسى ،  والدليل على ذلك أن الآيات كلها المبعوثة في تلك الرسالة كانت بيد موسى ،  وحين يكون موسى هو الرسول ،  وينضم إليه هارون ،  لا بد –إذن-أن يصبح هارون رسولا .

ولذلك نجد القرآن معبرا عن هذا : {  إنا رسولا ربك .  . ( 47 ) }[ طه ] : أي :  أنهما رسولان من الله .

وفي آية أخرى يقول الحق سبحانه : {  فأتيا فرعون فقولا إنا رسل رب العالمين( 16 ) }[ الشعراء ] : فهما الاثنان مبعوثان في مهمة واحدة ،  وليس لكل منهما رسالة منفصلة ،  بل رسالتهما واحدة لم تتعدد ،  وإن تعدد المرسل فكانا موسى وهارون .  ومثال ذلك-ولله المثل الأعلى-حين يوفد ملك أو رئيس وفدا إلى ملك آخر ،  فيقولون :  نحن رسل الملك فلان .

وفي رسالة موسى وهارون نجد الأمر البارز في إلقاء الآيات كان لموسى .  ولكن هارون له أيضا أصالة رسالية ؛  لذلك قال الحق سبحانه : {  إنا رسولا .  . ( 47 ) }[ طه ] :

ذلك أن فرعون كان متعاليا سمجا(  ) رذل(  ) الخلق ،  فإن تكلم هارون ليشد أزر(  ) أخيه ،  فقد يقول الفرعون :  وما دخلك أنت ؟

ولكن حين يدخل عليه الاثنان ،  ويعلنان أنهما رسولان ،  فإن رد فرعون هارون ،  فكأنه يرد موسى أيضا .

أقول ذلك حتى نغلق الباب على من يريد أن يتورك(  ) القرآن متسائلا :  ما معنى أن يقول القرآن مرة  "" رسول ""  ومرة  "" رسولا ""  ؟  وفي هذا رد كاف على هؤلاء المتوركين .

ويقول الحق سبحانه هنا في الآية التي نحن بصدد خواطرنا عنها : {  ثم بعثنا من بعدهم موسى وهارون إلى فرعون وملئه بآياتنا فاستكبروا .  . ( 75 ) }[ يونس ] : والملأ :  هو أشراف القوم ووجوهه وأعيانه والمقربون من صاحب السيادة العليا ،  ويقال لهم :  "" ملأ ""  ؛  لأنهم هم الذين يملأون العيون ،  أي :  لا ترى العيون غيرهم .

وفرعون-كما نعلم- لم يصبح فرعونا إلا بالملأ ؛  لأنهم هم الذين نصبوه عليهم ،  وكان  "" هامان ""  مثلا يدعم فكرة الفرعون ،  وكان الكهنة يؤكدون أن الفرعون إله .

ولكل فرعون ملأ يصنعونه ،  والمثل الشعبي في مصر يقول :  "" قالوا لفرعون من فرعنك ،  قال :  لم أجد أحدا يردني ""  .

أي :  أنه لم يجد أحدا يقول له :  تعقل .  ولو وجد من يقول له ذلك لما تفرعن .

والآيات(  ) التي بعث بها الله سبحانه إلى فرعون وملئه مع موسى وهارون من المعجزات الدالة على صدق نبوة موسى وهارون-عليهما السلام ،  وفيها ما يلفت إلى صدق البلاغ عن الله .

أو أن الآيات هي المنهج الذي يثبت وجود الخالق الأعلى ،  لكن فرعون وملأه استكبروا .  والاستكبار :  هو طلب الكبر ،  مثلها مثل  "" استخرج ""  أي :  طلب الإخراج ،  ومثل  "" استفهم ""  أي :  طلب الفهم .  ومن يطلب الكبر إنما يفتعل ذلك ؛  لأنه يعلم أن مقوماته لا تعطيه هذا الكبر .

وينهي الحق سبحانه هذه الآية بقوله : {   .  . وكانوا قوما مجرمين( 75 ) }[ يونس ] : وشر الإجرام هو ما يتعدى على النفس ،  فقد يكون من المقبول أن يتعدى إجرام الإنسان إلى أعدائه ،  أما أن يتعدى الإجرام إلى النفس فهذا أمر لا مندوحة(  ) له ،  وإجرام فرعون وملئه أودى بهم إلى جهنم خالدين مخلدين فيها ملعونين ،  وفي عذاب عظيم ومهين ."
10,76,"ويقول الحق سبحانه بعد ذلك :

{  فلما جاءهم الحق من عندنا قالوا عن هذا لسحر(  ) مبين( 76 ) } :

وقد جاءهم الحق على لسان الرسل-عليهم السلام-وعلى كل إنسان أن يفهم أنه حين يستقبل من الرسول رسالة الحق ،  فليفهم أنها رسالة ليست ذاتية الفكر من الرسول ،  بل قد أرسله بها الله الخالق الأعلى سبحانه وتعالى .

ولذلك فالمتأبى(  ) على الرسول ،  لا يتأبَّى على مساو له ؛  لأن الرسول هو مبلغ عن الله تعالى ،  والله سبحانه هو الذي بعثه ،  ويجب على الإنسان أن يعرف قدر البلاغ القادم من الله الحق ؛  لأنه سبحانه هو الحق الأعلى ،  وهو الذي خلق كل شيء بالحق :  سماء مخلوقة بالحق ،  وأرض مخلوقة بالحق ،  وشمس تجري بالحق ،  ومطر ينزل بالحق ،  وكل شيء ثابت ومتحرك بقوانين أرادها الحق سبحانه .

ولو سيطر الإنسان-دون منهج-على قوانين الكائنات لأفسدها ؛  لأن الفساد إنما يأتي مما للإنسان دخل فيه ،  ويدخل إليه بدون منهج الله .

والفساد إنما يجيء من ناحية اختيار الإنسان للبدائل التي لا يخضع فيها لمنهج الله تعالى .

ولذلك إن أردتم أن تستقيم حياتكم استقامة الكائنات العليا التي لا دخل لكم فيه ،  فامتثلوا لمنهج الحق وميزانه ؛  لأنه سبحانه هو القائل : {  والسماء رفعها ووضع الميزان( 7 ) ألا تطغوا في الميزان(  )( 8 ) }[ الرحمن ] :  أي :  إن كنتم تريدون أن تعتدل أموركم ،  وتنضبط انضباط الكائنات الأخرى فلتكن إرادة الاختيار المخلوقة لكم خاضعة لمنهج الله تعالى ،  وتسير في إطار هذا المنهج الرباني .

وحين نتأمل قول الحق سبحانه : {  فلما جاءهم الحق من عندنا .  . ( 76 ) }[ يونس ] :

نجد في هذا القول توجيها إلى أن الحق لم يأت من ذوات الرسل ؛  فهذه الذوات لا دخل لها في الموضوع ،  وإياك أن تهاجم رسالة حق جاءتك من إنسان لا تحبه ،  بل ناقش الحق في ذاته ،  ولا تدخل في متاهة البحث عمن جاء بهذا الحق ،  وانظر إلى من كفروا بمحمد رسول الله صلى الله عليه وسلم ،  فهم من قالوا : {  لولا نزل هذا القرآن على رجل من القريتين عظيم(  ) .  . ( 31 ) }[ الزخرف ] : وهم بذلك قد أدخلوا النازل عليه القرآن في الحكم ،  مع أن العقل كان يقتضي أن ينظروا إلى القرآن(  ) في ذاته ،  وأن يأخذوا الحكمة من أي وعاء خرجت .

وعليك أنت أن تستفيد من هذا الأمر ،  وخذ الحكمة من أي قائل لها ،  ولا تنظر إلى من جاءت الحكمة منه ،  فإن كنت تكرهه فأنت ترفض أن تأخذ الحكمة منه ،  وإن كنت تحبه أخذتها .  لا ،  إن عليك أن تأخذ الحكمة ما دامت قد جاءت بالحق ؛  لأنك إن لم تأخذها أضعت نفسك(  ) .

والحق هو الشيء الثابت ،  وإن ظهر في بعض الأحيان أن هناك من طمس الحق ،  وأن الباطل تغلب عليه ،  فهذا يعني ظهور المفاسد ؛  فيصرخ الناس طالبين الحق .

وانتشار المفاسد هو الذي يجعل الناس تستدعي الحق ،  وتتحمس له ؛  لأن الباطل حين يعضُّ الناس ،  تجدهم يتجهون إلى الحق ليتمسكوا به .

والحق سبحانه هو القائل : {  أنزل من السماء ماء فسالت أودية بقدرها فاحتمل السيل زبدا(  ) رابيا(  ) ومما يوقدون عليه في النار ابتغاء حلية أو متاع زبد مثله كذلك يضرب الله الحق والباطل فأما الزبد فيذهب جفاء(  ) وأما ما ينفع الناس فيمكث في الأرض كذلك يضرب الله الأمثال(  ) ( 17 ) }[ الرعد ] : والحق سبحانه هنا يضرب المثل النازل كسيل من السماء على الجبال ،  فيأخذ كل واد أسفل الجبال على قدر احتماله ،  ويرتوي الناس ،  وترتوي الأرض ،  لكن السيل في أثناء نزوله على الجبال إنما يحمل بعضا من الطمي ،  والقش ،  ويستقر الطمي في أرض الأودية ؛  لتستفيد منه ،  أما القش والقاذورات فتطفو على سطح الماء ،  وتسمى تلك الأشياء الطافية زبدا ،  وساعة تضعها في النار ،  فهي تصدر أصواتا تسمى ( الطشطشة ) .

ومثال ذلك :  حين نوقد النار ؛  لنصهر الحديد ،  نجد الخبث هو الذي يطفو ،  ويبقى الحديد النقي في القاع .

هذا الزبد الذي يوجد فوق الماء ينزاح على الجوانب ،  ومثال ذلك :  ما نراه على شواطئ البحر حين يقذف الموج بقاذورات على الشاطئ ،  هذه القاذورات التي ألقتها البواخر ،  فيلفظها البحر بالموج ،  وهذا الزبد يذهب جفاء ،  أما ما ينفع الناس فيبقى في الأرض ؛  لذلك يقول الحق سبحانه : {  كذلك يضرب الله الحق والباطل .  . ( 17 ) }[ الرعد ] : إذن :  فالله سبحانه يترك للباطل مجالا ،  ولكن لا يسلم له الحق ،  بل يترك الباطل ؛  ليحفز غيرة الناس على الحق ،  فإن لم يغاروا على الحق غار هو عليه(  ) .

وهنا يقول الحق سبحانه وتعالى : {  فلما جاءهم الحق من عندنا قالوا إن هذا لسحر مبين( 76 ) }[ يونس ] : ولأنهم كانوا مشهورين بالسحر ؛  ظنوا أن الآيات التي جاءت مع موسى-عليه السلام-هي السحر المبين ،  أي :  السحر الظاهر الواضح ."
10,77,"ويقول الحق سبحانه بعد ذلك :

{  قال موسى أتقولون للحق لما جاءكم أسحر هذا ولا يفلح الساحرون( 77 ) } :

وفي هذه الآية ما يوضح رد سيدنا موسى عليه السلام : {  أتقولون للحق لما جاءكم أسحر هذا .  . ( 77 ) }[ يونس ] : والذين يتوركون على القرآن يقولون :  كيف يأتي القرآن ليؤكد أنهم قالوا إن هذا لسحر مبين ،  ثم يأتي في الآية التي بعدها ليقول إنهم قالوا متسائلين :  أسحر هذا ؟

وفهم هؤلاء الذين يتوركون على القرآن أن كلمة {  أسحر هذا } من كلماتهم ،  ولكن هذا هو قول موسى عليه السلام ،  وكأن موسى عليه السلام قد تساءل ؛  ليعيدوا النظر في حكمهم :  هل ما جاء به سحر ؟  وهذا استفهام استنكاري ،  وأريد به أن يؤكد أن هذا ليس بسحر ،  ولكن جاء بصيغة التساؤل ؛  لأنه واثق أن الإجابة الأمنية ستقول :  إن ما جاء به ليس سحرا .

ولو جاء كلام موسى- عليه السلام- كمجرد خبر لكان يحتمل الصدق ،  ويحتمل الكذب ،  لكنه جاء بصيغة الاستفسار ؛  لأن المكذب له سيجيب بلجلجة(  ) .

ومثال ذلك-ولله المثل الأعلى-أنت حين تذهب لشراء قماش ،  فيقول لك البائع :  إنه صوف خالص ونقي ،  فتمسك بعود كبريت وتشعل النار في خيط من القماش ،  فإن احترق الصوف كما يحترق البلاستيك أو القماش الصناعي ،  فأنت تقول للبائع :  وهل هذا صوف نقي يا رجل ؟  وهنا لن يجب البائع إلا بالموافقة ،  أو بصمت العاجز عن حجب الحقيقة .

إذن :  أنت إن طرحت الأمر باستفهام إنكاري فهذا أبلغ من أن تقوله كخبر مجرد ؛  لأن السامع لك لا بد أن يجيب .

وقول الحق سبحانه وتعالى على لسان موسى عليه السلام : {  أتقولون للحق لما جاءكم .  . ( 77 ) }[ يونس ] : يفيد ضرورة النظر إلى الحق مجردا عمن جاء به .

ولذلك لم يقل موسى عليه السلام :  أتقولون للحق لما جئناكم به :  إنه سحر مبين ؟

إن القول الحكيم الوارد في الآية الكريمة هو تأكيد على ضرورة النظر إلى الحق مجردا عمن جاء به .

وينهي الحق سبحانه هذه الآية بقوله : {   .  . أسحر هذا ولا يفلح الساحرون( 77 ) }[ يونس ] : إذن :  فسيدنا موسى-عليه السلام-قد أصدر الحكم بأن السحر لا ينفع ،  ولكن الآيات التي جاء بها من الحق سبحانه قد أفلحت ،  فقد ابتلعت عصاه-التي صارت حية-كل ما ألقوه من حبالهم ؛  وكل ما صنعوه من سحر(  ) .

وأراد الحق سبحانه لعصا موسى أن تكون آية معجزة(  ) من جنس ما نبغ فيه القوم .

فالله سبحانه حين يرسل معجزة على قوم ؛  يجعلها من جنس ما نبغوا فيه ؛  لتكون المعجزة تحديا في المجال الذي لهم به خبرة ودربة(  ) ودراية ؛  فأنت لن تتحدى رجلا لا علم له بالهندسة ؛  ليبني لك عمارة ،  ولكنك تتحدى مهندسا أن يبني لك هرما ؛  لأن العلوم المعاصرة لم تتوصل إلى بعض ما اكتشفه القدماء ولم يسجلوه في أوراقهم ،  أو لم يعثر على كشف يوضح كيف فرغوا الهواء بين كل حجر وآخر فتماسكت الحجارة .

وقول الحق سبحانه وتعالى هنا : {   .  . ولا يفلح الساحرون( 77 ) }[ يونس ] : يبين لنا أن الفلاح مأخوذ من العملية الحسية التي يقوم بها الفلاح من جهد في حرث الأرض ووضع البذور ،  وري الأرض وانتظار الثمرة بعد بذل كل ذلك الجهد .

والفلاح أيضا مأخوذ من فلح الحديد ،  أي :  شق الحديد ،  ككتل أو كقطع ،  ولا يصلح إلا إذا أخذ الحديد الشكل المناسب للاستعمال .

وقول الحق سبحانه : {  ولا يفلح الساحرون .  . ( 77 ) }[ يونس ] : هو لفت لنا أن السحر نوع من التخييل ،  وليس حقيقة واقعة .

ولذلك قال الحق سبحانه في موضع آخر من القرآن : {  سحروا أعين الناس .  . ( 116 ) }[ الأعراف ] .

وقال الحق سبحانه أيضا : {   .  . فإذا حبالهم وعصيهم يخيل إليه من سحرهم أنها تسعى( 66 ) }[ طه ] : إذن :  فالسحر هو التخييل فقط(  ) وليس تغييرا للحقيقة .

ولأن معجزة موسى-عليه السلام-تحدت كل القدرات(  ) ؛  لذلك أعلن فرعون التعبئة العامة بين كل من له علاقة بالسحر ،  الذي هم متفوقون فيه ،  أو حتى من لهم شبهة معرفة بالسحر(  ) .

ولأن السحر مجرد تخييل ،  وجدنا السحرة حين اجتمعوا وألقوا حبالهم وعصيهم ،  ثم ألقى موسى عصاه ،  فإذا بعصاه قد تحولت إلى حية تلقف(  ) ما صنعوا ،  وهنا ماذا فعل السحرة ؟  يقول الحق سبحانه وتعالى في سورة طه : {  فألقى السحرة سجدا قالوا آمنا برب هارون وموسى( 70 ) }[ طه ] : لأن الساحر يرى ما يفعله على حقيقته ،  وهم خيلوا لأعين الناس ،  لكنهم يرون حبالهم مجرد حبال أو عصيهم مجرد عصى .

أما عصى موسى-عليه السلام-فلم تكن تخييلا ،  بل وجدها السحرة حية حقيقية ،  ولقفت بالفعل ما صنعوا ؛  لذل خروا(  ) ساجدين ،  وأعلنوا الإيمان برب موسى وهارون .

هم-إذن-لم يعلنوا الإيمان بموسى وهارون ،  بل أعلنوا الإيمان : {  برب هارون وموسى .  . ( 70 ) }[ طه ] : لأنهم عرفوا بالتجربة أن ما ألقاه موسى ليس سحرا ،  بل هو من فعل خالق أعلى .

وكان ثبات موسى-عليه السلام-في تلك اللحظة نابعا من التدريب الذي تلقَّاه من ربه ،  فقد سأله الحق سبحانه : {  وما تلك بيمينك يا موسى( 17 ) قال هي عصاي أتوكأ(  ) عليها وأهش(  ) بها على غنمي .  . ( 18 ) }[ طه ] .

وقد أجمل موسى وفصل في الرد على الحق سبحانه ؛  إيناسا وإطالة للأنس بالله تعالى ،  وحين رأى أنه أطال الإيناس أوجز وقال بأدب : {   .  . ولي فيها مآرب(  ) أخرى( 18 ) }[ طه ] : إذن :  فقد أدركته أولا شهوة الأنس بالله تعالى ،  وأدرك ثانيا أدب التخاطب مع الله تعالى ،  ودرَّبه الحق سبحانه على مسألة العصا حين أمره أولا أن يلقيها ،  فصارت أمامه حية تسعى ،  ولو كانت من جنس السحر لما أوجس(  ) منها خيفة ولرآها مجرد عصا .

إذن :  فالفرق بين معجزة موسى وسحرة فرعون ،  أن سحرة فرعون سحروا أعين الناس وخيل إلى الناس من سحرهم أن عصيهم وحبالهم تسعى ،  لكن معجزة موسى-عليه السلام-في إلقاء العصا ،  عرفوا هم بالتجربة أن تلك العصا قد تغيرت حقيقتها .

والعصا-كما نعلم- أصلها فرع من شجرة ،  وكان باستطاعة الحق سبحانه وتعالى أن يجعلها تتحول إلى شجرة مثمرة ،  لكنها كانت ستظل نباتا .

وشاء الحق سبحانه أن ينقلها إلى المرتبة الأعلى من النبات ؛  وهي المرحلة الحيوانية ،  فصارت حية تلقف كل ما ألقاه السحرة ."
10,78,"ويقول الحق سبحانه بعد ذلك :

{  قالوا أجئتنا لتلفتنا(  ) عما وجدنا عليه آباءنا وتكون لكما(  ) الكبرياء(  ) في الأرض وما نحن لكما بمؤمنين( 78 ) } :

وهنا نجد سحرة فرعون ينسبون مجيء معجزة تحول العصا إلى حية ،  ينسبونها لموسى-عليه السلام-رغم أمن موسى عليه السلام قد نسب مجيء المعجزة إلى الله تعالى .

وكان واجب المرسل إليه-فرعون وملئه أن ينظر إلى ما جاءه به الرسول ،  لا إلى شخصية الرسول(  ) .

ولو قال فرعون لموسى :  "" جيء بك ""  لكان معنى ذلك أن فرعون يعلن الإيمان بأن هناك إلها أعلى ،  ولكن فرعون لم يؤمن لحظتها ؛  لذلك جاء قوله : {  أجئتنا } فنسب المجيء على لسان فرعون لموسى عليه السلام .

ولماذا المجيء ؟

يقول الحق سبحانه على لسان فرعون وقومه : {  أجئتنا لتلفتنا عما وجدنا عليه آباءنا .  . ( 78 ) }[ يونس ] : والالتفات هو تحويل الوجه عن شيء مواجه له ،  وما دام الإنسان بصدد شيء ؛  فكل نظره واتجاهه يكون إليه ،  وكان قوم فرعون على فساد وضلال ،  وليس أمامهم إلا ذلك الفساد وذلك الضلال .

وجاء موسى عليه السلام ؛  ليصرف وجوههم عن ذلك الفساد والضلال ،  فقالوا : {  أجئتنا لتلفتنا عما وجدنا عليه آباءنا .  . ( 78 ) }[ يونس ] : وهكذا يكشفون حقيقة موقفهم ،  فقد كانوا يقلدون آباءهم ،  والتقليد يريح المقلّد ،  فلا يعمل عقله أو فكره في شيء ليقتنع به ،  ويبني عليه سلوكه(  ) .

والمثل العامي يصور هذا الموقف بعمق شديد حين يقول :  "" مثل الأطرش في الزفة ""  أي :  أن فاقد السمع لا يسمع ما يقال من أي جمهرة ،  بل يسير مع الناس حيث تسير ،  ولا يعرف له اتجاها .

والمقلد إنما يعطل فكره ،  ولا يختار بين البدائل ،  ولا يميز الصواب ليفعله ،  ولا يعرف الخطأ فيتجنَّبه .

وفرعون وملؤه كانوا على ضلال ،  هو نفس ضلال الآباء ،  والضلال لا يكلف الإنسان تعب التفكير ومشقة الاختيار ،  بل قد يحقق شهوات عاجلة .

أما تمييز الصواب من الخطأ وإتباع منهج السماء ،  فهو يحجب الشهوة ،  ويلزم الإنسان بعدم الانفلات عكس الضلال الذي يطيل أمد(  ) الشهوة . إذن :  فالمقلد بين حالتين :

الحالة الأولى :  أنه لا يعمل عقله ،  بل يفعل مثل من سبقوه ،  أو مثل من يحيا بينهم .

والحالة الثانية :  أنه رأى أن ما يفعله الناس لا يلزمه بتكليف ،  ولكن الرسول الذي يأتي إنما يلزمه بمنهج ،  فلا يكسب-على سبيل المثال- إلا من حلال ،  ولا يفعل منكرا ،  ولا يذم أحدا ،  وهكذا يقيد المنهج حركته ،  لكن إن اتبع حركة آبائه الضالين ،  فالحركة تتسع ناحية الشهوات .

ولذلك أقول دائما :  إن مسألة التقليد هذه يجب أن تلفت إلى قانون التربية ،  فالنشء ما دام لم يصل إلى البلوغ فأنت تلاحظ أنه بلا ذاتية ويقلد الآباء ،  لكن فور أن تتكون له ذاتية يبدأ في التمرد ،  وقد يقول للآباء :  أنتم لكم تقاليد قديمة لا تصلح لهذا الزمان ،  لكن إن تشرب النشء القيم الدينية الصحيحة ؛  فسيمتثل لقانون الحق ،  ويحجز نفسه عن الشهوات .

ونحن نجد أبناء الأسر التي لا تتبع منهج الله في تربية الأبناء وهم يعانون من أبنائهم حين يتسلط عليهم أقران(  ) السوء ،  فيتجهون إلى ما يوسع دائرة الشهوات من إدمان وغير ذلك من المفاسد .

لكن أبناء الأسر الملتزمة يراعون منهج الله تعالى ؛  فلا يقلدون أحدا من أهل السوء ؛  لأن ضمير الواحد منهم قد عرف التمييز بين الخطأ والصواب .

ثم إن تقليد الآباء قد يجعل الأبناء مجرد نسخ مكررة من آبائهم ،  أما تدريب وتربية الأبناء على إعمال العقل في كل الأمور ،  فهذه هي التنشئة التي تتطور بها المجتمعات إلى الأفضل إن اتبع الآباء منهج الله تعالى ،  وتتكون ذاتية الابن على ضوء منهج الحق سبحانه ،  فلا يتمرد الابن متجها إلى الشر ،  بل قد يتمرد إلى تطوير الصالح ليزيده صلاحا .

التقليد-إذن-يحتاج إلى بحث دقيق ؛  لأن الإنسان الذي سوف تقلده ،  لن يكون مسئولا عنك ؛  لأن الحق سبحانه وتعالى هو القائل : {  يا أيها الناس اتقوا ربكم واخشوا يوما لا يجزي والد عن والده ولا مولود هو جاز عن والده شيئا .  . ( 33 ) }[ لقمان ] : إذن :  فأمر الابن يجب أن يكون نابعا من ذاته ،  وكذلك أمر الأب ،  وعلى كل إنسان أن يعمل عقله بين البدائل(  ) .

ولذلك تجد القرآن الكريم يقول على ألسنة من قلدوا الآباء : {  وإذ قيل لهم اتبعوا ما أنزل الله قالوا بل نتبع ما ألفينا(  ) عليه آباءنا .  . ( 170 ) }[ البقرة ] : فإذا كانت المسألة مسألة تقليد ،  فلماذا يتعلم الابن ؟  ولماذا لا ينام الأبناء على الأرض ولا يشترون أسرة ؟  ولماذا ينجذبون على التطور في الأشياء والأدوات التي تسهل الحياة ؟

فالتقليد هو إلغاء العقل والفكر ،  وفي إلغائهما إلغاء التطور والتقدم نحو الأفضل .

إذن :  فالقرآن يحثنا على أن نستخدم العقل ؛  لنختار بين البدائل ،  وإذا كان المنهج قد جاء من السماء ،  فلتهتد بما جاء لك ممن هو فوقك ،  وهذا الاهتداء المختار هو السمو نحو الحياة الفاضلة .

يقول الحق سبحانه : {  وإذا قيل لهم تعالوا إلى ما أنزل الله وإلى الرسول قالوا حسبنا(  ) ما وجدنا عليه آباءنا .  . ( 104 ) }[ المائدة ] : أي :  أنهم أعلنوا أنهم في غير حاجة للمنهج السماوي فرد عليهم القرآن : {   .  . أو لو كان آباؤهم لا يعلمون شيئا ولا يهتدون( 104 ) }[ المائدة ] : وهكذا نجد أن القرآن قد جاء بموقفين في آيتين مختلفتين عن المقلدين :

الآية الأولى :  هي التي يقول فيها الحق سبحانه وتعالى : {   .  . بل نتبع ما ألفينا عليه آباءنا أو لو كان آباؤهم لا يعقلون شيئا ولا يهتدون( 170 ) } [ البقرة ] .

والآية الثانية :  هي قول الحق سبحانه وتعالى : {   .  . حسبنا ما وجدنا عليه آباءنا أو لو كان آباؤهم لا يعلمون شيئا ولا يهتدون( 104 ) } [ المائدة ] : وهم في هذه الآية أعلنوا الاكتفاء بما كان عليه آباؤهم .

وهناك فارق بين الآيتين ،  فالعاقل غير من لا يعلم ؛  لأن العاقل قادر على الاستنباط ،  ولكن من لا يعلم فهو يأخذ من استنباط غيره .

إذن :  فالذين اكتفوا بما عند آبائهم ،  وقالوا : {  حسبنا ما وجدنا عليه آباءنا .  . ( 104 ) }[ المائدة ] : هؤلاء هم الذين غالوا في الاعتزاز بما كان عند آبائهم ؛  لذلك جاء في آبائهم القول بأنهم لا يعلمون .

أي :  ليس لهم فكر ولا علم على الإطلاق ،  بل يعيشون في ظلمات من الجهل .

وهنا يقول الحق سبحانه على لسان فرعون وقومه : {  قالوا أجئتنا لتلفتنا عما وجدنا عليه آباءنا وتكون لكما الكبرياء في الأرض .  . ( 78 ) }[ يونس ] : أي :  هل جئت لتصرفنا ،  وتحوّل وجوهنا أو جهتنا أو طريقنا وتأخذنا عن وجهة آبائنا الذين نقلدهم } لتأخذ أنت وأخوك الكبرياء في الأرض ؟

وهكذا يتضح أنهم يعتقدون أن الكبرياء الذي لهم في الأرض قد تحقق لهم بتقليدهم آباءهم ،  وهم يحبون الحفاظ عليه ،  والأمر هنا يشمل نقطتين :

الأولى :  هي ترك ما وجدوا عليه الآباء .

والثانية :  هيب الكبرياء(  ) والعظمة في الأرض .

ومثال ذلك :  حين يقول مقاتل لآخر :  "" ارم سيفك ""  وهي تختلف عن قوله :  "" هات سيفك ""  ،  فرمي السيف تجريد من القوة ،  لكن أخذ السيف يعني إضافة سيف آخر إلى ما يملكه المقاتل الذي أمر بذلك .

وهم هنا وجدوا في دعوة موسى عليه السلام مصيبة مركبة .  الأولى :  هي ترك عقيدة الآباء .

والثانية :  هي سلب الكبرياء ،  أي :  السلطة الزمنية والجاه والسيادة والعظمة والائتمار(  ) ،  والمصالح المقضية ،  فكل واحد من بطانة(  ) الفرعون يأخذ حظه حسب اقترابه من الفرعون .

ولذلك أعلنوا عدم الإيمان ،  وقالوا ما ينهي به الحق سبحانه الآية الكريمة التي نحن بصددها : {  وما نحن لكما بمؤمنين( 78 ) }[ يونس ] : أي :  أن قوم فرعون والملأ أقرُّوا بما حرصوا عليه من مكاسب الدنيا والكبرياء فيها ،  ورفضوا الإيمان بما جاء به موسى وهارون-عليهما السلام ."
10,79,"ويقول الحق سبحانه بعد ذلك :

{  وقال فرعون ائتوني بكل ساحر عليم( 79 ) } :

وكان فرعون يعلم تقدم السحرة في دولته ،  ويكفي أنه شخصيا خيل للناس أنه إله ،  وجاء أمره أن يأتي أعوانه بالسحرة ،  فور أن قال الأمر جيء بالسحرة .

وأورد الحق سبحانه في الآية التي بعد ذلك :

{  فلما جاء السحرة قال لهم موسى القوا ما أنتم ملقون( 80 ) } :"
10,80,"وكأن المسافة بين نطق فرعون بالأمر وبين تنفيذ الأمر هي أضيق مسافة وقتية ،  وذلك حتى نفهم أن أمر صاحب السلطان لا يحتمل من الناس التأجيل أو التباطؤ في التنفيذ .

والقرآن حينما يعالج أمرا من الأمور فهو يعطي صورة دقيقة للواقع ،  ولا يأتي بأشياء تفسد الصورة .

يقول الحق سبحانه : {  فلما جاء السحرة قال لهم موسى ألقوا ما أنتم ملقون( 80 ) }[ يونس ] : وفي هذه الآية تلخيص للموقف كله ،  فحين علم السحرة أن فرعون يحتاجهم في ورطة(  ) تتعلق بالحكم ،  فهذه مسألة صعبة وقاسية ،  وعليهم أن يسرعوا إليه .

ولم يأت الحق سبحانه هنا بالتفصيل الكامل لذلك الموقف ؛  لأن القصة تأتي بنقاطها المختلفة في مواضع أخرى من القرآن ،  وكل آية توضح النقطة التي تأتي بذكرها(  ) .

لذلك لم يقل الحق سبحانه هنا :  إن أعوان فرعون نادوا في المدائن(  ) ليأتي السحرة ،  مثلما جاء في مواضع أخرى من القرآن(  ) .

ولم يقل لنا إن السحرة أرادوا أن يستفيدوا من هذه المسألة ،  وقالوا للفرعون(  ) :

{   .  . إن لنا لأجرا إن كنا نحن الغالبين( 113 ) }[ الأعراف ] : ووضع مثل هذا الشرط يوضح لنا بطبيعة العلاقات في ذلك المجتمع ،  فطلبهم للأجر ،  يعني أن عملهم مع الفرعون من قبل ذلك كان تسخيرا وبدون أجر ،  ولما جاءتهم الفرصة ورأوا الفرعون في أزمة ؛  طالبوا بالأجر .

ووعدهم فرعون بالأجر ،  وكذلك وعدهم أن يكونوا مقربين(  ) ؛  لأنهم لو انتصروا بالسحر على معجزة موسى ؛  ففي ذلك العمل محافظة وصيانة للملك ،  ولا بد أن يصبحوا من البطانة المستفيدة ،  ووعدهم الفرعون بذلك شحذا لهمتهم ليبادروا بإبطال معجزة موسى ؛  ليستقر عرش الفرعون .

وشاء الحق سبحانه الإجمال هنا في هذه الآية-التي نحن بصدد خواطرنا عنها-وجاء ببقية اللقطات في المواضع الأخرى من القرآن .

وهنا يقول الحق سبحانه : {  فلما جاء السحرة قال لهم موسى ألقوا ما أنتم ملقون( 80 ) }[ يونس ] : وألقى السحرة عصيهم وحبالهم ."
10,81,"ويقول الحق سبحانه وتعالى بعد ذلك :

{  فلما ألقوا قال موسى ما جئتم به السحر إن الله سيبطله إن الله لا يصلح عمل المفسدين( 81 ) } :

ونحن نعلم أن الحق سبحانه هنا شاء الإجمال ،  ولكنه بين بالتفصيل ما حدث ،  في آية أخرى ،  قال فيها سبحانه عن السحرة : {  قالوا يا موسى إما أن تلقي وإما أن نكون نحن الملقين( 115 ) }[ الأعراف ] : ونحن نعلم أن المواجهة تقتضي من كل خصم أن يدخل بالرعب على خصمه ؛  ليضعف معنوياته .

وهنا أوضح لهم موسى-عليه السلام-أن ما أتوا به هو سحر ومجرد تخييل .

وقد أعلم الحق سبحانه نبيه موسى-عليه السلام- أن عصاه ستصير حية حقيقية ،  بينما ستكون عصيهم وحبالهم مجرد تخييل(  ) للعيون .

وقال لهم موسى-عليه السلام-حكم الله تعالى في ذلك التخييل : {   .  . ما جئتم به السحر إن الله سيبطله إن الله لا يصلح عمل المفسدين( 81 ) }[ يونس ] : وهكذا جاء القول الفصل الذي أنهى الأمر وأصدر الحكم فيما فعل فرعون وملؤه(  ) والسحرة ،  فكل أعمالهم كانت تفسد في الأرض ،  ولولا ذلك لما بعث الله سبحانه إليهم رسولا مؤيدا بمعجزة من صنف ما برعوا فيه ،  فهم كانوا قد برعوا فيه ،  فهم كانوا قد برعوا في السحر ،  فأرسلا إليهم الحق سبحانه معجزة حقيقية تلتهم ما صنعوا ،  فإن كانوا قد برعوا في التخييل ،  فالله سبحانه خلق الأكوان بكلمة  "" كن ""  وهو سبحانه يخلق حقائق لا تخييلات .

ولذلك يقول الحق سبحانه من بعد ذلك :

{  ويحق الله الحق بكلماته(  ) ولو كره المجرمون( 82 ) } :"
10,82,"فالمسالة التي يشاؤها سبحانه تتحقق بكلمة  "" كن ""  فيكون الشيء .

وقوله سبحانه وتعالى : {  إنما أمره إذا أراد شيئا أن يقول له كن فيكون( 82 ) }[ يس ] :

و "" كن فيكون ""  عبارة طويلة بعض الشيء عند وقوع المطلوب ،  ولكن لا توجد عبارة أقصر منها عند البشر ؛  لأن الكاف والنون لهما زمن ،  وما يشاؤه الله سبحانه لا يحتاج منه إلى زمن ،  والمراد من الأمر  "" كن ""  أن الشيء يوجد قبل كلمة  "" كن ""  ؛  لأن كل موجود إنما يتحقق ويبرز بإرادة الله تعالى .

ويريد الحق سبحانه هنا أن يبين لنا أن الحق إنما يأتي على ألسنة الرسل ،  ومعجزاتهم دليل على رسالتهم ؛  ليضع أنوف المجرمين في الرغام(  ) ،  وليريح العالم من إضلالهم ومن مفاسدهم ."
10,83,"ويقول الحق سبحانه بعد ذلك :

{  فما آمن لموسى إلا ذرية(  ) من قومه على خوف من فرعون وملئهم(  ) أن يفتنهم(  ) وإن فرعون لعال(  ) في الأرض وإنه لمن المسرفين(  )( 83 ) } :

وإذا كان السحرة-وهم عدة فرعون وعتاده لمواجهة موسى-أعلنوا الإيمان ،  فعاقبهم الفرعون وقال : {  آمنتم له قبل أن آذن لكم .  . ( 71 ) }[ طه ] : فهذا يدل على أن فكرة الألوهية كانت ما تزال مسيطرة على عقله ؛  ولذلك خاف الناس من إعلان الإيمان ؛  ولذلك قال الحق سبحانه : {  فما آمن لموسى إلا ذرية .  . ( 83 ) }[ يونس ] : وكلمة  "" ذرية ""  تفيد الصغار الذين لم تلمسهم خميرة من الفساد الذي كان منتشرا ،  كما أن الصغار يتمتعون بطاقة من النقاء ،  ويعيشون في خلوّ من المشاكل ،  ولم يصلوا على مرتبة السيادة التي يحرص عليها ،  ومع ذلك فهم قد آمنوا : {  على خوف(  ) من فرعون وملئهم .  . ( 83 ) }[ يونس ] : وكلمة {  على خوف } تفيد الاستعلاء ،  مثل قولنا :  "" على الفرس ""  أو  "" على الكرسي ""  ويكون المستعلي في هذه الحالة متمكنا من  "" المستعلي عليه ""  ؛  ومن يستعلي إنما يركب المستعلي ،  ويحمل المستعلي العبء .

ولكن من استعمالات  "" على ""  أنها تأتي بمعنى  "" مع ""  .

ومثال ذلك هو قول الحق سبحانه : {  ويطعمون الطعام على حبه .  . ( 8 ) }[ الإنسان ] : أي :  ويطعمون الطعام مع حبه .

وحين يأتي الحق سبحانه بحرف مقام حرف آخر فلا بد من علة لذلك .  ومثال ذلك هو قول الحق سبحانه وتعالى : {  فلأقطعن أيديكم وأرجلكم من خلاف ولأصلبنكم في جذوع النخل .  . ( 71 ) }[ طه ] : جاء الحق سبحانه بالحرف  "" في ""  بدلا من  "" على ""  ؛  ليدل على أن عملية الصلب ستكون تصليبا قويا ،  بحيث تدخل أجزاء المصلوب في المصلوب فيه .

وكذلك قول الحق سبحانه وتعالى : {  ويطعمون الطعام على حبه .  . ( 8 ) }[ الإنسان ] : فكأنهم هم المستعلون على الحب ؛  ليذهب بهم حيث يريدون .

وكذلك قول الحق سبحانه وتعالى : {  على خوف .  . ( 83 ) }[ يونس ] : أي :  أنهم فوق الخوف يسير بهم إلى دهاليز توقع الآلام(  ) .

وهم هنا آمنوا : {  على خوف من فرعون وملئهم أن يفتنهم .  . ( 83 ) }[ يونس ] : والكلام هنا من الحق الأعلى سبحانه يبين لنا أن الخوف ليس من فرعون ؛  لأن فرعون إنما يمارس التخويف بمن حوله ،  فمثلهم مثل زوار الفجر في أي دولة لا تقيم وزنا لكرامة الإنسان .

وفرعون في وضعه ومكانته لا يباشر التعذيب بنفسه ،  بل يقوم به زبانيته .

والإشارة هنا تدل على الخوف من شيعة فرعون وملئهم .

وقال الحق سبحانه هنا : {  يفتنهم } ،  ولم يقل :  "" يفتنوهم ""  ؛  ليدلنا على ملحظ أن الزبانية لا يصنعون التعذيب لشهوة عندهم ،  بل يمارسون التعذيب لشهوة عند الفرعون .  وهكذا جاء الضمير مرة جمعا ،  ومرة مفردا ؛  ليكون كل لفظ في القرآن جاذبا لمعناه .

وحين أراد المفسرون أن يوضحوا معنى ( ذرية ) قالوا(  ) :  إن المقصود بها امرأة فرعون( آسية ) ،  وخازن فرعون ،  وامرأة الخازن ،  وماشطة فرعون ،  ومن آمن من قوم موسى-عليه السلام-وكتم إيمانه .

كل هؤلاء منعتهم خشية عذاب فرعون من إعلان الإيمان برسالة موسى ؛  لأن فرعون كان جبارا في الأرض ،  مدعيا للألوهية ،  وإذا ما رأى فرعون إنسانا يخدش ادعاءه للألوهية ؛  فلا بد أن يبطش به بطشة فاتكة .

لذلك كانوا على خوف من هذا البطش ،  فقد سبق وأن ذبح فرعون-بواسطة زبانيته-أبناء بني إسرائيل واستحيا نساءهم(  ) ،  وهم خافوا من هؤلاء الزبانية الذين نفذوا ما أراده فرعون .

ولذلك جاء الضمير مرة تعبيرا عن الجمع في قوله سبحانه وتعالى : {  وملئهم .  . ( 83 ) }[ يونس ] : وجاء الضمير مفردا معبرا عن فرعون الآمر في قوله سبحانه وتعالى : {  أن يفتنهم .  . ( 83 ) }[ يونس ] : فهم خافوا أن يفتنهم فرعون بالتعذيب الذي يقوم به أعوانه .

والحق سبحانه وتعالى هو القائل : {   .  . وإن فرعون لعال في الأرض وإنه لمن المسرفين( 83 ) }[ يونس ] : والمسرف :  هو الذي يتجاوز الحدود .  وهو قد تجاوز في إسرافه وادعى الألوهية .

وقد قال الحق سبحانه ما جاء على لسان فرعون : {   .  . أنا ربكم الأعلى( 24 ) }[ النازعات ] .

وقال الحق سبحانه أيضا : {  وقال فرعون يا أيها الملأ ما علمت لكم من إله غيري .  . ( 38 ) }[ القصص ] : وعلا فرعون في الأرض علو طاغية من البشر على غيره من البشر المستضعفين .

وقال الحق سبحانه على لسان فرعون : {  أليس لي ملك مصر(  ) وهذه الأنهار تجري من تحتي .  . ( 51 ) }[ الزخرف ] : إذن :  فقد كان فرعون مسرفا أشد الإسراف ."
10,84,"ويقول الحق سبحانه بعد ذلك :

{  وقال موسى يا قوم إن كنتم آمنتم بالله فعليه توكلوا إن كنتم مسلمين( 84 ) } :

وهنا شرطان ،  في قوله تعالى : {  إن كنتم آمنتم بالله .  . ( 84 ) }[ يونس ] ، وجاء جواب هذا الشرط في قوله سبحانه : {  فعليه توكلوا .  . ( 84 ) }[ يونس ] ، ثم جاء بشرط آخر هو : {  إن كنتم مسلمين .  . ( 84 ) }[ يونس ] : وهكذا جاء الشرط الأول وجوابه ،  ثم جاء شرط آخر ،  وهذا الشرط الآخر هو الشرط الأول وهو الإسلام لله ؛  لأن الإيمان بالله يقتضي الإسلام وأن يكونوا مسلمين .

ومثال ذلك في حياتنا :  حين يريد ناظر إحدى المدارس أن يعاقب تلميذا خالف أوامر المدرسة ونظمها ،  ويستعطف التلميذ الناظر ،  فيرد الناظر على هذا الاستعطاف بقوله :  ""  إن جئت يوم السبت القادم قبلتك في المدرسة إن كان معك ولي أمرك ؛  ومجيء ولي الأمر هنا مرتبط بالموعد الذي حدده الناظر لعودة التلميذ لصفوف الدراسة ،  وهكذا نجد أن الشرط الآخر مرتبط بالشرط الأول .

وهنا يتجلى ذلك في قول الحق سبحانه : {   .  . إن كنتم آمنتم بالله فعليه توكلوا إن كنتم مسلمين(  )( 84 ) }[ يونس ] .

والإيمان-كما نعلم-عملية وجدانية قلبية ،  والإسلام عملية ظاهرية ،  فمرة ينفذ الفرد تعاليم الإسلام(  ) ،  وقد ينفك مرة أخرى من تنفيذ التعاليم رغم إيمانه بالله ،  ومرة تجد واحدا ينفذ تعاليم الإسلام نفاقا من غير رصيد من إيمان .

ولذلك نجد الحق سبحانه وتعالى يقول : {  الذين آمنوا وعملوا الصالحات .  . ( 25 ) }[ البقرة ] ، ونجده سبحانه يبين هذا الأمر بتحديد قاطع في قوله تعالى : {  قالت الأعراب آمنا .  . ( 14 ) }[ الحجرات ] : والإيمان عملية قلبية ؛  لذلك يأتي الأمر الإلهي : {  قل لم تؤمنوا ولكن قولوا أسلمنا ولما يدخل الإيمان في قلوبكم .  . ( 14 ) }[ الحجرات ] : أي :  أنكم تؤدون فروض الإسلام الظاهرية ،  لكن الإيمان لم يدخل قلوبكم بعد .

وهنا يقول الحق سبحانه : {  إن كنتم آمنتم بالله فعليه توكلوا .  . ( 84 ) }[ يونس ] : وهكذا نرى أن التوكل مطلوب الإيمان ،  وأن يسلم الإنسان زمانه في كل أمر إلى من آمن به ؛  ولذلك لا ينفع الإيمان إلا بالإسلام ،  فإن كنتم مسلمين مع إيمانكم فتوكلوا على الله تعالى .

لكن إن كنتم قد آمنتم فقط ولم تسلموا الزمام لله في التكاليف إلى الله في  "" افعل ""  و "" لا تفعل ""  ،  فهذا التوكل لا يصلح .

وهكذا يتأكد لنا ما قلناه من قبل من أنك إذا رأيت أسلوبا فيه شرط تقدم ،  وجاء جواب بعد الشرط ،  ثم جاء شرط آخر ،  فاعلم أن الشرط الأخير هو المقدَّم ؛  لأنه شرط في الشرط الأول(  ) ،  وبالمثل هنا فإن التوكل لن ينشأ إلا بالإسلام مع الإيمان ."
10,85,"ويقول الحق سبحانه بعد ذلك :

{  فقالوا على الله توكلنا ربنا لا تجعلنا فتنة(  ) للقوم الظالمين(  )( 85 ) } :

أي :  أنهم استجابوا لدعوة موسى-عليه السلام-بمجرد قولهم : {  على الله توكلنا } .

وإذا تقدم الجار على المجرور فمعنى ذلك قصر وحصر الأمر ،  وهنا قصر وحصر التوكل على الله تعالى ،  ولا توكل على سواه .

ويأتي بعد ذلك دعاؤهم : {   .  . ربنا لا تجعلنا فتنة للقوم الظالمين( 85 ) }[ يونس ] : والفتنة :  اختبار ،  وهي-كما قلنا-ليست مذمومة في ذاتها ،  بل المذموم أن تكون النتيجة في غير صالح من يمر بالفتنة .

ويقال :  فتنت الذهب ،  أي :  صهرت الذهب ،  واستخلصته من كل الشوائب ،  ونحن نعلم أن صناع الذهب يخلطونه بعناصر أخرى ؛  ليكون متماسكا ؛  لأن الذهب غير المخلوط بعناصر أخرى لا يتماسك .

والفتنة التي قالوا فيها : {   .  . ربنا لا تجعلنا فتنة للقوم الظالمين( 85 ) }[ يونس ] : هي فتنة الخوف من أن يرتد بعضهم عن الإيمان لو انتصر عليهم فرعون وعذبهم ،  وكأنهم يقولون :  يا رب لا تسلط علينا فرعون بعذاب شديد .

هذا إن كانوا مفتونين ،  فماذا إن كانوا هم الفاتنين ؟

إنهم في هذه الحالة لو لم يتبعوا الدين التتبع الحقيقي لما علم فرعون وآله أن هؤلاء الذين أعلنوا الإيمان هم مسلمون بحق ،  وهم لو انحرفوا عن الدين لقال عنهم آل فرعون :  إنهم ليسوا أهل لإيمان حقيقي .

ونجد سيدنا إبراهيم-عليه السلام-وهو أبو الأنبياء وله قدره العظيم في النبوة ،  يقول : {  ربنا لا تجعلنا فتنة للذين كفروا .  . ( 5 ) }[ الممتحنة ] .

ودعوة إبراهيم عليه السلام تعلمنا ضرورة التمسك بتعاليم الدين ؛  حتى لا ينظر أحد إلى المسلم أو المؤمن ويقول :  هذا هو من يعلن الإيمان ويتصرف عكس تعاليم دينه .

ولذلك كان سيدنا إبراهيم-عليه السلام-يؤدي الأوامر بأكثر مما يطلب منه ،  ويقول فيه الحق سبحانه : {  وإذا ابتلى إبراهيم ربه بكلمات فأتمهن(  ) .  . ( 124 ) }[ البقرة ] : أي :  أنه كان يتم كل عمل بنية وإتقان ؛  لأنه أسوة(  ) ،  فلم يقم بعمل إيماني بمظهر سطحي .

إذن :  فإن كانوا هم المفتونين ،  فهم يدفعون الفتنة عن أنفسهم ،  وإن كانوا هم الفاتنين ؛  فعليهم التمسك بتعاليم الدين ؛  حتى لا يتهمهم أحد بالتقصير في أمور دينهم ،  فيزداد الكافرون كفرا وضلالا .

وجاء قول الحق سبحانه : {   .  . ربنا لا تجعلنا فتنة للقوم الظالمين( 85 ) }[ يونس ] : ليدل على انشغالهم بأمر الدين ،  فاتنين أو مفتونين ."
10,86,"ويقول الحق سبحانه بعد ذلك :

{  ونجينا برحمتك من القوم الكافرين( 86 ) } :

وهنا توضح الآية الكريمة أنهم إن كانوا مشغولين بأمر الغير من الكافرين فهذا يعني أنهم طمعوا في إيمان العدو ؛  لعل هذا العدو يعود إلى رشد الإيمان .

ورسول الله صلى الله عليه وسلم يقول :  "" لا يؤمن أحدكم حتى يحب لأخيه ما يحب لنفسه "" (  ) .

وهم أرادوا لإيمان العدو رغم أنه ظالم .

وهكذا يعلم الحق-سبحانه وتعالى-الخلق أنه من حمق العداوة أن يدعو الإنسان على عدوّه بالشر ؛  لأن الذي يتعبك من عدوك هو شرُّه ،  ومن صالحك أن تدعو له بالخير ؛  لأن هذا الخير سيتعدى إليك .

وعلى المؤمن أن يدعو لعدوه بالهداية ،  لأنه حين يهتدي ؛  فلسوف يتعدى النفع إليك ،  وهذه من مميزات الإيمان أن نفعه يتعدى إلى الغير .

وهم حين دعوا ألا يجعلهم الله فتنة للقوم الظالمين ،  فإن ذلك يوضح لنا أن الظلم درجات ،  وأن فرعون وملأه كانوا في قمة الظلم ؛  لأن الحق سبحانه وتعالى هم القائل : {   .  . إن الشرك لظلم عظيم( 13 ) }[ لقمان ] : فقمة الظلم أن تأخذ حق الغير وتعطيه لغير صاحب الحق .  وفرعون وملؤه أشركوا بالله-سبحانه وتعالى-فظن فرعون أنه إله ،  وصدقه من حوله .

فقمة الظلم هو الشرك بالله سبحانه ،  ثم بعد ذلك يتنزل إلى الظلم في الكبائر ،  ثم في الصغائر .

وقولهم في دعائهم للحق سبحانه : {  ونجنا برحمتك من القوم الكافرين( 86 ) }[ يونس ] : أي :  اجعلنا بنجوة(  ) من هؤلاء .

وكان الذي يخيف الأقدمين هو سيول المياه ،  حين تتدفق ،  ولا ينجو إلا من كان في ربوة عالية- والنجوة هي المكان المرتفع-وهذا هو أصل كلمة  "" النجاة ""  .

وهنا يقول الحق سبحانه على لسانهم : {  ونجنا برحمتك من القوم الكافرين( 86 ) }[ يونس ] : والرحمة هي الوقاية من أن يجيء الداء .  والحق سبحانه يقول : {  وننزل من القرآن ما هو شفاء ورحمة .  . ( 82 ) }[ الإسراء ] : والشفاء إذا وجد الداء ،  والرحمة هي ألا يجيء الداء ."
10,87,"وأراد الحق سبحانه أن يكرم-بعد ذلك-موسى عليه السلام وقومه فقال سبحانه وتعالى :

{  وأوحينا إلى موسى أن تبوءا(  ) لقومكما بمصر بيوتا واجعلوا بيوتكم قبلة وأقيموا الصلاة وبشر المؤمنين( 87 ) } :

وأوضحنا من قبل أن موسى وهارون عليهما السلام رسولان برسالة واحدة ،  وأن الوحي قد جاء للاثنين برسالة واحدة .

فالحق سبحانه ساعة يختار نبيا رسولا ،  فإنما يختاره بتكوين وفطرة تؤهّله لحمل الرسالة والنطق بمرادات الله تعالى .

وإذا كان الخلق قد صنعوا آلات ذاتية الحركة من مواد جامدة لا فكر لها ولا روية(  ) ،  مثل الساعة التي تؤذن ،  أو المذياع الذي يذيع في توقيت محدد ،  إذا كان البشر قد صنعوا ذلك فما بالنا بالله سبحانه الخالق لكل الخلق والكون ومرسل الرسل ؟

إنه سبحانه وتعالى يختار رسله بحيث يسمح تكوين الرسول أن يؤدي مهمة الموكولة إليه في أي ظرف من الظروف .

وقوله الحق سبحانه هنا : {  وأوحينا إلى موسى وأخيه .  . ( 87 ) }[ يونس ] : يبين لنا أن الوحي شمل كلا من موسى وهارون عليهما السلام ،  بحيث إذا جاء موقف من الموقف يقتضي أن يتكلم فيه موسى ،  فهارون أيضا يمكن أن يتكلم في نفس الأمر ؛  لن الشحنة الإيمانية واحدة ،  والمنهج واحد .

وقد حدث ذلك بعد أن غرق فرعون وقومه ،  وخلا لهم الجو ،  فجاء لهم الأمر أن يستقروا في مصر ،  وأن يكون لهم فيها بيوت .

ولكن لنا أن نسأل : هل فرعون هذا هو شخص غرق وانتهى ؟

لا .  . إن فرعون ليس اسما لشخص ،  بل تصنيف لوظيفة ،  وكان لقب كل حاكم لمصر قديما هو  "" فرعون ""  ؛  لذلك لا داعي أن نشغل أنفسنا :  هل هو تحتمس الأول ؟  أو رمسيس ؟  أو ما على ذلك .  ؟  فهب أن فرعون المعنَّى هنا قد غرق ،  ألا يعني ذلك مجيء فرعون جديد ؟

نحن نعلم من التاريخ أن الأسر الحاكمة توالت ،  وكانوا فراعنة ،  وكان منهم من يضطهد المؤمنين ،  ولا بد أن يكون خليفة الفرعون أشد ضراوة وأكثر شحنة ضد هؤلاء القوم .

وقوله الحق سبحانه وتعالى في الآية الكريمة التي نحن بصدد خواطرنا عنها : {  وأوحينا إلى موسى وأخيه أن تبوءا(  ) لقومكما بمصر بيوتا .  . ( 87 ) }[ يونس ] : نجد فيه كلمة  "" مصر "" (  ) وهي إذا أطلقت يفهم منها أنها  "" الإقليم ""  .

ونحن هنا في بلدنا جعلنا كلمة  "" مصر ""  علما على الإقليم الممتد من البحر المتوسط على حدود السودان ،  أي :  وادي النيل .

ومرة أخرى جعلنا من  "" مصر ""  اسما لعاصمة وادي النيل .  ونحن نقول أيضا عن محطة القطارات في القاهرة :  "" محطة مصر ""  .

وقول الحق سبحانه هنا : {   .  . أن تبوءا لقومكما( 87 ) }[ يونس ] : نفهم منه أن التبوء هو اتخاذ مكان يعتبر مباءة(  ) ؛  أي :  مرجعا يبوء الإنسان إليه .

التبوء-إذن-هو التوطن في مكان ما ،  والإنسان إذا اتخذ مكانا كوطن له فهو يعود إليه إن ذهب على أي بلد لفترة .

ويعتبر الخروج من الوطن مجرد رحلة تقتضي العودة ،  وكذلك البيت بالنسبة للإنسان ؛  فالواحد منا يطوف طوال النهار في الحقل أو المصنع أو المكتب ،  وبعد ذلك يعود إلى البيت للبيتوتة(  ) .

والبيوت التي أوصى الله سبحانه وتعالى بإقامتها لقوم موسى وهارون-عليهما السلام-كان لها شرط هو قول الحق سبحانه : {  واجعلوا بيوتكم قبلة .  . ( 87 ) }[ يونس ] .

والقبلة هي المتجه الذي نصلي إليه .

ومثال ذلك :  المسجد ،  وهو قبلة من هو خارجه ،  وساعة ينادي المؤذن للصلاة يكون المسجد هو قبلتنا التي نذهب إليها ،  وحين ندخل المسجد نتجه داخله إلى القبلة ،  واتجاهنا إلى القبلة هو الذي يتحكم في وضعنا الصفي .

والأمر هنا من الحق سبحانه : {  واجعلوا بيوتكم قبلة وأقيموا الصلاة .  . ( 87 ) }[ يونس ] :

فإقامة البيوت هنا مشروطة بأن يجعلوا بها قبلة لإقامة الصلاة بعيدا عن أعين الخصوم الذين يضطهدونهم ،  شأنهم شأن المسلمين الأوائل حينما كان الإسلام-في أوليته-ضعيفا بمكة ،  وكان المسلمون حين ذاك يصلون في قلب البيوت ،  وهذا هو سر عدم الجهر بالصلاة نهارا ،  وعدم الجهر يفيد في ألا ينتبه الخصوم إلى مكان المصلين .

وأما الجهر بالصلاة ليلا وفجرا ،  فقد كان المقصود به أن يعلمهم كيفية قراءة القرآن .

وهنا يقول الحق سبحانه : {  أن تبوءا لقومكما بمصر بيوتا واجعلوا بيوتكم قبلة .  . ( 87 ) }[ يونس ] : وقد يكون المقصود بذلك أن تكون البيوت متقابلة .

وإلى يومنا هذا أنت إن نظرت إلى ساحات(  ) اليهود في أي بلد من بلاد الدنيا تجد أنهم يقطنون حيا واحدا ،  ويرفضون أن يذوبوا في الأحياء الأخرى .  .

ففي كل بلد لهم حي يسكنون فيه ،  ويسمى باسم  "" حي اليهود ""  .  وكانت لهم في مصر  "" حارات ""  كل منها تسمى باسم  "" حارة اليهود ""  .

وقد شاء الحق-سبحانه وتعالى-ذلك وقال في كتابه العزيز : {  وضربت عليهم الذلة والمسكنة .  . ( 61 ) }[ البقرة ] : وهم يحتمون بتواجدهم معا ،  فإن حدث أمر من الأمور يفزعهم ؛  يصبح من السهل عليهم أن يلتقوا .

أو{  واجعلوا بيوتكم قبلة .  . ( 87 ) }[ يونس ] : أي :  أن يكون تخطيط الأماكن والشوارع التي تبنى عليها البيوت في اتجاه القبلة .

وأي خطأ معماري مثل الذي يوجد في تربيعة بناء مسجد الإمام الحسين بالقاهرة ،  هذا الخطأ يوجب الاتجاه على اليمين قليلا مما يسبب بعض الارتباك للمصلين ؛  لأن الانحراف قليلا على اليمين في أثناء الصلاة يقتضي أن يقصر كل صف خلف الصف الآخر .

وحين نصلي في المسجد الحرام بمكة ،  نجد بعضا من المصلين يريدون مساواة الصفوف ،  وأن تكون الصفوف مستقيمة ،  فنجد من ينبه إلى أن الصف يعتدل بمقدار أطول أضلاع الكعبة ،  ثم ينحني الصف .

وكذلك في الأدوار العليا التي أقيمت بالمسجد الحرام نجد الصفوف منحنية متجهة إلى الكعبة .

ولذلك أقول دائما حين أصلي بالمسجد الحرام :  إن معنى قول الإمام  "" سووا صفوفكم ""  أي :  اجعلوا مناكبكم(  ) في مناكب بعضكم البعض ،  أما خارج الكعبة فيكفي أن نتجه إلى الجهة التي فيها الكعبة ،  ونحن خارج الكعبة لا نصلي لعين الكعبة ،  ولكننا نصلي تجاه الكعبة ؛  لأننا لو كنا نصلي إلى عين الكعبة لما زاد طول الصف في أي مسجد عن اثني عشر مترا وربع المتر ،  وهو أطول أضلاع الكعبة .

وقول الحق سبحانه هنا : {  واجعلوا بيوتكم قبلة(  ) .  . ( 87 ) }[ يونس ] : أي :  خططوا في إقامة البيوت أن تكون على القبلة ،  وبعض الناس يحاولون ذلك ،  لكن تخطيط الشوارع والأحياء لا يساعد على ذلك .

ثم يقول الحق سبحانه : {  وأقيموا الصلاة .  . ( 87 ) }[ يونس ] : وهذا الأمر نفهم منه أن الصلاة فيها استدامة الولاء(  ) لله تعالى ،  فنحن نشهد ألا إله إلا الله مرة واحدة في العمر ،  ونزكي-إن كان عندنا مال- مرة واحدة في السنة ،  ونصوم-إن لم نكن مرضى-شهرا واحدا هو شهر رمضان ،  ونحج-إن استطعنا-مرة واحدة في العمر .

ويبقى ركن الصلاة ،  وهو يتكرر كل يوم خمس مرات ،  وإن شاء الإنسان فليزدن وكأن الحق سبحانه وتعالى هنا ينبه إلى عماد الدين وهي الصلاة .

ولكن من الذي اختار المكان في الآية التي نحن بصدد خواطرنا عنها ؟  هل هو موسى وأخوه هارون ؟  أم أن الخطاب لكل القوم ؟

نلحظ هنا أن الأمر بالتبوّء هو لموسى وهارون-عليها السلام-أما الأمر بالجعل فهو مطلوب من موسى وهارون والأتباع ؛  لذلك جاء الجعل هنا بصيغة الجمع .

وينهي الحق سبحانه الآية الكريمة بقوله : {   .  . وبشر المؤمنين( 87 ) }[ يونس ] : وفي هذا تنبيه وإشارة إلى أن موسى هو الأصل في الرسالة ؛  لذلك جاء له الأمر بأن يحمل البشارة للمؤمنين .

ونلحظ هنا في هذه الآية أن الحق سبحانه جاء في التبوء ،  وجاء بالجمع في جعل البيوت ،  ثم جاء بالمفرد في نهاية الآية لينبهنا إلى أن موسى-عليه السلام-هو الأصل في الرسالة إلى بني إسرائيل .

والبشرى على الأعمال الصالحة تعني :  التبشير بالجنة ."
10,88,"ويقول الحق سبحانه بعد ذلك :

{  وقال موسى ربنا إنك أتيت فرعون وملأه زينة وأموالا في الحياة الدُّنيا ربنا ليضلُّوا عن سبيلك ربنا اطمس(  ) على أموالهم واشدد على قلوبهم(  ) فلا يؤمنوا حَّتى يروا(  ) العذاب الأليم( 88 ) } :

والزينة :  هي الأمر الزائد عن ضروريات الحياة ومقوماتها الأولى ،  فاستبقاء الحياة يكون بالمأكل لأي غذاء يسدُّ الجوع ،  وبالمشرب الذي يروي العطش .

أما إن كان الطعام منوَّعا فهذا من ترف الحياة ،  ومن ترف الحياة الملابس التي تستر العورة فقط ،  بل بالزي يتميز بجودة النسج والتصميم والتفصيل .

وكذلك من ترف الحياة المكان الذي ينام فيه الإنسان ،  بحيث يتم تأثيثه بفاخر الرياش(  ) ،  ولكن الضرورة في النوم يكفي فيها مكان على الأرض ،  وأي فراش يقي من برودة الأرض أو حرارتها .

إذن :  فالزائد عن الضرورات هو زينة الحياة ،  والزينة تأتي من الأموال ،  والرصيد في الأموال هو الذهب ،  ثم تأخذ الفضة المرتبة الثانية .

ومن مقومات الاقتصاد أن الذهب يعتبر قيمة الرصيد لغنى أية دولة ،  مهما اكتشفوا من أحجار أغلى من الذهب .

وهذه الأحجار الكريمة-كالماس مثلا- إن كسرت أو خدشت تقل قيمتها ،  لكن الذهب مهما تفتَّت فأنت تعيد صهره ،  فتستخلص ذهبا مجمَّعا .

وكان الفراعنة الأقدمون يحكمون مصر حتى منابع النيل ،  وكانوا يسخّرون الناس في كل الأعمال ،  حتى استخراج الذهب سواء من المناجم أو من غربلة رمال بعض الجبال لاستخلاص الذهب منها .

وأنت قد تستطيع استخلاص الذهب من أماكن معينة ،  ولكن الفرق دائما غنما يكون في القيمة الاقتصادية لاستخراج الذهب ،  فحين يكون المنجم وفير العطاء ،  فيه كثير من عروق الذهب ،  هنا يصبح استخراج الذهب مسألة مربحة اقتصاديا .

أما إن كانت التكلفة أعلى من القيمة الاقتصادية للذهب المستخرج ،  فلا أحد يستخرج هذا الذهب .

وأنت إن نظرت إلى زينة الفراعنة تجد قناع  "" توت عنخ آمون ""  آية في الجمال ،  وكذلك كانت قصورهم في قمة الرفاهية ،  ويكفي أن ترى الألوان التي صنعت منها دهانات الحوائط في تلك الأيام ؛  لتعرف دقة الصنعة ومدى الترف ،  الذي هو أكثر بكثير من الضرورات .

وفي هذه الآية الكريمة يقول الحق سبحانه : {  وقال موسى ربَّنا إنَّك آتيت فرعون وملأه زينة وأموالا في الحياة الدُّنيا ربَّنا ليضلُّوا عن سبيلك .  . ( 88 ) } ]يونس ] : وهم لم يضلُّوا فقط بل أرادوا أن يضلّوا غيرهم ؛  لذلك تحملوا وزر ضلالهم ،  ووزر إضلال غيرهم .

فهل أعطاهم الله سبحانه المال والزينة للضلال والإضلال ؟

لا ،  فليس ذلك علة العطاء ،  ولكن هناك لام العاقبة ،  مثلما تعطى أنت ابنك عشرة جنيهات وتقول له :  افعل بها ما تريد ،  وأرجو أن تتصرف فيها تصرفا يعود عليك بالخير .  وقد ينزل هذا الابن ليشتري شيئا غير مفيد ولا يشتري-مثلا كتبا تفيده .

هنا أنت أعطيت هذا الابن قوة شرائية لكنه لم يحسن التصرف فيها ،  وغاية الاختيار هدته إلى اللعب .  وهذا ما يسمى لام العاقبة ،  ولام العاقبة لا يكون المقصود بها سبب الفعل ،  ولكنها تأتي لبيان عاقبة الفعل(  ) .

وحين أراد الحق سبحانه وتعالى أن ينجي موسى-عليه السلام-في طفولته من القتل أوحى إلى أم موسى-عليهما السلام-بقوله تعالى : {  فإذا خفت عليه فألقيه في اليم(  ) ولا تخافي ولا تحزني .  . ( 7 ) }[ القصص ] : ولا توجد أم تقبل على تنفيذ مثل هذا الأمر ؛  لأنه موت محقق ؛  لأن الابن إن خطف أو فقد فهذا كله موت مظنون ،  أما إلقاؤه في الماء فليس فيه موت مظنون ،  بل موت مؤكد ،  إن لم ينجه الله تعالى .

ولكن أم موسى-لإيمانها بالله- فعلت ما أوحى به الله-سبحانه وتعالى-لها ؛  لأن الوارد من الله تعالى لا يجد في الفطرة متنازعا له .

أما نزغات الشيطان فهي تجد ألف منازع في النفس ،  وكذلك هواجس النفس .

ولذلك نفذت أم موسى ما أوحى الله تعالى به إليها ،  وإن كان مخالفا للعقل والمنطق .

وحين التقطه آل فرعون ،  وقد كانوا يقتلون الأطفال(  ) ،  وألقى الحق سبحانه وتعالى محبة موسى في قلوبهم ،  قال : {   .  . وألقيت عليك محبة مني( 39 ) }[ طه ] :  فهم ساعة رؤيتهم لموسى-عليه السلام-وهو طفل ،  أحبوه فلم يقتلوه ،  وهكذا نفذت مشيئة الله تعالى ووعده لأمه : {   .  . إنا رادوه إليك وجاعلوه من المرسلين( 7 ) }[ القصص ] : أي :  أن موسى-عليه السلام-مهمة مسبقة أرادها له الحق سبحانه .

ولذلك نجد أن هناك أوامر متتابعة جاء بها القرآن الكريم في مسألة إلقاء أم موسى لابنها ،  فقال الحق سبحانه : {  إذ أوحينا إلى أمك ما يوحى( 38 ) أن اقذفيه في التابوت(  ) فاقذفيه في اليم فليلقه اليم بالساحل(  ) .  . ( 39 ) }[ طه ] : وكلها أوامر من الحق سبحانه ،  فتراه زوجة فرعون فتقول لزوجها : {  قرت عين(  ) لي ولك .  . ( 9 ) } [ القصص ] : فهل كان فرعون يعلم أن هذا الطفل الذي التقطه سيكون عدوا له ؟

لا ،  لقد التقطه وأعطاه حياة الترف ؛  ليكون قرة عين له ،  وهذه علة الالتقاط ،  ولكن العاقبة انتهت إلى أن يكون عدوا ؛  ولو كانت العلة هي العداوة لما التقطه فرعون أو لقتله لحظة الالتقاط .

ولذلك يترك الحق سبحانه وتعالى في كونه أشياء تكسر مكر البشر ؛  فأخذه فرعون ورباه ،  وكانت العاقبة غير ما كان يتوقع فرعون .

وقول الحق سبحانه هنا في الآية التي نحن بصددها : {  ليضلوا } نفهم منه أن-سبحانه وتعالى-لم يعطهم المال ليضلوا ،  ولكنهم هم الذين اختاروا الضلال .  وقد أعطى الله سبحانه وتعالى الكثير من الناس مالا وجاها وأرادوا به الخير ،  وهكذا نرى اختيار الإنسان ،  إن له أن يضل أو يهتدي .

وقد قال موسى عليه السلام تنفيسا عن نفسه : {  ربنا إنك آتيت فرعون وملأه زينة وأموالا في الحياة الدنيا ربنا ليضلوا عن سبيلك ربنا اطمس على أموالهم واشدد على قلوبهم .  . ( 88 ) }[ يونس ] : ومعنى الطمس أي :  إخفاء المعالم ؛  مثل قول الحق سبحانه : {  من قبل أن نطمس(  ) وجوها فنردها على أدبارها .  . ( 47 ) }[ النساء ] : ومعنى الطمس هنا :  إخفاء معالم تلك الوجوه ؛  فتكون قطعة واحدة بلا جبهة أو حواجب أو عينين أو أنف أو شفاه أو ذقن .

إذن :  فالطمس هو إهلاك الصورة التي بها الشيء .  ودعوة موسى-عليه السلام-هنا : {  اطمس على أموالهم .  . ( 88 ) }[ يونس ] : أي :  امسخها .

وقال بعض الرواة(  ) أنها مسخت ،  فمن كان يملك بعضا من سبائك الذهب وجدها حجارة ،  ومن كان يملك أحجارا كريمة كالماس وجدها زجاجا .

أو أن {  اطمس على أموالهم .  . ( 88 ) }[ يونس ]أي :  أذهبهما ؛  لأن الأموال كانت وسيلة إضلال .

وقوله عليه السلام بعد ذلك : {   .  . واشدد على قلوبهم فلا يؤمنوا حتى يروا العذاب الأليم( 88 ) }[ يونس ] : أي :  أحكم يا رب الأربطة على تلك القلوب ؛  فلا يخرج ما فيها من كفر ،  ولا يدخل ما هو خارجها من الإيمان ؛  لأن هؤلاء قد افتروا افتراء عظيما ،  وأن تظل الأربطة على قلوبهم ؛  حتى يروا العذاب الأليم .  ولماذا دعا موسى-عليه السلام-على آل فرعون هذا الدعاء ،  ولم يدع مثلما دعا سيدنا محمد صلى الله عليه وسلم :  "" اللهم أهد قومي فإنهم لا يعلمون ""  ؟  والإجابة :  لابد أن الحق سبحانه وتعالى قد أطلعه على أن هؤلاء قوم لن تفلح فيهم دعوة الإيمان .

وكان خوف موسى-عليه السلام- لا من ضلال قوم فرعون ،  ولكن من استمرار إضلالهم لغيرهم .

إذن :  فقد دعا عليهم موسى-عليه السلام- بما جاء في هذه الآية : {   .  . ربنا اطمس على أموالهم واشدد على قلوبهم فلا يؤمنوا حتى يروا العذاب الأليم( 88 ) }[ يونس ] وفي موضع آخر من القرآن الكريم يقول الحق سبحانه : {  فلم يك ينفعهم إيمانهم لمَّا رأوا بأسنا .  . ( 85 ) }[ غافر ] : وهكذا يتبن لنا الفارق بين إيمان الإلجاء والقصر(  ) وبلين إيمان الاختيار(  ) .

فحين يأتي الرسول داعيا إلى الإيمان يصبح من حق السامع لدعوته أن يؤمن أو أن يكفر ؛  لأن الله تعالى قد خلق الإنسان وله حق الاختيار ،  أما إيمان الإلجاء والقصر فهو لا ينفع الإنسان .

ومثال ذلك :  فرعون ،  فساعة أن جاءه العذاب أعلن الإيمان(  ) .  فالحق سبحانه وتعالى يقول : {   .  . حتى إذا أدركه الغرق قال آمنت لا إله إلا الذي آمنت به بنو إسرائيل وأنا من المسلمين( 90 ) }[ يونس ] .

وإذا كان موسى-عليه السلام-قد دعا على قوم فرعون ،  فقد سبقه نوح عليه السلام في مثل هذا الدعاء مما أورده القرآن في قوله : {   .  . رب لا تذر على الأرض من الكافرين ديارا(  )( 26 ) إنك إن تذرهم يضلوا عبادك ولا يلدوا إلا فاجرا كفارا( 27 ) }[ نوح ] ."
10,89,"واستجاب الحق سبحانه لدعوة موسى عليه السلام :

{  قال قد أجيبت دعوتهما فاستقيما ولا تتبعان سبيل الذين لا يعلمون( 89 ) } :

ويلاحظ أن الذي دعا هو موسى عليه السلام ،  ولكن قوله سبحانه : {  وقد أجيبت دعوتكما .  . ( 89 ) } يدل على أن هارون-عليه السلام-قد دعا مع موسى .

وقد قلنا من قبل :  إننا إن نظرنا إلى الأصالة في الرسالة لوجدنا موسى-عليه السلام- هو الأصيل فيها ،  وجاء هارون ليشد عضده(  ) ،  وإن نظرنا إلى طبيعة الاثنين فكل منهما رسول ،  والاثنان لهما رسالة واحدة .

وما دام الحق سبحانه قد أرسل الاثنين لمهمة واحدة ،  فإن انفعل واحد منهما لشيء فلا بد أن ينفعل الآخر لنفس الشيء ؛  لذلك فلا يوجد ما يمنع أن هارون ساعة سمع أخاه داعيا بمثل هذا الدعاء ،  قد دعا هو أيضا بالدعاء نفسه ،  أو أنه-أي :  هارون-قد دعا بهذا الدعاء سرا .

والدعاء معناه :  أنك تفزع إلى من يقدر على تحقيق ما لا تقدر عليه ،  فأنت لا تدعو إلا في أمر عزّت عليك أسبابه ؛  فتقول :  إن لي ربا أومن به ،  وهو يقدر على الأسباب لأنه خالق  الأسباب ،  وقادر على أن يعطي بلا أسباب ،  والمؤمن الحق يستقبل الأحداث ،  لا بأسبابه ،  ولكن بقدرة من آمن به ،  وهو المسبب الأعلى سبحانه .

ولذلك تجد موسى عليه السلام ومعه قومه حين وصلوا إلى شاطئ البحر ،  وكان من خلفهم قوم فرعون يطاردونهم ،  فقال قوم موسى : {   .  . إنا لمدركون( 61 ) }[ الشعراء ] ، فرد موسى عليه السلام : {   .  . كلا إن معي ربي سيهدين( 62 ) }[ الشعراء ] : أي :  لا ترتّبوا الأمر بترتيب البشر ؛  لأن معي رب البشر ،  فجاءه الإنقاذ : {  فأوحينا إلى موسى أن اضرب بعصاك البحر فانفلق فكان كل فرق كالطود العظيم(  ) ( 63 ) }[ الشعراء ] : إذن :  فالدعاء إنما يكون فزعا إلى من يقدر على أمر لا تقدر عليه .

والموضوع الذي كان يشغل موسى وهارون عليهما السلام هو بقاء آل فرعون على ضلالهم وإصرارهم على إضلال غيرهم ،  فلا بد أن يدعو كل منهما نفس الدعاء ،  ومثل هذا نجده في غير الرسل ونسميه  "" التخاطر ""  ،  أي :  التقاء الخواطر في لحظة واحدة .

ومثال ذلك في التاريخ الإسلامي ،  لحظة أن كان سيدنا عمر بن الخطاب رضي الله عنه مشغولا بالتفكير في جيش المسلمين المقاتل في إحدى المعارك ،  وكان عمر في المدينة يخطب على المنبر ،  فإذا به يقول فجأة :  "" يا سارية(  ) الجبل ""  وهي كلمة لا موضع لها في منطق الخطبة ،  ولكن كان فكره مشغولا بالقائد الذي يحارب ،  وسمع القائد-وهو على البعد-الأمر ؛  فانحاز إلى الجبل .

ويقال في هذه المسالة :  إن الخاطر قد شغل مع الخاطر ،  مثلما تطلب أحدا في الهاتف فيرد عليك الشخص الذي تريد الكلام معه قائلا :  لقد كنت على وشك أن اتصل بك هاتفيا ،  وهذا يعني أن الخاطرين قد انضبطا معا .

وإذا كان هذا ما يحدث في حياتنا العادية ،  فما بالنا بما يحدث في الأمور الصفائية ؛  وفي أرقى درجاتها وهي النبوة ؟

أو أن الذي دعا هو موسى وما كان هارون إلا مؤمنا(  ) ،  والمؤمن هو أحد الداعيين ،  وما دام الحق سبحانه قد قبل دعوة موسى عليه السلام ،  فقد قبل أيضا دعوة المؤمّن معه .

ويظن بعض الناس أن إجابة الدعوة هي تحقيق المطلوب فور الدعاء ،  ولكن الحقيقة أن إجابة الدعوة هي موافقة على الطلب ،  أما ميعاد إنجاز الطلب ،  فقد يتأجل بعض الوقت ،  مثلما حدث مع دعوة موسى عليه السلام على فرعون وملئه ،  فحين دعا موسى ،  وأمَّن هارون ،  جاءت إجابة الدعاء : {  قد أجيبت دعوتكما .  . ( 89 ) } .  بعد أربعين عاما ،  ويحقق الله سبحانه الطمس على المال .

فالسماء ليست موظفة عند من يدعو ،  وتقبل أي دعاء ،  ولكن قبول الدعوة يقتضي تحديد الميعاد الذي تنفذ فيه .

وهذه أمور من مشيئة الله سبحانه ؛  فالحق سبحانه وتعالى منزَّه عن أن يكون منفّذا لدعاء ما ،  ولكنه هو الذي بيده مقاليد كل أمر ،  فإذا ما أجيبت دعوة ما ،  فهو سبحانه بمشيئته يضع تنفيذ الدعوة في الميعاد الملائم ؛  لأنها لو أجيبت على الفور فقد تضر .

والحق سبحانه وتعالى هو القائل : {  ويدع الإنسان بالشر دعاءه بالخير وكان الإنسان عجولا(  )( 11 ) }[ الإسراء ] : لذلك يحدد الحق سبحانه ميعاد تطبيق الدعوة في مجال التنفيذ والواقع .

وهو سبحانه وتعالى يقول : {   .  . سأريكم آياتي فلا تستعجلون(  )( 37 ) }[ الأنبياء ] .

والإنسان يعرف أنه قد يكون قد دعا بأشياء ،  فحقق الله سبحانه الدعاء وكان شرا ،  وكم من شيء يدعو به الإنسان ولم يحققه الله تعالى وكان عدم تحقيقه خيرا .

إذن :  فالقدرة العليا رقيبة علينا ،  وتعلم ما في صالحنا ؛  لأننا لسنا آلهة تأمر بتنفيذ الدعوات ،  بل فوقنا الحكيم الأعلى سبحانه .

ولذلك نقول في بيان قول الحق سبحانه : {  ولو يعجل الله للناس الشر استعجالهم(  ) بالخير لقضي إليهم أجلهم(  ) .  . ( 11 ) }[ يونس ] : لأن الإنسان قد يدعو بالشر على نفسه(  ) ،  ألا تسمع أمًّا تدعو على ابنها أو ابنتها رغم حبها لهما ،  فلو استجاب الله لدعائها على أولادها الذين تحبهم أليس في ذلك شر بالنسبة للأم .

والولد قد يقول لأمه مغاضبا :  يا رب تحدث لي حادثة ؛  حتى تستريحي مني .  فهب أن الله استجاب لهذا الدعاء ،  أيرضي ذلك من دعا على نفسه أو يرضي أمه ؟

طبعا لا ؛  فإذا كان الله سبحانه قد أبطأ عليك بدعاء الشر فهذا خير لك ،  فعليك أن تأخذ إبطاء الله سبحانه عليك بدعاء الخير على أنه خير لك .

ولذلك شاء الحق سبحانه أن يقول لموسى وهارون عليهما السلام : {   .  . قد أجيبت دعوتكما فاستقيما ولا تتبعان سبيل الذين لا يعلمون( 89 ) }[ يونس ] : أي :  ابقيا على الطريق السوي ،  ولا تدخلا نفسيكما فيما لا علم لكما به .  أليس الحق سبحانه هو القائل : {  ونادى نوح ربه فقال رب إن ابني من أهلي وإن وعدك الحق وأنت أحكم الحاكمين( 45 ) قال يا نوح إنه ليس من أهلك إنه عمل غير صالح فلا تسألن ما ليس لك به علم إني أعظك(  ) أن تكون من الجاهلين( 46 ) }[ هود ] : أي :  كن مؤدَّبا مع ربك حين تدعو وتنفّس عن نفسك ،  ودع لحكمة الحكيم الإجابة أو عدمها ،  وقد تكون الإجابة فورية أو مؤجَّلة إلى حين أوانها ،  وكلاهما خير ."
10,90,"ويقول الحق سبحانه بعد ذلك :

{  وجاوزنا ببني إسرائيل البحر فأتبعهم فرعون وجنوده بغيا وعدا حتى إذا أدركه الغرق قال آمنت أنه لا إله إلا الذي آمنت به بنو إسرائيل وأنا من المسلمين(  )( 90 ) } :

قال الحق سبحانه :

{  وجاوزنا ببني إسرائيل البحر .  . ( 90 ) } : لأن الاجتياز لم يكن بأسباب بشرية ،  بل بفعل يخرج عن أسباب البشر ،  فلو أن موسى عليه السلام قد حفر نفقا تحت الماء ،  أو لو كان قد ركب سفنا هو وقومه لكان لهم مشاركة في اجتياز البحر ،  لكن المجاوزة كانت بأسباب غير ملحوظة بالنسبة للبشر ،  فالحق سبحانه هو الذي أوحى لموسى : {  اضرب بعصاك البحر .  . ( 63 ) }[ الشعراء ] : ومياه البحر كأية مياه أخرى تخضع لقانون السيولة ،  والاستطراق(  ) هو وسيلة السيولة ،  وهي عكس التجمد الذي يتسم بالتحيز .

والاستطراق هو الذي قامت عليه أساليب نقل المياه من صهاريج المياه التي تكون في الأغلب أعلى من طول أي منزل ،  ويتم ضخ المياه إليها ؛  لتتوزع من بعد ذلك حسب نظرية الأواني المستطرقة على المنازل ،  أما إذا كانت هناك بناية أعلى طولا من الصهريج ،  هنا يقوم سكان المبنى بتركيب مضخة لرفع المياه على الأدوار العالية .

وإذا كان قانون البحر هو السيولة والاستطراق ،  فكيف يتم قطع هذا الاستطراق ؟

يقول الحق سبحانه : {   .  . فكان كل فرق كالطود العظيم( 63 ) }[ الشعراء ] .

فكيف تحول الماء إلى جبال يفصل بينها سراديب وطرق يسير فيها موسى عليه السلام وقومه ؟

كيف يسير موسى وقومه مطمئنين ؟

لا بد أنها معية الله سبحانه التي تحميه ،  وهي تفسير لقول الحق سبحانه : {   .  . إن معي ربي سيهدين( 62 ) }[ الشعراء ] .

ورغم ذلك يتبعهم فرعون وجنوده لعله يدركهم ،  وأراد سيدنا موسى-عليه السلام- بمجرد نجاحه في العبور هو وقومه أن يضرب البحر بعصاه ؛  ليعود إلى قانون السيولة ،  ولو فعل ذلك لما سمح لفرعون وجنوده أن يسيروا في الممرات التي بين المياه التي تحولت إلى جبال ،  ولكن الله-سبحانه وتعالى-يريد غير ذلك ،  فقد أراد الحق سبحانه أن ينجي ويهلك بالشيء الواحد ،  فأوحى لموسى عليه السلام : {  واترك البحر رهوا(  ) إنهم جند مغرقون( 24 ) }[ الدخان ] : أي :  اترك البحر على حاله ؛  فينخدع فرعون وجنوده ،  وما إن ينزل آخر جندي منهم إلى الممر بين جبال الماء ؛  سيعود البحر إلى حالة السيولة فيغرق فرعون وجنوده ،  وينجو موسى وقومه .

ويقول الحق سبحانه : {  فأتبعهم فرعون وجنوده .  . ( 90 ) }[ يونس ] : فهل كان هذا الإتباع دليل إرادة الشر ؟

أكان من الممكن أن تكون نية الفرعون أن يدعو موسى وقومه إلى العودة إلى مصر ليستقروا فيها ؟

لا ،  لم تكن هذه هي نية الفرعون ؛  لذلك قال الحق سبحانه عن هذا الإتباع : {  بغيا وعدوا .  . ( 90 ) }[ يونس ] : أي :  أنه إتباع رغبة في الانتقام والإذلال والعدوان .

ويصور القرآن الكريم لحظة غرق فرعون بقوله : {  حتى إذا أدركه الغرق قال آمنت .  . ( 90 ) }[ يونس ] : والإدراك :  قصد للمدرك أن يلحق بالشيء ،  والغرق معنى ،  فكيف يتحول المعنى إلى شيء يلاحق الفرعون ؟

نعم ،  فكأن الغرق جندي من الجنود ،  وله عقل ينفعل ؛  فيجري إلى الأحداث : {   .  . حتى إذا أدركه الغرق قال آمنت أنه لا إله إلا الذي آمنت به بنو إسرائيل وأنا من : المسلمين(  )( 90 ) }[ يونس ] : والإيمان إذا أطلق فهو الإيمان بالقوة العليا ،  بدليل أن الحق سبحانه وتعالى قد قال : {  قالت الأعراب آمنا قل لم تؤمنوا ولكن قولوا أسلمنا .  . ( 14 ) }[ الحجرات ] : لأن الإيمان يتطلب انقياد القلب ،  والإسلام يقتضي إتباع أركان الإسلام ،  فالإيمان كما قال رسول الله صلى الله عليه وسلم :  "" قل آمنت بالله ثم استقم "" (  ) .  وفي هذا القول ذكر محدد بأن الإيمان إنما يكون لله الأعلى .

لكن لو قلت-مثلا :  "" آمنت أنك رجل طيب ""  فهذا إيمان له متعلق ،  أما إذا ذكر الإيمان بإطلاق فهو ينصرف إلى الإيمان بالله تعالى ؛  ولذلك قال الله سبحانه للأعراب :

{  ولكن قولوا أسلمنا .  . ( 14 ) }[ الحجرات ] .

وهنا يأتي القول على لسان فرعون : {   .  . آمنت أنه لا إله إلا الذي آمنت به بنو إسرائيل وأنا من المسلمين( 90 ) }[ يونس ] .

والخلاف هنا كان بين الفرعون كجهة كفر ،  وبين موسى وهارون وقومهما كجهة إيمان ،  وأعلن فرعون إيمانه ،  وقال أيضا : {   .  . وأنا من المسلمين( 90 ) }[ يونس ] ، ولم يقبل الله ذلك منه بدليل قول الحق سبحانه :

{  آلآن وقد عصيت قبل وكنت من المفسدين(  )( 91 ) } :"
10,91,"وهذا يعني :  أتقول إنك آمنت الآن وإنك من المسلمين .  إن قولك هذا مردود ؛  لأنه جاء في غير وقته ،  فهناك فرق بين إيمان الإجبار وإيمان الاختيار ،  أتقول الآن آمنت وأنت قد عصيت من قبل ،  وكنت تفسد في الأرض .

وكان من الممكن أن يقبل الله سبحانه منه إيمانه وهو في نجوة(  ) بعيدة عن الشر الذي حاق(  ) به .

فالحق سبحانه لا يقبل إيمان أحد بلغت روحه الحلقوم ،  فهذا إيمان إجبار ،  لا إيمان اختيار .

ولو كان المطلوب إيمان الإجبار لأجبر الحق سبحانه الخلق كلهم على أن يؤمنوا ،  ولما استطاع أحد أن يكفر بالله تعالى ،  وأمامنا الكون كله خاضع لإمرة الله-سبحانه وتعالى- ولا يتأبى فيه أحد على الله تعالى .

وقدرة الحق-عز وجل- المطلقة قادرة على إجبار البشر على الإيمان ،  لكنها تثبت طلاقه القدرة ،  ولا تثبت المحبوبية للمعبود .

وهذه المحبوبية للمعبود لا تثبت إلا إذا كان لك خيار في أن تؤمن أو لا تؤمن .  والله سبحانه يريد إيمان الاختيار(  ) .

إذن :  فالمردود من فرعون ليس القول ،  ولكن زمن القول .

ويقال :  إنها ردت ولم تقبل-رغم أنه قالها ثلاث مرات-لأن قوم موسى في ذلك الوقت كانوا قد دخلوا في مرحلة التجسيم لذات الله وادعوا-معاذ الله-أن الله- تعالى الله عما يقولون-جلس على صخرة وأنزل رجليه في حوض ماء ،  وكان يلعب مع الحوت .  . إلى آخر الخرافات التي ابتدعها بنو إسرائيل .

وحين أعلن فرعون أنه آمن بالإله الذي آمنت به بنو إسرائيل ،  فهذا يعني أنه لم يؤمن بالإله الحق سبحانه ."
10,92,"ويقول الحق سبحانه بعد ذلك :

{  فاليوم ننجيك ببدنك لتكون لمن خلفك آية وإن كثيرا من الناس عن آياتنا لغافلون( 92 ) } :

ونحن نعرف أن الإنسان مكون من بدن ،  وهو الهيكل المادي المصور على تلك الصورة التي نعرفها ،  وهناك الروح التي في البدن ،  وبها تكون الحركة والحياة .

وساعة نقول :  "" بدن ""  ،  فافهم أنها مجردة عن الروح ،  مثلها نقول :  جسد .  وإذا أطلقت كلمة  "" جسد ""  فمعناها الهيكل المادي المجرد من الروح .

والحق سبحانه هو القائل : {  ولقد فتنا سليمان وألقينا على كرسيه جسدا .  . ( 34 ) }[ ص ] .

وكان سيدنا سليمان-عليه السلام- يستمتع بما آتاه الله سبحانه من الملك ما لا ينبغي لأحد من بعده ،  وسخَّر له الجن والرياح وعلَّمه كل اللغات ،  وكان صاحب الأوامر والنواهي والهيمنة ،  ثم وجد نفسه قاعدا على كرسيه بلا حراك وبلا روح ،  ويقدر عليه أي واحد من الرعية ،  ثم أعاد الله له روحه إلى جسده ،  وهو ما يقوله الحق سبحانه : {   .  . ثم أناب(  ) ( 34 ) }[ ص ] : أي :  أنه أفاق لنفسه ،  فعلم أن كل ما يملكه هو أمر مفاض عليه ،  لا أمر نابع من ذاته .

وهنا في الآية الكريمة التي نحن بصددها الآن يقول الحق سبحانه : {  فاليوم ننجيك ببدنك لتكون لمن خلفك آية(  ) .  . ( 92 ) }[ يونس ] :

وبالله ،  لو لم يأمر الحق البحر بأن يلفظ جثمان فرعون ،  أما كان من الجائز أن يقولوا :  إنه إله ،  وإنه سيرجع مرة أخرى ؟

ولكن الحق سبحانه قد شاء أن يلفظ البحر جثمانه كما يلفظ جيفة أي حيوان غارق ؛  حتى لا يكون هناك شك في أن هذا الفرعون قد غرق ،  وحتى ينظر من بقي من قومه إلى حقيقته ،  فيعرفوا أنه مجرد بشر ،  ويصبح عبرة للجميع ،  بعد أن كان جبارا مسرفا طاغية يقول لهم : {  ما علمت لكم من إله غيري .  . ( 38 ) }[ القصص ] .

وبعض من باحثي التاريخ يقول :  إن فرعون المقصود هو  "" تحتمس ""  وإنهم حللوا بعضا من جثمانه ،  فوجدوا به آثار مياه مالحة .

ونحن نقول :  إن فرعون ليس اسما لشخص ،  بل هو توصيف لوظيفة ،  ولعل أجساد الفراعين المحنطة تقول لنا :  إن علة حفظ الأبدان هي عبرة ؛  وليتعظ كل إنسان ويرى كيف انهارت الحضارات ،  وكيف بقيت تلك الأبدان آية نعتبر بها .

وقد تعرض القرآن لمسألة الفرعون ،  فقال الحق سبحانه : {  وفرعون ذي الأوتاد(  )( 10 ) }[ الفجر ] ، ويقول سبحانه في نفس السورة عن كل جبار مفسد : {  إن ربك لبالمرصاد(  )( 14 ) }[ الفجر ] : ونلحظ أن كلام الحق سبحانه عن فرعون في سورة الفجر كان كلاما يضم إلى جانب حضارة الفراعنة حضارات أخرى قديمة ،  مثل حضارة عاد وحضارة ثمود .

وكذلك تكلم الحق سبحانه عن الفرعون في أثناء لقطات قصة موسى عليه السلام ،  ولكن الكلام يختلف في قصة يوسف عليه السلام ،  فلا تأتي وظيفة الفرعون ،  بل يحدثنا الحق سبحانه عن وظائف أخرى ،  هي وظيفة  "" عزيز مصر "" -أي :  رئيس وزرائها-ويحدثنا الله سبحانه عن ملك مصر بقوله : {  وقال الملك ائتوني به .  . ( 50 ) }[ يوسف ] : ولم يكتشف الفارق بين وظيفة  "" الفرعون ""  ووظيفة  "" الملك ""  في التاريخ المصري إلا بعد أن جاءت الحملة الفرنسية إلى مصر وفك  "" شامبليون ""  رموز اللغة الهيروغليفية من خلال نقوش  حجر  "" رشيد ""  ،  عرفنا أن حكام مصر القديمة كانوا يسمون  "" الفراعنة ""  إلا في فترة كانت فيها مصر تحت حكم  "" ملوك الرعاة ""  أو  "" الهكسوس ""  الذين أغاروا على مصر ،  وحكموها حكما ملكيا وقضوا على حكم الفراعنة ،  ثم عاد الفراعنة إلى حكم مصر بعد أن خلصوها من سيطرة  "" الهكسوس ""  .

وهكذا نجد أن إشارة القرآن في قصة يوسف-عليه السلام-كانت إلى الملك ،  ولم يأت فيها بذكر فرعون ،  وهذا دليل على أن القرآن قد سبق بعلمه أي اكتشاف ،  وكلما جاء اكتشاف جديد أو ابتكار حقيقي ،  نجده يؤيد كتاب الله .

وينهي الحق سبحانه الآية التي نحن بصدد خواطرنا عنها بقوله : {   .  . وإن كثيرا من الناس عن آياتنا لغافلون(  )( 92 ) }[ يونس ] : وهذا القول يوضح أن هناك من يغفل عن الآيات ،  وهناك من لا يغفل عنها ،  وينظر إلى تلك الآيات ويتأملها ويتدبرها ،  ويتساءل عن جدوى كل شيء ،  فيصل إلى ابتكارات واختراعات ينتفع بها الإنسان ،  أذن بميلادها عند البحث عنها ؛  لتستبين عظمة الله في خلقه .

وحين ينظر الإنسان في تلك الابتكارات سيجدها وليدة أفكار من نظروا بإمعان ،  وامتلكوا قدرة الاستنباط ،  ولو لم يغفل الناس عن النظر في لآيات الكون ،  والسماوات والأرض ،  لزادت الابتكارات والاختراعات ،  والحق سبحانه هو القائل :

{  وكأين من آية(  ) في السماوات والأرض يمرون عليها وهم عنها معرضون( 105 ) }[ يوسف ] .

وحين ننظر إلى مكتشف قانون الجاذبية  "" نيوتن ""  الذي رأى ثمرة تفاح تسقط من شجرتها ،  نجد أن هناك عشرات الآلاف أو الملايين من البشر شاهدوا من قبله مشهد سقوط ثمرة من على شجرة ،  ولكن نيوتن وحده هو الذي تفكر وتدبر ما يحدث أمامه إلى أن اهتدى على اكتشاف قانون الجاذبية .

وجاء من بعد نيوتن من بنى سفن الفضاء التي تستفيد من هذا القانون وغيره .

وكذلك نجد من صمّم الغواصات ،  والبواخر العملاقة التي تشبه المدن العائمة ،  هؤلاء اعتمدوا على من اكتشف قانون  "" الطفو ""  وقاعدة  ""  أرشميدس ""  الذي لاحظ أنه كلما غطس شيء في المياه ،  ارتفع الماء بنفس حجم الشيء الغاطس فيه .

كل هؤلاء اكتشفوا-ولم يخلقوا-أسرارا كانت موجودة في الكون ،  وهم تميّزوا بالانتباه لها .

وكذلك العالم الذي اكتشف  "" البنسلين ""  قد لاحظ أن أصيصا(  ) من المواد العضوية كانت تنزل منه قطرات من الماء العفن ،  ورأى الحشرات التي تقترب من هذا الماء تموت ،  فأخذ عينة من هذا العفن وأخذ يجري عليها بعض التجارب في معمله إلى أن اكتشف  "" البنسلين ""  .

وقول الحق سبحانه : {  وكأين من آية في السماوات والأرض يمرون عليها وهم عنها معرضون( 105 ) }[ يوسف ] : فكأنهم لو لم يعرضوا لاستنبطوا من آيات الكون الشيء الكثير .

وكذلك القصص التي تأتي في القرآن ،  إنما جاءت ليعتبر الناس ويتأملوا ،  فحين يرسل الله رسولا مؤيّدا بمعجزة منه لا يقدر عليها البشر ؛  فعلى الناس أن يسلّموا ويقولوا :  "" آمنا ""  ،  لا أن يظلوا في حالة إعادة للتجارب السابقة ؛  لأن ارتقاءات البشر في الأمور المادية قد تواصلت ؛  لأن كل جيل من العلماء يأخذ نتائج العلم التي توصل إليها من سبقوه ،  فلماذا لا يحدث هذا في الأمور العقدية ؟

ولو أن الناس بدأوا من حيث انتهى غيرهم ؛  لوجدنا مؤمنا بالله تعالى ،  ولأخذ كل مولود الأمر من حيث انتهى أبوه ،  ولوصل خير آدم إلى كل من ولد بعد ذلك ،  لكن آفة البشر أن الإنسان يريد أن يجرب بنفسه .

ونحن نجد ذلك في أمور ضارة مثل :  الخمر ،  نجدها ضارة لكل من يقرب منها ،  فإذا حرّمها الدين وجدنا من يتساءل :  لماذا تحرّم ؟

وكذلك التدخين ؛  نجد من يجربه رغم أن التجارب السابقة أثبتت أضراره البالغة ،  ولو أخذ كل إنسان تجارب السابقين عليه ؛  فهو يصل عمره بعمر الآخرين ."
10,93,"ويقول الحق سبحانه بعد ذلك :

{  ولقد بوأنا بني إسرائيل مبوأ صدق ورزقناهم من الطيبات فما اختلفوا حتى جاءهم العلم إن ربك يقضي بينهم يوم القيامة فيما كانوا فيه يختلفون(  )( 93 ) } :

وكلمة  "" تبوأ ""  تعني إقامة مباءة أي :  البيوت التي يكون فيها السكن الخاص ،  وإذا أطلقت كلمة  "" مبوأ ""  فهي تعني الإقليم أو الوطن .

والوطن أنت تتحرك فيه وكذلك غيرك ،  أما البيت فهو للإنسان وأسرته كسكن خاص .

أما الثري فقد يكون له جناح خاص في البيت ،  وقد يخصص الثريُّ في منزله جناحا لنفسه ،  وآخر لولده وثالثا لابنته .

أما غالبية الناس فكل أسرة تسكن في  "" شقة ""  قد تتكون من غرفة أو اثنتين أو ثلاثة حسب إمكانات الأسرة .

إذن :  فيوجد فرق بين تبوّء البيوت وتبوء المواطن ،  فتبوّء المواطن هو الوطن .

وسبق أن قال الحق سبحانه لموسى وهارون عليهما السلام : {  أن تبوءا لقومكما بمصر بيوتا .  . ( 87 ) }[ يونس ] . هذا في التبوء الخاص ،  أما في التبوء العام فهو يحتاج إلى قدرة الحق تعالى ،  وهو سبحانه يقول هنا :  {  ولقد بوأنا بني إسرائيل مبوأ صدق .  . ( 93 ) }[ يونس ]

والحق سبحانه أتاح لهم ذلك في زمن موسى-عليه السلام-وأتاح لهم السكن في مصر والشام ،  وهو سبحانه القائل : {  سبحانه الذي أسرى(  ) بعبده ليلا من المسجد الحرام إلى المسجد الأقصى الذي باركنا حوله .  . ( 1 ) }[ الإسراء ] وما دام الحق سبحانه قد بارك حوله فلا بد أن فيه خيرا كثيرا ،  ولا بد أن تكون الأرض التي حوله مبوأ صدق .

وكلمة  "" الصدق ""  تعني جماع الخير والبر ؛  ولذلك نجد الرسول صلى الله عليه وسلم حينما سئل :  أيكون المؤمن جبانا ؟  قال :  "" نعم ""  .  وحين سئل :  أيكون المؤمن بخيلا ؟  قال :  "" نعم ""  .  وحين سئل :  أيكون المؤمن كذابا ؟  قال :  "" لا "" (  ) .

ولذلك فأنت تجد في الإسلام عقوبة على الزنا ،  وعقوبة تقام على السارق(  ) ،  أما الكذب فهو خصلة لا يقربها المسلم ؛  لأن عليه أن يكون صادقا .  وكل خصال الخير هي مبوأ الصدق .

ولذلك نجد قول الحق سبحانه : وقل رب أدخلني مدخل صدق وأخرجني مخرج صدق(  )( 80 ) }[ الإسراء ] .

وقول الحق سبحانه : {  وبشر الذين آمنوا أن لهم قدم صدق عند ربهم(  ) .  . ( 2 ) }[ يونس ] .

وقول الحق سبحانه : {  واجعل لي لسان صدق في الآخرين(  )( 84 ) }[ الشعراء ] . أي :  اجعل لي ذكرى حسنة فلا يقال فلان كان كاذبا ،  وأما قدم الصدق فهي سوابق الخير التي يسعى إليها ؛  ولذلك كان الجزاء على الصدق هو ما يقول عنه الحق سبحانه : {  في مقعد صدق عند مليك مقتدر(  )( 55 ) }[ القمر ] : وهو مقعد عند مليك لا يبخل ،  ولا يجلس في رحابه إلا من يحبه ،  ولا يضن بخيره على من هم في رحابه .

ومقعد الصدق هو جزاء لمن استجاب له ربه فأدخله مدخل صدق ،  وأخرجه مخرج صدق ،  وجعل له لسان صدق ،  وقدم صدق .

وبعد أن بوّأ الحق سبحانه بني إسرائيل مبوّأ صدق ،  في مصر والشام وبعد أن قال لهم : {  اهبطوا مصرا فإن لكم ما سألتم(  ) .  . ( 61 ) }[ البقرة ] : أي :  أن الحق سبحانه حقق قوله : {  ورزقناهم من الطيبات .  . ( 93 ) }[ يونس ] : وأنجاهم من فرعون ،  وكان من المفترض أن تستقيم أمورهم .

ويقول الحق سبحانه : {  فما اختلفوا حتى جاءهم العلم .  . ( 93 ) }[ يونس ] : والمقصود بذلك هو معرفتهم بعلامات الرسول الخاتم محمد صلى الله عليه وسلم ،  ومنهم من ترقب مجيء النبي صلى الله عليه وسلم ليؤمن به ،  ومنهم من تمادى في الطغيان ؛  لذلك قطعهم الله-سبحانه-في الأرض أمما .

وحين ننظر إلى دقة التعبير القرآني نجده يحدد مسألة التقطيع هذه ،  فهم في كل أمة يمثلون قطعة ،  أي :  أنه سبحانه لم يذبهم في الشعوب .  بل لهم في كل بلد ذهبوا إليه مكان خاصّ بهم ،  ولا يذوبون في غيرهم .

والحق سبحانه يقول : {  وقلنا من بعده(  ) لبني إسرائيل اسكنوا الأرض .  . ( 104 ) }[ الإسراء ] . وقد يقول أحد السطحيين :  وهل هناك سكن في غير الأرض ؟

ونقول :  لنا أن نلحظ أن الحق سبحانه لم يحدد لهم في آية بقعة الأرض يسكنون ،  فكأن الحق سبحانه قد بين ما أصدره من حكم عليهم بالتقطيع في الأرض أمما ؛  فهو سبحانه القائل : {  وقطعناهم في الأرض أمما(  ) .  . ( 168 ) }[ الأعراف ]

وإذا كنا نراهم في أيامنا هذه وقد صار لهم وطن ،  فاعلم أن الحق سبحانه هو القائل :

{  وقضينا إلى بني إسرائيل في الكتاب لتفسدن في الأرض مرتين ولتعلن علوا كبيرا( 4 ) }[ الإسراء ] .

وقد قال في آخر سورة الإسراء : {  وقلنا من بعده لني إسرائيل اسكنوا الأرض فإذا جاء وعد الآخرة جئنا بكم لفيفا(  ) ( 104 ) }[ الإسراء ] : والمجيء بهم لفيفا إنما يعني أن يجمعهم في وطن قومي لتأتي لهم الضربة القاصمة التي ذكرها الحق سبحانه في قوله : {   .  . فإذا جاء وعد الآخرة ليسوؤوا وجوهكم وليدخلوا المسجد كما دخلوه أول مرة وليتبروا ما علوا تتبيرا(  )( 7 ) }[ الإسراء ] : لأننا لن نستطيع أن نحاربهم في كل بلد من البلاد التي قطعهم الله فيها ،  لكنهم حين يجتمعون في مكان واحد ،  إنما يسهل أن ينزل عليهم قضاء الله .

وحين ننظر إلى رحلتهم نجد أن  "" يثرب ""  كانت المكان الذي اتسع لهم بعد اضطهادات المجتمعات التي دخلوا إليها ،  وحين اجتمعوا في يثرب صار لهم الجاه ؛  لأنهم أهل علم ،  وأهل اقتصاد ،  وأهل حرب .

وهم قد اجتمعوا في المدينة ؛  لأن المخلصين من أهل الكتاب أخبروهم أن هذه المدينة هي المهجر لنبي ورسول يأتي من العرب في آخر الزمان ؛  فمكثوا فيها انتظارا له ،  وكانوا يقولون لكفار قريش :  "" لقد أظل زمان يأتي فيه نبي نتبع ،  ونقتلكم فيه قتل عاد وإرم "" (  ) .

وكان من المفروض أن يؤمنوا برسالته صلى الله عليه وسلم ،  لكنه ما إن أطل رسول الله صلى الله عليه وسلم بنور رسالته حتى أنكروه خوفا على سلطتهم الزمنية .

وهو ما تقول عنه الآية الكريمة التي نحن بصدد خواطرنا عنها : {  فما اختلفوا حتى جاءهم العلم .  . ( 93 ) }[ يونس ] : أي :  أن علمهم بمجيء الرسول صلى الله عليه وسلم هو مصدر اختلافهم ،  فمنهم من سمعوا إشارات عنه صلى الله عليه وسلم وعرفوا علاماته صلى الله عليه وسلم ؛  فآمنوا به ،  ومنهم من لم يؤمن به .

وهم لم يختلفوا من قبل وكانوا متفقين ،  وتوعّدوا المشركين من قريش .  وما إن أهلّ الرسول صلى الله عليه وسلم وعلمت به  "" الأوس ""  و ""  الخزرج ""  أنه رسول من الله تعالى قد ظهر بمكة ،  فقالت الأوس والخزرج :  إنه النبي الذي توعّدتنا به يهود ،  فهيا بنا لنذهب ونسبقهم إليه قبل أن يسبقونا فيقتلونا به .

فكان اليهود هم الذين تسببوا في هجرة النبي صلى الله عليه وسلم إلى المدينة ؛  لأن الأوس والخزرج سبقوهم إليه ؛  وهذا لنعلم كيف ينصر الله تعالى دينه بأعدائه .

ولذلك نجد أنهم في اختلافهم يأتي عبد الله بن سلام(  ) إلى رسول الله صلى الله عليه وسلم ويقول :  إن اليهود قوم بهت ،  وإذا أنا آمنت بك يا رسول الله سيقولون فيّ ما يسيء إليّ ؛  لذلك فقبل أن أعلن إسلامي اسألهم عنّي .

وكان ابن سلام في ذلك يسلك سلوكا يتناسب مع كونه يهوديا ،  ولما اجتمع معشر اليهود ،  سألهم النبي صلى الله عليه وسلم وقال :  ما تقولون في ابن سلام ؟

قالوا :  حبرنا وشيخنا وهو الورع فينا ،  وبعد أن أثنوا عليه ثناء عظيما ،  قال ابن سلام :  يا رسول الله أشهد أن لا إله إلا الله وأنك رسول الله .

وهنا بدأ اليهود يكيلون له السّباب ،  فقال ابن سلام :  ألم أقل لك يا رسول الله إنهم قوم بهت(  ) ؟

إذن :  فمعنى قوله سبحانه : {  فما اختلفوا حتى جاءهم العلم .  . ( 93 ) }[ يونس ] : أي :  أن أناسا منهم بقوا على الباطل ،  وأناسا منهم آمنوا بالرسول الحق صلى الله عليه وسلم .

وينهي الحق سبحانه الآية الكريمة بقوله تعالى : {   .  . إن ربك يقضي بينهم يوم القيامة فيما كانوا فيه يختلفون( 93 ) }[ يونس ] : أي :  أن الله سبحانه وتعالى سوف يقضي بين من جاءوا في صف الإيمان ،  وبين من بقوا على اليهودية المتعصبة ضد الإيمان .

ونحن نلحظ أن كلمة  "" بينهم ""  توضح أن الضمير عام ،  لهؤلاء ولأولئك .

ونقول :  إن الحق سبحانه وتعالى يقضي يوم القيامة بين المؤمنين والكافرين ،  ويقضي أيضا بين الكافرين ،  فمنهم من كان ظالما لكافر ،  ومنهم من كان مختلسا أو مرتشيا ،  ومنهم من عمل على غير مقتضى دينه ؛  لذلك يقضي الله سبحانه بينهم .

والآية تفيد العموم في القضاء ماضيا وحاضرا ومستقبلا بين كل مؤمن وكافر ،  وبين كل تائب وعاص ."
10,94,"ويقول الحق سبحانه بعد ذلك :

{  فإن كنت في شك(  ) مما أنزلنا إليك فسئل(  ) الذين يقرءون الكتاب من قبلك لقد جاءك الحق من ربك فلا تكونن من الممترين(  )( 94 ) } :

والخطاب هنا لرسول الله صلى الله عليه وسلم . ونحن نعلم أن الرسول صلى الله عليه وسلم قد قال من البداية إنه لا يشك في رسالته ،  وحين وعده أهله بالسيادة قال :  "" والله لو وضعوا الشمس في يميني ،  والقمر في يساري على أن أترك هذا الأمر حتى يظهره الله ،  أو أهلك فيه ،  ما تركته "" (  ) .

نقول :  إن الحق سبحانه وتعالى يضمر خطاب الأمة في خطاب رسوله صلى الله عليه وسلم ؛  لأن الأتباع حين يقرأون ويسمعون الخطاب وهو موجّه بهذا الأسلوب إلى الرسول صلى الله عليه وسلم فهم لن يستنكفوا(  ) عن أي أمر يصدر إليهم .

ومثال ذلك :  لو أن قائدا يصدر أمرا لاثنين من مساعديه اللذين يقودان مجموعتين من المقاتلين ،  فيقول القائد الأعلى لكل منهما :  إياك أن تفعل كذا أو تصنع كذا .  والقائد الأعلى بتعليماته لا يقصد المساعدين له ،  ولكنه يقصد كل مرءوسيهم من الجند .

وجاء الأمر هنا لرسول الله صلى الله عليه وسلم ؛  لتفهم أمته أن الرسول صلى الله عليه وسلم ما كان ليتأبّى على أمر من أوامر الله ،  بل هو صلى الله عليه وسلم ينفّذ كل ما يؤمر به بدقة(  ) ؛  وذلك من باب خطاب الأمة في شخصية رسولها صلى الله عليه وسلم .

وقول الحق سبحانه : {  فإن كنت في شك مما أنزلنا إليك فاسأل الذين يقرءون الكتاب من قبلك .  . ( 94 ) }[ يونس ] : هذا القول دليل على أن الذين عندهم علم بالكتاب من السابقين على رسول الله صلى الله عليه وسلم ،  يعرفون الحقائق الواضحة عن رسالته صلى الله عليه وسلم .

وإن الذين يكابرون ويكفرون برسول الله صلى الله عليه وسلم ورسالته إنما يعرفونه كما يعرفون أبناءهم .  وقد قال عبد الله بن سلام :  ""  لقد عرفت محمدا حين رأيته كمعرفتي لابني ،  ومعرفتي لمحمد أشد "" (  ) .

لإذن :  فالحق عندهم واضح مكتوب في التوراة(  ) من بشارة به صلى الله عليه وسلم ،  وهذا يثبت أنك يا محمد صادق في دعوتك ،  بشهادة هؤلاء .

وينهي الحق سبحانه الآية بقوله تعالى : {   .  . لقد جاءك الحق من ربك فلا تكونن من الممترين( 94 ) }[ يونس ] : والحق القادم من الله تعالى ثابت لا يتغير ؛  لأنه واقع ،  والواقع لا يتعدد ،  بل يأتي على صورة واحدة .

أما الكذب فيأتي على صورة متعددة .

ولذلك فمهمة المحقّق الدقيق أن يقلّب أوجه الشهادات التي تقال أمامه في النيابة أو القضاء ؛  حتى يأتي حكمه مصيبا لا مدخل فيه لتناقض ،  ولا يعتمد على تخيّل أو أكاذيب .

وقول الحق سبحانه : {  لقد جاءك الحق .  . ( 94 ) }[ يونس ] : إنما يدل على أن الذين قرأوا الكتاب قد عرفوا أنك رسول الله حقّا ،  ومنهم من ترك معسكر اليهودية ،  وجاء إلى معسكر الإيمان بك ؛  لأن الحق الذي جاء لا دخل للبشرية فيه ،  بل جاء من ربك :

{   .  . فلا تكونن من الممترين( 94 ) }[ يونس ] : ومجيء الخطاب بهذا الشكل ،  هو كما قلت موجّه إلى الأمّة المؤمنة في شخص الرسول الله صلى الله عليه وسلم .

والحق سبحانه يقول : {  لئن أشركت ليحبطن عملك(  ) .  . ( 65 ) }[ الزمر ] : هذا القول نزل على رسول الله صلى الله عليه وسلم ،  ومن غير المعقول أن يشرك النبي صلى الله عليه وسلم ،  وكل الآيات التي تحمل معاني التوجيه في الأمور المنزّه عنها رسول الله صلى الله عليه وسلم خاصّة بأمته .

وأيضا يقول الحق سبحانه : {  ولا تكونن من الذين كذبوا بآيات الله فتكون من الخاسرين( 95 ) }[ يونس ] : والقول الحكيم ساعة يوجّه إلى الخير قد يأتي بمقابله من الشر ؛  لتتضح الأشياء بالمقارنة .

ونحن في حياتنا اليومية نجد الأب يقول لابنه :  اجتهد في دروسك ،  واستمع إلى مدرّسيك جيدا حتى تنجح ،  فلا تكن مثل فلان الذي رسب ،  والوالد في هذه الحالة يأتي بالإغراء الخيّر ،  ويصاحبه بمقابله ،  وهو التحذير من الشر .

وقد قال شاعر :

فالوجه مثل الصّبح مبيضّ**** والشَّعر مثل الليل مسودُّ

ضدَّان لمَّا استجمعا حسنا **** والضّدُّ يظهر حسنه الضّدَّ(  )"
10,95,"ويقول الحق سبحانه بعد ذلك :

{  ولا تكونن من الذين كذبوا بآيات الله فتكون من الخاسرين( 95 ) } :

وآيات الله سبحانه كما نعرفها متعددة ؛  إما آيات كونية وهي الأصل في المعتقد الأول بأن خالقها هو الخالق الأعلى سبحانه ،  وتلفت هذه الآيات إلى بديع صنعه سبحانه ،  ودقة تكوين خلقه ،  وشمول قدرته .

وكذلك يقصد بالآيات ؛  المعجزات المنزلة على الرسل-عليهم السلام- لتظهر صدق كل رسول في البلاغ عن الله تعالى .

وآيات القرآن الكريم التي تحمل منهج الله .

وهم كانوا يكذّبون بكل الآيات .

والخطاب في هذه الآية هو خطاب للنبي صلى الله عليه وسلم ،  وجاء معطوفا على ما في الآية السابقة ،  حيث يقول الحق سبحانه : {  فإن كنت في شك مما أنزلنا إليك .  . ( 94 ) }[ يونس ] :  وكل ما يرد من مثل هذا القول لا يصح أن نفهم منه أن رسول الله صلى الله عليه وسلم من الممكن أن يشك ،  أو من المحتمل أن يكون من الذين كذبوا بآيات الله-سبحانه وتعالى- ولكن إيراد مثل هذا الأمر ،  هو إيراد لدفع خواطر البشرية ،  أيا كانت تلك الخواطر ،  فإذا وجدنا الخطاب المراد به رسول الله صلى الله عليه وسلم في التنزيل ،  فغاية المراد اعتدال موازين الفهم في أمته تعليما وتوجيها ؛  لأن المنهج منزل عليه لتبليغه لأمته فهو شهيد على الأمم(  ) .

وإذا كانت الآية التي سبقت توضح :  إن كنت في شك فاسأل ،  فهو سبحانه يعطيه السؤال ؛  ليستمع منه إلى الجواب ،  وليسمعه لكل الأمة ؛  الجواب القائل :  أنا لا أشك ولا أسأل ،  وحسبي ما أنزل الله سبحانه عليّ .

ألم يرد في القرآن الكريم أن الحق سبحانه وتعالى يقول للملائكة يوم القيامة بمحضر من عبدوا الملائكة ،  ويشير إلى هؤلاء الذين عبدوا الملائكة ومخاطبا ملائكته : {   .  . أهؤلاء إياكم كانوا يعبدون( 40 ) }[ سبأ ] ، ونحن نعلم أن الملائكة : {   .  . لا يعصون الله ما أمرهم ويفعلون ما يؤمرون( 6 ) }[ التحريم ] .

والحق سبحانه يعلم مسبقا جواب الملائكة ،  وهم يقولون : {  سبحانك أنت ولينا من دونهم .  . ( 41 ) }[ سبأ ] : ولكنه سبحانه وتعالى أراد أن يسمع من في الحشر كلهم جواب الملائكة وهم يستنكرون أن يعبدهم أحد من الخلق ،  فهؤلاء الخلق إنما عبدوا الجن .

إذن :  فالسؤال جاء ،  ليبين الرد عليه ،  مثلما يرد عيسى عليه السلام حين يعبد من بعض قومه ،  ويسأله سبحانه عن ذلك : {  أنت قلت للناس اتخذوني وأمي إلهين من دون الله .  . ( 116 ) }[ المائدة ] ، فيأتي الجواب :  {  سبحانك ما يكون لي أن أقول ما ليس لي بحق .  . ( 116 ) }[ المائدة ] : إذن :  فالمراد أن يقول الرسول صلى الله عليه وسلم :  أنا لا أشك ولا أسأل .

والشك(  )-كما نعلم-معناه :  تساوي كفة النفي وكفة الإثبات ،  فإن رجحت واحدة منهما فهذا ظن ،  وتكون المرجوحة وهما وافتراء وكذبا .

وكلمة  "" شك ""  مأخوذة من مسألة حسية ،  فنحن نرى الصيادين وهم يصعون كل سمكة بعد اصطيادها في خيط يسمى  "" المشكاك ""  .

وكذلك نرى من يقوم ب( لضم ) العقود ،  وهو يشك الحبة في الخيط(  ) .  من هذا نأخذ أن الشك معناه :  ضم شيء إلى شيء ،  ومنه الشكائك(  ) ،  وهي البيوت المنتظمة بجانب بعضها البعض .

ومنه  "" شاك السلاح(  ) ""  أي :  الذي ضم نفسه إلى الدرع .

فالشك هو ضم شيء إلى شيء ،  وفي النسب تضم النفي والإثبات معا ؛  لأنك غير قادر على أن ترجح أحدهما .

وكل خطاب في الشك يأتي على هذا اللون .  والآية التي نحن بصددها تقول : {  ولا تكونن من الذين كذبوا بآيات الله فتكون من الخاسرين( 95 ) }[ يونس ] .

ونحن نعلم أن الرسول صلى الله عليه وسلم هو نفسه آية من الآيات ،  وهكذا نرى أن الخطاب موجه لأمته ،  فمن المستحيل أن يكون الرسول صلى الله عليه وسلم من المكذّبين لآيات الله-سبحانه وتعالى-لأن التكذيب بآيات الله تعالى يعني :  إخراج الصدق إلى الكذب ،  وإخراج الواقع إلى غير الواقع .

والذين كذبوا بالآيات إما أنهم لا يؤمنون بإله ،  أو يؤمنون بإله ولا يؤمنون برسول ،  أو يؤمنون بإله ويؤمنون برسول ولا يؤمنون بما أنزل على الرسول صلى الله عليه وسلم .

والذي يؤيد هذا وجود آية في آخر السورة يقول فيها الحق سبحانه : {  قل يا أيها الناس إن كنتم في شك من ديني فلا أعبد الذين تعبدون من دون(  ) الله .  . ( 104 ) }[ يونس ] : فكأن الخطاب المقصود منه الأمة ."
10,96,"وقول الحق سبحانه بعد ذلك :

{  إن الذين حقت عليهم كلمت ربك(  ) لا يؤمنون( 96 ) } :

وهذا القول يوضح لنا أن الحق سبحانه وتعالى قد علم علما أزليا بأنهم لن يوجهوا اختيارهم للإيمان .

فحكمه هنا لا ينفي عنهم مسئولية الاختيار ،  ولكنه علم الله الأزلي بما سوف يفعلون ،  ثم جاءوا على الاختيار فتحقق علم الله سبحانه وتعالى بهم من سلوكهم .

وحكمه سبحانه مبنيُّ على الاختيار ،  وهو حكم تقديري .

ومثال ذلك-ولله المثل الأعلى-حين يأتي وزير الزراعة ،  ويعلن أننا قدّرنا محصول القطن هذا العام ،  بحساب مساحة الراضي المنزرعة قطنا ،  وبالمتوسط المتوقع لكل فدان ،  وقد يصيب الحكم ،  وقد يخيب نتيجة العوالم والظروف الأخرى المحيطة بزراعة القطن ،  فمن المحتمل أن يصاب القطن بآفة من الآفات ،  مثل :  دودة اللوزة ،  أو دودة الورقة .

إذن :  ففي المجال البشري قد يصيب التقدير وقد يخطئ ؛  لأن الإنسان يقدّر بغير علم مطلق ،  بل بعلم نسبي .

أما التقدير الحق سبحانه فهو تقدير أزلي ،  وحين يقدّر الحق سبحانه فلا بد من وقوع ما قدّره .

ولذلك يجب أن نفرق بين قضاء حكم لازم قهري ليس للإنسان فيه تصرف ،  وبين قدر قد قدّر من الله تعالى أن يفعله الإنسان باختياره ،  وهذه هي عظمة علم الغيب .

ومثال ذلك :  هو سلوك أبي لهب(  ) ،  فقد نزل فيه قرآن يتلى : {  تبت(  ) يدا أبي لهب وتب( 1 ) ما أغنى عنه ماله وما كسب( 2 ) }[ المسد ] : وقد نزلت السورة وأبو لهب على قيد الحياة ؛  لأن الحق سبحانه قد علم أزلا أن خواطر أبي لهب لن تدفعه إلى الإيمان ،  ولو أن أبا لهب امتلك ذرة من ذكاء لجاء لرسول الله صلى الله عليه وسلم وقال :  أنت قلت عنيّ إنني سأصلى(  ) النار ،  لكن ها أنذا أعلن أنني أشهد ألا إله إلا الله وأشهد أنك رسول الله .

لكن ذلك الذكاء لم يكن يملكه أبو لهب ،  فقد علم الله أزلا أن خواطره لن تدفعه إلى الإسلام ،  مثلما دفعت حمزة بن عبد المطلب عم النبي صلى الله عليه وسلم وعمر بن الخطاب ،  وخالد بن الوليد ،  وعمرو بن العاص .  وكان إسلام هؤلاء رغم وقوفهم ضد النبي صلى الله عليه وسلم أمرا واردا .

وقد يقدّر البشر التقدير ،  لكن هذا التقدير إنما يتم حسب المعلومات المتاحة لهم ،  ولا يملك إنسان علما كونيّا أزليّا بتقديراته ،  فعلمه محدود ،  وقد يأتي الأمر على غير ما يقدّر ؛  لأن الإنسان لا يملك ما يقدر .

ولا يقولنّ أحد ،  إن الله يعاقب بعد أن قدّر مسبقا ؛  لن تقدير الحق سبحانه نابع من علمه الأزلي ،  وهم كانوا يتمتعون بحق الاختيار .  والله سبحانه هو القائل : {  وإذا ما أنزلت سورة فمنهم من يقول أيكم زادته هذه إيمانا فأما الذين آمنوا فزادتهم إيمانا وهم يستبشرون( 124 ) وأما الذين في قلوبهم مرض فزادتهم رجسا(  ) إلى رجسهم وماتوا وهم كافرون( 125 ) }[ التوبة ] ."
10,97,"ويقول الحق سبحانه بعد ذلك :

{  ولو جاءتهم كل آية حتى يروا العذاب الأليم(  )( 97 ) } :

إذن :  فمجيء الآيات وتكرارها لن يفيدهم في الاتجاه إلى الإيمان ؛  لأن الحق سبحانه يعلم أنهم سيتوجهون باختيارهم إلى الكفر ؛  فقد قالوا-من قبل-ما أورده الحق سبحانه في كتابه العزيز : {  وقالوا لن نؤمن لك حتى تفجر لنا من الأرض ينبوعا(  )( 90 ) أو تكون لك جنة من نخيل وعنب فتفجر الأنهار خلالها تفجيرا( 91 ) أو تسقط السماء كما زعمت كسفا(  ) أو تأتي بالله والملائكة قبيلا(  )( 92 ) أو يكون لك بيت من زخرف(  ) أو ترقى في السماء ولن نؤمن لرقيك حتى تنزل علينا كتابا نقرؤه قل سبحانه ربي هل كنت إلا بشرا رسولا(  ) ( 93 ) }[ الإسراء ] .

وكأن الحق سبحانه يأمر رسوله أن يقول موضحا :  لست أنا الذي ينزل الآيات ،  بل الآيات من عند الله تعالى ،  ثم يأتي القرآن بالسبب الذي لم تنزل به تلك الآيات التي طلبوها ،  فيقول سبحانه : {  وما منعنا أن نرسل بالآيات إلا أن كذب بها الأولون .  . ( 59 ) }[ الإسراء ] : إذن :  فقد نزلت آيات كثيرة لمن سبق في المعاندة والمعارضة ،  ويقابل قضية عرض الإيمان عليه بكفر يملأ قلبه .

فإن كان هناك من يبحث عن الإيمان فليدخل على بحث الإيمان بدون معتقد سابق ،  ولينظر إلى المسألة ،  وما يسمح به قلبه فليدخله فيه ؛  وبهذا الاختيار القلبي غير المشروط بمعتقد سابق هو قمة القبول .

وقد قال الحق سبحانه في الآيات السابقة كلاما في الوحدانية ،  وكلاما في الآيات المعجزات ،  وكلاما في صدق النبوة ،  وكلاما عن القيامة ،  وقصّ لنا سبحانه بعضا من قصص مواكب الرسل ،  من نوح عليه السلام ،  ثم فصَّل قليلا في قصة موسى وهارون عليهما السلام ،  ثم سيأتي من بعد ذلك بقصة يونس عليه السلام .

ونحن نلحظ أن الحق سبحانه جاء بقصة نوح عليه السلام في إطناب(  ) ،  ثم جاء بخبر عن رسل لم يقل لنا عنهم شيئا ،  ثم جاء بقصة موسى وهارون عليهما السلام ،  ثم سيأتي من بعد ذلك بقصة يونس عليه السلام ،  فالسورة تضم ثلاثا من الرسالات :  رسالة نوح ،  ورسالة موسى وهارون ،  ورسالة يونس ،  وهو الرسول الذي سميّت السورة باسمه .

ولسائل أن يقول :  ولماذا جاء بهؤلاء الثلاثة في هذه السورة ؟

وأقول :  لقد تعبنا كثيرا ،  ومعنا كثير من المفسرين حتى نتلمّس الحكمة في ذلك ،  ولماذا لم تأت في السورة قصة هود ،  وثمود ،  وشعيب ،  وكان لا بد أن تكون هناك حكمة من ذلك .

هذه الحكمة فيما تجلى لنا أن الحق سبحانه وتعالى يعرض موكب الرسالة وموكب المعارضين لكل رسول ،  والنتيجة التي انتهى إليها أمر الأعداء ،  وكذلك النتيجة التي انتهى إليها أمر الرسول ومن آمن به .

ونجد الذين ذكرهم الله سبحانه هنا قد أهلكوا إهلاكا متحدا بنوع في الجميع ،  فإهلاك قوم نوح كان بالغرق ،  وكذلك الإهلاك لقوم فرعون كان بالغرق ،  وكذلك كانت قصة سيدنا يونس لها علاقة بالبحر ،  فقد ابتلعه الحوت وجرى في البحر .

إذن :  فمن ذكر هنا من الرسل كان له علاقة بالماء ،  أما بقية الموكب الرسالي فلم تكن لهم علاقة بالماء .

ونحن نعرف أن الماء به الحياة ،  وبه الإهلاك ؛  لأن واهب الحياة يهب الحياة بشيء ،  ويهلك بالشيء نفسه .  وكأن الحق سبحانه يبيّن لنا الحكمة :  أنا أهلكت بالغرق هناك ،  ونجَّيت من الغرق هنا .

إذن :  فطلاقة القدرة الإلهية هي المستولية على هذه السورة ،  كما تظهر طلاقة القدرة في مجالات أخرى ،  وبألوان أخرى(  ) .

وسمّيت هذه السورة باسم يونس ؛  لأن الحق سبحانه أرسله إلى أكثر من مائة ألف(  ) ،  وهم الأمة الوحيدة في هذا المجال التي استثناها الحق سبحانه من الإهلاك ،  فقد أغرق قوم نوح ،  وأغرق قوم فرعون ؛  فكلاهما قد كذب الرسل ،  ولكن قوم يونس أول ما رأوا البأس(  ) آمنوا فأنجاهم الله سبحانه .

وسميت السورة باسم من نجا ؛  لأنه عاد إلى الحق سبحانه قبل أن يعاين العذاب ،  ولكنهم رأوا فقط بشائر العذاب ،  فنجّوا أنفسهم بالإيمان .

وهنا يقول الحق سبحانه وتعالى :

{  فلولا(  ) كانت قرية آمنت فنفعها إيمانها إلا قوم يونس لما آمنوا كشفنا عنهم عذاب الخزي في الحياة الدنيا ومتعناهم إلى حين(  )( 98 ) } :"
10,98,"وهكذا يبين لنا الحق سبحانه أن هناك كثيرا من القرى لم تؤمن إلا وقت العذاب ،  فلم ينفع أيّا منهم هذا الإيمان ،  ولكن قوم يونس قبل أن تأتي بشائر العذاب والبأس أعلنوا الإيمان فقبل الحق سبحانه إيمانهم ؛  لأنه سبحانه لا يظلم عباده .

فمن وصل إلى العذاب ،  وأعلن الإيمان من قلب العذاب لا يقبل منه ،  ومن أحس واستشفَّ بواكير العذاب وآمن فالحق سبحانه وتعالى يقبله .

وكلمة  "" لولا ""  إذا سمعتها فمثلها مثل  "" لوما ""  ،  وإذا دخلت  "" لولا ""  على جملة اسمية فلها حكم يختلف عن حكمها لو دخلت على جملة فعلية ،  فحين تدخل على جملة اسمية مثل :  "" لولا زيد عندك لأتيتك ""  تفيد أن امتناع المجيء هو بسبب وجود زيد ،  لكنها إن دخلت على جملة فعلية فيقال عنها :  "" أداة تحضيض وحث ""  مثل قول الحق سبحانه :

{  فلولا نفر من كل فرقة منهم طائفة ليتفقهوا في الدين .  . ( 122 ) }[ التوبة ] : أي :  أنه كان يجب أن ينفر من كل طائفة عدد ليتدارسوا أمور الدين .

والحق سبحانه وتعالى يقول هنا : {  فلولا قرية آمنت .  . ( 98 ) } [ يونس ] . أي :  أنه لو أن هناك قرية آمنت قبل أن ينزل بها العذاب لأنجيناها كما أنجينا قوم يونس ،  أو كنا نحب أن يحدث الإيمان من قرية قبل أن يأتيها العذاب .

إذن :  فقوم يونس هنا مستثنون ؛  لأنهم آمنوا قبل أن يأتيهم العذاب .

وهناك آية أخرى تتعلق بهذه القصة ،  يقول فيها الحق سبحانه : {  فلولا أنه كان من المسبحين( 143 ) للبث في بطنه إلى يوم يبعثون(  )( 144 ) }[ الصافات ] : أي :  أن الذي منع يونس عليه السلام أن يظل في بطن الحوت إلى يوم البعث هو التسبيح .

وهنا يبيّن الحق سبحانه الاستثناء الذي حدث لقوم يونس حين يقول : {  فلولا كانت قرية آمنت فنفعها إيمانها إلا قوم يونس لما آمنوا كشفنا عنهم عذاب الخزي في الحياة الدنيا ومتعناهم إلى حين( 98 ) }[ يونس ] أي :  أن الإيمان نفع قرية قوم يونس قبل أن يقع بهم العذاب .

ولذلك يقول الحق سبحانه : {   .  . لما آمنوا كشفنا عنهم عذاب الخزي في الحياة الدنيا ومتعناهم إلى حين( 98 ) }[ يونس ] .

ونحن نعلم أن كلمة ""  قرية ""  تعني :  مكانا مهيّأ ،  أهله متوطنون فيه ،  فإذا ما مرَّ عليهم زائر في أي وقت وجد عندهم قرى(  ) أي :  وجبة طعام .

ونحن نجد من يقول عن الوطن كثير السكان كلمة  "" بلد ""  ،  وهؤلاء من يملكون طعاما دائما ،  أما من يكونون قلة قليلة في موطن ففي الغالب ليس عندهم من الطعام إلا القليل الذي يكفيهم ويكفي الزائر لمرة واحدة .

وتسمى مكة المكرمة  "" أم القرى "" (  ) ؛  لأن كل القرى تزورها .

وقرية قوم يونس اسمها  "" نينوى ""  قد حكي عنها النبي صلى الله عليه وسلم في قصة الذهاب للطائف ،  وهي قرية العبد الصالح يونس بن متّى(  ) ،  وهي في العراق ناحية الموصل ،  ويونس هو من قال عنه الله سبحانه : {  وذا النون(  ) إذ ذهب مغاضبا .  . ( 87 ) }[ الأنبياء ] : وكلمة  "" مغاضب ""  غير كلمة  "" غاضب ""  ،  فالغاضب هو الذي يغضب دون أمن يغضبه أحد ،  لكن المغاضب هو من أغضبه غيره .

وكذلك كلمة  "" هجر ""  ،  ومهاجر ،  فالمهاجر هو من أجبره أناس على أن يهاجر ،  لكن من هجر هو من ذهب طواعية بعيدا .

والمغاضبة-إذن-تكون من جهتين ،  وتسمى  "" مفاعلة ""  .

والحق سبحانه يقول : {  وذا النون إذ ذهب مغاضبا فظن أن لن نقدر عليه فنادى في الظلمات أن لا إله إلا أنت سبحانك إني كنت من الظالمين( 87 ) } [ الأنبياء ] : وسمّي سيدنا يونس عليه السلام بذي النون ؛  لأنه اسمه اقترن بالحوت الذي ابتلعه .

وكلنا نعرف القصة ،  حينما دعا قومه على الإيمان وكفروا به في البداية ؛  لأن الرسول حين يجيء إنما يجيء ليقوّم الحياة الفاسدة ؛  فيضطهده من يعيشون على الفساد ؛  لأنهم يريدون الاحتفاظ بالجبروت الذي يسمح لهم بالسرقة والاختلاس وإرواء أهواء النفس ،  فلما فعلوا ذلك مع سيدنا يونس-عليه السلام-خرج مغاضبا ،  أي :  أنهم أغضبوه .

والمغاضبة-كما قلنا- من المفاعلة وتحتاج إلى عنصرين ،  مثلما أوضحنا أن الهجرة أيضا مفاعلة ؛  لأن الرسول صلى الله عليه وسلم لم يهجر مكة ،  بل ألجأه قومه على أن يهاجر ،  فكان لهم مدخل في الفعل .

وأبو الطيب المتنبي(  ) يقول في هذا المعنى :

إذا ترحلت عن قوم وقد قدروا**** ألا تغادرهم فالراحلون هم

أي :  إن كنت تعيش مع قوم ،  وأردت أن تفارقهم وقد قدروا أن تعيش معهم ،  فالذي رحل حقيقة هم هؤلاء القوم .

ويقول الحق سبحانه وتعالى بعد خروج يونس غاضبا : {  فظن أن لن نقدر عليه .  . ( 87 ) }[ الأنبياء ] : أي :  أنه رجَّح أن الحق سبحانه لن يضيّق عليه الأرض الواسعة ،  وسيهيئ له مكانا آخر غير مكان المائة الألف أو يزيدون الذين بعثه الله تعالى إليهم .

وكان من المفروض أن يحتمل الأذى الصادر منهم تجاهه ،  لكن هذا الظن-والظن ترجيح حكم- يدلنا على أن معارضة دعوته كانت شديدة تحفظ(  ) وتملأ القلب بالألم والتعب .

وكان عليه أن يوطّن نفسه على مواجهة مشقات الدعوة .

والقرية التي أرسل إليها يونس عليه السلام هي قرية  "" نينوى ""  ،  وهي التي جاء ذكرها في أثناء حوار بين النبي صلى الله عليه وسلم والغلام النصراني  "" عداس ""  الذي قابله صلى الله عليه وسلم في طريق عودته من الطائف .

وكان النبي صلى الله عليه وسلم قد ذهب إلى الطائف ليطلب من أهلها النصرة بعد أن آذاه قومه في مكة فلم يجد النصير(  ) ،  وجلس النبي صلى الله عليه وسلم قريبا من حائط بستان .

فلما رآه صاحبا البستان-عتبة وشيبة ابنا ربيعة- وما لقي من السفهاء ؛  تحركت له رحمهما ،  فدعوا غلاما لهما نصرانيا ،  يقال له عدَّاس ،  فقالا له :  خذ قطفا من هذا العنب ،  فضعه في هذا الطبق ،  ثم اذهب به إلى ذلك الرجل ،  فقل له يأكل منه ،  ففعل عدّاس ،  ثم أقبل به حتى وضعه بين يدي رسول الله صلى الله عليه وسلم ثم قال له :  كل ،  فلما وضعه رسول الله صلى الله عليه وسلم فيه يده ،  قال :  بسم الله ،  ثم أكل ،  فنظر عداس في وجهه ،  ثم قال :  والله إن هذا الكلام ما يقوله أهل هذه البلاد ،  فقال له رسول الله صلى الله عليه وسلم :  "" ومن أهل أيّ البلاد أنت يا عدّاس ،  وما دينك ؟  ""  .  قال :  نصراني ،  وأنا رجل من أهل نينوى ؛  فقال رسول الله صلى الله عليه وسلم :  "" من قرية الرجل الصالح يونس ابن متّى ""  ؛  فقال له عداس :  وما يدريك ما يونس من متّى ؟  فقال رسول الله صلى الله عليه وسلم :  "" ذاك أخي ،  كان نبيا وأنا نبي ""  ،  فأكبّ عداس على رسول الله صلى الله عليه وسلم يقبّل رأسه ويديه وقدميه .

ولما سأل صاحبا البستان عدّاسا عن صنيعه هذا .  قال لهما :  لقد أخبرني بأمر ما يعلمه إلا نبي(  ) .

ونحن نعلم أن العبد الصالح-يونس عليه السلام-قد تأثر وحزن وغضب من عدم استجابة قومه لرسالته الإيمانية ،  إلى أن رأوا غيما يملأ السماء وعواصف ،  وألقى الله تعالى في خواطرهم أن هذه العواصف هي بداية عذاب الله لهم(  ) ؛  فهرعوا إلى ذوي الرأي فيهم ،  فأشاروا عليهم بأن هذه هي بوادر العذاب ،  وقالوا لهم :  عليكم بإرضاء يونس ؛  لأن الله سبحانه وتعالى هو الذي أرسله ،  فآمنوا به ليكشف عنكم الغمّة .

وهرع الناس إلى الإيمان بالحيّ الذي لا يموت ،  الحيّ حين لا حيّ ،  والقيوم والمحيي والمميت .

وذهب قوم يونس عليه السلام لاسترضائه ؛  وحين رضي عنهم بدأوا ينظرون في المظالم التي ارتكبوها ،  حتى إن الرجل منهم كان ينقض ويهدم جدار بيته ؛  لأن فيه حجرا قد اختلسه من جار له(  ) .

وكشف الله سبحانه وتعالى عنهم العذاب ،  وهنا يقول سبحانه : {   .  . وكشفنا عنهم عذاب الخزي في الحياة الدنيا(  ) ومتعناهم إلى حين( 98 ) }[ يونس ] : ومن لوازم قصة يونس عليه السلام ،  ليست المغاضبة فقط ،  بل قصته مع الحوت ،  فقد كان عليه السلام بعد مغاضبته لقومه قد ركب سفينة ،  فلعبت بها الأمواج فاضطربت اضطرابا شديدا ،  وأشرفت على الغرق بركابها ؛  فألقوا الأمتعة في البحر ؛  لتخفّ بهم السفينة ؛  فاستمر اضطرابها ،  فاعترفوا على أن يلقوا على البحر من تقع عليه القرعة ،  فوقعت القرعة على نبي الله يونس عليه السلام .

مثلما نركب مصعدا ،  فنجد الضوء الأحمر وقد أضاء إنذارا لنا بأن الحمولة زائدة ،  وأن المصعد لن يعمل فيخرج منه واحد أو أكثر حتى يتبقى العدد المسموح به ،  وعادة يكون الخارج من أحسن الموجودين خلقا ،  أنهم أرادوا تسهيل إعمال الآخرين .

كذلك كان الأمر مع السفينة التي ركبها يونس عليه السلام ،  كادت أن تغرق ،  فاقترعوا ،  وصار على يونس أن ينزل إلى البحر .

والحق سبحانه يقول : {  فساهم فكان من المدحضين(  )( 141 ) }[ الصافات ] : ونزل يونس عليه السلام على البحر فالتقمه(  ) الحوت وابتلعه .

ويقول الحق سبحانه وتعالى عن وجود سيدنا يونس عليه السلام في بطن الحوت :

{  فلولا أنه كان من المسبحين( 143 ) للبث في بطنه إلى يوم يبعثون( 144 ) }[ الصافات ] .

وهنا في الآية التي نحن بصدد خواطرنا عنها يقول الحق سبحانه : {  كشفنا عنهم عذاب الخزي في الحياة الدنيا .  . ( 98 ) }[ يونس ] : وعذاب الخزي في الحياة الدنيا يمكن أن تراه مجسّدا فيمن افترى وتكبر على الناس ،  ثم يراه الناس في هوان ومذلة ،  هذا هو عذاب الخزي في الدنيا ،  ولا بد أن عذاب الآخرة أخزى وأشدّ .

وينهي الحق سبحانه الآية بقوله : {   .  . ومتعناهم إلى حين( 98 ) }[ يونس ] : أي :  أنهم نجوا من الهلاك بالعذاب إلى أن انتهت آجالهم بالموت الطبيعي ."
10,99,"ويقول الحق سبحانه وتعالى بعد ذلك :

{  ولو شاء ربك لآمن من في الأرض كلهم جميعا أفأنت تكره الناس حتى يكونوا مؤمنين(  ) ( 99 ) } :

والحق سبحانه وتعالى يبين لنا أنه إن قامت معركة بين نبي مرسل ومعه المؤمنون به ،  وبين من كفروا به ،  فلا بد أن ينزل الحق سبحانه العذاب بمن كفروا .  وإياك أن تفهم أن الحق سبحانه يحتاج إلى عبادة الناس ؛  لأن الله عزّ وجل قديم أزليّ بكل صفات الكمال فيه قبل أن يخلق الخلق ،  وبكماله خلق الخلق ،  وقوته سبحانه وتعالى في ذاته ،  وهو خالق من قبل أن يخلق الخلق ،  ورازق قبل أن يخلق الرزق والمرزوق ،  والخلق من آثار صفات الكمال فيه ،  وهو الذي أوجد كل شيء من عدم .

ولذلك يسمّون صفاته سبحانه وتعالى صفات الذات ؛  لأنها موجودة فيه من قبل أن يوجد متعلقها .

فحين تقول :  حيّ ،  ومحي ،  فليس معنى ذلك أن الله تعالى موصوف ب  "" محي ""  بعد أن وجد من يحييه ،  لا ،  إنه محي ،  وبهذه الصفة أحيا .

ولله المثل الأعلى ،  وهو سبحانه منزّه عن كل تشبيه :  قد نرى المصوّر أو الرسام الذي صنع لوحة جميلة ،  هنا نرى أثر موهبة الرسم التي مارسها ،  واللوحة ليست إلا أثرا لهذه الموهبة .

الحق سبحانه وتعالى-إذن-له كل صفات الكمال قبل أن يخلق الخلق ،  وبصفات الكمال خلق الخلق .

فإياك أن تفهم أن هناك أمرا قد جدّ على الله تعالى ،  فلا شيء يجدّ على الحق سبحانه ،  وهو سبحانه لا ينتفع من خلقه بل هو الذي ينفعهم .

ونحن نعلم أن الإيمان مطلوب من الإنسان ،  وهو الجنس الظاهر لنا ونحن منه ،  ومطلوب من جنس آخر أخبرنا عنه الله-تبارك وتعالى-وهو الجن(  ) . وأما بقية الكون فمسبح(  ) مؤمن بالله تعالى ،  والكون عوالم لا حصر لها ،  ولكل نظام لا يحيد عنه .  ولو أراد الله سبحانه وتعالى أن يدخل الثقلين-الإنس والجن- في نظام التسخير ما عزّ عليه ذلك ،  لكن هذا التسخير يثبت له القدرة ولا يثبت له المحبوبية .

ولذلك ترك الحق سبحانه الإنسان مختارا ليؤمن أو لا يؤمن ،  وهذا ما يثبت له المحبوبية إن جئته مؤمنا ،  وهذا يختلف عن إيمان القسر والقهر ،  فالإيمان المطلوب من الإنسان أو الجن هو إيمان الاختيار .

وأما إيمان القسر والقهر ،  فكل ما في الكون من عوالم مؤمن بالحق سبحانه ،  مسبّح له .

والحق سبحانه وتعالى يقول :

{  وإن من شيء إلا بتسبيح بحمده ولكن لا تفقهون تسبيحهم .  . ( 44 ) }[ الإسراء ] .

وهذا ليس تسبيح(  ) دلالة ورمز ،  بل هو تسبيح حقيقي ،  بدليل قوله سبحانه وتعالى : {  ولكن لا تفقهون تسبيحهم .  . ( 44 ) }[ الإسراء ] : فإن فقّهك الله تعالى في لغاتهم لعلمت تسبيح الكائنات ،  بدليل أنه علّم سليمان عليه السلام منطق الطير(  ) ،  وسمع النملة تقول : {   .  . يا أيها النمل ادخلوا مساكنكم لا يحطمنكم سليمان وجنوده وهم لا يشعرون( 18 ) }[ النمل ] : والهدهد قال لسليمان عليه السلام ما رآه عن بلقيس ملكة سبأ : {  وجدتها وقومها يسجدون للشمس من دون الله وزين لهم الشيطان أعمالهم فصدهم عن السبيل فهم لا يهتدون( 24 ) }[ النمل ] : إذن :  فكل ما في الكون مسبح لله تعالى ،  يسير على منهجه سبحانه ما عدا المختار من الثقلين :  الإنسان والجان ؛  لأن كلا منهما فيه عقل ،  وله ميزة الاختيار بين البدائل .

ومن عظمة الحق سبحانه وتعالى أن خلق للإنسان الاختيار حتى يذهب المؤمن إليه اختيارا ،  ولو شاء الحق سبحانه وتعالى أن يجبر الإنسان على الإيمان لفعل .

أقول ذلك حتى لا يقولن أحد :  ولماذا كل هذه المسائل من خلق وإرسال رسل ،  وتكذيب أناس ،  ثم إهلاك المكذبين ؟

ولذلك قال الحق سبحانه وتعالى : {  ولو شاء ربك لآمن من في الأرض كلهم جميعا أفأنت تكره الناس حتى يكونوا مؤمنين( 99 ) }[ يونس ] : إذن :  فالحق سبحانه خلق الإنسان وسخّر له كل الأجناس ،  ولم يجبره على الإيمان ،  بل يقول سبحانه لرسوله صلى الله عليه وسلم : {  لعلك باخع(  ) نفسك ألا يكونوا مؤمنين( 3 ) }[ الشعراء ] .

وكان رسول الله صلى الله عليه وسلم محبا مخلصا لقومه وعشيرته ،  وذاق حلاوة الإيمان ،  وحزن لأنهم لم يؤمنوا ،  فينبهه الحق سبحانه وتعالى أن عليه مهمة البلاغ فقط ،  فلا يكلف نفسه شططا(  ) .

والحق سبحانه وتعالى شاء أن يجعل للإنسان حق الاختيار وسخر له الكون ،  ومن الناس من يؤمن ،  ومن الناس من يكفر ،  بل ومن المؤمنين من يطيع مرة ،  ويعصى أخرى ،  وهذه هي مشيئة الحق ليتوازن الكون ،  فكل صفة خيّرة إن وجد من يعارض فيها فهذا ما شاءه الله سبحانه وتعالى للإنسان ،  فلا تحزن يا رسول الله ؛  فالحق سبحانه وتعالى شاء ذلك .

وإن غضب واحد من أن الآخرين لم يعترفوا بصفاته الطيبة نقول له :  إن الحق سبحانه هو خالق الكون وهو الرزاق ،  قد كفروا به وألحدوا ،  وجعلوا له شركاء ،  فتخلّقوا بأخلاق الله ؟

ولذلك قال الحق سبحانه : {  ولو شاء ربك لآمن من في الأرض كلهم جميعا أفأنت تكره الناس حتى يكونوا مؤمنين( 99 ) }[ يونس ] : إنه سبحانه وتعالى يريد إيمان المحبة وإيمان الاختيار ."
10,100,"ويقول الحق سبحانه بعد ذلك :

{  وما كان لنفس أن تؤمن إلا بإذن الله ويجعل الرجس(  ) على الذين لا يعقلون( 100 ) } :

هكذا يبين لنا الحق سبحانه أن أحدا لا يؤمن إلا بإذن من الله تعالى ؛  لأن معنى أن تؤمن أن يكون إيمانك إيمان فطرة نتيجة تفكُّر في سماء ذات أبراج(  ) ،  وأرض ذات فجاج(  ) ،  وبحار تزخر(  ) ،  ورياح تصفر ،  كل ذلك يدل على وجود الخالق سبحانه .

لكن أترك الله سبحانه وتعالى الناس للفطرة ؟

لا ،  بل أرسل سبحانه لهم الرسل ليذكّروهم بالآيات الموجودة في الكون ،  ولينتبه الغافل ؛  لأنه سبحانه لا يريد أن يأخذ الناس على حين غفلة .

ولذلك يقول الحق سبحانه : {   .  . لم يكن ربك مهلك القرى بظلم وأهلها غافلون( 131 ) }[ الأنعام ] :  لذلك ينبههم الحق سبحانه بأن هناك أشياء كان يجب أن تذكر ،  وكان الحق سبحانه يبيّن لنا :  إياكم أن تفهموا أن أحدا يخرج عن ملكي إلا بإرادتي ،  فأنا بخلقي له مختارا سمحت له أن يكفر أو يؤمن ،  وسمحت له أن يطع أو أن يعصى .

كل ذلك من أجل أن يثبت لي صفة المحبوبية .

لذلك فلا أحد يؤمن إلا بإذن الله سبحانه وتعالى ،  ولا أحد يكفر إلا بإذنه سبحانه ؛  لأن من خلقه مختارا علم برضاء منه بما يكون من المخلوق ،  فالكافر لم يكفر قهرا ،  والمؤمن لم يؤمن قهرا من الله سبحانه .

وساعة يأتي الرسول ليعرض قضية الإيمان ،  يتذكر الإنسان إيمان الفطرة ويقول :  لقد جاء هذا الرسول بهذا المنهج ليعدّل لي حياتي ،  فلا بد أن أرهف(  ) له السمع .

وساعة يقبل العبد على الله تعالى ،  فسبحانه يأذن له أن يدخل إلى حظيرة الإيمان .

إن العبد منّا إذا ما ذهب للقاء عبد مثله له سيادة وجاه ،  ويدرك العبد صاحب السيادة والجاه-بفضل من الله-السبب الذي جاء من أجله العبد الآخر ؛  فيقول صاحب السيادة لمعاونيه :  لا تدخلوه .  وهو يقول ذلك ؛  لأن الله سبحانه أطلعه على ما في قلب العبد الآخر من غلّ ومن حقد ومن نفاق .

أما إذا دقّ بابه عبد آخر ،  فتجده يأمر معاونيه أن يدخلوه وأن يفسحوا له ؛  لأنه علم بما في قلبه من محبة ورغبة في صدق اللقاء والمودة .

إذا كان هذا يحدث بين العباد ،  وهم كلهم أغيار ،  فما بالنا بالحق سبحانه وتعالى ؟

والله سبحانه هو القائل في حديث قدسي :  "" من ذكرني في نفسه ذكرته في ملأ خير منه ""  .

ما بالنا بالعبد إذا دخل على الإيمان بالله غير مشحون بعقيدة عدا الله .

إذن :  أقبل على الله سبحانه وعلى ذكر الله ،  وأنت إن ذكرت الله في نفسك ،  فالله يذكرك في نفسه ،  وإن ذكرته في ملأ ذكرك في ملأ خير منه ،  فالملأ الذي ستذكره فيه ملأ خطّاء ،  والله سبحانه سيذكرك في ملأ طاهر .

ويقول الحق سبحانه في ذات الحديث القدسي(  ) :  ""  إن تقرّب إليّ شبرا تقرّبت إليه ذراعا ""  . والذراع أطول من الشّبر .

ويقول :  "" وإن أتاني يمشي أتيته هرولة ""  .

فالمشي قد يتعب العبد ،  لذلك يسرع إليه الحق عز وجل ،  وهو سبحانه بكل ربوبيته ما إن يعلم أن عبدا قد صفا قلبه من خصومة الله تعالى في شيء ،  حتى يفتح أمامه أبواب محبته سبحانه ،  فيحبّب فيه خلقه ،  ويجعل له مدخل صدق في كل أمر ومخرج صدق من كل ضيق ،  وهو الحق القائل : {  والذين اهتدوا زادهم هدى وآتاهم تقواهم( 17 ) }[ محمد ] .

ونلحظ أن الحق سبحانه يؤكد في الآية التي نحن بصدد خواطرنا عنها أنه لو شاء لآمن من في الأرض جميعا ؛  ليبيّن لنا أنه حتى إبليس الذي دخل في جدال مع الله ،  لو شاء الحق سبحانه لآمن إبليس .

وجاء الحق سبحانه بهذا التأكيد ؛  ليحكم الأمر حول كل خلقه ومخلوقاته ،  فلا يشذ منهم أحد .

ثم يقول الحق سبحانه في نفس الآية : {   .  . أفأنت تكره الناس حتى يكونوا مؤمنين( 99 ) }[ يونس ] .

أراد الحق سبحانه أن ينبّه رسول صلى الله عليه وسلم وكل المؤمنين أنه : {  لا إكراه في الدين .  . ( 256 ) }[ البقرة ] : لأن مطلوبات الدين ليست هي المطلوبات الظاهرة فقط التي تقع عليها العين ،  فهناك مطلوبات أخرى مستترة ،  فهب أنك أكرهت قالبا أتستطيع أن تكره قلبا ؟  والحق سبحانه وتعالى يريد قلوبا لا قوالب(  ) .

وهكذا لا يصلح الإكراه في قضية الدين ،  ولكن على الإنسان ألا يسحب الإكراه إلى غير موضعه أو مجاله ؛  لأنك قد تجد مسلما لا يصلي فينهره صديقه ،  فيرد :  لا إكراه في الدين .  وهذا استخدام غير صحيح واستدلال خاطئ ؛  لأن الإكراه في الدين إنما يكون ممنوعا في القضية العقدية الأولى .

ولكن من أعلن أنه مسلم ،  وشهد أن لا إله إلا الله وأن محمدا رسول الله ،  فهذا إعلان بالالتزام بكل أحكام الإسلام ،  وهو محسوب على الإسلام ،  فإن أخلّ بحكم من أحكام الإسلام فلا بد من محاسبته .

ولا إكراه في الدين ،  فيما يخصّ القضية العقدية الأولى ،  وأنت حرّ في أن تدخل إلى الإسلام أو لا تدخل ،  فإن دخلت الإسلام فأنت ملتزم بأحكام الإسلام ؛  لأنك آمنت به وصرت محسوبا عليه ،  وأحفظ حدود الإسلام ولا تكسرها ؛  لأنك على سبيل المثال-لا قدر الله-إن سرقت ؛  تقطع يدك ،  وإن زنيت ترجم أو تجلد(  ) ،  وإن شربت الخمر تجلد ؛  لأنك قبلت قواعد الإسلام وشريعته .

وإن رأى واحد مسلما يسرق ،  فلا يقولن إن الإسلام يسرّق ،  ولكن إن رآه يعاقب ،  فهو يعرف أن الإسلام يعاقب من يجرم . إذن :  ف{  لا إكراه في الدين .  . ( 256 ) }[ البقرة ] : تخص المنع عن الإكراه على أصل الدين ،  ولكن بعد أن تؤمن فأنت ملتزم بفرعيات الدين ،  وتعاقب إن خرجت على الحدود .

والرسول صلى الله عليه وسلم يقول :  "" مثل القائم على حدود الله ،  والواقع فيها كمثل قوم استهموا(  ) على سفينة ،  فأصاب بعضهم أعلاها وبعضهم أسفلها ،  فكان الذين في أسفلها إذا استقوا من الماء مرّوا على من فوقهم فقالوا لو أنا خرقنا في نصيبنا خرقا ولم نؤذ من فوقنا ،  فإن يتركوهم وما أرادوا هلكوا جميعا ،  وإن أخذوا على أيديهم نجوا ،  ونجوا جميعا "" (  ) .

إذن :  فالالتزام بفروع الدين أمر واجب ممن دخل الدين دون إكراه ،  وإن خدش حكما من الأحكام يعاقب .

وهناك ما هو أشدّ من ذلك ،  وهو حكم من ارتد عن الإسلام ،  وهو القتل(  ) .

وقد يقول قائل :  إن هذا الأمر يمثل الوحشية .  فنقول له :  إن من التزم بالدين ،  إنما قد علم بداية أنه إن آمن ثم ارتد ،  فسوف يقتل ؛  ولذلك فليس له أن يدخل إلى الإسلام إلا بيقين الإيمان .

وهذا الشرط للدين ؛  لا على الدين .  فلا تدخل على الدين إلا وأنت متيقّن أن أوامر الدين فوق شهواتك ،  واعلم أنك إن دخلت على الدين ثم تخلّيت عنه فسوف تقتل ،  وفي هذا تصعيب لأمر دخول الدين ،  فلا يدخله أحد إلا وهو واثق من يقينه الإيماني ،  وهذا أمر محسوب للدين لا ضد الدين .

وهنا يقول الحق سبحانه : {   .  . ويجعل الرجس على الذين لا يعقلون( 100 ) }[ يونس ] .

والرجس :  هو العذاب ،  وهو الذنب ،  ويجعله الحق سبحانه وتعالى على الذين لا يعقلون ؛  لأن قضية الدين إذا طرحت على العقل بدون هوى ؛  لابد أن ينتهي العقل إلى الإيمان .

ولذلك تجد القمم الفكرية حين يدرسون الدين ؛  فهم يتجهون إلى الإسلام ؛  لأنه هو الدين الذي يشفى الغلّة(  ) ،  أما الذين أخذوا الدين كميراث عن الآباء ،  فهم يظلون على حالهم .  وبعض القمم الفكرية في العالم التي اتجهت إلى اعتناق الإسلام ،  لم تتجه إليه بسبب رؤيتهم لسلوك المسلمين ؛  لأن سلوك المنسوبين للإسلام في زماننا قد ابتعد عن الدين .

ولذلك فقد اتجهت تلك القمم الفكرية للإسلام إلى دراسة مبادئ الإسلام ،  وفرقوا بين مبادئ الدين ،  وبين المنتمين للدين ،  وهذا إنصاف في البحث العقلي ؛  لأن الدين حين يجرم عملا ،  فليس في ذلك التجريم إذن من الدين بحدوث مثل هذا الفعل المجرم ،  بدليل تقدير العقاب حسب خطورة الجريمة .

فالحق سبحانه قد قال : {  والسارق والسارقة فاقطعوا أيديهما .  . ( 38 ) }[ المائدة ] : إنه الإذن باحتمال ارتكاب السرقة ،  وكذلك الأمر بالنسبة للزنا(  ) ،  وغير ذلك من الجرائم التي جعل لها الحق سبحانه عقوبات تتناسب مع الضرر الواقع على النفس أو المجتمع من وقوعها ،  فإذا رأيت مسلما يسرق ،  فتذكّر العقاب الذي أوقعه الإسلام على السارق ،  وإن رأيت مسلما يزني ،  فتذكّر العقوبة التي حددها الحق سبحانه للزاني .

وهكذا الحال في جميع الجرائم .

وكبار المفكرين العالميين الذين يتجهون إلى الإسلام إنما يدرسون مبادئ الدين مفصولة عن سلوك المعاصرين ،  الذين ابتعدوا عن مبادئ الدين الحنيف .

وها هو ذا  "" جينو ""  المفكر الفرنسي يقول :  "" الحمد لله الذي هداني للإسلام قبل أن أعرف المسلمين ،  فلو كنت قد عرفت المسلمين قبل الإسلام لكان هناك احتمال لزلزلة في النفس تجعلني أتردد في الدخول إلى هذا الدين الرفيع المقام ""  .

إذن :  فإعمال العقل الراقي لابد أن يؤدي إلى الإسلام لأنه فطرة الله ،  والإسلام ينميها ،  ويرتقي بها ،  والعقل هو مناط التكليف .

والرجس والذنب والعذاب كله إنما يقع على الذين لا يعلمون عقولهم وإعمال العقل المتعقل للقيم ينفي الرجس ؛  لأنهم سيقبلون على التدين بإذن الله تعال لهم أن يدخلوا على الإيمان به .

وإذا سألني سائل :  ما هو العقل ؟  وما هو مناط التكليف ؟

نجد أن كلمة  "" عقل ""  مأخوذة من عقال البعير ،  وهو ما يشدّ على ركبته حتى لا ينهض ،  ويظل ساكنا ،  وحين يريد صاحبه أن ينهضه فهو يفكُّ العقال .

وأهل الخليج يضعون على رؤوسهم غطاء للرأس ( غترة ) ويثبتونه بنسيج مغزول على هيئة حلقتين ،  ويسمون هاتين الحلقتين  "" العقال ""  ؛  لأنه يمنع غطاء الرأس من أن يحركه الهواء ،  أو يطيّره .

إذن :  فالعقل أراده الله سبحانه لنا ليحجزنا عن الانطلاق والفوضى في تحقيق شهوات النفس ؛  لأنه سبحانه قد خلق النفس البشرية ،  ويعلم أنها تحب الشهوات العاجلة ،  فأراد سبحانه للإنسان أن يكبح جماح تلك الشهوات بالعقل .

فحين يفكر الإنسان في تحقيق الشهوة العاجلة ،  يجد عقله وهو يهمس له :  إنك ستستمتع بالشهوة العاجلة دقائق ،  وأنت قد تأخذها من غيرك ؛  من محارمه أو من ماله ،  فهل تسمح لغيرك أن يأخذ شهوته العاجلة منك ؟

إذن :  عليك أن تعلم أن العقل إنما أراده الله سبحانه لك ليعقلك عن الحركة التي فيها هوى ،  وتحقق بها شهوة ليست لك ،  ومغبَّتها(  ) متعبة .

ويخطئ من يظن أن العقل يفتح باب أمام الانطلاق اللامسئول باسم الحرية ،  ونقول لمن يظن مثل هذا الظن :  إن العقل هو مناط هو مناط التكليف ،  وهو الذي يوضّح لك آفاق المسئولية في مكل سلوك .

ومن عدالة الحق سبحانه أنه لم يكلف المجنون ؛  لأن حكم المجنون على الأشياء والأفعال هو حكم غير طبيعي ؛  لأنه يفتقد آلة الاختيار بين البدائل .

وكذلك لم يكلف الله سبحانه من لم ينضج بالبلوغ ؛  لأنه غير مستوف للملكات ،  ولم تستو لديه القدرة على إنجاب مثيل له .

وقد ضربنا من قبل المثل بالثمرة ،  وقلنا :  إنه لا يقال إن الثمرة نضجت وصار طمعها مقبولا مستساغا إلا إذا أصبحت البذرة التي فيها قادرة على أن تنبت منها شجرة إن زرعناها في الأرض .

وأنت مثلا حين تقطع البطيخة ،  وتجد لبها أبيض اللون فأنت لا تأكلها ،  وتحرص على أن تأكل البطيخة ذات البذر الذي صار أسود اللون ؛  لأنه دليل نضج البطيخة ،  وأنت حين تأخذ هذا اللبّ وتزرعه ينتج لك بطيخا .

إذن :  فاكتمال الإنسان بالبلوغ يتيح لعقله أن يزن السلوك قبل الإقدام عليه ،  والتكليف إنما يكون للعاقل البالغ غير المكره بقوة تقهره على أن يفعل ما لا يعقله .

أما قبل البلوغ فالتكليف ليس من الله ،  بل من الأسرة ،  لتدربه على الطاعة .

ورسول الله صلى الله عليه وسلم يقول لنا :  "" مروا أولادكم بالصلاة لسبع سنين ،  واضربوهم عليها لعشر سنين ،  وفرّقوا بينهم في المضاجع(  ) "" (  ) .

وهنا نجد أن الذي يأمر هو الأب وليس الله ،  والذي يعاقب هو الأب ،  وليس الله ،  وما إن يصل الابن إلى مرحلة البلوغ يبدأ تكليفه من الله .

أما إذا جاء كمن يكرهه على أن يرتكب معصية بقوة تفوق قوته كأن يمسك ( مسدسا ) ويقول له :  إن لم تشرب الخمر أطلقت عليك النار ،  فهنا يرفع عنه التكليف .

ورسول الله صلى الله عليه وسلم يقول في الحديث الشريف :  "" إن الله تجاوز عن أمتي :  الخطأ ،  والنسيان ،  وما استكرهوا عليه "" (  ) .

فالعقل-إذن- هو مناط التكليف ،  وعمله أن يختار بين البدائل في كل شيء ،  ففي الطعام مثلا نجد من يهوى وضع ( الشطة ) فوق الطعام ؛  لأنها تفتح شهيته للطعام ،  وبعدد أن يأكل نجده صارخا من الحموضة ،  ويطلب المهضّمات ،  وقد لا تفلح معه ،  بل وقد تفسد له الغشاء المخاطي الموجود على جدار المعدة لحمايتها ؛  فربّ أكلة منعت أكلات ؛  ولذلك نجد عقله يقول له :  احذر من هذا اللون من المشهيات ؛  لأنه ضارّ بك .

وهكذا نجد العقل هو الذي يوضح للإنسان نتائج كل فعل ،  وهو الذي يدفع على التأني والإجادة في العمل ؛  ليكون ناتج العمل مفيدا لك ولغيرك باستمرار ،  ولم يأت العقل للإنسان ليستمرىء به الخطأ والخطايا .

وهكذا نجد أن العقل يدرك ويختار السلوك الملائم لكل موقف ،  بل إن العقل يدعو الإنسان إلى الإيمان حتى في مرحلة ما قبل التكليف ،  فحين يتأمل الإنسان بعقله هذا الكون لا بدّ أن يقوده التأمل إلى الاعتراف بجميل صنيع الخالق سبحانه وتعالى ."
10,101,"ويقول الحق سبحانه بعد ذلك :

{  قل انظروا ماذا في السماوات والأرض وما تغني الآيات والنذر عن قوم لا يؤمنون(  ) ( 101 ) } :

وهنا يحدّثنا الحق سبحانه عن عالم الملك الذي تراه ،  ولا يتكلم عن عالم الملكوت الذي يغيب عنك ،  وكأنك إن اقتنعت بعالم الملك ،  وقلت :  إن لهذا العالم خالقا إلها قادرا قويا ،  وتؤمن به ؛  هنا تهبّ عليك نفحات الغيب ؛  لتصل على عالم الملكوت ؛  لأنك اكتشفت في داخلك أمانتك مع نفسك ،  وأعلنت بالخلق سبحانه ،  ورأيت جميل صنعه في السماء والكواكب ،  وأعجبت بدقة نظام سير تلك الكواكب .

وترى التوقيت الدقيق لظهور الشمس والقمر ومواعيد الخسوف الكلي أو الجزئي ،  وتبهر بدقة المنظّم الخالق سبحانه وتعالى ،  ولن تجد زحام مرور بين الكواكب يعطل القمر أو يعطل الأرض ،  ولن يتوقف كوكب ما لنفاد وقوده ،  بل كما قال الله سبحانه وتعالى : {  لا الشمس ينبغي لها أن تدرك القمر ولا الليل سابق النهار وكل فلك يسبحون(  ) ( 40 ) }[ يس ] : ونحن في حياتنا حين نرى دقة الصنعة بكثير فيما هو أقل من السماء والشمس والقمر ،  فنحن نكرّم الصانع ،  وقد أكرمت البشرية مصمّم التلغراف ،  ومصمم جهاز التليفزيون ،  فما بالنا بخالق الكون كله سبحانه .

ويكفي أن نعلم أن الشمس تبعد عنا مسافة ثماني دقائق ضوئية ،  والثانية الضوئية تساوي ثلاثمائة ألف كيلوا متر ،  وهي شمس واحدة تراها ،  غير آلاف الشموس الأخرى في المجرّات الأولى ،  وكل مجرّة فيها ملايين من المجموعات الشمسية ،  ويكفي أن تعلم أن الحق سبحانه قد أقسم بالشمس(  ) ،  وقال عن كوكب الشعري :

{  وأنه هو رب الشعرى(  )( 49 ) }[ النجم ] لأن كوكب الشعري أكبر من الشمس .

وحين تتأمل السماوات والأرض تجد في الأرض جبالا شامخة ،  وتمر عليها فتدهش من دقة التكوين ودقة التماسك ،  وتجد في داخلها نفائس ومعادن بدرجات متفاوتة ،  وقد تجد أسطح الجبال مكوّنة من مواد خصبة بشكل هشّ ،  فإذا ما نزل عليها المطر ،  فهو يصحبها معه إلى الأرض ،  لأنها تكون مجرد ذرات كذرات برادة الحديد ،  وتتخلل الأرض التي شقّقتها حرارة الشمس .

والمثل الواضح على ذلك هو ما كان يحمله النيل من غرين(  ) في أثناء الفيضان إلى الدلتا قبل بناء السد العالي ،  وكانت مياه النيل في أيام الفيضان تشبه مادة  "" الطحينة ""  من فرط امتزاجها بذارت الغرين ،  وفي مثل هذا الغرين يوجد الخصب الذي نأخذ منه الأقوات(  ) .

ولو أن الجبال كلها كانت هشّة التكوين ،  لأزالها المطر مرة واحدة ،  وجعلها مجرد مسافة نصف متر مضاف لسطح الأرض ،  ولاختفى الخصب من الأرض بعد سنوات ،  لكن شاء الحق سبحانه أن يجعل الجبال متماسكة ،  وجعل سطحها فقط هو الهش لينزل المطر في كل عام مرة ؛  ليحمل الخصب إلى الأرض .

ومن يتأمل هندسة التكوين في الاقتيات يجد الجبال مخازن للقوت .

فالبشر يحتاجون إلى الحديد ليصنعوا منه ما يفيدهم ،  سواء أكان آلات لحرث الأرض ،  أو أي آلات أخرى تساعد في تحميل الحياة ،  وتجد الحديد مخزونا في الجبال .

وكذلك نجد المواد الأخرى مثل الفوسفات أو المنجنيز ،  أو الرخام ،  أو الفيروز أو الغازات .

إذن :  فالمطمور(  ) في الجبال إما للاقتيات ،  أو وسيلة على الاقتيات ،  أو وسيلة للتّرف فوق الاقتيات .

وحين ينزل المطر فوق الجبال فهو يأخذ الخصب من الطبقة الهشّة(  ) على سطح الجبال وتبقى المواد الأخرى كثروات للناس ،  ففي إفريقيا مثلا توجد مناجم للفحم والماس ،  وفي بلاد أخرى تجد عود الطيب ،  وهو عبارة عن جذور أشجار . وأنت لو شققت الأرض كقطاع من محيط الأرض إلى المراكز تجد الأرض الخصبة مع الصحراء ،  مع المياه ،  مع الجبال ،  متساوية في الخير مع القطاع المقابل للقطاع الأول .

وقد تختلف نوعيات العطاء من موقع إلى آخر على الأرض ،  فأنت لو حسبت مثلا ما أعطاه المطر للنيل من خصب الجبال من يوم أن خلق-عز وجل-النيل في أرض وادي النيل في إفريقيا ،  وحسبت ما أعطاه النفط( البترول ) في صحراء الإمارات مثلا ،  ستجد أن عطاء النيل يتساوى مع عطاء البترول ،  رغم أن اكتشاف البترول قد تمّ حديثا .

وكل قوت محسوب من مخازن الوقت ،  وكل قوت له زمن ،  فهناك زمن للفحم ،  وزمن للبترول ،  كل ذلك بنظام هندسي أنشأه الحكيم الله سبحانه .

وما دام الحق سبحانه وتعالى قد قال : {  يعقلون } في مجال النظر في السماوات وفي الأرض ،  فهذه دعوة لتأمل عجائب السماوات والأرض .

ومن تلك العجائب أن الجبال الشاهقة لها قمة ،  ولها قاعدة ،  مثلها مثل الهرم ،  وتجد الوديان على العكس من الجبال ؛  لأن الوادي يكون بين جبلين ،  وتجد رأس الوادي في أسفله ،  ورأس الجبل في قمته .

وحين ينزل المطر فهو يمرّ برأس الجبل الضيق ؛  ليصل إلى أسفل قاع الوادي الضيق ،  وكلما نزل المطر فهو يأخذ من سطح الجبل ؛  ليملأ مساحة الوادي المتسعة ،  وكلما ازداد الخلق ،  زاد الله سبحانه رقعة الاقتيات .

ومثال ذلك تجده في الغرين القادم من منابع النيل ؛  ليأتي إلى وادي النيل والدلتا ،  وكانت هذه الدلتا من قبل مجرد مستنقعات مالحة ،  وشاء لها الحق سبحانه أن تتحول إلى أرض خصبة .

وحين نتأمل ذلك نرى أن كل شيء في الكون قد أوجده الحق سبحانه بحساب .

والذي يفسد الكون هو أننا لا نقوم بتكثير ما تكاثر ،  بل ننتظر إلى أن تزدحم الأرض بمن عليها ،  ثم نفكر في استصلاح أراض جديدة ،  وكان يجب أن نفعل ذلك من قبل .

وكلما نزل المطر على الجبال فهي تتخلخل وتظهر ما فيها من معادن ،  يكتشفها الإنسان ويعمل عقله في استخدامها .

والمؤمن حين يرى ذلك يزداد إيمانا ،  وكلما طبّق المؤمن حكما تكليفا مأمورا به ،  يجد نور الإيمان وهو يشرق في قلبه .

وليجرّب أي مسلم هذه التجربة(  ) ،  فليجرب أن يعيش أسبوعا في ضوء منهج الله سبحانه وتعالى ،  ثم يزن نفسه ويقيّمها ليعرف الفارق بين أول الأسبوع وآخر الأسبوع ،  سيكتشف في هذا الأسبوع أنه يصلي في مواقيت الصلاة ،  وسيجد أنه يعرق في عمله ليكسب حلالا ،  وسيجد أنه يصرف ماله في حلال .

زن نفسك يقينيا في آخر الأسبوع ستجد أن نفسك قد شفّت شفافية رائعة ؛  لتجد ضوء ونور الإيمان وهو يصنع انسجاما بينك وبين الكون كله في أبسط التفاصيل واعقدها أيضا .

ومثال ذلك :  إنك قد تجد الرجل من هؤلاء الذين أسبغ عليهم تطبيق منهج الله الشفافية تسأله زوجته :  ماذا نطبخ اليوم ؟  فيقول لها :  فلنقض اليوم بما بقي من طعام أمس ،  ثم يفاجأ بقريب له يزوره من الريف ،  وقد جاءه ومعه الخير .

لقد وصل الرجل إلى درجة من الشفافية تجعله منسجما مع الكون كله ،  فيصله رزق الله تعالى له من أيّ مكان .

وتجد الشفافية أيضا في اعقد الأمور ،  ألم يقل يعقوب عليه السلام : {  إني لأجد ريح يوسف .  . ( 94 ) }[ يوسف ] . وكان إخوة يوسف-عليه السلام-ما زالوا على أبواب مصر خارجين منها للقاء أبيهم ،  حاملين قميص يوسف ،  الذي أوصاهم يوسف بإلقائه على وجه أبيه ليرتد إليه بصره(  ) .

لقد جاءت ريح يوسف عليه السلام لأبيه يعقوب ؛  لأن يعقوب عليه السلام قد عاش في انسجام مع الكون ،  ولا توجد مضارة بينه وبين الكون .

والمثال الحي لذلك هو فرح الكون لمجيء رسول الله صلى الله عليه وسلم ،  يوم مولده ،  لقد فرح الكون بمقدم الرسول صلى الله عليه وسلم ؛  لأن الكون عابد مسبّح لله سبحانه ،  فحين يأتي من يدعو العباد إلى التوحيد لا بدّ أن يفرح الكون ،  أما من يعص الله تعالى ،  فالكون كله يكرهه ويلعنه ،  ويتلاعن الاثنان .

وقد فرح الكون بمجيء الرسول الذي أراد الله سبحانه أن تنزل عليه الرسالة الإلهية ليعتدل ميزان الإنسان مع الكون .

وهنا يقول الحق سبحانه : {  قل انظروا ماذا في السماوات والأرض .  . ( 101 ) }[ يونس ] : والكون كله أمامهم ،  فلماذا لا ينظرون ؟  إنهم يبصرون ولا يستبصرون ،  مثل الذي يسمع ولا يسمع ؛  ولذلك يقول الله سبحانه وتعالى : {   .  . وما تغنى الآيات والنذر(  ) عن قوم لا يؤمنون( 101 ) }[ يونس ] : إذن :  فعدم إيمانهم أفقدهم البصيرة والتأمل .

ولذلك يقول الحق سبحانه وتعالى :

{  فهل ينتظرون إلا مثل أيام الذين خلوا من قبلهم قل فانتظروا إني معكم من المنتظرين(  ) ( 102 ) } :"
10,102,"وهؤلاء الذين لا يؤمنون يظلون في طغيانهم يعمهون(  ) ،  وكأنهم ينتظرون أن تتكرر معهم أحداث الذين سبقوا ولم يؤمنوا ،  لقد جاءهم الرسول ببيان ككل المكذبين السابقين .

ونحن نعلم أن اليوم(  ) هو وحدة من وحدات الزمن ،  وبعده الأسبوع ،  وبعد الأسبوع نجد الشهر ،  ثم نجد السنة ،  وكلما ارتقى الإنسان قسّم اليوم إلى ساعات ،  وقسّم الساعات على دقائق ،  وقسّم الدقائق إلى ثوان .

وكلما تقدمت الأحداث في الزمن نجد المقاييس تزداد دقة ،  واليوم-كما قلنا-جعله سبحانه وتعالى وحدة من وحدات الزمن ،  وهو مكوّن ليل ونهار .

ولكن قد يذكر اليوم ويراد به ما حدث فيه من أحداث ملفتة ،  مثلما ،  نقول :  "" يوم ذي قرد "" (  ) و "" يوم حنين "" (  ) و "" يوم احد ""  .

إذن :  فقد يكون المقصود باليوم الحدث البارز الذي حدث فيه ،  وحين ننظر في التاريخ ،  ونجد كتابا اسمه  "" تاريخ أيام العرب ""  ،  فنجد  "" يوم بعاث "" (  ) و "" يوم أوطاس "" (  ) وكل يوم يمثل حربا .

إذن :  فاليوم ظرف زمني ،  ولكن قد يقصد به الحدث الذي كان في مثل هذا اليوم .

ومثال ذلك أنك قد تجد من أهل الزمن المعاصر من عاش في أزمنة سابقة فيتذكر الأيام الخوالي ويقول :  كانت الأسعار قديما منخفضة ،  وكان كل شيء متوفرا ،  فيسمع من يرد عليه قائلا :  لقد كانت أياما ،  أي :  أنها أيام حدث الرخاء فيها .

إذن :  فقد ينسب اليوم إلى الحدث الذي وقع فيه .

وهنا يقول الحق سبحانه : {  فهل ينتظرون إلا مثل أيام الذين خلوا .  . ( 102 ) }[ يونس ] .

والذين خلوا منهم قوم نوح عليه السلام وقد أغرقهم الله سبحانه ،  قوم فرعون الذين أغرقهم الله تعالى أيضا .

والله سبحانه هو القائل : {  فكلا أخذنا بذنبه فمنهم من أرسلنا عليه حاصبا(  ) ومنهم من أخذته الصيحة ومنهم من خسفنا به الأرض ومنهم من أغرقنا وما كان الله ليظلمهم ولكن كانوا أنفسهم يظلمون( 40 ) }[ العنكبوت ] : وهذه أيام حدثت فيها أحداث يعلمونها ،  فهل هم ينتظرون أياما مثل هذه ؟

بالطبع ما كان يصحّ لهم أن يستمرئوا الكفر ،  حتى لا تتكرر معهم مآس كالتي حدثت لمن سبقهم إلى الكفر .

ونحن نجد في العامية المثل الفطري الذي ينطق بإيمان الفطرة ،  فتسمع من يقول :  "" لك يوم يا ظالم ""  أي :  أن اليوم الذي ينتقم فيه الله تعالى من الظالم يصبح يوما مشهورا ؛  لأن الظالم إنما يفتري على خلق الله ؛  لذلك يأتي له الحق سبحانه بحدث ضخم يصيبه فيه الله تعالى ويذيقه مجموع ما ظلم الناس به .  وقوله الحق سبحانه وتعالى : {   .  . قل فانتظروا إني معكم من المنتظرين( 102 ) }[ يونس ] : وقوله هنا : {  فانتظروا } فيه تهديد ،  وقوله : {  إني معكم من المنتظرين( 102 ) }فيه بشارة ؛  لأن الرسول صلى الله عليه وسلم سينتظر هذا اليوم ليرى عذابهم ،  أما هو صلى الله عليه وسلم فسوف يتحقق له النصر في هذا اليوم ."
10,103,"ويقول الحق سبحانه بعد ذلك :

{  ثم ننجي رسلنا والذين آمنوا كذلك حقا علينا ننج المؤمنين(  )( 103 ) } :

والحق سبحانه قد أنجى-من قبل-رسله ومن آمنوا بهم ،  لتبقى معالم للحق والخير .

ومن ضمن معالم الخير والحق لابد أن تظل معالم الشر ،  لأنه لولا مجيء الشر بالأحداث التي تعضّ الناس لما استشرف الناس إلى الخير .

ونحن نقول دائما :  إن الألم الذي يصيب المريض هو جندي من جنود العافية ؛  لأنه ينبه الإنسان إلى أن هناك خللا يجب أن يبحث له عن تشخيص عند الطبيب ،  وأن يجد علاجا له .

والألم يوجد في ساعات اليقظة والوعي ،  ولكنه يختفي في أثناء النوم ،  وفي النوم ردع ذاتي للألم .

وقوله الحق سبحانه هنا : {  ثم ننجي رسلنا والذين آمنوا كذلك حقا علينا ننج المؤمنين( 103 ) }[ يونس ] هذا القول يقرر البقاء لعناصر الخير في الدنيا .

وكلما زاد الناس في الإلحاد زاد الله تعالى في المدد ،  ففي أيّ بلد يفترى فيها على الإيمان ويظلم المؤمنون ،  ويكثر الطغاة ؛  تجد فيها بعض الناس منقطعين إلى الله تعالى ،  لتفهّم حقيقة القيم ،  وحين تضيق الدنيا بالظلمة والطغاة تجدهم يذهبون إلى هؤلاء المنقطعين لله ،  ويسألونهم أن يدعوا لهم .

وقد ألزم الحق-سبحانه وتعالى-هنا نفسه بأن ينجي المؤمنين في قوله سبحانه : {   .  . كذلك حقا علينا ننج المؤمنين( 103 ) } ."
10,104,"ويقول الحق سبحانه وتعالى بعد ذلك :

{  قل يا أيها الناس إن كنتم في شك من ديني فلا أعبد الذين تعبدون من دون الله ولكن أعبد الله الذي يتوفاكم وأمرت أن أكون من المؤمنين( 104 ) } :

والشّك(  ) معناه :  وضع أمرين في كفتين متساويتين .

وهنا يأمر الحق سبحانه رسوله صلى الله عليه وسلم بأن يعرض على الكافرين قضية الدين ،  وأن يضعونها في كفة ،  ويضعوا في الكفة المقابلة ما يؤمنون به .

ويترك لهم الحكم في هذا الأمر .

هم-إذن-في شك :  هل هذا الدين صحيح أم فاسد ؟

وعرض الرسول صلى الله عليه وسلم لأمر الدين للحكم عليه ،  يعني :  أن أمر الدين ملحوظ أيضا عند أيّ كافر ،  وهو ينتبه أحيانا إلى قيمة الدين .

فإن كنتم في شكّ من الدين الذي أنزل على رسول الله صلى الله عليه وسلم ،  وهل ينتصر الرسول صلى الله عليه وسلم ومن معه عليهم ،  أم تكون لهم الغلبة ؟

وحين يعرض الرسول صلى الله عليه وسلم أمر الدين عليهم ،  ويترك لهم الحكم ،  فهذه ثقة منه صلى الله عليه وسلم بأن قضايا دينه إن نظر إليها الإنسان ليحكم فيها ،  فلا بد أن يلتجئ الإنسان على الإيمان .

ويحسم الحق سبحانه وتعالى أمر قضية الشرك به ،  ويستمر أمره إلى الرسول صلى الله عليه وسلم أن يقول : {  فلا أعبد الذين تعبدون من دون الله ولكن أعبد الله .  . ( 104 ) }[ يونس ] : أي :  أنه صلى الله عليه وسلم لا يمكن أن يعبد الشركاء وأن يعبد الله ؛  لأنه لن يعبد إلا الله {  ولكن أعبد الله( 104 ) } .

ثم جاء سبحانه بالدليل الذي لا مراء(  ) فيه ،  والدليل القوي ،  وهو أن الحق سبحانه وتعالى وحده هو المستحق للعبادة ؛  لأنه {  الذي يتوفاكم }(  ) ،  ولا يوجد من يقدر أو يتأبى على قدر الله سبحانه وحين يميته .

وهنا قضيتان : الأولى :  قضية العبادة في قوله سبحانه : {  فلا أعبد الذين تعبدون من دون الله ولكن أعبد الله الذي يتوفاكم .  . ( 104 ) }[ يونس ] .

وكان لا بد أن يأتي أمر المسألتين معا :  مسألة عدم عبادة الرسول لمن هم من دون الله ،  ومسألة تخصيص الله تعالى وحده بالعبادة .

والفصل واضح بما يحدّد قطع العلاقات بين معسكر الإيمان ومعسكر الشرك ،  كما أورده الحق سبحانه في قوله : {  قل يا أيها الكافرون( 1 ) لا أعبد ما تعبدون( 2 ) ولا أنتم عابدون ما اعبد( 3 ) ولا أنا عابد ما عبدتم( 4 ) ولا أنتم عابدون ما أعبد( 5 ) لكم دينكم ولي دين( 6 ) }[ الكافرون ] : والذين يقولون :  إن في سورة ( الكافرون ) (  ) تكرارا لا يلتفتون إلى أن هذا الأمر تأكيد لقطع العلاقات ؛  ليستمر هذا القطع في كل الزمن ،  فهو ليس قطعا مؤقّتا للعلاقات(  ) .

وهذا أول قطع للعلاقات في الإسلام ،  بصورة حاسمة ليست فيها آية فرصة للتفاهم أو للمساومة ،  ويظل كل معسكر على حاله .

يقول الحق سبحانه وتعالى في سورة النصر : {  إذا جاء نصر الله وفتح( 1 ) ورأيت الناس يدخلون في دين الله أفواجا( 2 ) فسبح بحمد ربك واستغفره إنه كان توابا( 3 ) }[ النصر ] : هنا يتأكد الأمر ،  فبعد أن قطع الرسول صلى الله عليه وسلم العلاقات مع معسكر الشرك ،  جاء نصر الله سبحانه وتعالى وفتحه ،  فهرع الناس من معسكر الشرك إلى معسكر الإيمان(  ) .

هم-إذن-جاءوا إلى الإيمان .  . هذه هي القضية الأولى :

{  فلا أعبد الذين تعبدون من دون الله ولكن أعبد الله .  . ( 104 ) }[ يونس ] : وهم كانوا يعبدون الأصنام المصنوعة من الحجارة .

وأنت إذا نظرت إلى الأجناس في الوجود ،  فأكرمها هو الإنسان الذي سخّر له الحق سبحانه بقية الأجناس لتكون في خدمته . والجنس الأقل من الإنسان هو الحيوان . ثم يأتي الجنس الأقل مرتبة من الإنسان والحيوان ،  وهو النبات . ثم يأتي الجماد كأدنى الأجناس مرتبة ،  وهم قد اتخذوا من أدنى الأجناس آلهة ،  وهذه هي قمة الخيبة .

وتأتي القضية الثانية في قول الحق سبحانه وتعالى : {   .  . وأمرت أن أكون من المؤمنين( 104 ) } فإذا كان رسول الله صلى الله عليه وسلم رفض العبادة لمن هم دون الله سبحانه ،  فمعنى ذلك أنه لن يعبد سوى الله تعالى .

وليس هذا موقفا سلبيا ،  بل هو قمة الإيجاب ؛  لأن العبادة تقتضي استقبال منهج الله بأن يطيع أوامره ،  ويجتنب نواهيه ."
10,105,"ويقول الحق سبحانه بعد ذلك :

{  وأن أقم وجهك للدين حنيفا(  ) ولا تكونن من المشركين( 105 ) } :

وما دام الخطاب موجّها لرسول الله صلى الله عليه وسلم ،  فهو ككل خطاب من الحقّ سبحانه لرسوله صلى الله عليه وسلم ،  إنما ينطوي على الأمر لكل مؤمن .

وإذا ما عبد المؤمن الله سبحانه فهو يستقبل أحكامه ؛  ولذلك يأتي الأمر هنا بألا يلتفت وجه الإنسان المؤمن إلى غير الله تعالى ،  فيقول الحق سبحانه : {  أقم وجهك للدين حنيفا .  . ( 105 ) }[ يونس ] .

فلا يلتفت في العبادة يمينا أو يسارا ،  فما دام المؤمن يعبد الله ولا يبعد غيره ،  فليعلم المؤمن أن هناك-أيضا-شركا خفيا(  ) ،  كان يعبد الإنسان من هم أقوى أو أغنى منه ،  وغير ذلك من الأشخاص التي يفتن بها الإنسان .

ونحن عرفنا من قبل قول الحق سبحانه : {  ومن أحسن دينا(  ) ممن أسلم وجهه لله وهو محسن واتبع ملة(  ) إبراهيم حنيفا .  . ( 125 ) }[ النساء ] : والحنف(  ) أصله ميل في الساق ،  وتجد البعض من الناس حين يسيرون تظهر سيقانهم متباعدة ،  وأقدامهم ملتفّة ،  هذا اعوجاج في التكوين .

أما المقصود هنا بكلمة ( حنيفا ) أي :  معوج عن الطريق المعوج ،  أي :  أنه يسير باستقامة .

ولكن :  لماذا يأتي مثل هذا التعبير ؟

لأن الدين لا يجيء برسول جديد ومعجزة جديدة ،  إلا إذا كان الفساد قد عمّ ؛  فيأتي الدين ؛  ليدعو الناس إلى الميل عن هذا الفساد .  وفي هذه اعتدال لسلوك الأفراد والمجتمع .

ويحذرنا رسول الله صلى الله عليه وسلم من أن نقع في الشرك الخفي بعد الإيمان بالله تعالى .

ويأتي الكلام عن هذا الشرك الثاني في قول الحق سبحانه : {   .  . ولا تكونن من المشركين( 105 ) }[ يونس ] . وهذا الشرك الثاني هو أقل مرحلة من شرك العبادة ،  ولكن أن تجعل لإنسان أو لآيّ شيء مع الله عملا .

فإن رأيت-مثلا-للطبيب أو للدواء عملا ،  فقل لنفسك :  إن الطبيب هو من يصف الدواء كمعالج ،  ولكن الله سبحانه وتعالى هو الذي يشفي ،  بدليل أن الطبيب قد يخطئ مرة ،  ويأمر بدواء تحدث منه مضاعفات ضارة للمريض . وعلى المؤمن ألا يفتن في أيّ سبب من الأسباب .

ونذكر مثالا آخر لذلك ،  وهو أن بلدا من البلاد ذات الرقعة الزراعية المتسعة أعلنت في أحد الأعوام أنها زرعت مساحة كبيرة من الأراضي بالقمح بما يكفي كل سكان الكرة الأرضية ،  ونبتت السنابل وأينعت ،  ثم جاءتها ريح عاصف أفسدت محصول القمح ،  فاضطرت تلك الدولة أن تستورد قمحها من دول أخرى ."
10,106,"ويقول الحق سبحانه بعد ذلك :

{  ولا تدع من دون الله ما لا ينفعك ولا يضرك فإن فعلت فإنك إذا من الظالمين( 106 ) } :

والمشرك من هؤلاء لحظة أن عبد الصنم ودعاه من دون الله تعالى ،  فهل استجاب له ؟  وحين عبده هل قال الصنم له :  افعل كذا ،  ولا تفعل كذا ؟

إن الأصنام التي اتخذها المشركون آلهة لم يكن لها منهج ،  ولا أحد منها ينفع أو يضر ،  وحين يجيء النفع لا يعرف الصنم كيف يمنعه ،  وحين يجيء الضرّ لا يقدر الصنم أن يدفعه .

إذن :  فمن يدعو من دون الله-سبحانه وتعالى-هو دعاء لمن لا ينفع ولا يضر .

ومن يفعل ذلك يكون من الظالمين ؛  لأن الظلم هو إعطاء حقّ لغير ذي حق ،  سواء أكان في القمة ،  أو في غير القمة(  ) ."
10,107,"ويقول الحق سبحانه بعد ذلك :

{  وإن يمسسك الله بضر فلا كاشف له إلا هو وإن يردك بخير فلا راد لفضله يصيب به من يشاء من عباده وهو الغفور الرحيم( 107 ) } :

هذا كلام الربوبية المستغنية عن الخلق ،  فالله سبحانه وتعالى خلق الناس ،  ودعاهم إلى الإيمان به ،  وأن يحبوه ؛  لأنه يحبهم ،  ويعطيهم ،  ولا يأخذ منهم ؛  لأنه في غنى عن كل خلقه .

ويأتي الكلام عن الضرّ هنا بالمسّ ، {  وإن يمسسك الله بضر فلا كاشف له إلا هو .  . ( 107 ) }[ يونس ] : ونحن نعلم أن هناك  "" مسا ""  و "" ولمسا ""  و "" إصابة ""  .

وقوله سبحانه هنا عن الضر يشير إلى مجرد المسّ ،  أي :  الضر البسيط ،  ولا تقل :  إن الضر ما دام صغيرا فالخلق يقدرون عليه ،  فلا أحد يقدر على الضر أو النفع ،  قلّ الضر أم كبر ،  وكثر النفع أو قلّ ،  إلا بإذن من الله تعالى .

والحق سبحانه وتعالى يذكر الضر هنا بالمسّ ،  أي :  أهون الالتصاقات ،  ولا يكشفه إلا الله سبحانه وتعالى .

ومن عظمته-جلّ وعلا-أنه ذكر مع المس بالضر ،  والكشف عنه ،  وهذه هي الرحمة .

ثم يأتي سبحانه بالمقابل ،  وهو "" الخير ""  ،  وحين يتحدث عنه الحق سبحانه ،  يؤكد أنه لا يرده .

ونحن نجد كلمة {  يصيب } في وصف مجيء الخير للإنسان ،  فالحق سبحانه يصيب به من يشاء من عباده .

وينهي الحق سبحانه وتعالى الآية بهذه النهاية الجميلة في قوله تعالى : {   .  . وهو الغفور الرحيم( 107 ) }[ يونس ] : وهكذا تتضح لنا صورة جلال الخير المتجلي على العباد ،  ففي الشر جاء به مسا ،  ويكشفه ،  وفي الخير يصيب به العباد ،  ولا يمنعه .

والله تعالى هو الغفور الرحيم ؛  لأنه سبحانه لو عامل الناس-حتى المؤمنين منهم-بما يفعلون لعاقبهم ،  ولكنه سبحانه غفور ورحيم ؛  لأن رحمته سبقت غضبه(  ) ؛  ولذلك نجده سبحانه في آيات النعمة يقول : {  وإن تعدوا نعمة الله لا تحصوها(  ) .  . ( 18 ) }[ النحل ] .

وجاء الحق سبحانه بالشكّ ،  فقال{  إن } ولم يقل :  "" إذا تعدون نعمة الله ""  ؛  لأن هذا أمر لن يحدث ،  كما أن الإقبال على العدّ هو مظنة أنه يمكن أن يحصى ؛  فقد تعد النقود ،  وقد يعد الناظر طلاب المدرسة ،  لكن أحدا لا يستطيع أن يعد أو يحصى حبّات الرمال مثلا .

وقال الحق سبحانه وتعالى : {  وإن تعدوا نعمة الله لا تحصوها .  . ( 18 ) }[ النحل ] : وهذا شكّ في أن تعدوا نعمة الله .

ومن العجيب أن العد يقتضي التجمع ،  والجمع لأشياء كثيرة ،  ولكنه سبحانه جاء هنا بكلمة مفردة هي{  نعمة } ولم يقل :  "" نعم ""  فكأن كل نعمة واحدة مطمور فيها نعم شتّى .

إذن :  فلن نستطيع أن نعدّ النّعم المطمورة في نعمة واحدة .

وجاء الحق سبحانه بذكر عد النعم في آيتين : الآية الأولى تقول : {   .  . وإن تعدوا نعمت الله لا تحصوها إن الإنسان لظلوم كفار(  ) ( 34 ) }[ إبراهيم ] .

والآية الثانية تقول : {  وإن تعدوا نعمة الله لا تحصوها إن الله غفور رحيم( 18 ) }[ النحل ] .

وصدر الآيتين واحد ،  ولكن عجز كل منهما مختلف ،  ففي الآية الأولى : {   .  . إن الإنسان لظلوم كفار( 34 ) }[ إبراهيم ] ، وفي الآية الثانية : {   .  . إن الله غفور رحيم( 18 ) }[ النحل ] : لأن النعمة لها منعم ؛  ومنعم عليه ،  والمنعم عليه-بذنوبه-لا يستحق النعمة ؛  لأنه ظلوم وكفار .  ولكن المنعم سبحانه وتعالى غفور ورحيم ،  ففي آية جاء ملحظ المنعم ،  وفي آية أخرى جاء ملحظ المنعم عليه .

ومن ناحية المنعمة عليه نجده ظلوما كفّارا ؛  لأنه يأخذ النعمة ،  ولا يشكر الله عليها .

ألم تقل السماء :  يا رب !  ائذن لي أن أسقط كسفا على ابن آدم ؛  فقد طعم خيرك ،  ومنع شكرك .

وقالت الأرض :  ائذن لي أن انخسف بابن آدم ؛  فقد طعم خيرك ،  ومنع شكرك .

وقالت الجبال :  ائذن لي أن أسقط على ابن آدم .

وقال البحر :  ائذن لي أن أغرق ابن آدم الذي طعم خيرك ،  ومنع شكرك .

هذا هو الكون الغيور على الله تعالى يريد أن يعاقب الإنسان ،  لكن الله سبحانه رب الجميع يقول :  "" دعوني وعبادي ،  لو خلقتموهم لرحمتموهم ،  وإن تابوا إليّ فأنا حبيبهم ،  وإن لم يتوبوا فأنا طبيبهم ""  ."
10,108,"ويقول الحق سبحانه بعد ذلك :

{  قل يا أيها الناس قد جاءكم الحق من ربكم فمن اهتدى فإنما يهتدي لنفسه ومن يضل فإنما يضل عليها وما أنا عليكم بوكيل(  )( 108 ) } :

إذن :  فالحق سبحانه لم يقصّر مع الخلق ،  فقد خلق لكم العقول ،  وكان يكفي أن تفكروا بها لتؤمنوا من غير مجيء رسول ،  وكان على هذه العقول أن تفكر في القويّ الذي خلق الكون كله ،  بل هي التي تسعى لتطلب أن يرسل لها القوى رسولا بما يطلبه سبحانه من عباده ،  فإذا ما جاء رسول ليخبرهم أنه رسول من الله ويحمل البلاغ منه ،  كان يجب أن تستشرف آذانهم لما يقول .

إذن :  كان على العباد أن يهتدوا بعقولهم ؛  ولذلك نجد أن الفلاسفة حين بحثوا عن المعرفة ،  قالوا : إن هناك  "" فلسفة مادية ""  تحاول أن تتعرف على مادية الكون ،  وهناك  "" فلسفة ميتافيزيقية "" (  ) تبحث عما وراء المادة .

فمن أعلم الفلاسفة-إذن-أن هناك شيئا وراء المادة .

وكان العقل المجرد ساعة يرى نظم الكون الدقيقة كان يجب أن يقول : إن وراء الكون الواضح المحسّ قوة خفية .

ولم يذهب الفلاسفة إلى البحث فيما وراء المادة ،  إلا لأنهم أخذوا من المادة أن وراءها شيئا مستورا .

والمستور الذي وراء المادة هو الذي يعلن عن نفسه ،  فهو أمر لا نعرفه بالعقل .

وقديما ضربنا مثلا في ذلك ،  وقلنا : وهب أننا جالسون في حجرة ،  ودقّ جرس الباب ،  فعلم كل من في الحجرة أن طارقا بالباب ،  ولم يختلف أحد منهم على تلك الحقيقة .

وهذا ما قاله الفلاسفة حين أقرّوا بوجود قوة وراء المادة ،  ولكنهم تجاوزوا مهمتهم ،  وأرادوا أن يعرفونا ماهية أو حقيقة هذه القوة ،  ولم يلتفتوا إلى الحقيقة البديهية التي تؤكد أن هذه القوة لا يمكن أن تعرف بالعقل ؛  لأننا ما دمنا قد عرفنا أن الباب طارقا يدق ؛  فنحن لا نقول هو ،  ولا نترك المسألة للظن ،  بل نتركه هو الذي يحد لنا من هو ،  وماذا يطلب ؟  لأن عليه هو أن يخبر عن نفسه .

اطلبوا منه أن يعلن عن اسمه وصفاته ،  وهذه مسائل لا يمكن أن نعرفها بالعقل .

إذن :  فخطأ الفلاسفة أنهم لم يقفوا عند تعقّل أن هناك قوة من وراء المادة ،  وأرادوا أن ينتقلوا من التعقل إلى التصور ،  والتصورات لا تأتي بالعقل ،  بل بالإخبار .

وهنا يقول الحق سبحانه : {  قل يا أيها الناس قد جاءكم الحق من ربكم .  . ( 108 ) }[ يونس ] : والحق-كما نعلم- هو الشيء الثابت الذي لا يتغير أبدا ،  وأن يأتي الحق من الرب الذي يتولى التربية بعد أن خلق من عدم وأمد من عدّم(  ) ،  ولا يكلفنا بتكاليف الإيمان إلا بعد البلوغ ،  وخلق الكون كله ،  وجعلنا خلفاء فيه .

هو-إذن-مأمون علينا ،  فإذا جاء الحق منه سبحانه وتعالى ،  فلماذا لا نجعل المنهج من ضمن التربية ؟

لماذا أخذنا تربية المأكل والملبس وسيادة الأجناس ؟

كان يجب-إذن- أن نأخذ من المربّي-سبحانه وتعالى-المنهج الذي ندير به حركة الحياة ؛  فلا نفسدها .

وحين يقول الحق سبحانه : {  جاءكم الحق(  ) من ربكم .  . ( 108 ) }[ يونس ] : فمعنى ذلك أنه لا عذر لأحد أن يقول :  "" لم يبلغني أحد بمراد الله ""  ،  فقد ترك الحق سبحانه العقول لتتعقل ،  لا أن تتصور .

وجاء التصوّر للبلاغ عن الله تعالى ،  حين أرسل الحق سبحانه رسولا يقول :  أنا رسول من الله ،  وهو القوة التي خلقت الكون ،  وكان علينا أن نقول للرسول بعد أن تصدق معجزته :  أهلا ،  فأنت من كنا نبحث عنه ،  فقل لنا :  ماذا تريد القوة العليا أن تبلغنا به ؟

ثم يقول الحق سبحانه في نفس الآية : {  فمن اهتدى فإنما يهتدي لنفسه .  . ( 108 ) }[ يونس ]

لان حصيلة هدايته لا تعود على من خلقه وهداه ،  بل تعود عليه هو نفسه انسجاما مع الكون ،  وإصلاحا لذات النفس ،  وراحة بال ،  واطمئنانا ،  وانتباها لتعمير الكون بما لا يفسد فيه ،  وهذا الحال عكس ما يعيشه من ضل عن الهداية .

ويقول الحق سبحانه عن هذا الصنف من الناس : {  ومن ضل فإنما يضل عليها .  . ( 108 ) }[ يونس ] وكلمة {  ضل } تدل على أن الإنسان الذي يضل كانت به بداية هداية ،  لكنه ضلّ عنها .

وينهي الحق سبحانه الآية بقوله : {  وما أنا عليكم بوكيل( 108 ) }[ يونس ] : وأنت لا توكّل إنسانا إلا لأن وقتك لا يسع ،  وكذلك قدرتك وعلمك وحركتك ،  وهنا يبلغ الرسول القوم :  أنا لا أقدر أن أدفع عنكم الضلال ،  أو أجبركم على الهداية ؛  لأني لست وكيلا عليكم ،  بل عليّ فقط مهمة البلاغ (  ) عن الله سبحانه وتعالى ،  وهذا البلاغ إن استمعتم إليه بخلاء القلب من غيره ،  تهتدوا .

وإذا اهتديتم ؛  فالخير لكم ؛  لأن الجزاء سيكون خلودا في نعيم تأخذونه مقابل تطبيق المنهج الذي ضيّق على شهوات النفس ،  ولكنه يهدي حياة نعيم لا يفوته الإنسان ،  ولا تفوت النعم فيه الإنسان .

وإذا كان الإنسان منّا يقبل أن يتعب ؛  ليتعلّم حرفة أو عملا أو صنعة أو مهنة ؛  ليكسب الإنسان من إتقان هذا العمل بقية عمره .

أليس على هذا الإنسان أن يقبل على العبادة التي تصلح باله ،  وتسرع به إلى الغاية انسجاما مع النفس ،  ومع المجتمع ،  وتقويما وتهذيبا لشهوات النفس ،  وينال من بعد ذلك خلود النعيم في الآخرة .

أما من يستكثر على نفسه الجدّ والاجتهاد في تحصيل العلم ،  أو تعلم مهنة أو حرفة ،  فهو يحيا في ضيق وعدم ارتقاء ،  فهو لا يبذل جهدا في التعلم .

ونرى من يتعلم ويبذل الجهد ،  وهو يرتقي في المستوى الاجتماعي والاقتصادي ؛  ليصل إلى درجة الدكتوراة-مثلا-أو التخصص الدقيق الذي يأتي له بسعة الرزق .

وكلما كانت الثمرة التي يريدها الإنسان أينع(  ) وأطول عمرا كانت الخدمة من أجلها أطول .

وقارن بين خدمتك لدينك في الدنيا بما ينتظرك من نعيم الآخرة ؛  وسوف تجد المسافة بين عطاء الدنيا وعطاء الآخرة شاسعا ،  ولا مقارنة .

وقول الحق سبحانه : {  زمن ضل(  ) فإنما يضل عليها( 108 ) }[ يونس ] : تجد فيه كلمة {  عليها } وهي تفيد الاستعلاء على النفس ،  أي :  أنك بالضلال-والعياذ بالله- تستعلي على نفسك ،  وتركب رأسك إلى الهاوية .

وفي المقابل تجد الحق سبحانه : {  فمن اهتدى فإنما يهتدي لنفسه .  . ( 108 ) }[ يونس ] :

وتجد  "" اللام ""  هنا تفيد الملك ؛  لذلك يقال :  "" فلان له ""  و "" فلان عليه ""  ."
10,109,"وبعد ذلك يقول الحق سبحانه في ختام سورة يونس :

{  واتبع ما يوحي إليك واصبر حتى يحكم الله وهو خير الحاكمين( 109 ) :

وإذا كان الحق سبحانه قد أورد على لسان رسوله صلى الله عليه وسلم : {  يا أيها الناس قد جاءكم الحق من ربكم .  . ( 108 ) }[ يونس ] : فهذا يعني البلاغ بمنهج الله-تعالى-النظري ،  ولابدّ أن يثق الناس في المنهج ،  بأن يكون الرسول هو أول المنفذين للمنهج ،  لأنه-معاذ الله-لو غشّ الناس جميعا لما غشّ نفسه .

إذن :  فبعد البلاغ(  ) عن الحق سبحانه ،  وتعريف الناس بأن الهداية لا يعود نفعها على الحق ،  بل هي للإنسان ،  فيملك نفسه ؛  ويملك زمام حياته ،  فيسير براحة البال في الدنيا إلى نعيم الآخرة ،  وأن الضلال لا يعود إلا باستعلاء الإنسان على نفسه ؛  ليركبها إلى موارد التهلكة .

والرسول صلى الله عليه وسلم ليس وكيلا عنكم ،  يأتي لكم بالخير حين لا تعملون خيرا ،  ولا يصرف عنكم الشر وأنتم تعملون ما يستوجب الشر .

وذلك كان على رسول الله صلى الله عليه وسلم أن يكون هو النموذج والأسوة :

{  لقد كان لكم في رسول الله أسوة(  ) حسنة لمن كان يرجو الله واليوم الآخر وذكر الله(  ) كثيرا( 21 ) }[ الأحزاب ] .

وهنا يقول الحق سبحانه : {  واتبع ما يوحى إليك .  . ( 109 ) }[ يونس ] : أي :  عليك أن تكون الأسوة ،  وحين تتبع ما يوحى إليك ؛  ستجد عقبات ممن يعيشون على الفساد ،  ولا يرضيهم أن يوجد الإصلاح ،  فوطن العزم على أن تتبع ما يوحى إليك ،  وأن تصبر .  ومجيء الأمر بالصبر دليل على أن هناك عقبات كثيرة ،  وعليك أن تصبر وتعطى النموذج لغيرك(  ) ،  والثقة في أنه لو لم يكن هناك خير في إتباع المنهج لما صبرت عليه ؛  حتى يأتي حكم الله {   .  . واصبر حتى يحكم الله وهو خير الحاكمين( 109 ) }[ يونس ] : وليس هناك أعدل ولا أحكم من الله سبحانه وتعالى .

وهذه السورة التي تختم بهذه الآية الكريمة ،  تعرضت لقضية الإيمان بالله ،  قمة في عقيدة لإله واحد يجب أن نأخذ البلاغ منه سبحانه ؛  لأنه الرب الذي خلق من عدم ،  وأمد من عدم ،  ولم يكلّفنا إلا بعد مرور سنوات الطفولة وإلى البلوغ ؛  حتى يتأكد أن المكلَّف يستحق أن يكلَّف بعد أن انتفع بخيرات الوجود كله ،  وتثبّت من صدق الربوبية .

ومعنى الربوبية هو التربية ،  وأن يتولى المربيّ المربىَّ إلى أن يبلغ حدّ الكمال المرجو منه .

وقد صدقت هذه القضية في الكون .

إذن :  نستمع إلى الرب-سبحانه وتعالى-الذي خلق ،  حين يبيّن لنا مهمتنا في الحياة بمنهج تستقيم به حركة الحياة ،  ويستقيم أمر الإنسان مع الغاية التي يعرفها قبل أن يخطو أي خطوة .

ومن المحال أن يخلق-سبحانه وتعالى-المخلوق ثم يضيّعه ،  بل لا بد أن يضع له قانون صيانة نفسه(  ) ؛  لأن كل صنعة إنما يضع قانونها ويحدد الغاية لها من صنعها ،  فإذا ما خالفنا ذلك نكون قد أحلنا(  ) وغيّرنا الأمور ،  وأدخلنا العالم في متاهات ،  وصار لكل امرئ غاية ،  ولكل امرئ منهج ،  ولكل عقل فكر ،  ولصار الكون متضاربا ؛  لأن الأهواء ستتضارب ،  فتضعف قوة الأفراد ؛  لأن الصراع بين الأنداد(  ) يضعف قوة الفرد عن معالجة الأمر الذي يجب أن يعالجه .

فأراد الله-سبحانه وتعالى-توحيدا(  ) في العقيدة ،  وتوحيدا في المنهج .

وأراد الحق سبحانه وتعالى أن يضرب لنا مثلا تطبيقيا في مواكب الرسالات ،  فذكر لنا في هذه السورة قصة نوح-عليه السلام- وقصة موسى وهارون-عليهما السلام- وذكر بينهما القصص الأخرى .

ثم ذكر قضية يونس عليه السلام .

ثم ختم السورة بقوله سبحانه : {  واتبع ما يوحى إليك .  . ( 109 ) }[ يونس ] : بلاغا عن الله تعالى .

وما دمت تبلّغ ،  وأمتك أمة محسوبة-إلى قيام الساعة-أنها وارثة النبوة ،  ولم تعد هناك نبوة بعدك يا محمد صلى الله عليه وسلم تسليما كثيرا .

وأراد الحق سبحانه لأمتك أن يحملوا الدعوة للمنهج الذي نزل إليك .  إذن :  فرسول الله صلى الله عليه وسلم سيكون شهيدا بأنه قد بلّغ ،  ويجب أن تكون أمته شهيدة بأنها بلغت ،  وأوصلت رسالة الله إلى الدنيا(  ) ،  وهذا شرف مهمة أمة محمد صلى الله عليه وسلم .

ولم يكن لأمة غيرها مثل هذا الشرف ؛  فقد كان الأمر قبل رسول الله صلى الله عليه وسلم أن دعوة أيّ رسول تفتر ،  وتبهت تكاليفه(  ) ،  ويغفل عنها الناس ،  فيرسل الله-سبحانه وتعالى-رسولا ،  ولكن الأمر اختلف بعد رسالة محمد عليه الصلاة والسلام ،  فلم تعد هناك نبوة ،  ولا رسالة ،  ولكن صار هناك من يحملون منهج الله تعالى .

والرسول صلى الله عليه وسلم هو الأسوة ؟  لأنه مبلغ منهج الله ،  وهو أسوة في تطبيق قانون صيانة الإنسان وحركته ،  ونموذج تطبيقي حتى لا يكلف الناس فوق ما تطيقه إنسانيتهم ؛  ولذلك كان يصر على أنه بشر ،  وأوضح القرآن الكريم ذلك بلا أدنى غموض : {  إنما أنا بشر مثلكم .  . ( 6 ) }[ فصلت ] . ليؤكد صدق الأسوة ؛  لأنه صلى الله عليه وسلم لو لم يكن بشرا وطلب من الناس أن يفعلوا مثله لقالوا :  لن نستطيع لأنك لست مثلنا .

ولذلك نلحظ أن القرآن يؤكد على بشرية رسول الله صلى الله عليه وسلم ،  ولكنه صلى الله عليه وسلم يزيد عن البشر باصطفاء الله سبحانه له ؛  ليكون رسولا يوحى إليه ،  فمهمته الرسالية الأولى أن يبلغ هذا الوحي ،  والمهمة الثانية أن يؤكد بسلوكه أنه مقتنع بهذا الوحي ويطبّقه على نفسه .

ويقول الحق سبحانه وتعالى : {  لقد كان لكم في رسول الله أسوة حسنة(  ) .  . ( 21 ) }[ الأحزاب ] .

وكان رسول الله صلى الله عليه وسلم من ناحية الثراء أقل الناس مالا ،  وهو غير متكبر ولا جبّار ،  وهو كنموذج سلوكي تتوازن فيه وبه كل الفضائل ؛  فلم يطلب لنفسه شيئا ،  بل إنه منع أقاربه وأهله من حقوق أقرها لغيرهم من المسلمين ،  فأقاربه لم يعطهم الحق في أن يرثوا شيئا مما يملكه بعد وفاته وقد حرمهم ؛  ليكون كل عمل صادر منه صلى الله عليه وسلم أو ممن ينتسبون بالقرابة إليه هو عمل خالص لوجه الله تعالى .

وهذا السلوك هو عكس سلوك الرئاسات البشرية ،  أو السلطات الزمنية ،  فهذه الرئاسات أو تلك السلطات تفيض أول ما تفيض على نفسها بالخير ،  ثم تفيضه على الدوائر القريبة منها حسب أقطار القرب ؛  فالقريب جدا يأخذ أولا وكثيرا ،  ومن يبعد في القرابة يأخذ الأقل حسب درجة بعده .

لكن الذي في دائرة القرابة مع رسول الله صلى الله عليه وسلم لا يأخذ حتى ما يأخذه الفقير في أمة محمد عليه الصلاة والسلام ،  وكأن الله سبحانه وتعالى يدلنا بذلك على أنه من العيب أن يكون الإنسان منسوبا لآل بيت النبوة ،  ويكون موضعا لأخذ الزكاة .

إذن :  فالاتّباع الذي أمر الله تعالى به ،  هو إتباع الوحي بلاغا ،  وإتباع ما يوحى به تطبيقا ،  وسيتطلب هذا مواجهة متاعب كثيرة ،  وسيلقى عقبات من الجبابرة المنتفعين بالفساد في الأرض ،  فلا بدّ أن يصادموا هذه الدعوات ؛  ليحافظوا على سلطتهم الزمنية ،  فيأمر الحق سبحانه وتعالى رسوله صلى الله عليه وسلم بأن يصبر ،  وفي الأمر بالصبر إشارة إلى أن الرسول صلى الله عليه وسلم مقبل على عقبات فليعدّ نفسه لتحمّل هذه العقبات بالصبر(  ) .

وفي آية أخرى يأمره الحق سبحانه وتعالى أن يصبر ويصابر هو والمؤمنون .  . يقول سبحانه : {  اصبروا وصابروا ورابطوا(  ) .  . ( 200 ) }[ آل عمران ] : أي : إن صبرت ،  فقد يصبر خصمك أيضا ،  وهنا عليك أن تصابره ،  وكلمة  "" اصبر ""  توضح أن دعاة منهج الحق سبحانه لا بد أن يتعرضوا لمتاعب ،  وإلا ما كانت هناك ضرورة لأن يجيء ،  فلو كان العالم مستقيم الحركة ،  فما ضرورة المنهج إذن ؟

ولكن المنهج قد جاء ؛  لأن الفساد قد عم الكون ،  ويحتاج إلى إصلاح ،  وإلى مواجهة المفسدين ،  وهذا ما يرهق الداعين إلى الله تعالى ،  وليوطّن كل داعية نفسه على ذلك ،  ما دام قد قام ليدعو إلى منهج الحق سبحانه وتعالى .

وكل داع إلى الله لا يصيبه أذى ،  فهذا ينقص من حظه في ميراث النبوة ؛  لأن الذي يأتي له الأذى هو الذي يأخذ حظا من ميراث النبوة ،  فالأذى لا يجيء إلا بمقدار خطورة الداعي على الله سبحانه على الفساد والمفسدين ،  وهم الذين يتجمعون ضده .

ورسول الله صلى الله عليه وسلم يقول :  "" نضّر(  ) الله امرأ سمع مقالتي فوعاها(  ) وحفظها وبلّغها ،  فربّ حامل فقه إلى من هو أفقه منه "" (  ) .

إذن :  فنحن أمة محمد صلى الله عليه وسلم قد ورثنا منه البلاغ ،  وورثنا منه الأسوة الحسنة : {  لقد كان لكم في رسول الله أسوة حسنة لمن كان يرجو الله واليوم الآخر وذكر الله كثيرا( 21 ) }[ الأحزاب ] .

إذن :  فقول الحق سبحانه وتعالى : {  واتبع ما يوحى إليك .  . ( 109 ) }[ يونس ] : هو دليل على أن الوحي بصدد الإنزال ؛  لأن الوحي لم ينزل بالقرآن دفعة واحدة ،  فقد كان

الوحي ينزل على رسول الله صلى الله عليه وسلم طوال حياته(  ) .

وهكذا تكون حياة رسول الله صلى الله عليه وسلم هي مقام الاستقبال للوحي .

وقول الحق سبحانه : {  واصبر حتى يحكم الله .  . ( 109 ) }[ يونس ] : يوضح لنا أنه سبحانه قد وضع حدا تؤمل فيه أن الأمر لن يظل صبرا وأن القضية ستحسم من قريب بحكم من الله تعالى .

وكلمة {  يحكم } توضح أن هناك فريقين ؛  كلّ يدّعى أنه على حق ،  ثم يأتي من يفصل في القضية ،  والحجة إما الإقرار أو الشهود ،  وبطبيعة الحال لن يقرّ الكفار بكفرهم ،  والشهود قد يكونون عدولا ،  أو يكونون ممن يدارون فسقهم في ظاهر العدالة .  فإذا كان الله سبحانه وتعالى هو الحاكم ،  فهو لا يحتاج إلى شهود ؛  لأنه خير الشاهدين ،  والله سبحانه لا يحكم فقط دون قدرة إنفاذ الحكم ،  لا بل هو يحكم وينفذ .

إذن :  فهو سبحانه قد شهد وحكم ونفّذ ،  ولا توجد قوة تقف أمام قدرة الله تعالى ،  أو تقف أمام حكم الله عز وجل .

ونحن في زماننا نرى القوى وهي تختلف ،  فنجد القويّ من الدول وقد تسلّط على الضعيف ،  فيلجأ الضعيف إلى الأمم المتحدة ومجلس الأمن ،  ويصدر كل منهما قرارات ،  وحتى لو افترضنا عدالة الحكم ،  فأين قوة التنفيذ ؟  إنها غير موجودة .

ولكن قدرة الحق الأعلى سبحانه هي قدرة خير الحاكمين ،  لأنه هو سبحانه الذي يشهد ،  وهو سبحانه لا يحتاج إلى من يدلّس عليه في الشهادة ؛  لأنك إن عمّيت على قضاء الأرض ،  فلن تعمّي على قضاء السماء(  ) .

وبعد ذلك يحكم الحق سبحانه حكما لا هوى فيه ؛  لأن آفة الأحكام أن يدخلها الهوى فتميل ،  والحق سبحانه لا هوى له ؛  لأنه لا مصلحة له عند العباد ،  فهو الخالق عز وجل ،  ولن يأخذ مصلحة من مخلوق(  ) .

ويطمئننا الحق سبحانه على أن رسوله صلى الله عليه وسلم أيضا لا ينطق عن الهوى .

فيقول رب العزة سبحانه : {  وما ينطبق عن الهوى(  )( 3 ) إن هو إلا وحي يوحى( 4 ) }[ النجم ] : أي :  اطمئنوا إلى حكمه ؛  لأنه لا ينطبق عن هوى فليس في نفسه ما يريد تحقيقه إلا دعوة الخلق إلى حسن عبادة الخالق سبحانه .

وقد يقول قائل :  ولكن الحق-عز وجل-عدَّل للرسول بعضا الأحكام .

ونقول :  لقد كان رسول الله صلى الله عليه وسلم يجتهد ببشريته فيما لم ينزل الله فيه حكما ،  وحين ينزل الله حكما ،  فهو صلى الله عليه وسلم ينزل على أمر الله تعالى ،  ولم يكن رسول الله صلى الله عليه وسلم يحكم حتى فيما اجتهد فيه عن هوى ،  بل حكم بما رآه عدلا ،  وحين ينزل الحق سبحانه وتعالى حكما مغايرا فهو يبلغ المسلمين ويعدّل من الحكم .

إذن :  فالتعديل للحكم هو قمة الأمانة مع البلاغ عن الله سبحانه وتعالى ،  ورسول الله صلى الله عليه وسلم قد أقبل على الحكم في أمر لم ينزل فيه حكم من الله ،  فهو قد حكم بما عنده من الرأي ،  فيبلغ صلى الله عليه وسلم الحكم من الله ،  والذي عدّل له ليس مساويا له بل هو خالقه .

ثم إن الذي أخبرنا أن الله سبحانه قد عدّل له هو النبي صلى الله عليه وسلم ،  فهل يوجد من يضعف مركز كلمته ،  ويبلغ أن الحكم الذي صدر منه بأمانة قد عدل له ؟

ولكن رسول الله صلى الله عليه وسلم الذي استقبل الوحي تحلى بأمانة البلاغ عن الله ،  وهو الذي نقل لنا عتاب ربه له(  ) .

وهذه قمة الصدق في البلاغ عن الله ،  وكان اجتهاد رسول الله صلى الله عليه وسلم محصورا في الأمور التي لم يصدر فيها حكم من الله ،  وكان في ذلك أسوة حسنة لنا لنتجرأ ونجتهد .

وقد بعث رسول الله صلى الله عليه وسلم معاذ بن جبل إلى اليمن فقال :  كيف تصنع إن عرض لك قضاء ؟  قال :  اقضي بما في كتاب الله .  قال :  فإن لم يكن في كتاب الله ؟  قال : فبسنة رسول الله صلى الله عليه وسلم .  قال :  فإن لم يكن في سنة رسول الله صلى الله عليه وسلم ؟  قال :  أجتهد رأيي لا آلوا(  ) .  قال :  وضرب رسول الله صلى الله عليه وسلم صدري ثم قال :  الحمد لله الذي وفق رسول رسول الله صلى الله عليه وسلم لما يرضي رسول الله صلى الله عليه وسلم(  ) .

والحق سبحانه وتعالى خير الحاكمين ؛  لأنه الشاهد الذي يعلم خائنة الأعين وما تخفي الصدور(  ) ،  وهو سبحانه لا تخفى عليه خافية(  ) ،  ولا هوى له ،  وهو الذي يصدر الحكم بمطلق عدله وبفضله ،  وهو القادر على إنفاذ ما يحكم به ،  ولا توجد قوة تجير عليه ،  ولا يوجد حاكم بقادر على كل هذا إلا الله سبحانه .

وشاء الحق-عز وجل-أن يكرّم المؤمنين الذين يحكمون بين الناس بأن جعل ذاته ضمنية بتفوق الخيرية على الحاكمين .

وواقع الأمر أن هناك بشرا يحكمون غيرهم ،  ولكن الحق سبحانه حكم بأنه خيرهم ،  فمن الحاكمين من قد يدلس(  ) عليه غيره ،  ومن الممكن أن يدخل الهوى في أحكام هؤلاء الحاكمين ،  لكنه سبحانه لا تخفى عليه خافية ،  ولا يمكن أن يدخل الهوى إلى حكمه ،  وأحكامه نافذة بطلاقة قدرته سبحانه ؛  لذلك فهو خير الحاكمين إطلاقا .

وإذا سمعت جمعا يدخل الله ذاته مع خلقه فيه ؛  فاعلم أن ذلك إيذان بأن تأخذ من واقع ما تشهد حقيقة من لا تشهد ؛  فالحق سبحانه يقول : {   .  . فتبارك الله أحسن الخالقين( 14 ) }[ المؤمنون ] ، ويقول تعالى : {   .  . والله خير الرازقين( 11 ) }[ الجمعة ] .

ويقول تعالى : {   .  . رب لا تذرني فردا وأنت خير الوارثين( 89 ) }[ الأنبياء ] .

ويقول تعالى : {  أليس الله بأحكم الحاكمين( 8 ) }[ التين ] .

وكلما وجدت جمعا أدخل الله ذاته مع عباده ممن لهم هذا الوصف ،  فهذا يدلّك على أن الموصوفين معه لهم تلك الصفات المذكورة ،  ولكنه سبحانه وتعالى أزلي مطلق الصفات ،  وهم أحداث(  ) وأغيار تنتابهم القوة والتغير والضعف .

وتجد الله سبحانه وتعالى وهو يصف نفسه بأنه : {   .  . أحسن الخالقين( 14 ) }[ المؤمنون ] .

وكلنا نعلم أن الله سبحانه هو خالق كل شيء من عدم ،  ولكن هناك من الخلق من يخلق شيئا من موجود ؛  ولذلك فالله سبحانه وتعالى هو أحسن الخالقين .

والحق سبحانه يصف نفسه بأنه : {   .  . خير الرازقين( 11 ) }[ الجمعة ] : والرزق هو ما به ينتفع ،  وقد يأتي لك والي أمرك بالمأكل والمشرب والملبس ،  ويعطيك ما تنتفع به ،  ولكن الحق سبحانه وتعالى هو الذي خلق الرزق في الكون كله .

ويقول الحق سبحانه واصفا نفسه : {  ومكروا ومكر الله والله خير الماكرين( 54 ) }[ آل عمران ] : والإنسان حين يمكر قد يداري مسألة ،  ويغفل عن ركن فيها ،  لكن الله تعالى لا يغفل عن شيء .

إذن :  فالخيرية في الحكم لها نصيب من طلاقة قدرة الله تعالى ،  ونحن عرفنا أن الرسول صلى الله عليه وسلم حين حكم في بعض الأحكام وعدّلها له الله سبحانه وتعالى ،  لم يكن لله تعالى حكم قبل أن يحكم رسول الله صلى الله عليه وسلم .

ومثال ذلك :  قصة زيد بن حارثة(  ) ،  وكان مولى أو عبدا لخديجة بنت خويلد(  ) رضي الله عنها ،  ووهبته لسيدنا رسول الله صلى الله عليه وسلم ،  ثم علم أهله الذين كانوا يبحثون عنه أنه في مكة ،  وكان قد خطف صغيرا من بلده وبيع في مكة ،  كعادة العرب في الجاهلية مع الرقيق(  ) ،  فلما علموا بذلك ذهبوا إلى رسول الله صلى الله عليه وسلم ليستردوا ابنهم ،  فقال لهم رسول الله :  "" والله إني لأخيّره ،  فإن اختاركم فخذوه ،  وإن اختارني فهو لي ""  .  فاختار زيد أن يبقى مع رسول الله صلى الله عليه وسلم .

ولم يكن رسول الله بعد ذلك ليفرّط فيه ؛  فأعطاه شرف البنوّة ،  فأسماه زيد بن محمد(  ) .

وهكذا رأى النبي صلى الله عليه وسلم في التبني وسيلة تكريم ،  ولكن الله عز وجل يريد أمرا غير هذا ،  فقال سبحانه وتعالى : {  ما محمد أبا أحد من رجالكم ولكن رسول الله وخاتم النبيين وكان الله بكل شيء عليما( 40 ) }[ الأحزاب ] : لأن الأبوة بالتبنّي قد تحدث خلطا في الأنساب ،  فالابن بالتبني له حق الزواج من ابنة من تبنّاه ،  فكيف نمنع عنه هذا الحق ،  والابن بالتبني قد تحرم عليه زوجة من تبناه عن رحل عنها أو طلقها .

لذلك شاء الحق سبحانه وتعالى أن يحفظ للأنساب حقوقها ومسئولياتها ،  فقال سبحانه : {  ما كان محمد أبا أحد من رجالكم ولكن رسول الله وخاتم النبيين .  . ( 40 ) }[ الأحزاب ] : ومهمته صلى الله عليه وسلم كرسول من الله بالنسبة لكم أفضل من الأبوة لكم .

وقال الحق سبحانه في تعديل حكم التبني : {  ادعوهم لآبائهم هو أقسط(  ) عند الله .  . ( 5 ) }[ الأحزاب ] : وهذا ردّ لحكم من رسول الله بتكريم لرسول الله ،  فما صنعه محمد صلى الله عليه وسلم عدل وقسط بعرف البشر ،  لكن حكم الله سبحانه وتعالى هو الأقسط والعدل ،  فينتهي بذلك نسب زيد من محمد ،  ويعود إلى نسبه الفعلي  "" زيد بن حارثة ""  .

وحتى لا يؤثر هذا الأمر في نفس زيد ،  نجد الحق سبحانه وتعالى يكرمه تكريما لم يكرمه لصحابي غيره ،  فهو الصحابي الوحيد الذي ذكر اسمه بالشخص والعلم في القرآن ،  فقال الحق سبحانه : {  فلما قضى زيد منها وطرا(  ) زوجناكها .  . ( 37 ) }[ الأحزاب ] : وصار اسم  "" زيد ""  كلمة في القرآن تتلى ويجهر بها في الصلاة ،  فإذا كان قد نفى عنه النسب إلى محمد صلى الله عليه وسلم فقد أعطاه ذكرا ثانيا خالدا في القرآن المحفوظ ،  ومنحه بذلك شرفا كبيرا .

وقول الحق سبحانه وتعالى : {   .  . واصبر حتى يحكم الله وهو خير الحاكمين( 109 ) }[ يونس ] : يفيد أن حكم الله تعالى أعمّ من أن يكون حكما في الدنيا أو الآخرة فقط ،  فحكم الله سبحانه في الدنيا نصر لدين الله ،  ومن مات من المؤمنين أو الكفار لهم حكم آخر .

وختم الله تعالى سورة يونس بهذا الحكم ،  وأهدى الله سبحانه كل مؤمن بيونس-كنبي من أنبياء الله تعالى-قضية عندما ذهب مغاضبا ،  قال فيه الحق سبحانه :

{  وذا النون(  ) إذ ذهب مغاضبا فظن أن لن نقدر عليه فنادى في الظلمات أن لا إله إلا أنت سبحانك إني كنت من الظالمين( 87 ) }[ الأنبياء ] .

وأهداه الحق سبحانه وساما بقوله : {  فاستجبنا له ونجيناه من الغم(  ) .  . ( 88 ) }[ الأنبياء ] .

وأشركنا الحق سبحانه وتعالى في هذا الوسام بقوله تعالى : {   .  . وكذلك ننجي المؤمنين( 88 ) }[ الأنبياء ] : وهكذا أسدى(  ) إلينا سيدنا يونس جميلا كبيرا ،  حين هداه الله إلى قوله : {   .  . لا إله إلا أنت سبحانك إني كنت من الظالمين( 87 ) }[ الأنبياء ] :

واستجاب الله تعالى لدعائه ،  وأنجاه من الغمّ ،  وهو أعنف جنود الله ؛  لأن الشيء الذي يضايقك هو الذي لا تستطيع له دفعا .

ولذلك يقال :  إن العدو كلما لطف(  ) عنف ؛  لأن العدو إن كان ضخم الحجم ،  تكون الوقاية منه أسهل من العدو سريع الحركة ،  فإن كان العدو ضخما ،  فالإنسان يرى ضخامته من على البعد ،  فيجري منه الإنسان أو يختبئ ،  لكن إن كان العدو ثعبانا رفيعا-مثلا-فقد لا يراه الإنسان ،  وقد لا يستطيع الفرار منه ،  وإن كان ميكروبا أو فيروسا لا يرى بالعين المجرّدة ؛  فهو أعنف قدرة وقوة في مهاجمة الإنسان .

إذن :  كل متعب في الدنيا من الممكن أن تحتاط منه إلا ما يتلصّص عليك بدقّة ولطف ؛  فإنك لا تعرف مدخله .

ونحن نسمع أن فلانا قد أصيب بمرض ما ،  لأنه أخذ عدوى من فيروس ما ،  هذا الإنسان لا يعرف متى اخترق الفيروس جسده ،  لكنه فوجئ بأعراض تظهر عليه بعد كمون(  ) الفيروس في جسده لأسبوعين ،  وهكذا نجد أن العدو كلما لطف عنف .

والغم من أشد وأقسى أنواع البلاء ،  وكلنا نعرف قصة الإمام علي-كرم الله وجهه-وهو المشهور بالفتيا(  ) ،  وكان الناس يستفتونه فيما يعجزون عن العثور على حل له ،  واجتمع بعض من الناس وقالوا :  نريد أن نجمع بعض الأشياء الصعبة ونسأله عنها لنختبره ،  فلما اجتمعوا قالوا لعليّ كرم الله وجهه :  نريد أن نستعرض كون الله تعالى ،  فقد جلسنا معا لنعرف أقوّى ما خلق الله ،  واختلفنا فقال كل واحد اسم القوة على حسب ما يراها .

لم يتروّ علي بن أبي طالب ،  ولم يقل كلاما مسرودا(  ) بحيث إن وقف ،  لا يطالبه أحد بزيادة ،  بل حدّد من الجملة الأولى عدد القوى حسب ترتيبها وقوتها ،  حتى تطابق العدد على المعدود ،  وهذا دليل على أنه مستحضر للقضية استحضار الواثق .  وفرد أصابع يديه وقال : أشدّ جنود الله عشرة :  الجبال الرواسي ،  والحديد يقطع الجبال ،  والنار تذيب الحديد ،  والماء يطفئ النار ،  والسحاب المسخّر بين السماء والأرض يحمل الماء ،  والريح تقطع السحاب ،  وابن آدم يغلب الريح ،  يستتر بالثوب أو الشيء ويمضي لحاجته ،  والسّكر يغلب ابن آدم ،  والنوم يغلب السّكر ،  والهمّ يغلب النوم ،  فأشد جنود الله-سبحانه-الهمّ .

هكذا قال سيدنا علي بن أبي طالب ،  فالهمّ والغمّ من أشد جنود الله تعالى ،  وكان سيدنا يونس عليه السلام سببا في أن قدّم الله سبحانه لكل مؤمن به إلى أن تقوم الساعة منجي من الهمّ والغم بالدعاء الذي ألهمه ليونس عليه السلام في قوله تعالى : {   .  . لا إله إلا أنت سبحانك إني كنت من الظالمين( 87 ) فاستجبنا له ونجيناه من الغم وكذلك ننجي المؤمنين( 88 ) }[ الأنبياء ] : وهكذا تعدّت  "" النجاة من الغم ""  من الخصوصية إلى العمومية ،  وقد أخذها جعفر الصادق-رضي الله عنه-وجعل منها  "" تذكرة طبية ""  للمؤمن حتى يستقبل أحداث الحياة كلها ،  في كل جوانبها المفزعة ؛  لأن الإنسان يهدده الخوف مما يعلم .

أما الهم فلا يعرف الإنسان فيه سبب الخطر ،  ولا يعلم الإنسان مكر الناس به ؛  لأن الإنسان لا يعلم ماذا بيّتوا له .

وشغل الإنسان بأمر الدنيا وأن يكون منعّما ومرفّها في كل أمور الحياة ،  يجعله عرضة للهموم .

وكان سيدنا جعفر الصادق(  ) له بصر وبصيرة بآيات القرآن ومتعلقاتها ،  فقال :  "" عجبت لمن خاف ولم يفزع إلى قول الحق سبحانه : {   .  . حسبنا الله ونعم الوكيل( 173 ) }[ آل عمران ] :  ولا يتعجب لمن يخيفه شيء إلا إذا كان عند المتعجب شيء يزيل الخوف .

فمن عنده صداع يمكنه أن يعالجه بالأسبرين ،  أما الخوف فقد وصف سيدنا جعفر دواءه ،  يقول الله سبحانه : {   .  . حسبنا الله ونعم الوكيل( 173 ) }[ آل عمران ] : فذلك هو الدرع من كل خوف .

ويقدم جعفر الصادق لنا السبب فيقول :  لأن الله سبحانه قال عقبها : {  فانقلبوا(  ) بنعمة من الله وفضل لم يمسسهم سوء .  . ( 174 ) }[ آل عمران ] : أي :  أن سيدنا جعفر جاء بالحيثية من نفس القرآن ،  وأضاف جعفر الصادق :  "" وعجبت لمن أغتّم-وهو الموضوع الذي نبحثه الآن-ولم يفزع إلى قول الله سبحانه : {   .  . لا إله إلا أنت سبحانك إني كنت من الظالمين( 87 ) }[ الأنبياء ] .

فإني سمعت الله تعالى بعقبها يقول : {  فاستجبنا له ونجيناه من الغم وكذلك ننجي المؤمنين( 88 ) }[ الأنبياء ] .

وعجبت لمن مكر به كيف لا يفزع إلى قول الله سبحانه : {   .  . وأفوض أمري إلى الله إن الله بصير بالعباد( 44 ) }[ غافر ] ، لأني سمعت الله تعالى بعقبها يقول : {  فوقاه(  ) الله سيئات ما مكروا وحاق(  ) بآل فرعون سوء العذاب( 45 ) }[ غافر ] .

وعجبت لمن طلب الدنيا وزينتها كيف لا يفزع إلى قول الله سبحانه : {  ما شاء الله لا قوة إلا بالله .  . ( 39 ) }[ الكهف ] .

لأني سمعت الله تعالى بعقبها : {  فعسى ربي أن يؤتيني خيرا من جنتك ويرسل عليها حسبانا من السماء فتصبح صعيدا زلقا( 40 ) }[ الكهف ] .

وهكذا وجد جعفر الصادق رضي الله عنه في كتاب الله أربع آيات لأربع حالات نفسية تصيب البشر ،  وجاء مع كل حالة دليلها من القرآن الكريم .

وقوله الحق سبحانه وتعالى في آخر سورة يونس : {  واتبع ما يوحى إليك .  . ( 109 ) }[ يونس ] : مناسب لقوله سبحانه في الآية الأولى من السورة التي تليها :

{  الر كتاب أحكمت آياته ثم فصلت من لدن حكيم خبير( 1 ) }[ هود ] : لأن الوحي كتاب أحكمت آياته حقا وصدقا ."
