surah_number,ayah_number,tafsir_text
9,1,"قال الله تعالى :

{  براءة من الله ورسوله إلى الذين عاهدتم من المشركين }[ التوبة :  1 ] .

وفيها مسألة واحدة ،  وهي :

 إذا نزل أهل الحرب على المسلمين تجارا بأمان ،  ووجدنا معهم أموالا للمسلمين ؛  فهل ننتزعها منهم ؟

يقول ابن حزم رحمه الله تعالى :

( وكذلك لو نزل أهل الحرب عندنا تجارا بأمان ،  أو رسلا ،  أو مستجيرين ،  أو ملتزمين لأن يكونوا ذمة لنا ،  فوجدنا بأيديهم أسرى مسلمين ،  أو أهل ذمة ،  أو عبيدا ،  أو إماء للمسلمين ،  أو مالا لمسلم ،  أو لذمي ،  فإنه ينتزع كل ذلك منهم بلا عوض ،  أحبوا أم كرهوا ،  ويرد المال إلى أصحابه .  ولا يحل لنا الوفاء بكل عهد أعطوه على خلاف هذا لقول رسول الله صلى الله عليه وسلم :   "" كل شرط ليس في كتاب الله فهو باطل ""  .  .  .

وقال مالك وابن القاسم :  لو نزل حربيون بأمان ،  وعندهم مسلمات مأسورات لم ينتزعن منهم ،  ولا يمنعون من الوطء بهن .  وقال ابن القاسم :  لو تذمم حربيون وبأيديهم أسرى مسلمون أحرار :  فهم باقون في أيدي أهل الذمة عبيد لهم كما كانوا .  وهذان القولان لا نعلم قولا أعظم فسادا منهما ،  ونعوذ بالله منهما ،  وليت شعري ما القول ،  لو كان بأيديهم شيوخ مسلمون ،  وهم يستحلون فعل قوم لوط أيتركون وذلك ؟  أو لو أن بأيديهم مصاحف ،  أيتركون يمسحون بها العذر عن أستاههم ؟  !  نبرأ إلى الله تعالى من هذا القول أتم البراءة ،  ونعوذ بالله من الخذلان .

قال ابن حزم :  ( فإن ذكروا حديث أبي جندل ،  وأن رسول الله صلى الله عليه وسلم رده على المشركين ،  فلا حجة لهم فيه لوجوه :

أولها :  أنه عليه السلام رده ولم يكن العهد تم بينهم ،  وهم لا يقولون بهذا .

والثاني :  أنه عليه السلام لم يرده حتى أجاره له مكرز بن حفص من أن يؤذى .

والثالث :  أنه عليه السلام قد كان الله تعالى أعلمه أنه سيجعل الله له فرجا ومخرجا ونحن لا نعلم ذلك .

والرابع :  أنه خبر منسوخ ،  نسخه قول الله تعالى بعد قصة أبي جندل :  {  يا أيها الذين آمنوا إذا جاءكم المؤمنات مهاجرات فامتحنوهن الله أعلم بإيمانهن فإن علمتموهن مؤمنات فلا ترجعوهن إلى الكفار لا هن حل لهم ولا هم يحلون لهن }[ الممتحنة :  10 ] .

فأبطل الله تبارك وتعالى بهذه الآية عهدهم في رد النساء ،  ثم أنزل الله تعالى :  {  براءة } بعد ذلك فأبطل العهد كله ونسخه بقوله تعالى :  {  براءة من الله ورسوله إلى الذين عاهدتم من المشركين فسيحوا في الأرض أربعة أشهر }[ التوبة :  1-2 ] .

وبقوله تعالى في ( براءة ) أيضا :  {  كيف يكون للمشركين عهد عند الله وعند رسوله إلا الذين عاهدتم عند المسجد الحرام }[ التوبة :  7 ] الآية .

فأبطل تعالى كل عهد للمشركين حاشا الذين عاهدوا عند المسجد الحرام .

وبقوله تعالى :  {  فإذا انسلخ الأشهر الحرم فاقتلوا المشركين حيث وجدتموهم وخذوهم واحصروهم واقعدوا لهم كل مرصد فإن تابوا وأقاموا الصلاة وآتوا الزكاة فخلوا سبيلهم }[ التوبة :  5 ] .

وقال تعالى :  {  قاتلوا الذين لا يؤمنون بالله ولا باليوم الآخر ولا يحرمون ما حرم الله ورسوله ولا يدينون دين الحق من الذين أوتوا الكتاب حتى يعطوا الجزية عن يد وهم صاغرون }[ التوبة :  29 ] .

فأبطل الله تعالى كل عهد ولم يقره ،  ولم يجعل للمشركين إلا القتل ،  أو الإسلام ،  ولأهل الكتاب خاصة إعطاء الجزية وهم صاغرون وأمن المستجير والرسول حتى يؤدي رسالته ،  ويسمع المستجير كلام الله ،  ثم يردان إلى بلادهما ولا مزيد ،  فكل عهد غير هذا فهو باطل مفسوخ لا يحل الوفاء به ؛  لأنه خلاف شرط الله عز وجل وخلاف أمره ) ."
9,3,"قال الله تعالى :

{  وأذان من الله ورسوله إلى الناس يوم الحج الأكبر أن الله بريء من المشركين ورسوله فإن ثبتم فهو خير لكم وإن توليتم فاعلموا أنكم غير معجزي الله وبشر الذين كفروا بعذاب أليم }[ التوبة :  3 ] .

وفيها مسائل أربع ،  هي :

المسألة الأولى :  لماذا سمى الله سبحانه :  ( يوم النحر ) يوم الحج الأكبر ؟

المسألة الثانية :  حكم المبيت بمزدلفة .

المسألة الثالثة :  حكم طواف الإفاضة .

المسألة الرابعة :  حكم رمي جمرة العقبة .

المسألة الأولى :

 لماذا سمى الله سبحانه :  ( يوم النحر ) يوم الحج الأكبر ؟

قال ابن حزم :  ( وأما يوم النحر ،  فإنما سماه الله تعالى :  ( يوم الحج الأكبر ) ؛  لأن فيه فرائض ثلاثا من فرائض الحج – وهو الوقوف بمزدلفة لا يكون جازئا إلا غداة يوم النحر ،  وجمرة العقبة ،  وطواف الإفاضة ،  ويجوز تأخيره ) .

المسألة الثانية :

 حكم المبيت بمزدلفة .

يرى ابن حزم أن الوقوف بمزدلفة فرض من فرائض الحج ،  فيقول :  ( وأما يوم النحر فإنما سماه الله – تعالى - :  يوم الحج الأكبر ؛  لأن فيه فرائض ثلاثا من فرائض الحج ،  وهو الوقوف بمزدلفة لا يكون جازئا إلا غداة يوم النحر ،  وجمرة العقبة ،  وطواف الإفاضة ،  ويجوز تأخيره ؛  فصح أن مزدلفة أشد فروض الحج تأكيدا وأضيقها وقتا ) .

ويستدل بقول الله تعالى :  {  فإذا أفضتم من عرفات فاذكروا الله عند المشعر الحرام }[ البقرة :  198 ] .

ويقول :

( وقال تعالى :  {  فإذا أفضتم من عرفات فاذكروا الله عند المشعر الحرام } .

فوجب الوقوف بمزدلفة – وهي المشعر الحرام – وذكر الله تعالى عندها فرض يعصي من خالفه ،  ولا حج له ،  لأنه لم يأت بما أمر ،  إلا أن إدراك صلاة الفجر فيها مع الإمام هو الذكر المفترض ببيان رسول الله صلى الله عليه وسلم المذكور ) .

المسألة الثالثة :

 حكم طواف الإفاضة

يرى ابن حزم أن طواف الإضافة ركن من أركان الحج لا يصح الحج بدونه .

المسألة الرابعة :

 حكم رمي جمرة العقبة .

يرى ابن حزم – رحمه الله – أن رمي جمرة العقبة فرض من فرائض الحج وأن ( من لم يرم جمرة العقبة يوم النحر ،  أو باقي ذي الحجة ؛  فقد بطل حجه )

قال :

( وأما وجوب رمي جمرة العقبة ؛  فلما رويناه من طريق أبي داود :  نا نصر بن على الجهضمي ،  نا يزيد بن زريع ،  أنا خالد – وهو الحذاء - ،  عن عكرمة ،  عن ابن عباس – رضي الله عنهما – أن رجلا ،  قال لرسول الله صلى الله عليه وسلم :  إني أمسيت ولم أرم ؟  قال :   "" ارم ولا حرج ""  .

ومن طريق البخاري عن عبد الله بن يوسف ،  نا مالك ،  عن ابن شهاب ،  عن عيسى بن طلحة بن عبيد الله ،  عن عبد الله بن عمرو بن العاص ( أن رسول الله صلى الله عليه وسلم وقف في حجة الوداع ،  فجعلوا يٍسألونه ،  فقال له رجل :  لم أشعر ،  فنحرت قبل أن أرمي ؟  قال :   "" ارم ولا حرج ""  ) .

فأمر عليه السلام برميها ،  فوجب فرضا ) ."
9,5,"قال الله تعالى :  {  فإذا انسلخ الأشهر الحرم فاقتلوا المشركين حيث وجدتموهم وخذوهم واحصروهم واقعدوا لهم كل مرصد فإن تابوا وأقاموا الصلاة وأتوا الزكاة فخلوا سبيلهم إن الله غفور رحيم }[ التوبة :  5 ]

وفيها تسع مسائل وهي :

المسألة الأولى :  هل يقتل الساحر ؟

المسألة الثانية :  هل المراد بالمشركين في هذه الآية ،  المشركون في الآية السابقة ؟

المسألة الثالثة :  من بدل كفرا بكفر ؛  هل يقر عليه ؟

المسألة الرابعة :  من عدم الماء والتراب ،  كيف يصلي ؟

المسألة الخامسة :  بيان القرآن للسنة .

المسألة السادسة :  هل النسخ من البيان ؟

المسألة السابعة :  حكم الإيفاء بالشروط التي لا نص فيها .

المسألة الثامنة :  من يجوز قتله من المشركين .

المسألة التاسعة :  الجهاد مع كل إمام .

المسألة الأولى :

 هل يقتل الساحر ؟

يرى ابن حزم أن الساحر مسلم ،  وعليه ؛  فلا يجوز قتله يقول :  ( فوجدنا الله تعالى يقول :  {  ولا تقتلوا أنفسكم إن الله كان بكم رحيما }[ النساء :  29 ]

وقال تعالى :  {  فَإِذَا انْسَلَخَ الْأَشْهُرُ الْحُرُمُ فَاقْتُلُوا الْمُشْرِكِينَ حَيْثُ وَجَدْتُمُوهُمْ وَخُذُوهُمْ وَاحْصُرُوهُمْ وَاقْعُدُوا لَهُمْ كُلَّ مَرْصَدٍ فَإِنْ تَابُوا وَأَقَامُوا الصَّلاةَ وَآَتَوُا الزَّكَاةَ فَخَلُّوا سَبِيلَهُمْ إِنَّ اللَّهَ غَفُورٌ رَحِيمٌ }[ التوبة :  5 ] .

وقال تعالى :  {  ولا تقتلوا النفس التي حرم الله إلا بالحق }[ الأنعام :  151 ] .

وقال تعالى :  {  ومن يقتل مؤمنا متعمدا } الآية [ النساء :  93 ] .

وقال رسول الله صلى الله عليه وسلم :   "" إن دماءكم وأموالكم عليكم حرام ""  .

فصح بالقرآن والسنة :  أن كل مسلم فدمه حرام إلا بنص ثابت أو إجماع متيقن .  فنظرنا هل نجد في السحر نصا ثابتا بتبيان ما هو ؟

فوجدنا من طريق مسلم :  نا هارون بن سعيد الأيلي ،  نا ابن وهب ،  أخبرني سليمان بن بلال ،  عن ثور بن يزيد ،  عن أبي الغيث ،  عن أبي هريرة أن رسول الله صلى الله عليه وسلم قال :   "" اجتنبوا السبع الموبقات ""  ،  قيل :  يا رسول الله وما هن ؟  قال :   "" الشرك بالله ،  والسحر ،  وقتل النفس التي حرم الله إلا بالحق ،  وأكل مال اليتيم ،  وأكل الربا ،  والتولي يوم الزحف ،  وقذف المحصنات المؤمنات ""  .

فكان هذا بيانا جليا بأن السحر ليس من الشرك ،  ولكنه معصية موبقة كقتل النفس وشبهها ،  فارتفع الإشكال ،  ولله الحمد .  وصح أن السحر ليس كفرا ،  وإذا لم يكن كفرا ،  فلا يحل قتل فاعله ؛  لأن رسول الله صلى الله عليه وسلم يقول :   "" لا يحل دم امرئ مسلم إلا بإحدى ثلاث :  كفر بعد إيمان ،  وزنى بعد إحصان ،  ونفس بنفس ""  .

فالساحر ليس كافرا كما بينا ،  ولا قاتلا ،  ولا زانيا محصنا ،  ولا جاء في قتله نص صحيح ،  فيضاف إلى هذه الثلاث ،  كما جاء في المحارب ،  والمحدود في الخمر ثلاث مرات .  فصح تحريمه دمه بيقين لا إٍشكال فيه .  ووجدنا أيضا من طريق البخاري ،  نا عبد الله بن محمد ،  سمعت سفيان بن عيينة يقول :  إن هشام بن عروة حدثهم عن أبيه عن عائشة أم المؤمنين قالت :  كان رسول الله صلى الله عليه وسلم سحر حتى يرى أنه يأتي النساء ولا يأتيهن .

قال ابن عيينة :  وهذا أشد ما يكون من السحر .  فقال :  يا عائشة ،  أعلمت أن الله أفتاني فيما استفتيه فيه ؟  أتاني رجلان ،  فقعد أحدهما عند رأسي ،  والآخر عند رجلي ،  فقال الذي عند رأسي للآخر :  ما بال الرجل ؟  فقال :  مطبوب ،  قال :  ومن طبه ؟  قال :  لبيد بن أعصم – رجل من بني زريق حليف اليهود ،  وكان منافقا – قال :  وفيم ؟  قال :  في مشط ومشاطة ،  قال :  وأين ؟  قال :  في جف طلعة ذكر ،  تحت راعوفة في بئر ذروان ،  قال :  فأتى البئر حتى استخرجه ،  قال :  فهذه البئر التي رأيتها ،  كأن ماءها نقاعة الحناء ،  وكأن نخلها رءوس الشياطين ،  قال :  فاستخرج ،  فقلت :  أفلا تنشرت ؟  قال :   "" أما الله فقد شفاني ،  وأكره أن أثير على الناس شرا ""  .

قال أبو محمد :  فهذا خبر صحيح ،  وقد عرف الله تعالى رسوله صلى الله عليه وسلم من سحره ،  فلم يقتله ) .

المسألة الثانية :

 هل المراد بالمشركين في هذه الآية ( الخامسة ) المشركون في الآية السابقة ؟

قال ابن حزم رحمه الله تعالى :

( قال الله عز وجل :  {  بَرَاءَةٌ مِنَ اللَّهِ وَرَسُولِهِ إِلَى الَّذِينَ عَاهَدْتُمْ مِنَ الْمُشْرِكِينَ فَسِيحُوا فِي الْأَرْضِ أَرْبَعَةَ أَشْهُرٍ } ثم قال تعالى في تلك السورة نفسها بعد يسير :  {  وَأَذَانٌ مِنَ اللَّهِ وَرَسُولِهِ إِلَى النَّاسِ يَوْمَ الْحَجِّ الْأَكْبَرِ أَنَّ اللَّهَ بَرِيءٌ مِنَ الْمُشْرِكِينَ وَرَسُولُهُ فَإِنْ تُبْتُمْ فَهُوَ خَيْرٌ لَكُمْ وَإِنْ تَوَلَّيْتُمْ فَاعْلَمُوا أَنَّكُمْ غَيْرُ مُعْجِزِي اللَّهِ وَبَشِّرِ الَّذِينَ كَفَرُوا بِعَذَابٍ أَلِيمٍ إِلَّا الَّذِينَ عَاهَدْتُمْ مِنَ الْمُشْرِكِينَ ثُمَّ لَمْ يَنْقُصُوكُمْ شَيْئًا وَلَمْ يُظَاهِرُوا عَلَيْكُمْ أَحَدًا فَأَتِمُّوا إِلَيْهِمْ عَهْدَهُمْ إِلَى مُدَّتِهِمْ إِنَّ اللَّهَ يُحِبُّ الْمُتَّقِينَ فَإِذَا انْسَلَخَ الْأَشْهُرُ الْحُرُمُ فَاقْتُلُوا الْمُشْرِكِينَ حَيْثُ وَجَدْتُمُوهُمْ }

قال علي :  فوجدناه تعالى قد جعل مدة من عاهدوا من المشركين أربعة أشهر ،  ثم وجدناه تعالى قد جعل مدة المشركين من يوم الحج الأكبر ،  وهو يوم النحر بنص تسمية رسول الله صلى الله عليه وسلم بذلك انسلاخ الأشهر الحرم ،  فليس بين الأمدين إلا خمسون يوما ،  فعلمنا يقينا أن هؤلاء المشركين الذي جعل أمدهم شهرين غير عشرة أيام ،  هم غير المشركين الذين عوهدوا أربعة أشهر ،  وهذا ينبغي أن يتفقد جدا ،  فإنه يرفع الإشكال كثير .  وبالله تعالى التوفيق ) .

المسألة الثالثة :

 من بدل كفرا بكفر هل يقر عليه ؟

يرى ابن حزم عليه رحمة الله :  أن من انتقل من كفر إلى كفر آخر ،  فإنه لا يقبل منه حينئذ إلا الإسلام ،  أو يقتل ،  ولا يقبل منه الرجوع إلى دينه .

( فقد صح أن رسول الله صلى الله عليه وسلم قد قاتل الكفار إلى أن مات عليه السلام حتى أسلم من أسلم منهم .  وصح عنه الإكراه في الدين ،  ثم نزل بعد ذلك {  فإذا انسلخ الأشهر الحرم فاقتلوا المشركين حيث وجدتموهم } الآية إلى قوله تعالى :  {  فخلوا سبيلهم }[ التوبة :  5 ] .

ونزل قوله تعالى :  قَاتِلُوا الَّذِينَ لَا يُؤْمِنُونَ بِاللَّهِ وَلَا بِالْيَوْمِ الْآَخِرِ وَلَا يُحَرِّمُونَ مَا حَرَّمَ اللَّهُ وَرَسُولُهُ وَلَا يَدِينُونَ دِينَ الْحَقِّ مِنَ الَّذِينَ أُوتُوا الْكِتَابَ حَتَّى يُعْطُوا الْجِزْيَةَ عَنْ يَدٍ وَهُمْ صَاغِرُونَ }[ التوبة :  29 ] .

فإن قال قائل :  فأين أنتم من قوله تعالى :  {  فانبذ إليهم على سواء }[ الأنفال :  58 ] فيقال لهم :  لا يختلف اثنان في أن هذه الآية نزلت قبل نزول ( براءة ) ،  فإذ ذلك كذلك فإن ( براءة ) نسخت كل حكم تقدم ،  وأبطلت كل عهد سلف بقوله تعالى :  {  كيف يكون للمشركين عهد عند الله وعند رسوله إلا الذين عاهدتم عند المسجد الحرام }[ التوبة :  7 ] .

وإنما كانت آية النبذ على سواء أيام كانت المهادنات جائزة ،  وأما بعد نزول {  فإذا انسلخ الأشهر الحرم فاقتلوا المشركين حيث وجدتموهم } فلا يحل ترك مشرك أصلا ،  إلا بأن يقتل ،  أو يسلم ،  أو ينبذ إليه عهده بعد التمكن من قتله حيث وجد ،  إلا أن يكون من أنباء الذين أوتوا الكتاب ،  فيقر على الجزية والصغار ،  كما أمر الله تعالى ،  أو يكون مستجيرا ،  فيجار حتى يقرأ عليه القرآن ،  ثم يرد إلى مأمنه ولا بد ،  إلى أن يسلم ،  ولا يترك أكثر من ذلك ،  أو رسولا فيترك مدة أداء رسالته ،  وأخذ جوابه ،  ثم يرد إلى بلده ،  وما عدا هؤلاء فالقتل ولا بد أو الإسلام ،  كما أمر الله تعالى في نص القرآن ،  وما صح عن رسول الله صلى الله عليه وسلم ) .

المسألة الرابعة :

 من عدم الماء والتراب ،  كيف يصلى ؟

يرى ابن حزم :  أن ( من كان محبوسا في حضر أو سفر بحيث لا يجد ترابا ولا ماء أو كان مصلوبا وجاءت الصلاة فليصل كما هو وصلاته تامة ولا يعيدها سواء وجد الماء في الوقت ،  أو لم يجده إلا بعد الوقت .

برهان ذلك قول الله تعالى :  {  فاتقوا الله ما استطعتم }[ التغابن :  16 ] .

وقوله تعالى :  {  لا يكلف الله نفسا إلا وسعها }[ البقرة :  286 ] .

وقول رسول الله صلى الله عليه وسلم :   "" إذا أمرتكم بأمر فأتوا منه ما استطعتم ""  .

وقوله تعالى :  {  وقد فصل لكم ما حرم عليكم إلا ما اضطررتم إليه }[ الأنعام :  119 ] .

فصح بهذه النصوص أنه لا يلزمنا من الشرائع إلا ما استطعنا ،  وأن ما لم نستطعه فساقط عنا ،  وصح أن الله تعالى حرم علينا ترك الوضوء أو التيمم للصلاة إلا أن نضطر إليه ،  والممنوع من الماء والتراب مضطر إلى ما حرم عليه من ترك التطهر بالماء أو التراب ،  فسقط عنا تحريم ذلك عليه ،  وهو قادر على الصلاة بتوفيتها أحكامها وبالإيمان ،  فبقي عليه ما قدر عليه ،  فإذا صلى كما ذكرنا فقد صلى كما أمره الله تعالى ،  ومن صلى كما أمره الله تعالى فلا شيء عليه ،  والمبادرة إلى الصلاة في أول الوقت أفضل .  .  .

وقال زُفَر في المحبوس في المصر بحيث لا يجد ماء ولا ترابا أو بحيث يجد التراب :  إنه لا يصلي أًصلا حتى يجد الماء ،  لا بتيمم ولا بلا تيمم .  فإذا وجد الماء توضأ وصلى تلك الصلوات .  .  .

وأما قول زفر ،  فخطأ أيضا ،  لأنه أمره بأن لا يصلى في الوقت الذي أمر الله تعالى بالصلاة فيه ،  وأمره أن يصلي في الوقت الذي نهاه الله تعالى عن تأخيره الصلاة إليه ،  وقد أمره الله تعالى بالصلاة في وقتها أوكد أمر وأشده ،  قال الله تعالى :  {  فإن تابوا وأقاموا الصلاة وآتوا الزكاة فخلوا سبيلهم }[ التوبة :  5 ] .

فلم يأمر تعالى بتخلية سبيل الكافر حتى يتوب من الكفر ،  ويقيم الصلاة ،  ويؤتى الزكاة ،  فلا يحل ترك ما هذه صفته عن الوقت الذي لم يفسح تعالى في تأخيره عنه ،  فظهر فساد قول زفر ،  وكل من أمره بتأخير الصلاة عن وقتها .  ثم قال :

( فكيف وقد جاء في هذا نص كما حدثنا عبد الله بن ربيع ،  ثنا ابن السليم ،  ثنا ابن الأعرابي ،  ثنا أبو داود ،  ثنا النفيلي ،  ثنا أبو معاوية ،  عن هشام بن عروة ،  عن أبيه ،  عن عائشة قالت :  بعث رسول الله صلى الله عليه وسلم بن الحضير وأناسا معه في طلب قلادة أضلتها عائشة ،  فحضرت الصلاة ،  فصلوا بغير وضوء ،  فأتوا النبي صلى الله عليه وسلم فذكروا ذلك له ،  فأنزلت آية التيمم .

فهذا أسيد وطائفة من الصحابة مع حكم الله تعالى ورضاء نبيه صلى الله عليه وسلم .  وبالله تعالى التوفيق ) .

المسألة الخامسة :

 بيان القرآن للسنة .

يرى ابن حزم رحمه الله تعالى أن القرآن يبين السنة ،  فيقول :

( وقد أجمل صلى الله عليه وسلم قوله :   "" أمرت أن أقاتل الناس حتى يقولوا لا إله إلا الله ""

ثم فسر الله تعالى ذلك وبينه بقوله في سورة براءة :

{  فإن تابوا وأقاموا الصلاة وآتوا الزكاة فخلوا سبيلهم } .

فإن قال قائل :  ما بين هذا الحديث إلا حديث ابن عمر وأبي هريرة :   "" أني أمرت أن أقاتل المشركين حتى يقولوا لا إله إلا الله ،  ويقيموا الصلاة ،  ويؤتوا الزكاة ،  ويؤمنوا بما أرسلت به ""  .  قيل له وبالله تعالى التوفيق :

هذا الخبر الذي ذكرت هو موافق لما في براءة ،  فصح أن الله تعالى أنزل ذلك عليه في القرآن ،  ثم أخبر به عليه السلام أصحابه بلفظ ،  فكان بيانا مرددا تفسير مؤكدا ،  فخبر أبي هريرة وابن عمر إنما هو حكاية لما في براءة ،  يعلم ذلك ببديهة العقل ،  عند قراءة الآية والحديث المذكور ) .

المسألة السادسة :

 هل النسخ من البيان ؟

يرى ابن حزم أن النسخ من البيان ،  فيقول :

( فإن قال قائل :  ليس النسخ من البيان ،  لأن البيان يقع في الأخبار ،  والنسخ لا يقع في الأخبار ،  قيل له وبالله تعالى التوفيق :

إننا لم نقل :  إن النسخ هو البيان ،  وإنما قلنا :  هو نوع من أنواع البيان ،  فكل نسخ بيان ،  وليس كل بيان نسخا ،  فمن البيان ما يقع في الأخبار ،  وفي الأوامر ،  ومنه ما يقع في الأوامر فقط ،  فمن هذا النوع الواقع في الأوامر :

النسخ هو رفع لأمر متقدم ،  وقد يكون أيضا بيان يقع في الأوامر ليسا نسخا لكنه تفسير لجملة ،  إلا أنه لا يجوز لأحد أن يحمل شيئا من البيان على أنه نسخ رافع لأمر متقدم ،  إلا بنص جلي في ذلك ،  أو إجماع أو برهان ضروري .

ألا ترى أن قوله تعالى :  {  فإذا انسلخ الأشهر الحرم فاقتلوا المشركين حيث وجدتموهم }[ التوبة :  5 ] فلسنا نقول :  إنه نسخ أهل الكتاب من هذا الحكم ،  لكنا نقول :  إن المراد بقوله تعالى في هذه الآية :  {  فاقتلوا المشركين } إنما هم من عدا أهل الكتاب ،  وبين ذلك تعالى في استثنائه أهل الكتاب في الآية الأخرى ) .

المسألة السابعة :

 حكم الإيفاء بالشروط التي لا نص فيها :

( قال أبو محمد :

ووجدنا من قال ببطلان كل عقد وكل شرط وكل عهد وكل وعد إلا ما جاء نص بإجازته باسمه ،  ويقولون :

قال الله عز وجل :  {  اليوم أكملت لكم دينكم }[ المائدة :  3 ] .

وقال تعالى :  {  ومن يتعد حدود الله فأولئك هم الظالمون }[ البقرة :  229 ] .

وقال تعالى :  {  ومن يعص الله ورسوله ويتعد حدوده يدخله نارا خالدا فيها }[ النساء :  14 ] .

حدثنا عبد الله بن يوسف ،  نا أحمد بن فتح ،  نا عبد الوهاب بن عيسى ،  ثنا أحمد بن محمد ،  نا أحمد بن علي ،  نا مسلم بن الحجاج ،  ثنا أبو كريب محمد بن العلاء الهمداني ،  ثنا أبو أسامة ،  أنبأنا هشام بن عروة ،  عن أبيه ،  قال :  أخبرتني عائشة أم المؤمنين ،  أن رسول الله صلى الله عليه وسلم خطب عشية ،  فحمد الله ،  وأثنى عليه بما هو أهله ،  ثم قال :

 "" أما بعد ،  فما بال أقوام يشترطون شروطا ليست في كتاب الله .  ما كان من شرط ليس في كتاب الله ،  فهو باطل ،  ولو كان مائة شرط ،  كتاب الله أحق ،  وشرط الله أوثق ""  .

قالوا :

فهذه الآيات ،  وهذا الخبر براهين قاطعة في إبطال كل عهد ،  وكل عقد ،  وكل وعد ،  وكل شرط ليس في كتاب الله الأمر به ،  أو النص على إباحة عقده ،  لأن العقود والعهود والأوعاد شروط .  واسم الشرط يقع على جميع ذلك .

قال أبو محمد :

وأيضا ،  فيقال لمن أوجب الوفاء بعقد ،  أو عهد ،  أو شرط ،  أو وعد ليس في نص القرآن ،  أو السنة الثابتة إيجاب عقده وإنفاذه :

إننا بالضرورة ندري أنه لا يخلو كل عقد ،  وعهد ،  وشرط ،  ووعد التزمه أحد لأحد [ من ] وجهين لا ثالث لهما :

إما أن يكون في نص القرآن أو السنة إيجابه وإنفاذه .  فإن كان كذلك ،  فنحن لا نخالفكم في إنفاذ ذلك وإيجابه .

وإما أن يكون ليس في نص القرآن ،  ولا في السنة إيجابه ،  ولا إنفاذه .  ففي هذا اختلفنا .

فنقول لكم الآن :  فإن كان هكذا ،  فإنه ضرورة لا ينفك من أحد أربعة أوجه لا خامس لها أصلا :

إما أن يكون فيه إباحة ما حرم الله تعالى في القرآن ،  أو على لسان رسول الله صلى الله عليه وسلم فهذا عظيم لا يحل .

قال تعالى :  {  ولا يحرمون ما حرم الله ورسوله ولا يدينون دين الحق من الذين أوتوا الكتاب حتى يعطوا الجزية عن يد وهم صاغرون }[ التوبة :  29 ] .

ونسألهم حينئذ :  عمن التزم في عهده ،  وشرطه ،  وعقده ،  ووعده إحلال الخنزير والأمْهَات ،  وقتل النفس ؟

فإن أباح ذلك كفر ،  وإن فرق بين شيء من ذلك تناقض وسخف ،  وتحكم في الدين بالباطل .

وإما أن يكون التزم فيه تحريم ما أباحه الله تعالى في القرآن ،  أو على لسان رسوله صلى الله عليه وسلم فهذا عظيم لا يحل .

قال تعالى :  {  يا أيها النبي لم تحرم ما أحل الله لك }[ التحريم :  1 ]

ونسألهم حينئذ :  عمن حرم الماء والخبز والزواج وسائر المباحات ؟

وقد صح أن محرم الحلال كمحلل الحرام ولا فرق .

وإما أن يكون التزم [ إسقاط ] ما أوجبه الله تعالى في القرآن ،  أو على لسان رسول الله صلى الله عليه وسلم فهذا عظيم لا يحل .

ونسألهم حينئذ :  عمن التزم في عهده ،  وعقده ،  وشرطه :  إسقاط الصلوات ،  وإٍسقاط صوم شهر رمضان وسائر ذلك ؟

فمن أجاز ذلك ،  فقد كفر .

وإما أن يكون أوجب على نفسه ما لم يوجبه الله تعالى عليه .  فهذا عظيم لا يحل .

ونسألهم :  عمن التزم صلاة سادسة ،  أو حج إلى غير مكة ،  أو أشهر الحج وكل هذه الوجوه تعد لحدود الله ،  وخروج عن الدين .  والمفرق بين شيء من ذلك قائل في الدين بالباطل ،  نعوذ بالله من ذلك ) .

وقد ذكر ابن حزم أحد شروط صلح الحديبية ،  وهو :  أنه من جاء إلى النبي صلى الله عليه وسلم من المشركين رده إليهم كدليل من أدلة القائلين بوجوب الوفاء بالشروط ،  فأجاب عنه بستة أوجه ،  منها :

( الوجه السادس :  وهو القاطع لكل شغب ،  والحاسم لكل علقة ،  وهو :  صحة اليقين بأن ذلك العهد منسوخ ممنوع منه ،  محرم عقده في الأبد مما في سورة براءة من قول الله تعالى :  {  فَإِذَا انْسَلَخَ الْأَشْهُرُ الْحُرُمُ فَاقْتُلُوا الْمُشْرِكِينَ حَيْثُ وَجَدْتُمُوهُمْ وَخُذُوهُمْ وَاحْصُرُوهُمْ وَاقْعُدُوا لَهُمْ كُلَّ مَرْصَدٍ فَإِنْ تَابُوا وَأَقَامُوا الصَّلاةَ وَآَتَوُا الزَّكَاةَ فَخَلُّوا سَبِيلَهُمْ }[ التوبة :  5 ] .

وبقوله تعالى أيضا في سورة براءة :

{  قَاتِلُوا الَّذِينَ لَا يُؤْمِنُونَ بِاللَّهِ وَلَا بِالْيَوْمِ الْآَخِرِ وَلَا يُحَرِّمُونَ مَا حَرَّمَ اللَّهُ وَرَسُولُهُ وَلَا يَدِينُونَ دِينَ الْحَقِّ مِنَ الَّذِينَ أُوتُوا الْكِتَابَ حَتَّى يُعْطُوا الْجِزْيَةَ عَنْ يَدٍ وَهُمْ صَاغِرُونَ }[ التوبة :  29 ]

وبقوله تعالى أيضا في سورة براءة :

{  وَإِنْ أَحَدٌ مِنَ الْمُشْرِكِينَ اسْتَجَارَكَ فَأَجِرْهُ حَتَّى يَسْمَعَ كَلَامَ اللَّهِ ثُمَّ أَبْلِغْهُ مَأْمَنَهُ ذَلِكَ بِأَنَّهُمْ قَوْمٌ لَا يَعْلَمُونَ }[ التوبة :  6 ] .

وبقوله تعالى أيضا في سورة براءة :

{  كَيْفَ يَكُونُ لِلْمُشْرِكِينَ عَهْدٌ عِنْدَ اللَّهِ وَعِنْدَ رَسُولِهِ إِلَّا الَّذِينَ عَاهَدْتُمْ عِنْدَ الْمَسْجِدِ الْحَرَامِ }[ التوبة :  7 ] .

وسورة براءة آخر سورة أنزلت .

كما حدثنا عبد الرحمن بن عبد الله بن خالد ،  ثنا إبراهيم بن أحمد البلخي ،  ثنا الفربري ،  ثنا البخاري ،  نا أبو الوليد هو الطيالسي ،  ثنا شعبة ،  عن أبي إسحاق السبيعي ،  عن البراء بن عازب ،  قال :  آخر آية أنزلت :  {  يستفتونك قل الله يفتيكم في الكلالة }[ النساء :  176 ] .

وآخر سورة نزلت :  براءة .  .  .

فصح باليقين ،  أنه لا يحل أن يعاهد مشرك عهدا ،  ولا يعاقد عقدا ،  إلا على الإٍسلام فقط ،  أو على غرم بالجزية والصغار ،  إن كان كتابيا .  وصح يقينا ،  أن كل عهد ،  أو عقد ،  أو شرط عقد معهم ،  أو عوهدوا عليه ،  أو شرط لهم بخلاف ما ذكرنا ،  فهو باطل مردود لا يحل عقده ،  ولا الوفاء به إن عقد ،  بل يفسخ ولا بد ) .

المسألة الثامنة :

 حكم قتل ماعدا النساء والصبيان من المشركين .

قال الإمام ابن حزم رحمه الله تعالى :

( وجائز قتل كل من عدا من ذكرنا من المشركين :  من مقاتل ،  أو غير مقاتل ،  أو تاجر ،  أو أجير – وهو العسيف – أو شيخ كبير كان ذا رأي ،  أو لم يكن ،  أو فلاح ،  أو أسقف ،  أو قسيس ،  أو راهب ،  أو أعمى ،  أو مقعد لا تحاش أحدا .  وجائز استبقاؤهم أيضا .

قال الله تعالى :  {  فَإِذَا انْسَلَخَ الْأَشْهُرُ الْحُرُمُ فَاقْتُلُوا الْمُشْرِكِينَ حَيْثُ وَجَدْتُمُوهُمْ وَخُذُوهُمْ وَاحْصُرُوهُمْ وَاقْعُدُوا لَهُمْ كُلَّ مَرْصَدٍ فَإِنْ تَابُوا وَأَقَامُوا الصَّلاةَ وَآَتَوُا الزَّكَاةَ فَخَلُّوا سَبِيلَهُمْ }[ التوبة :  5 ] .

فعم – عز وجل – كل مشرك بالقتل إلا أن يسلم .

وروينا من طريق وكيع :  نا سفيان ،  نا عبد الملك بن عمير القرظي ،  نا عطية القرظي ،  قال :  عرضت يوم قريظة على رسول الله صلى الله عليه وسلم فكان من أنبت قتل ،  ومن لم ينبت خلي سبيله ،  فكنت فيمن لم ينبت ) .

فهذا عموم من النبي صلى الله عليه وسلم لم يستبق منهم عسيفا ،  ولا تاجرا ،  ولا فلاحا ،  ولا شيخا كبيرا ،  وهذا إجماع صحيح منهم رضي الله عنهم متيقن ؛  لأنهم في عرض من أعراض المدينة لم يخف ذلك على أحد من أهلها .

ومن طريق حماد بن سلمة :  أخبرنا أيوب السختياني ،  وعبيد الله بن عمر كلاهما عن نافع ،  عن أسلم مولى عمر بن الخطاب قال :  كتب عمر بن الخطاب إلى أمراء الأجناد :  أن لا يجلبوا إلينا من العلوج أحدا ،  اقتلوهم ،  ولا تقتلوا من جرت عليهم المواسي ،  ولا تقتلوا صبيا ،  ولا امرأة .

ومن طريق ابن أبي شيبة :  عن ابن نمير ،  نا عبيد الله بن عمر ،  عن نافع عن ابن عمر ،  قال :  كتب عمر إلى الأجناد :  لا تقتلوا امرأة ،  ولا صبيا ،  وأن تقتلوا كل من جرت عليه المواسي .

فهذا عمر رضي الله عنه لم يستثن شيخا ،  ولا راهبا ،  ولا عسيفا ،  ولا أحدا إلى النساء ،  والصبيان فقط ؛  ولا يصح عن أحد من الصحابة خلافه .

وقد قتل دريد بن الصمة وهو شيخ هرم قد اهتز عقله ،  فلم ينكر النبي صلى الله عليه وسلم .

فقالوا :  لأنه كان ذا رأي .  فقلنا لهم :  ومن ذا الذي قسم لكم ذا الرأي من غيره ،  فلا سمعا له ولا طاعة .  ومثل هذه التقاسيم لا تؤخذ إلا من القرآن ،  أو عن النبي صلى الله عليه وسلم وبالله تعالى نتأيد ) .

المسألة التاسعة :

 الجهاد مع كل إمام .

قال ان حزم رحمه الله تعالى :

( وأما الجهاد :  فهو وجاب مع كل إمام ،  وكل متغلب ،  وكل باغ ،  وكل محارب من المسلمين ،  لأنه تعاون على البر والتقوى ،  وفرض على كل أحد الدعاء إلى الله ،  وإلى دين الإسلام ،  ومنع المسلمين ممن أرادهم .  قال الله تعالى :  {  فاقتلوا المشركين حيث وجدتموهم وخذوهم واحصروهم واقعدوا لهم كل مرصد } .

فهذا عموم لكل مسلم بنص الآية في كل مكان ،  وكل زمان ) ."
9,6,"قال الله تعالى :  {  وإن أحد من المشركين استجارك فأرجه حتى يسمع كلام الله ثم أبلغه مأمنه ذلك بأنهم قوم لا يعلمون }[ التوبة :  6 ] .

وفيها مسألتان :

المٍسألة الأولى :  القرآن كلام الله تعالى .

المسألة الثانية :  حكم قول :  لفظي بالقرآن مخلوق .

المسألة الأولى :

 القرآن كلام الله تعالى .

قال الإمام ابن حزم رحمه الله تعالى :

( وأن القرآن الذي في المصاحف بأيدي المسلمين شرقا وغربا ،  فما بين ذلك من أول أم القرآن إلى آخر المعوذتين :  كلام الله عز وجل ،  ووحيه أنزله على قلب نبيه محمد صلى الله عليه وسلم .  من كفر بحرف منه ،  فهو كافر .

قال الله تعالى :  {  فأجره حتى يسمع كلام الله }[ التوبة :  6 ] .

وقال تعالى :  {  وكذلك أوحينا إليك قرآنا عربيا }[ الشورى :  من الآية 7 ] ) .

ولما رد رحمه الله تعالى قول من قال :  إن جبريل لم ينزل بكلام الله بل بما هو عبادة عن كلام الله عز وجل ،  وما نسمع ونقرأ ليس هو القرآن البتة ،  قال :  ( وهذا من أعظم الكفر ،  لأن الله تعالى قال :  {  نزل به الروح الأمين على قلبك }[ الشعراء :  193-194 ] .

وقال تعالى :  {  فأجره حتى يسمع كلام الله ) .

وقال تعالى :  {  بل هو آيات بينات في صدور الذين أوتوا العلم }[ العنكبوت :  49 ] .

وقال رسول الله صلى الله عليه وسلم :  ( إنما أحب أن أٍسمعه من غيري ) يعني القرآن ،  وقال عليه السلام :  ( الذي يقرأ القرآن مع السفرة الكرام البررة ) .  ونهيه عليه السلام أن يسافر بالقرآن إلى أرض العدو ،  إلى إجماع عامة المسلمين وخاصتهم وجاهلهم وعالمهم على القول :  حفظ فلان القرآن ،  وقرأ فلان القرآن ،  وكتب فلان القرآن في المصحف ،  وسمعنا القرآن من فلان ،  وهذا كلام الله تعالى في المصحف من أول أم القرآن إلى آخر {  قل أعوذ برب الناس } .

كما نقل الإجماع على هذا القول في هذه المسألة .

المسألة الثانية :

 حكم قول :  لفظي بالقرآن مخلوق .

قال ابن حزم :

( قال أبو محمد :  وقد قال قوم في اللفظ بالقرآن ،  ونسبوا إلى أهل السنة أنهم يقولون :  إن الصوت غير مخلوق ،  وإن الخط غير مخلوق .

قال أبو محمد :  وهذا باطل ،  وما قال قط مسلم :  إن الصوت الذي هو الهواء غير مخلوق ،  وإن الخط غير مخلوق .

ثم نقول :  إن قولنا :  القرآن ،  وقولنا :  كلام الله تعالى ،  لفظ مشترك يعبر به عن خمسة أشياء ،  فنسمي الصوت المسموع الملفوظ به :  قرآنا ،  ونقول :  إنه كلام الله تعالى على الحقيقة ،  وبرهان ذلك :

قول الله عز وجل {  وإن أحد من المشركين استجارك فأجره حتى يسمع كلام الله ثم أبلغه مأمنه ذلك بأنهم قوم لا يعلمون }[ التوبة :  6 ] .

وقوله تعالى {  فاقرأوا ما تيسر من القرآن }[ المزمل :  20 ] .

وأنكر على الكفار ،  وصدق مؤمني الجن في قولهم :  {  إنا سمعنا قرآنا عجبا يهدي إلى الرشد }[ الجن :  1-2 ] .

فصح أن المسموع ،  وهو الصوت الملفوظ به :  هو القرآن حقيقة ،  وهو كلام الله تعالى حقيقة ،  ومن خالف هذا ،  فقد عاند القرآن ،  ويسمى المفهوم من ذلك الصوت قرآنا ،  وكلام الله تعالى على الحقيقة ،  فإذا فسرنا الزكاة المذكورة في القرآن والصلاة والحج وغير ذلك قلنا :  في كل هذا :  هذا كلام الله ،  وهو القرآن ويسمى القرآن المصحف كله قرآنا وكلام الله ،  وبرهاننا على ذلك قول الله تعالى :  {  إنه لقرآ ،  كريم في كتاب مكنون لا يمسه إلا المطهرون }[ الواقعة :  [ 78-79 ] .

وقول رسول الله صلى الله عليه وسلم إذ نهى أن يسافر بالقرآن إلى أرض العدو لئلا يناله العدو ،  وقوله تعالى :  {  لم يكن الذين كفروا من أهل الكتاب والمشركين منفكين حتى تأتيهم البينة رسول من الله يتلو صحفا مطهرة فيها كتب قيمة }[ البينة :  1-3 ] .

وكتاب الله تعالى هو القرآن بإجماع الأمة ،  وقد سمى رسول الله صلى الله عليه وسلم المصحف قرآنا ،  والقرآن كلام الله تعالى بإجماع الأمة ،  فالمصحف كلام الله تعالى حقيقة ،  لا مجازا ،  ويسمى المستقر في الصدور :  قرآنا ،  ونقول :  إنه كلام الله تعالى ،  برهاننا على ذلك قول رسول الله صلى الله عليه وسلم إذ أمر بتعاهد القرآن ،  وقال عليه السلام :   "" إنه أشد تفصيا من صدور الرجال من النعم من عقلها ""  .

وقال تعالى :  {  بل هو آيات بينات في صدور الذين أوتوا العلم }[ العنكبوت :  49 ] فالذي في صدور الرجال ،  هو القرآن ،  وهو كلام الله عز وجل حقيقة ،  لا مجازا .

قال أبو محمد :  فهذه خمسة معان يعبر عن كل معنى منها بأنه قرآن ،  وبأنه كلام الله تعالى ،  ويخبر عن كل واحد منها أخبارا صحيحة ،  بأنه قرآن ،  وبأنه كلام الله تعالى بنص القرآن والسنة اللذين أجمع عليهما جميع الأمة ،  وأما الصوت فهو هواء يندفع من الحلق والصدر والحنك واللسان والأسنان والشفتين إلى آذان السامع .  وهو حروف الهجاء ،  والهواء وحروف الهجاء وكل ذلك مخلوق بلا خلاف .  وقال تعالى {  وما أرسلنا من رسول إلا بلسان قومه ليبين لهم }[ إبراهيم :  4 ] .

وقال تعالى :  {  بلسان عربي مبين }[ الشعراء :  195 ] .

ولسان العربي ،  ولسان كل قوم هي لغتهم ،  واللسان واللغات كل ذلك مخلوق بلا شك .  والمعاني المعبر عنها بالكلام المؤلف من الحروف المؤلفة ،  إنما هي الله تعالى ،  والملائكة ،  والمؤمنون ،  وسموات ،  وأرضون ،  وما فيها من الأشياء ،  وصلاة ،  وزكاة ،  وذكر أمم خالية ،  والجنة والنار ،  وسائر الطاعات والمعاصي ،  كل ذلك مخلوق حاشى الله تعالى وحده لا شريك له ،  خالق كل ما دونه .

وأما المصحف ،  فإنما هو ورق من جلود الحيوان ،  ومركب منها ومن مداد مؤلف من صمغ ،  وزاج ،  وعفص وماء ،  وكل ذلك مخلوق بلا شك ،  وكذلك حركة اليد في خطه ،  وحركة اللسان في قراءته ،  واستقرار كل ذلك في النفوس ،  هذه كلها أعراض مخلوق .

قال أبو محمد :  ولما كان اسم القرآن يقع على خمسة أشياء وقوعا مستويا صحيحا ،  منها :  أربعة مخلوقة ،  وواحد غير مخلوق ،  لم يجز لأحد البتة أن يقول :  القرآن مخلوق .  ولا أن يقول إن كلام الله تعالى مخلوق ،  لأن قائل هذا كاذب ،  إذ أوقع صفة الخلق على ما لا يقع عليه مما يقع عليه اسم القرآن ،  واسم كلام الله عز وجل ،  ووجب ضرورة أن يقال :  إن القرآن لا خالق ولا مخلوق ،  وإن كلام الله تعالى لا خالق ولا مخلوق ،  منه ليست خالقه ،  فلا يجوز أن يطلق على القرآن ،  ولا على كلام الله تعالى اسم خالق ،  ولأن المعنى الخامس غير مخلوق ،  ولا يجوز أن يطلق صفة البعض على الكل الذي لا تعمه تلك الصفة ،  بل واجب أن يطلق بغير تلك الصفة التي للبعض عن الكل .  .  .

ولو أن قائلا قال :  إن الله مخلوق ،  وهو يعني صوته المسموع :  الألف ،  واللام ،  واللام ،  والهاء ،  أو الحبر الذي كتاب هذه الكلمة ،  فكان في ظاهر قوله عند جميع الأمة كافرا ما لم يبين ،  فيقول :  صوتي ،  أو هذا المكتوب مخلوق .

قال أبو محمد :  فهذه حقيقة البيان في هذه المسألة الذي لم نتعد فيه ما قاله الله عز وجل ،  ولا ما قاله رسوله صلى الله عليه وسلم ،  وأجمعت الأمة كلها على جملته ،  وأوجبته الضرورة والحمد لله رب العالمين .  فإن سأل سائل عن اللفظ بالقرآن قلنا له :  سؤالك هذا يقتضي أن اللفظ المسموع هو غير القرآن ،  وهذا باطل ،  بل اللفظ المسموع هو القرآن نفسه ،  وهو كلام الله عز وجل نفسه ،  كما قال الله تعالى :  {  حتى يسمع كلام الله }[ التوبة :  6 ] .

وكلام الله تعالى غير مخلوق لما ذكرنا ،  وأما من أفرد السؤال عن الصوت ،  وحروف الهجاء ،  والحبر ،  فكل ذلك مخلوق بلا شك ) ."
9,11,"قال الله تعالى :

{  فإن تابوا وأقاموا الصلاة وآتوا الزكاة فإخوانكم في الدين ونفصل الآيات لقوم يعلمون }[ التوبة :  11 ] .

وفيها مسألة واحدة ،  وهي :

 ما أول واجب على المكلف ؟

( قال أبو محمد :  فنقول وبالله تعالى التوفيق :

إن التسمية والحكم ليس إلينا ،  وإنما هما إلى خالق اللغات ،  وخالق الناطقين بها ،  وخالق الأشياء ،  ومرتبها ،  كما شاء .  لا إله إلا هو .  قال عز وجل على من سمى من قبل نفسه :

{  إن هي إلا أسماء سميتموها أنتم وآباؤكم ما أنزل الله بها من سلطان }[ النجم :  23 ] .

فوجدناه عز وجل يقول في غير موضع من القرآن :  {  يا أيها الذين آمنوا } .

وقال تعالى :  {  وإن طائفتان من المؤمنين اقتتلوا }[ الحجرات :  9 ] .

وقال تعالى :  {  فإن تابوا وأقاموا الصلاة وآتوا الزكاة فإخوانكم في الدين }[ التوبة :  11 ] .

فخاطب الله تعالى بهذه النصوص وبغيرها ،  وكذلك رسول الله صلى الله عليه وسلم :  كل مؤمن في العالم إلى يوم القيامة ،  وبيقين ندري :  أنه كان من المؤمنين على عهده عليه السلام ،  ثم من بعده عصرا عصرا ،  إلى يوم القيامة المستدل ،  وهم الأقل ،  وغير المستدل ،  كمن أسلم من الزنج ،  ومن الروم ،  والفرس ،  والإماء ،  وضعفة النساء ،  والرعاة ومن نشأ على الإسلام بتعليم أبيه ،  أو سيده إياه ،  وهم الأكثر والجمهور ،  فسماهم الله عز وجل مؤمنين ،  وحكم لهم بحكم الإسلام ،  وهذا كله معروف بالمشاهدة والضرورة .

وقال تعالى :  {  ولا تقف ما ليس لك به علم }[ الإسراء :  36 ] .

فنهى الله عز وجل كل أحد عن أن يقول ما ليس له به علم .

وقال تعالى :  {  آمنوا بالله ورسوله }[ النساء :  136 ] .

وقال رسول الله صلى الله عليه وسلم :   "" أمرت أن أقاتل الناس ،  حتى يشهدوا أن لا إله إلا الله ،  وأني رسول الله ،  ويؤمنوا بما أرسلت به ""  .

فصح يقينا أنهم كلهم مأمورون بالقول بجميع ما جاء به النبي صلى الله عليه وسلم ،  وأن كل من صد عنه ،  فهو كافر حلال دمه وماله ،  فلو لم يؤمن بالقول بالإيمان إلا من عرفه من طريق الاستدلال ،  لكان كل من لم يستدل ممن ذكرنا منهيا عن اتباع الرسول صلى الله عليه وسلم ،  وعن القول بتصديقه ،  لأنه عند هؤلاء القوم ليسوا عالمين بذلك ،  وهذا خلاف القرآن وسنة رسول الله صلى الله عليه وسلم ،  وإجماع الأمة المتيقن .

أما القرآن والسنة ،  فقد ذكرناهما ،  وأما إجماع الأمة :  فمن الباطل المتيقن أن يكون الاستدلال فرضا لا يصح أن يكون أحد مسلما إلا به ،  ثم يغفل الله عز وجل أن يقول :  لا تقبلوا من أحد أنه مسلم حتى يستدل ،  أتراه نسي ؟  !  تعالى عن ذلك ،  أو تعمد عز وجل ترك ذكر ذلك إضلالا لعباده !  ويترك ذلك رسول الله صلى الله عليه وسلم إما عمدا ،  أو قصدا إلى الضلال ،  والإضلال !  أو نسيانا لما اهتدى له هؤلاء ،  وتنبهوا إليه وهم من هم :  بلادة ،  وجهلا ،  وسقوطا ،  هذا لا يظنه إلا كافر ،  ولا يحققه إلا مشرك .  فما قال قط رسول الله صلى الله عليه وسلم لأهل قرية ،  أو حلة ،  أو حي ،  ولا لراع ولا لراعية ،  ولا للزنج ،  ولا للنساء :  لا أقبل إسلامكم حتى أعلم المستدل من غيره ،  فإذا لم يقل عليه السلام ذلك ،  فالقول به واعتقاده إفك وضلال ،  وكذلك أجمع جميع الصحابة رضي الله عنهم على الدعاء إلى الإسلام وقبوله من كل أحد ،  دون ذكر استدلال ،  ثم هكذا جيلا ،  فجيلا ،  حتى حدث من لا وزن له ) ."
9,12,"قال الله تعالى :

{  وإن نكثوا أيمانهم من بعد عهدهم وطعنوا في دينكم فقاتلوا أئمة الكفر إنهم لا أيمان لهم لعلهم ينتهون }[ التوبة :  12 ]

وفيها مسألتان ،  هما :

المسألة الأولى :  ماذا يشترط لقبول الجزية .

المسألة الثانية :  حكم الذمي إذا نقض العهد .

المسألة الأولى :

 ماذا يشترط لقبول الجزية ؟

يقول ابن حزم رحمه الله تعالى :

( ولا يقبل من يهودي ،  ولا نصراني ،  ولا مجوسي :  جزية ،  إلا بأن يقروا بأن محمدا رسول الله إلينا ،  وأن لا يطعنوا فيه ،  ولا في شيء من دين الإسلام لحديث ثوبان الذي ذكرنا آنفا ،  ولقول الله تعالى :  {  وطعنوا في دينكم فقاتلوا أئمة الكفر إنهم لا أيمان لهم }[ التوبة :  12 ] ) .

وهو قول مالك ،  قال في المستخرجة :  من قال من أهل الذمة :  إنما أرسل محمد إليكم لا إلينا فلا شيء عليه ،  قال :  فإن قال لم يكن نبيا قتل ) .

المسألة الثانية :

 حكم الذمي إذا نقض العهد .

قال ابن حزم :

( وإن كان ذميا فنقض العهد فللناس فيه أقوال ثلاثة لا رابع لها :

أحدها :  أنه ينتقل إلى حكم الحربيين في كل ما ذكرنا .

والثاني :  أنه محارب حتى يقدر عليه فيرد إلى ذمته كما كان ولا بد .

والثالث :  أنه لا يقبل منه إلا الإسلام أو السيف .

وقد فرق بعض الناس بين الذمي ينقض العهد ،  فيصير حربيا ،  وبين الذمي يحارب ،  فيكون له عندهم حكم المحارب المذكور في الآية ،  لا حكم الحربي ،  فصح بلا خلاف أن الذمي الناقض لذمته المنتقل إلى حكم أهل الحرب ليس له حكم المحارب المذكور في الآية بلا خلاف .

وبين هذا قول الله تعالى :  {  وَإِنْ نَكَثُوا أَيْمَانَهُمْ مِنْ بَعْدِ عَهْدِهِمْ وَطَعَنُوا فِي دِينِكُمْ فَقَاتِلُوا أَئِمَّةَ الْكُفْرِ إِنَّهُمْ لَا أَيْمَانَ لَهُمْ لَعَلَّهُمْ يَنْتَهُونَ }[ التوبة :  12 ] .

فأمر الله تعالى بقتالهم إذا نكثوا عهدهم حتى ينتهوا .  وهذا عموم يوجب الانتهاء عن كل ما هم عليه من الضلال ،  وهذا يقتضي – ولا بد – أن لا يقبل منهم إلا الإسلام وحده ،  ولا يجوز أن يخص بقوله تعالى :  {  لعلهم ينتهون } انتهاء دون انتهاء ،  فيكون فاعل ذلك قائلا على الله تعالى ما لا علم له به ،  وهذا حرام ،  قال الله تعالى :  {  وأن تقولوا على الله ما لا تعلمون }[ الأعراف :  33 ] ) ."
9,16,"قال الله تعالى :  {  أَمْ حَسِبْتُمْ أَنْ تُتْرَكُوا وَلَمَّا يَعْلَمِ اللَّهُ الَّذِينَ جَاهَدُوا مِنْكُمْ وَلَمْ يَتَّخِذُوا مِنْ دُونِ اللَّهِ وَلَا رَسُولِهِ وَلَا الْمُؤْمِنِينَ وَلِيجَةً وَاللَّهُ خَبِيرٌ بِمَا تَعْمَلُونَ }[ التوبة :  16 ] .

وفيها مسألة واحدة ،  وهي :

 حكم التقليد ؟

قال ابن حزم :

( والتقليد حرام ،  ولا يحل لأحد أن يأخذ بقول أحد بلا برهان ) .

وقد أطال النفس في الاستدلال لهذا القول ،  فكان من أدلته ما قاله بعد أن ذكر قول من نهى عن التقليد :

( قال أبو محمد :  كيف وقد أغنانا الله تعالى عن قولهم في ذلك بما نص في كتابه من إبطال التقليد فمن قول الله عز وجل :

{  مثل الذين اتخذوا من دون الله أولياء كمثل العنكبوت اتخذت بيتا وإن أوهن البيوت لبيت العنكبوت }[ العنكبوت :  41 ] .

ثم قال الله تعالى على أثر هذه الآية :  {  وتلك الأمثال نضربها للناس وما يعقلها إلا العالمون }[ العنكبوت :  43 ] .

قال أبو محمد :  فمن اتخذ رجلا إماما يعرض عليه قول ربه وقول نبيه صلى الله عليه وسلم فما واقف فيه قول ذلك الرجل قبله ،  وما خالفه ترك قول ربه تعالى ،  وقول نبيه صلى الله عليه وسلم .

وقال تعالى :  {  أم حسبتم أن تتركوا ولما يعلم الله الذي جاهدوا منكم ولم يتخذوا من دون الله ولا رسول ولا المؤمنين وليجة والله خبير بما تعملون }[ التوبة :  16 ] .

قال أبو محمد :  ولا وليجة أعظم ممن جعل رجلا بعينه عيارا على كلام الله تعالى وكلام رسول الله صلى الله عليه وسلم وكلام سائر علماء الأمة .

وقال تعالى :  {  يوم تقلب وجوههم في النار يقولون يا ليتنا أطعنا الله وأطعنا الرسول وقالوا ربنا إنا أطعنا سادتنا وكبراءنا فأضلونا السبيلا }[ الأحزاب :  66-67 ] .

وقال تعالى :  {  فأتوا بكتابكم إن كنتم صادقين }[ الصافات :  157 ] .

{  قل هاتوا برهانكم إن كنتم صادقين }[ البقرة :  111 ] .

قال أبو محمد :  فمن لم يأت بكتاب الله تعالى شاهدا لقوله ،  أو ببرهان على صدق قوله ،  وإلا فليس صادقا ،  لكنه كاذب آفك مفتر على الله عز وجل .  ومن أطاع سادته وكبراءه وترك ما جاءه عن الله تعالى وعن رسوله صلى الله عليه وسلم ،  فقد ضل ،  بنص القرآن ،  واستحق الوعيد بالنار ،  نعوذ بالله منها وما أدى إليها…

وقال تعالى :  {  إذ تبرأ الذين أتبعوا من الذين اتبعوا ورأوا العذاب وتقطعت بهم الأسباب }[ البقرة :  166 ] .

قال أبو محمد :  هكذا والله يقول هؤلاء الفضلاء الذين قلدهم أقوام قد نهرهم عن تقليدهم ،  فإنهم رحمهم الله تبرؤوا في الدنيا والآخرة من كل من قلدهم ،  وفاز أولئك الأفاضل الأخيار ،  وهلك المقلدون لهم بعد ما سمعوا من الوعيد الشديد والنهي عن التقليد ،  وعلموا أن أسلافهم الذين قلدوا ،  قد نهوهم عن تقليدهم ،  وتبرؤوا منهم إن فعلوا ذلك…

وقال عز وجل :  {  وإذا قيل لهم اتبعوا ما أنزل الله قالوا بل نتبع ما ألفينا عليه آباءنا أولو كان آباؤهم لا يعقلون شيئا ولا يهتدون }[ البقرة :  17 ] .

قال أبو محمد :  وهذا نص ما فعل خصومنا بلا تأويل ولا تدبر ،  بل تعرض عليهم الآية والحديث الصحيح الذي يقرون بصحته ،  وكلاهما مخالف لمذاهب لهم فاسدة ،  فيأبون من قبولها لا بفارق ما وجدنا عليه آباءنا وكبراءنا ،  فقد أجابهم تعالى جوابا كافيا وحسبنا الله ونعم الوكيل .

وقال تعالى :  {  ومن أضل ممن اتبع هواه بغير هدى من الله }[ القصص :  50 ] .

وقال تعالى :  {  أفرأيت من اتخذ إلهه هواه وأضله الله على علم وختم على سمعه وقلبه وجعل على بصره غشاوة فمن يهديه من بعد الله أفلا تذكرون }[ الجاثية :  23 ] .

قال أبو محمد :

هذه صفة ظاهرة من كل مقلد ،  يعرفها من نفسه ضرورة ؛  لأنه هوى تقليد فلان ،  فقلده بغير علم ووجدناه لا ينتفع بسمعه فيما يسمع من الآي والسنن المخالفة لمذهبه ،  ولا انتفع بصره فيما رأى من ذلك ،  ولا بعقله فيما علم من ذلك ،  ووجدناه ترك طلب الهدى من كتاب الله تعالى وكتاب نبيه صلى الله عليه وسلم ،  وطلب الهدى ممن دون الله تعالى ؛  فضل ضلالا بعيدا .  فواحسرتاه عليهم ،  ووأسفاه لهم .

وقال تعالى :  {  قل أندعو من دون الله ما لا ينفعنا ولا يضرنا ونرد على أعقابنا بعد إذ هدانا الله كالذي استهوته الشياطين في الأرض حيران له أصحاب يدعونه إلى الهدى ائتنا قل إن هدى الله هو الهدى }[ الأنعام :  71 ] .

قال أبو محمد :  وهذا نص فعل المقلد لأنه التزم اتباع من لا ينفعه ،  ولا يشفع له يوم القيامة ،  ولا ينيله من حسناته حسنة ،  ولا يحط عنه من سيئاته سيئة ،  كذلك دعاه أصحابه إلى الهدى بزعمهم ،  فأكذبهم تعالى وقال :  {  إن هدى الله هو الهدى }[ البقرة :  12 ] .  فلم يجعل هدى إلا ما جاء من عنده تعالى .

ومن أدلته في المسألة الإجماع ،  قال :

( وقد صح إجماع الصحابة رضي الله عنهم :  أولهم عن آخرهم ،  وإجماع جميع التابعين :  أولهم عن آخرهم على الامتناع والمنع من أن يقصد منهم أحد إلى قول إنسان منهم ،  أو ممن قبلهم ،  فيأخذه كله .  فليعلم من أخذ بجميع قول أبي حنيفة ،  أو جميع قول مالك ،  أو جميع قول الشافعي ،  أو جميع قول أحمد بن حنبل رضي الله عنه ممن يتمكن من النظر ،  ولم يترك من اتبعه منهم إلى غيره ،  أنه قد خالف إجماع الأمة كلها عن آخرها ،  واتبع غير سبيل المؤمنين نعوذ بالله من هذه المنزلة ) ."
9,22,"قال الله تعالى :  {  خالدين فيها أبدا إن الله عنده أجر عظيم }[ التوبة :  22 ] .

وفيها مسألة واحدة ،  وهي :

 بقاء الجنة والنار .

قال ابن حزم :

( لا تفنى الجنة ولا النار ولا أحد ممن فيهما أبدا .  برهان ذلك :

قول الله عز وجل مخبرا عن كل واحدة من هاتين الدارين ومن فيهما :

{  خالدين فيها أبدا }[ التوبة :  22 ] .

و{  خالدين فيها ما دامت السماوات والأرض إلا ما شاء ربك عطاء غير مجذوذ }[ هود :  108 ]

حدثنا عبد الله بن يوسف بن نامي ،  ثنا أحمد بن فتح ،  ثنا عبد الوهاب بن عيسى ،  حدثنا محمد بن عيسى بن عمرويه الجلودي ،  ثنا إبراهيم بن سفيان ،  ثنا مسلم بن الحجاج ،  ثنا أبو بكر بن أبي شيبة وأبو كريب ،  قالا ثنا أبو معاوية ،  عن الأعمش ،  عن أبي صالح ،  عن أبي سعيد الخدري قال :  قال رسول الله صلى الله عليه وسلم :  "" يجاء بالموت يوم القيامة كأنه كبش أملح فيقال :  يا أهل الجنة هل تعرفون هذا ؟  فيشرئبون وينظرون ،  ويقولون :  نعم هذا الموت ،  ويقال :  يا أهل النار هل تعرفون هذا ؟  فيشرئبون وينظرون ،  فيقولون :  نعم هذا الموت ،  فيؤمر به فيذبح ثم يقال ،  يا أهل الجنة خلود فلا موت ،  ويا أهل النار خلود فلا موت ""  .  ثم قرأ رسول الله صلى الله عليه وسلم :  {  وأنذرهم يوم الحسرة إذ قضي الأمر وهم في غفلة وهم لا يؤمنون }[ مريم :  39 ] أشار بيده إلى أهل الدنيا .  زاد أبو كريب في روايته بعد كبش أملح  "" يوقف بين الجنة والنار ""  .

وقال عز وجل في أهل الجنة :  {  لا يذوقون فيها الموت إلا الموتة الأولى }[ الدخان :  56 ] .

وقال في أهل النار :  {  لا يقضى عليهم فيموتوا ولا يخفف عنهم من عذابها }[ فاطر :  36 ] .

وقد ذكر هذه المسألة في كتابه :  ( الفصل ) فذكر الأدلة ،  وزاد دليل الإجماع ."
9,28,"قال الله تعالى :

{  يَا أَيُّهَا الَّذِينَ آَمَنُوا إِنَّمَا الْمُشْرِكُونَ نَجَسٌ فَلَا يَقْرَبُوا الْمَسْجِدَ الْحَرَامَ بَعْدَ عَامِهِمْ هَذَا وَإِنْ خِفْتُمْ عَيْلَةً فَسَوْفَ يُغْنِيكُمُ اللَّهُ مِنْ فَضْلِهِ إِنْ شَاءَ إِنَّ اللَّهَ عَلِيمٌ حَكِيمٌ }[ التوبة :  28 ] .

وفيها ثلاث مسائل ،  هي :

المسألة الأولى :  هل المشرك نجس العين ؟

المسألة الثانية :  ما المراد بالمسجد الحرام ؟

المسألة الثالثة :  حكم دخول المشركين المسجد الحرام .

المسألة الأولى :

 هل المشرك نجس العين ؟

ذهب الإمام ابن حزم – رحمه الله تعالى – إلى أن المشرك نجس كله ،  ومنه :  العرق ،  والدمع ،  واللعاب ،  ولبن المشركة إلا الكتابية ؛  فإنه طاهر .

والدليل قوله تبارك وتعالى :

{  إنما المشركون نجس }[ التوبة :  28 ] .

وأيد هذا بقوله صلى الله عليه وسلم في الحديث الصحيح :   "" إن المؤمن لا ينجس ""  ،  .

المسألة الثانية :

 ما المراد ( بالمسجد الحرام ) ؟

يرى ابن حزم – رحمه الله تعالى – أن المراد بالمسجد الحرام في قوله تعالى :

{  فلا يقربوا المسجد الحرام بعد عامهم }[ التوبة :  28 ] أنه الحرم كله .

ويستدل ابن حزم على صحة هذا التأويل بعدم الاختلاف في كون المراد :  الحرم كله .  قال رحمه الله عند ذكره الآية :

( فلم يختلفوا في أنه تعالى أراد الحرم كله ) .

وقال أيضا :  ( وقال رسول الله صلى الله عليه وسلم :   "" جعلت لي الأرض مسجدا وطهورا ""  .

فصح أن الحرم كله هو المسجد الحرام ) .

المسألة الثالثة :

 حكم دخول المشركين المساجد ؟

قال ابن حزم :

( ودخول المشركين في جميع المساجد :  جائز ،  حاشا حرم مكلة كله – المسجد وغيره – فلا يحل البتة أن يدخله كافر .  وهو قول الشافعي ،  وأبي سليمان .  وقال أبو حنيفة :  لا بأس أن يدخله اليهودي ،  والنصراني ،  ومنع منه سائر الأديان ،  وكره مالك دخول أحد من الكفار في شيء من المساجد .

قال الله تعالى :  {  إنما المشركون نجس فلا يقربوا المسجد الحرام بعد عامهم هذا }[ التوبة :  28 ] .

قال علي :  فخص الله المسجد الحرام ،  فلا يجوز تعديه إلى غيره بغير نص ،  وقد كان الحرم قبل بنيان المسجد وقد زيد فيه .  وقال رسول الله صلى الله عليه وسلم :   "" جعلت لي الأرض مسجدا وطهورا ""  .

فصح أن الحرم كله هو المسجد الحرام .

حدثنا عبد الرحمن بن عبد الله ،  ثنا إبراهيم بن أحمد ،  ثنا الفربري ،  ثنا البخاري ،  ثنا عبد الله بن يوسف ،  ثنا الليث ،  ثنا سعيد بن أبي سعيد ،  سمع أبا هريرة قال :  بعث رسول الله صلى الله عليه وسلم خيلا قبل نجد ،  فجاءت برجل من بني حنيفة يقال له :  ثمامة بن أثال ،  فربطوه بسارية من سواري المسجد ،  فخرج إليه رسول الله صلى الله عليه وسلم فقال :   "" ما عندك يا ثمامة ؟  قال :  عندي خير ،  يا محمد إن تقتلني تقتل ذا دم ،  وإن تنعم تنعم على شاكر ،  وإن كنت تريد المال فسل منه ما شئت ؟  وذكر الحديث .  وأنه عليه السلام أمر بإطلاقه في اليوم الثالث :  فانطلق إلى نخل قريب من المسجد فاغتسل ثم دخل المسجد ،  فقال :  أشهد أن لا إله إلا الله وأن محمدا رسول الله ،  يا محمد ،  والله :  ما كان على وجه الأرض وجه أبغض إلي من وجهك ،  فقد أصبح وجهك أحب الوجوه إلي ،  والله ما كان من دين أبغض إلي من دينك ،  فأصبح دينك أحب الدين إلي ) وذكر الحديث فبطل قول مالك ) ."
9,29,"قال الله تعالى :

{  قَاتِلُوا الَّذِينَ لَا يُؤْمِنُونَ بِاللَّهِ وَلَا بِالْيَوْمِ الْآَخِرِ وَلَا يُحَرِّمُونَ مَا حَرَّمَ اللَّهُ وَرَسُولُهُ وَلَا يَدِينُونَ دِينَ الْحَقِّ مِنَ الَّذِينَ أُوتُوا الْكِتَابَ حَتَّى يُعْطُوا الْجِزْيَةَ عَنْ يَدٍ وَهُمْ صَاغِرُونَ }[ التوبة :  29 ] .

وفيها أربع عشرة مسألة :

المسألة الأولى :  معنى الصغار .

المسألة الثانية :  هل تؤخذ الجزية من المشركين ؟

المسألة الثالثة :  هل تؤخذ الجزية من أهل الكتاب العرب ؟

المسألة الرابعة :  هل تؤخذ الجزية من كل كتابي ؟

المسألة الخامسة :  مقدار الجزية التي تؤخذ من أهل الكتاب .

المسألة السادسة :  ما ينقض عهد الذمي .

المسألة السابعة :  التخصيص بالإجماع .

المسألة الثامنة :  دليل الخطاب ،  هل هو معتبر ؟

المسألة التاسعة :  هل تؤخذ الزكاة من الكافر ؟

المسألة العاشرة :  من أهرق خمرا لذمي ،  هل يضمنه ؟

المسألة الحادية عشرة :  من أسلم وعنده أكثر من أربع نسوة .

المسألة الثانية عشرة :  هل يقتص للكافر من المسلم ؟

المسألة الثالثة عشرة :  عموم بعثه النبي صلى الله عليه وسلم .

المسألة الرابعة عشرة :  هل الكفار مخاطبون بعموم الشريعة ؟

المسألة الأولى :

 معنى الصغار .

يقول ابن حزم – رحمه الله - :

( والصغار هو أن يجري حكم الإسلام عليهم ،  وأن لا يظهروا شيئا من كفرهم ،  ولا مما يحرم في دين الإسلام .

ويجمع الصغار شروط عمر رضي الله عنه عليهم .  نا محمد بن الحسن بن عبد الوارث ،  نا عبد الرحمن بن عمر بن محمد بن النحاس ،  نا أبو العباس محمد بن إسحاق بن أبي إسحاق الصفار ،  نا أبو الفضل الربيع بن تغلب ،  نا يحيى بن عقبة ،  عن أبي العيزار ،  عن سفيان الثوري ،  عن طلحة بن مصرف ،  عن مسروق ،  عن عبد الرحمن بن غنم ،  قال :  كتبت لعمر بن الخطاب رضي الله عنه حين صالح نصارى الشام ،  وشرط عليهم فيه :  أن لا يحدثوا في مدينتهم ولا ما حولها دبرا ،  ولا كنيسة ،  ولا قلية ولا صومعة راهب ،  ولا يجددوا ما خرب منها ،  ولا يمنعوا كنائسهم أن ينزلها أحد من المسلمين ثلاث ليال يطعمونهم ،  ولا يؤوا جاسوسا ،  ولا يكتموا غشا للمسلمين ،  ولا يعلموا أولادهم القرآن ،  ولا يظهروا شركا ،  ولا يمنعوا ذوي قراباتهم من الإسلام إن أرادوه ،  وأن يوقروا المسلمين ،  ويقوموا لهم من مجالسهم إذا أرادوا الجلوس ،  ولا يتشبهوا بالمسلمين في شيء من لباسهم :  في قلنسوة ،  ولا عمامة ،  ولا نعلين ،  ولا فرق شعر ،  ولا يتكلموا بكلام المسلمين ،  ولا يتكنوا بكناهم ،  ولا يركبوا سرجا ،  ولا يتقلدوا سيفا ،  ولا يتخذوا شيئا من السلاح ،  ولا ينقشوا خواتيمهم بالعربية ،  ولا يبيعوا الخمور ،  وأن يجزوا مقادم رؤوسهم ،  وأن يلزموا زيهم حيثما كانوا ،  وأن يشدوا الزنانير على أوساطهم ،  ولا يظهروا صليبا ولا شيئا من كتبهم في شيء من طرق المسلمين ،  ولا يجاوروا المسلمين بموتاهم ،  ولا يضربوا ناقوسا إلا ضربا خفيفا ،  ولا يرفعوا أصواتهم بالقراءة في كنائسهم في شيء من حضرة المسلمين ولا يخرجوا سعانين ولا يرفعوا مع موتاهم أصواتهم ،  ولا يظهروا النيران معهم ،  ولا يشتروا من الرقيق ما جرت عليه سهام المسلمين .  فإن خالفوا شيئا مما شرطوه فلا ذمة لهم ،  وقد حل للمسلمين منهم ما يحل من أهل المعاندة والشقاق .

وعن عمر أيضا :  أن لا يجاورونا بخنزير .  قال أبو محمد :  ومن الصغار أن لا يؤذوا مسلما ،  ولا يستخدموه ،  ولا يتولى أحد منهم شيئا من أمور السلطان يجري لهم فيه أمر على مسلم ) .

المسألة الثانية :

 هل تؤخذ الجزية من المشركين ؟

يقول ابن حزم – رحمه الله تعالى - :

( ولا يقبل من كافر إلا الإسلام ،  أو السيف – الرجال والنساء في ذلك سواء- حاشا أهل الكتاب خاصة ،  وهم اليهود ،  والنصاري ،  والمجوس فقط ،  فإنهم إن أعطوا الجزية أقروا على ذلك مع الصغار .

وقال أبو حنيفة ومالك :  أما من لم يكن كتابيا من العرب خاصة ،  فالإسلام أو السيف .  وأما الأعاجم فالكتابي وغيره سواء ،  ويقر جميعهم على الجزية .

قال أبو محمد :  هذا باطل لقول الله تعالى :  {  فَاقْتُلُوا الْمُشْرِكِينَ حَيْثُ وَجَدْتُمُوهُمْ وَخُذُوهُمْ وَاحْصُرُوهُمْ وَاقْعُدُوا لَهُمْ كُلَّ مَرْصَدٍ فَإِنْ تَابُوا وَأَقَامُوا الصَّلاةَ وَآَتَوُا الزَّكَاةَ فَخَلُّوا سَبِيلَهُمْ إِنَّ اللَّهَ غَفُورٌ رَحِيمٌ }[ التوبة :  5 ] .

وقال تعالى :  {  قَاتِلُوا الَّذِينَ لَا يُؤْمِنُونَ بِاللَّهِ وَلَا بِالْيَوْمِ الْآَخِرِ وَلَا يُحَرِّمُونَ مَا حَرَّمَ اللَّهُ وَرَسُولُهُ وَلَا يَدِينُونَ دِينَ الْحَقِّ مِنَ الَّذِينَ أُوتُوا الْكِتَابَ حَتَّى يُعْطُوا الْجِزْيَةَ عَنْ يَدٍ وَهُمْ صَاغِرُونَ }[ التوبة :  29 ]

فلم يخص تعالى عربيا من عجمي في كلا الحكمين .  وصح أنه عليه السلام أخذ الجزية من مجوس هجر ؛  فصح أنهم من أهل الكتاب ،  ولولا ذلك ما خالف رسول الله صلى الله عليه وسلم كتاب ربه تعالى ) .

المسألة الثالثة :

 هل تؤخذ الجزية من أهل الكتاب العرب ؟

يرى الإمام ابن حزم رحمه الله تعالى أن الجزية تؤخذ من كل كتابي ،  سواء كان عربيا ،  أو أعجميا .  وذلك لعموم قوله تعالى :

{  قَاتِلُوا الَّذِينَ لَا يُؤْمِنُونَ بِاللَّهِ وَلَا بِالْيَوْمِ الْآَخِرِ وَلَا يُحَرِّمُونَ مَا حَرَّمَ اللَّهُ وَرَسُولُهُ وَلَا يَدِينُونَ دِينَ الْحَقِّ مِنَ الَّذِينَ أُوتُوا الْكِتَابَ حَتَّى يُعْطُوا الْجِزْيَةَ عَنْ يَدٍ وَهُمْ صَاغِرُونَ }[ التوبة :  29 ] .

المسألة الرابعة :

 هل تؤخذ الجزية من كل كتابي ؟

قال ابن حزم رحمه الله :

( والجزية لازمة للحر منهم والعبد ،  والذكر ،  والأنثى ،  والفقير البات ،  والغني الراهب سواء من البالغين خاصة ،  لقول الله تعالى :  {  حتى يعطوا الجزية عن يد وهم صاغرون }[ التوبة :  29 ] .

ولا خلاف في أن الدين لازم للنساء كلزومه للرجال ،  ولم يأت نص بالفرق بينهم في الجزية .  .  .

وقد جاءت في هذا آثار مرسلة ،  وهي كما روينا من طريق عبد الرزاق :

أخبرنا جاءت في هذا آثار مرسلة ،  وهي كما روينا من طريق عبد الرزاق :  أخبرنا ،  معمر ،  عن الأعمش ،  عن أبي وائل شقيق بن سلمة ،  عن مسروق قال :  بعث رسول الله صلى الله عليه وسلم معاذ بن جبل إلى اليمن ،  وأمره أن يأخذ من كل حالم وحالمة من أهل الذمة دينارا ،  أو قيمته من المعافر .

قال أبو محمد :  على هذا الإسناد عولوا في أخذ التبيع من الثلاثين من البقر والمسنة من الأربعين ،  ومن المحال أن يكون خبر حجة في شيء غير حجة في غيره .

ومن طريق عبد الرزاق عن ابن جريج قال :  في كتاب رسول الله صلى الله عليه وسلم إلى أهل اليمن :  من كره الإسلام من يهودي ،  أو نصراني فإنه لا يحول عن دينه وعليه الجزية على كل حالم ذكر ،  أو أنثى ،  حر أو عبد :  دينار واف من قيمة المعافر أو عرضه .

ومن طريق أبي عبيد :  نا جرير بن عبد الحميد ،  عن منصور – هو ابن المعتمر – عن الحكم بن عتيبة ،  قال :  كتب رسول الله صلى الله عليه وسلم إلى معاذ وهو باليمن :  في الحالم ،  أو الحالمة دينار ،  أو عدله من المعافر .

قال أبو محمد :  الحنفيون ،  والمالكيون يقولون :  إن المرسل أقوى من المسند ويأخذون به إذا وافقهم ،  فالفرض عليهم أن يأخذوا هاهنا بها فلا مرسل أحسن من هذه المراسيل ،  وأما نحن فإنما معولنا على عموم الآية فقط

ثم قال بعد كالمستدرك :

( ومسروق أدرك معاذا وشاهد حكمه باليمن ،  وذكر أن النبي صلى الله عليه وسلم خاطبه بأخذ الجزية من النساء ،  ومن المحال أن يخالف معاذ ما كتب إليه به رسول الله صلى الله عليه وسلم وبالله تعالى التوفيق .

ولا خلاف بين أحد من الأمة في النساء مكلفات من دين الإسلام ومفارقة الكفر ما يلزم الرجال سواء سواء ،  فلا يحل إبقاؤهن على الكفر بغير قتل ولا جزية .

وقد صح عن النبي صلى الله عليه وسلم ما قد ذكرناه قبل بإسناده :   "" أمرت أن أقاتل الناس حتى يشهدوا أن لا إله إلا الله وأني رسول الله ،  ويقيموا الصلاة ،  ويؤتوا الزكاة ،  ويؤمنوا بما أرسلت به ،  فإذا فعلوا ذلك عصموا مني دماءهم وأموالهم ،  إلا بحقها وحسابهم على الله ""

ولا يختلفون في أن هذه اللوازم كلها هي على النساء كما هي على الرجال ،  وأن أموالهن في الكفر مغنومة كأموال الرجال ؛  فثبت يقينا أنهن لا يعصمن دماءهن وأموالهن إلا بما يعصم الرجال به أموالهم ودماءهم ،  أو الجزية إن كن كتابيات ولا بد .  وبالله تعالى التوفيق .

المسألة الخامسة :

 مقدار الجزية التي تؤخذ من أهل الكتاب .

يقول ابن حزم رحمه الله تعالى :

( فأما قوله تعالى :  {  قَاتِلُوا الَّذِينَ لَا يُؤْمِنُونَ بِاللَّهِ وَلَا بِالْيَوْمِ الْآَخِرِ وَلَا يُحَرِّمُونَ مَا حَرَّمَ اللَّهُ وَرَسُولُهُ وَلَا يَدِينُونَ دِينَ الْحَقِّ مِنَ الَّذِينَ أُوتُوا الْكِتَابَ حَتَّى يُعْطُوا الْجِزْيَةَ عَنْ يَدٍ وَهُمْ صَاغِرُونَ }[ التوبة :  29 ] .

فإنه حكم في مشركين قد أمرنا بقتلهم ،  وأخذ أموالهم ،  وسبي نسائهم ،  وأطفالهم ،  وأوجب كل ذلك علينا ،  وصح بالنص إيجاب دينار على الواحد منهم ؛  فصح أن من بذل منهم أقل من دينار ،  لم يجز حقن دمائهم بذلك .  فكان الدينار أقل ما قال قائلون :  إنه جزية يلزم قبولها بالنص ،  وليس في أكثر من ذلك حد ووقف عنده ،  فيقول القائل :  هو أكثر ما قيل .  فلو لم يكن ههنا حد يوقف عنده لما وقع عقد ذمته أبدا ،  لأنهم كانوا يكونون إنما بذلوا شيئا طلب منهم أكثر ،  وهذا لا نهاية له ،  وليس من حد حدا بأولى ممن حد حدا آخر ،  فهذا لا ينضبط أبدا ؛  فصح أن الحد الأول هو الواجب أخذه ،  وهو الدينار .

المسألة السادسة :

 ما ينقض عهد الذمي .

يرى ابن حزم رحمه الله تعالى :  أن من سب الله ورسوله صلى الله عليه وسلم أو شيئا من دين الإسلام أو مسلما من المسلمين ،  أو أضر به ،  أو خالفوا شيئا من الشروط التي أخذت عليهم ،  فقد نقض عهده ،  ونكث ذمته ،  وعاد دمه وماله حلالا .

ويدلل ابن حزم لهذا الرأي ،  فيقول :

( قال أبو محمد رحمه الله :  وأما الذمي يسب النبي صلى الله عليه وآله وسلم فإن أًصحابنا ،  ومالكا ،  وأصحابه ،  قالوا :  يقتل ولا بد .  وهو قول الليث بن سعد .

فنظرنا في المعنى الذي وجب به القتل على الذمي إذا سب الله تعالى ،  أو رسوله صلى الله عليه وآله وسلم ،  أو استخف بشيء من دين الإسلام ،  فوجدناه إنما هو نقضه الذمة ؛  لأنه إنما تذمم ،  وحقن دمه بالجزية على الصغار .

قال الله تعالى :  {  قَاتِلُوا الَّذِينَ لَا يُؤْمِنُونَ بِاللَّهِ وَلَا بِالْيَوْمِ الْآَخِرِ وَلَا يُحَرِّمُونَ مَا حَرَّمَ اللَّهُ وَرَسُولُهُ وَلَا يَدِينُونَ دِينَ الْحَقِّ مِنَ الَّذِينَ أُوتُوا الْكِتَابَ حَتَّى يُعْطُوا الْجِزْيَةَ عَنْ يَدٍ وَهُمْ صَاغِرُونَ }[ التوبة :  29 ] .

وقال تعالى :  {  وإن نكثوا أيمانهم من بعد عهدهم وطعنوا في دينكم فقاتلوا أئمة الكفر }[ التوبة :  12 ] فكان هاتان الآيتان نصا جليا لا يحتمل تأويلا في بيان ما قلنا من أن أهل الكتاب يقاتلون ويقتلون حتى يعطوا الجزية ،  وعلى أنهم إذا عوهدوا وتم عهدهم ،  وطعنوا في ديننا ،  فقد نقضوا عهدهم ،  ونكثوا أيمانهم ،  وعاد حكم قتالهم كما كان .  وبضرورة الحس والمشاهدة ندري أنهم إن أعلنوا سب الله تعالى ،  أو سب رسول الله صلى الله عليه وآله وسلم ،  أو شيء من دين الإسلام ،  أو مسلم من عرض الناس ،  فقد فارقوا الصغار ،  بل قد أصغرونا ،  وأذلونا ،  وطعنوا في ديننا ،  فنكثوا بذلك عهدهم ،  ونقضوا ذمتهم ،  وإذا نقضوا ذمتهم فقد حلت دماؤهم ،  وسبيهم ،  وأموالهم بلا شك ) .

المسألة السابعة :

 التخصيص بالإجماع .

قال الإمام ابن حزم رحمه الله تعالى :

( قال علي :  ومن التخصيص بالإجماع قوله تعالى :  {  قَاتِلُوا الَّذِينَ لَا يُؤْمِنُونَ بِاللَّهِ وَلَا بِالْيَوْمِ الْآَخِرِ وَلَا يُحَرِّمُونَ مَا حَرَّمَ اللَّهُ وَرَسُولُهُ وَلَا يَدِينُونَ دِينَ الْحَقِّ مِنَ الَّذِينَ أُوتُوا الْكِتَابَ حَتَّى يُعْطُوا الْجِزْيَةَ عَنْ يَدٍ وَهُمْ صَاغِرُونَ }[ التوبة :  29 ] .

فلما أجمعت الأمة بلا خلاف أنهم إن بذلوا فلسا أو فلسين ،  لم يجز بذلك حقن دمائهم ،  ولا خرجوا عن إيجاب قتلهم .

المسألة الثامنة :

 دليل الخطاب ،  هل هو معتبر ؟

يقول ابن حزم مبينا رأيه في دليل الخطاب :

( قال أبو محمد :  هذا مكان عظيم فيه خطأ كثير من الناس ،  وفحش جدا ،  واضطربوا فيه اضطرابا شديدا .  وذلك أن طائفة قالت :

إذا ورد نص من الله تعالى أو من رسوله صلى الله عليه وسلم معلقا بصفة ما ،  أو بزمان ما ،  أو بعدد ما ،  فإن ما عدا تلك الصفة ،  وما عدا ذلك الزمان ،  وما عدا ذلك العدد ،  فواجب أن يحكم فيه بخلاف الحكم في هذا المنصوص ،  وتعليق الحكم بالأحوال المذكورة ،  دليل على أن ما عداها مخالف لها .

وقالت طائفة أخرى ،  وهم جمهور أصحابنا الظاهريين ،  وطوائف من الشافعيين منهم :  أبو العباس بن سريج ،  وطوائف من المالكيين :

إن الخطاب إذا ورد كما ذكرنا لم يدل على أن ما عداه بخلافه بل كان موقوفا على دليل .

قال أبو محمد :  هذا القول هو الذي لا يجوز غيره .  وتمام ذلك في قول أصحابنا الظاهريين :  أن كل خطاب ،  وكل قضية ،  فإنما تعطيك ما فيها ،  ولا تعطيك حكما في غيرها ،  لا أن ما عداها موافق لها ،  ولا أنه مخالف لها ،  لكن كل ما عداها موقوف على دليله .

وبناء على هذا الرأي الذي رآه ابن حزم – رحمه الله - ،  فإنه بين الاستدلال الصحيح الذي يراه في قوله تعالى في الآية :  {  حتى يعطوا الجزية عن يد وهم صاغرون } من جهة مفهوم المخالفة للآية ،  فقال :  ( فإن قالوا :  فقول الله تعالى :  {  قاتلوا الذين لا يؤمنون بالله ولا باليوم الآخر ولا يحرمون ما حرم الله ورسوله ولا يدينون دين الحث من الذين أوتوا الكتاب حتى يعطوا الجزية عن يد وهم صاغرون }[ التوبة :  29 ] .  أليس إعطاؤهم الجزية مانعا من قتلهم ؟

قيل لهم ،  وبالله التوفيق :

إنما في الآية الأمر بقتلهم إلى وقت إعطاء الجزية ،  ثم ليس فيها ( إلا ) المنع من قتلهم بعد عطائها ،  ولا إيجاب قتلهم ،  ولكن لما قال رسول الله صلى الله عليه وسلم :   "" ولا يُقْتل ذا عهد في عهده ""  ،  وقال صلى الله عليه وسلم لمن كان يبعث من قواده :   "" فإن هم أبوا فسلهم الجزية ،  فإن هم أجابوك فاقبل منهم وكف عنهم ""  .

هذا نص كلامه صلى الله عليه وسلم لكل من يبعثه إلى كتابي حربي ،  حدثناه عبد الله بن يوسف عن أحمد بن فتح ،  عن عبد الوهاب بن عيسى ،  عن أحمد بن محمد ،  عن أحمد بن علي ،  عن مسلم قال :  حدثنا أبو بكر بن أبي شيبة وإسحاق بن راهويه وعبد الله بن هاشم قال أبو بكر :  ثنا وكيع بن الجراح وقال إسحاق :  ثنا يحيى بن آدم وقال عبد الله :  ثنا عبد الرحمن بن مهدي كلهم قالوا :  ثنا سفيان الثوري ،  عن علقمة بن مرثد ،  عن سليمان بن بريدة ،  عن أبيه عن النبي صلى الله عليه وسلم .

قال أبو محمد :

فلما قال صلى الله عليه وسلم ذلك مبينا أن دماءهم ،  وأموالهم ،  وأذاهم بالظلم ،  وسبي عيالهم وأطفالهم ،  حرام بإعطائهم الجزية ،  بنص قوله صلى الله عليه وسلم :   "" كف عنهم ""  فالكف يقتضي كل هذا .

المسألة التاسعة :

 هل تؤخذ الزكاة من كافر ؟

قال ابن حزم رحمه الله :

( ولا تؤخذ زكاة من كافر – لا مضاعفة ولا غير مضاعفة ،  لا من بني تغلب ولا من غيرهم – وهو قول مالك .

وقال أبو حنيفة والشافعي كذلك إلا في بني تغلب خاصة ؛  فإنهم قالوا :  تؤخذ منهم الزكاة مضاعفة ،  واحتجوا بخبر واه مضطرب في غاية الاضطراب ،  ثم قال رادا على هذا القول :

ولا خلاف للقرآن أكثر من قول الله تعالى :  {  حتى يعطوا الجزية عن يد وهم صاغرون }[ التوبة :  29 ] فقالوا هم :  إلا بني تغلب فلا يؤدون الجزية ،  ولا صغار عليهم ؛  بل يؤدون الصدقة مضاعفة ؛  فخالفوا القرآن ،  والسنن المنقولة نقل الكافة ) بخبر لا خير فيه .

المسألة العاشرة :

 من أهرق خمرا لذمي ؛  فهل يضمنه ؟

يرى ابن حزم :  أن من أهرق خمرا لمسلم أو لذمي ؛  فلا شيء عليه .  وقال منكرا على المخالفين :

( وقال الحنفيون :  إن أهرق خمرا لذمي مسلم فعليه قيمتها ،  وإن أهرقها ذمي فعليه مثلها .  قال أبو محمد :  وهذا باطل ،  ولا قيمة للخمر ،  وقد حرم رسول الله صلى الله عليه وسلم بيعها وأمر بهرقها ،  فما لا يحل بيعه ولا ملكه ،  فلا ضمان فيه .  فإن قالوا :  هي أموال أهل الذمة ؟  قلنا :  كذبتم وما جعلها الله تعالى مذ حرمها مالا لأحد ،  ولكن أخبرونا :  أهي حلال لأهل الذمة ؟  أم هي حرام عليهم ؟  فإن قالوا :  هي لهم حلال كفروا ؛  لأن الله تعالى قد أخبر فيما نعاه عليهم أنهم :  {  ولا يحرمون ما حرم الله ورسوله ولا يدينون دين الحق }[ التوبة :  29 ] .

ولا يختلف مسلمان في أن دين الإسلام لازم للكفار لزومه للمسلمين ،  وأن رسول الله صلى الله عليه وسلم مبعوث إليهم كما بعث إلينا ،  وأن طاعته فرض عليهم كما هي علينا .  فإن قالوا :  بل هي عليهم حرام .  قلنا :  صدقتم فمن أتلف مالا لا يحل تملكه فقد أحسن ولا شيء عليه .

روينا من طريق أبي داود :  نا قتيبة بن سعيد ،  نا الليث – هو ابن سعد – عن يزيد بن أبي حبيب ،  عن عطاء بن أبي رباح ،  عن جابر بن عبد الله أنه سمع رسول الله صلى الله عليه وسلم يقول عام الفتح وهو بمكة :   "" إن الله حرم بيع الخمر ،  والميتة ،  والخنازير ""  .

فيا ليت شعري كيف يستحل مسلم أن يبيح ثمن بيع حرمه الله تعالى ؟  !  أم كيف يستحل مسلم أن يقول :  إنها مال من أموال أهل الذمة تضمن لهم ؟  حاشا لله من هذا .

المسألة الحادية عشرة :

 من أسلم وتحته أكثر من أربع نسوة .

يرى ابن حزم – رحمه الله – أن من أسلم وتحته أكثر من أربع نسوة فإن له إمساك الأربع الأول اللاتي عقد عليهن أولا ،  وتسريح ما سواهن .  فها هو يقول منكرا على من تمسك من أهل العلم بأحاديث تخيير من أسلم ،  وعنده أكثر من أربع نسوة :

( وتركوا أيضا ما فيها من قوله تعالى :  {  ولا يحرمون ما حرم الله ورسوله }[ التوبة :  29 ] ،  وتعلقوا بحديث تخيير من أسلم ،  وعنده أكثر من أربع نسوة ،  لأنه لا يجوز أن يوجد أحد نكح أكثر من أربع نكاحا جائزا ،  لأن نكاح من نكح خامسة اليوم باطل حين عقده إياه ،  مفسوخ لا يجوز – وإن جوزه الكفار – لأن الله تعالى حرمه ،  وتحريم الله تعالى لاحق بهم لازم لهم ) .

المسألة الثانية عشرة :

 هل يقتص للكافر من المسلم ؟

يقول ابن حزم رحمه الله تعالى :

( وإن قتل مسلم عاقل بالغ :  ذميا ،  أو مستأمنا – عمدا ،  أو خطأ – فلا قود عليه ،  ولا دية ،  ولا كفارة ،  ولكن يؤدب في العمد خاصة ،  ويسجن حتى يتوب كفا لضرره .

برهان ذلك :

قول الله تعالى :  {  وَمَا كَانَ لِمُؤْمِنٍ أَنْ يَقْتُلَ مُؤْمِنًا إِلَّا خَطَأً وَمَنْ قَتَلَ مُؤْمِنًا خَطَأً فَتَحْرِيرُ رَقَبَةٍ مُؤْمِنَةٍ وَدِيَةٌ مُسَلَّمَةٌ إِلَى أَهْلِهِ إِلَّا أَنْ يَصَّدَّقُوا فَإِنْ كَانَ مِنْ قَوْمٍ عَدُوٍّ لَكُمْ وَهُوَ مُؤْمِنٌ فَتَحْرِيرُ رَقَبَةٍ مُؤْمِنَةٍ وَإِنْ كَانَ مِنْ قَوْمٍ بَيْنَكُمْ وَبَيْنَهُمْ مِيثَاقٌ فَدِيَةٌ مُسَلَّمَةٌ إِلَى أَهْلِهِ وَتَحْرِيرُ رَقَبَةٍ مُؤْمِنَةٍ فَمَنْ لَمْ يَجِدْ فَصِيَامُ شَهْرَيْنِ مُتَتَابِعَيْنِ تَوْبَةً مِنَ اللَّهِ وَكَانَ اللَّهُ عَلِيمًا حَكِيمًا }[ النساء :  92 ] .

فهذا كله في المؤمن بيقين ،  والضمير الذي في {  وَإِنْ كَانَ مِنْ قَوْمٍ بَيْنَكُمْ وَبَيْنَهُمْ مِيثَاقٌ فَدِيَةٌ مُسَلَّمَةٌ إِلَى أَهْلِهِ وَتَحْرِيرُ رَقَبَةٍ مُؤْمِنَةٍ فَمَنْ لَمْ يَجِدْ فَصِيَامُ شَهْرَيْنِ مُتَتَابِعَيْنِ تَوْبَةً مِنَ اللَّهِ }[ النساء :  92 ] راجع ضرورة – لت يمكن غير هذا – إلى المؤمن المذكور أولا ،  ولا ذكر في هذه الآية لذمي أصلا ،  ولا لمستأمن ؛  فصح يقينا أن إيجاب الدية على المسلم في ذلك لا يجوز ألبتة ،  وكذلك إيجاب القود عليه ولا فرق .  .  .  نعم ،  وفي الآية التي فيها :  ( كتب عليكم  القصاص في القتلى الحر بالحر والعبد بالعبد والأنثى بالأنثى فمن عفي له من أخيه شيء فاتباع بالمعروف وأداء إليه بإحسان }[ البقرة :  178 ] وهذا نص جلي بأنها في المؤمنين خاصة ،  بعضهم في بعض فقط ؛  لأنهم إخوة كلهم ،  فاسقهم وصالحهم ،  عبدهم وحرهم ،  وليس أهل الذمة إخوة لنا ،  ولا كرامة لهم .

وكذلك قول تعالى :  {  فقد جعلنا لوليه سلطانا }[ الإسراء :  33 ] فمعاد الله أن يكون هذا لكافر ،  والله ما جعل تعالى لهم قط – بحكم دينه – سلطانا ،  بل جعل لهم الصغار ،  قال عز وجل :  {  حتى يعطوا الجزية عن يد وهم صاغرون }[ التوبة :  29 ] .

فإن قالوا :  فإذ لا يساووننا فلم قتلتم الكافر بالمؤمن ؟  قلنا :  ولا كرامة أن نقتله به قودا ،  بل قتلناه ؛  لأنه نقض الذمة ،  وخالف العهد بخروجه عن الصغار ،  وكذلك نقتله إن لطم مسلما أو سبه ،  ونستفيء جميع ماله بذلك ،  ونسبي أهله وصغار ولده .

فإن قالوا :  فلم تحكمون على المسلم برد ما غصبه من الذمي أو منعه إياه من المال ؟  قلنا :  ليس في هذا سبيل له على المسلم ،  إنما هي مظلمة يبرأ منها المسلم تنزيها له عن حبسها فقط .

قال أبو محمد رضي الله عنه :  ويوضح هذا غاية الوضوح :  ما رويناه من طريق أبي داود السجستاني قال :  أنا أحمد بن حنبل ،  أنا يحيى بن سعيد القطان ،  أنا سعيد بن أبي عروبة ،  عن قتادة ،  عن الحسن البصري ،  عن قيس بن عباد ،  قال :  انطلقت أنا وآخر – ذكره – إلى علي بن أبي طالب فقلنا :  هل عهد إليك رسول الله صلى الله عليه وسلم عهدا لم يعهده إلى الناس عامة ؟  قال :  لا ،  إلا ما في كتابي هذا ،  فإذا فيه :  المؤمنون تتكافأ دماؤهم ،  وهم يد على من سواهم ،  ويسعى بذمتهم أدناهم ،  ألا لا يقتل مؤمن بكافر ،  ولا ذو عهد في عهده .  من أحدث حدثا ،  أو آوى محدثا ،  فعليه لعنة الله والملائكة والناس أجمعين ) .  .  .

قال أبو محمد رضي الله عنه :  وهذا لا يحل لمسلم خلافه .

المسألة الثالثة عشرة :

 عموم بعثة النبي صلى الله عليه وسلم .

قال أبو محمد :

( وأما العيسوية من اليهود ،  فإنه يقال لهم :  إذا صدقتم الكافة في نقل القرآن عن النبي صلى الله عليه وسلم ،  وفي نقل معجزاته ،  وصحة نبوته ؛  فقد لزمكم الانقياد لما في القرآن من أنه عليه السلام بعث إلى الناس كافة ،  بقوله تعالى فيه آمرا لرسوله صلى الله عليه وسلم أن يقول :

{  يا أيها الناس إني رسول الله إليكم جميعا }[ الأعراف :  158 ] .

وقوله تعالى :  {  ومن يبتغ غير الإسلام دينا فلن يقبل منه وهو في الآخرة من الخاسرين }[ آل عمران :  85 ]

وقوله تعالى :  {  قاتلوا الذين لا يؤمنون بالله ولا باليوم الآخر } إلى قوله :  {  حتى يعطوا الجزية عن يد وهم صاغرون }[ التوبة :  29 ] .

وما فيه من دعاء اليهود إلى ترك ما هم عليه ،  والرجوع إلى شريعته عليه السلام ،  وهذا ما لا مخلص منه .

فإن اعترضوا بما في القرآن مما حرم عليهم – يعني اليهود - ،  وحضهم على التزام السبت ،  فإنما هو تبكيت لهم فيما سلف من أسلافهم الذين قفوا هم آثارهم ،  يبين هذا :  نص القرآن في قوله تعالى عن عيسى عليه السلام :  أنه رسول الله صلى الله عليه وسلم إلى بني إسرائيل ؛  ليحل لهم بعض الذي حرم عليهم .  وهذا نص جلي على نسخ شريعتهم ،  وبطلانها ،  ثم ما لا ينكره أحد :  مؤمن وكافر ،  من أنه عليه السلام حارب يهود بني إسرائيل :  من بني قريظة ،  والنضير ،  وهذل ،  وبني فينقاع ،  وقتلهم ،  وسباهم ،  وإلزامهم الجزية ،  وسماهم كفارا إذا لم يرجعوا إلى الإسلام ،  وقبل إسلام من أسلم منهم ،  فلو لم يكن دينهم منسوخا ،  ما حل له إجبارهم على تركه ،  أو الجزية والصغار .  ولا جاز له قبول ترك ما ترك منهم بدين بني إٍسرائيل .  ومن المحلل الممتنع أن يكون عند العيسويين رسولا صادقا نبيا ،  ثم يجور ،  ويظلم ،  ويبدل دين الحق .  فوضح فساد قولهم ،  وتناقضه بيقين لا إشكال فيه .  والحمد لله رب العالمين .

المسألة الرابعة عشرة :

 هل الكفار مخاطبون بفروع الشريعة ؟

قال أبو محمد :

قال الله تعالى :

{  يا بني آدم خذوا زينتكم عند كل مسجد }[ الأعراف :  31 ] .

فأمر تعالى بني آدم جملة كما ترى .

وقال عز وجل :

{  الَّذِينَ يَتَّبِعُونَ الرَّسُولَ النَّبِيَّ الْأُمِّيَّ الَّذِي يَجِدُونَهُ مَكْتُوبًا عِنْدَهُمْ فِي التَّوْرَاةِ وَالْإِنْجِيلِ يَأْمُرُهُمْ بِالْمَعْرُوفِ وَيَنْهَاهُمْ عَنِ الْمُنْكَرِ وَيُحِلُّ لَهُمُ الطَّيِّبَاتِ وَيُحَرِّمُ عَلَيْهِمُ الْخَبَائِثَ }[ الأعراف :  157 ] .

وقال تعالى :  {  عَنِ الْمُجْرِمِينَ  مَا سَلَكَكُمْ فِي سَقَرَ  قَالُوا لَمْ نَكُ مِنَ الْمُصَلِّينَ  وَلَمْ نَكُ نُطْعِمُ الْمِسْكِينَ  وَكُنَّا نَخُوضُ مَعَ الْخَائِضِينَ  وَكُنَّا نُكَذِّبُ بِيَوْمِ الدِّينِ  حَتَّى أَتَانَا الْيَقِينُ }[ المدثر :  40-47 ] .

فنص تعالى كما ترى أنه يعذب المكذبين بيوم الدين ،  وهم الكفار بلا شك على تركهم الصلاة ،  وترك إطعام المسكين .

وقال عز وجل :

{  ثم في سلسلة ذرعها سبعون ذراعا فاسلكوه إنه كان لا يؤمن بالله العظيم ولا يحض على طعام المسكين }[ الحاقة :  32-34 ] .

فنص تعالى كما ترى أيضا على أن نوع الكفار معذبون ؛  لأنهم لم يطعمون المساكين .

وقال :  {  وما أرسلناك إلا كافة للناس بشيرا ونذيرا }[ سبأ :  28 ] .

وأمره تعالى أن يقول :  {  يا أيها الناس إني رسول الله إليكم جميعا }[ الأعراف :  158 ] .

هو نص جلي على لزوم شرائع الإسلام كلها للكفار كلزومها للمؤمنين ،  إلا أن منها ما لا يقبل منهم إلا بعد الإسلام كالصلاة والصيام والحج ،  وهم في ذلك ،  كالجنب ،  وتارك النية ،  والمحدث لا تقبل منه صلاة حتى يطهر ،  ولا صيام ،  ولا حج إلا بإحداث النية في ذلك .

وقال تعالى :

{  قاتلوا الذين لا يؤمنون بالله ولا باليوم الآخر ولا يحرمون ما حرم الله ورسوله }[ التوبة :  9 ] .  فنص تعالى على أنهم عصاة ،  إذ لا يحرمون ما حرم الله ورسوله صلى الله عليه وسلم .

وقال تعالى :  {  وطعامكم حل لهم }[ المائدة :  5 ] .

فصح أن طعامنا حل لهم شاؤوا ،  أو أبوا .

وقال تعالى :

{  وان احكم بينهم بما أنزل الله }[ المائدة :  49 ] .

وروينا عن ابن عباس بسند جيد أن هذه الآية ناسخة لقوله تعالى :

{  فاحكم بينهم أو أعرض عنهم }[ المائدة :  42 ] .

وإذا قد صح كل هذا بيقين فواجب أن يحدوا على الخمر والزنى ،  وأن تراق خمورهم ،  وتقتل خنازيرهم ،  ويبطل رباهم ،  ويلزمون من الأحكام كلها في النكاح والمواريث والبيوع والحدود كلها ،  وسائر الأحكام مثل ما يلزم المسلمون ،  ولا فرق ،  ولا يجوز غير هذا ،  وأن يؤكل ما ذبحوا من الأرانب ،  وما نحروا من الجمال ،  ومن كل ما لا يعتقدون تحليله ؛  لأن كل ذلك حلال لهم بلا شك ) ."
9,31,"قال الله تعالى :

{  اتخذوا أحبارهم ورهبانهم أربابا من دون الله والمسيح ابن مريم وما أمروا إلا ليعبدوا إلها واحدا لا إله إلا هو سبحانه عما يشركون }[ التوبة :  31 ] .

وفيها مسألة واحدة ،  وهي :

 هل الشرك والكفر بمعنى واحد ؟

قال ابن حزم :

( قال أبو محمد رضي الله عنه :

واختلف الناس في الكفر والشرك ،  فقالت طائفة :  هما اسمان واقعان على معنيين وأن كل شرك كفر ،  وليس كل كفر شركا ،  وقال هؤلاء :  لا شرك إلا قول من جعل لله شريكا .  قال هؤلاء :  واليهود والنصارى كفار لا مشركون ،  وسائر الملل كفار مشركون ،  وهو قول أبي حنيفة وغيره .

وقال آخرون :  الكفر والشرك سواء ،  وكل كافر فهو مشرك ،  وكل مشرك فهو كافر ،  وهو قول الشافعي وغيره .

قال أبو محمد رضي الله عنه :  واحتجت الطائفة الأولى بقول الله عز وجل :  {  لم يكن الذين كفروا من أهل الكتاب والمشركين منفكين }[ البينة :  1 ] .

قالوا :  ففرق الله تعالى بين والمشركين .  وقالوا :  لفظة الشرك مأخوذة من الشريك ،  فمن لم يجعل لله تعالى شريكا ،  فليس مشركا .

قال أبو محمد رضي الله عنه :  هذه عمدة حجتهم ،  ما نعلم لهم حجة غير هاتين .

قال أبو محمد رضي الله عنه :  أما احتجاجهم بقول الله عز وجل :  {  لم يكن الذين كفروا من أهل الكتاب والمشركين }[ البينة :  1 ] .

فلم لم يأت في هذا المعنى ،  غير هذه الآية ،  لكانت حجتهم ظاهرة .  لكن الذي أنزل هذه الآية هو القائل :  {  اتخذوا أحبارهم ورهبانهم أربابا من دون الله والمسيح ابن مريم وما أمروا إلا ليعبدوا إلها واحدا } .

وقال تعالى :  {  يا عيسى ابن مريم أأنت قلت للناس اتخذوني وأمي إلهين من دون الله }[ المائدة :  116 ] .

وقال تعالى عنهم أنهم قالوا :  {  إن الله ثالث ثلاثة }[ المائدة :  73 ] .

وهذا كله تشريك ظاهر لا خفاء فيه ،  فإذ قد صح الشرك والتشريك في القرآن من اليهود والنصارى ؛  فقد صح أنهم مشركون ،  وأن الشرك والكفر :  اسمان لمعنى واحد .  وقد قلنا :  إن التسمية لله عز وجل لا لنا ،  فإذ ذلك كذلك ؛  فقد صح أن قوله تعالى :  {  الذين كفروا من أهل الكتاب والمشركين } كقوله تعالى :  {  إن الله جامع المنافقيه والكافرين في جهنم جميعا }[ النساء :  14 ] .

ولا خلاف بين أحد من أهل الإسلام في أن المنافقين كفار ،  كقوله تعالى :  {  من كان عدوا لله وملائكته ورسله وجبريل وميكال فإن الله عدو للكافرين }[ البقرة :  98 ] .

ولا خلاف في أن جبريل وميكائيل من جملة الملائكة .

وكقوله تعالى :  {  فيهما فاكهة ونخل ورمان }[ الرحمن :  68 ] .

والرمان :  الرمان من الفاكهة ،  والقرآن نزل بلغة العرب ،  والعرب تعيد الشيء باسمه ،  وإن كانت قد أجملت ذكره ،  تأكيدا لأمره .  فبطل تعلق من تعلق بتفريق الله تعالى بين الكفار والمشركين في اللفظ .  وبالله تعالى التوفيق .

وأما احتجاجهم بأن لفظ الشرك ،  مأخوذ من الشريك ،  فقد قلنا :  إن التسمية لله عز وجل ،  لا لأحد دونه ،  وله تعالى أن يوقع أي اسم شاء على أي مسمى شاء .  برهان ذلك أن من أشرك بين عبدين له في عمل ما ،  أو بين اثنين في هبة وهبها لهما ،  فإنه لا يطلق عليه اسم مشرك ،  ولا يحل أن يقال :  إن فلانا أشرك ،  ولا أن عمله شرك ،  فصح أنها لفظة منقولة أيضا عن موضوعها في اللغة ،  كما أن الكفر لفظة منقولة أيضا عن موضوعها في اللغة ،  إلى ما أوقعها الله تعالى عليه ،  والتعجب من أهل هذه المقالة ،  وقولهم أن النصارى ليسوا مشركين ،  وشركهم أظهر وأشهر من أن يجهله أحد ،  لأنهم يقولون كلهم بعبادة الأب ،  والابن ،  وروح القدس ،  وأن المسيح إله حق ،  ثم يجعلون البراهمة مشركين ،  وهم لا يقرون إلا بالله وحده ،  ولقد كان يلزم أهل هذه المقالة أن لا يجعلوا كافرا إلا من جحد الله تعالى فقط ) ."
9,34,"قال تعالى :

{  يَا أَيُّهَا الَّذِينَ آَمَنُوا إِنَّ كَثِيرًا مِنَ الْأَحْبَارِ وَالرُّهْبَانِ لَيَأْكُلُونَ أَمْوَالَ النَّاسِ بِالْبَاطِلِ وَيَصُدُّونَ عَنْ سَبِيلِ اللَّهِ وَالَّذِينَ يَكْنِزُونَ الذَّهَبَ وَالْفِضَّةَ وَلَا يُنْفِقُونَهَا فِي سَبِيلِ اللَّهِ فَبَشِّرْهُمْ بِعَذَابٍ أَلِيمٍ }[ التوبة :  34 ] .

وفيها مسألتان :

المسألة الأولى :  هل تجب الزكاة في حلي المرأة ؟

المسألة الثانية :  جواز لبس الذهب للمرأة .

المسألة الأولى :

 هل في الحلي زكاة ؟

قال ابن حزم رحمه الله تعالى :

( والزكاة واجبة في حلي الفضة والذهب إذا بلغ كل واحد منهما المقدار الذي ذكرنا ،  وأتم عند مالكه عاما قمريا .

وجاء في ذلك عن السلف ما قد ذكرناه في الباب الذي قبل هذا عن ابن مسعود عن إيجابه الزكاة في حلي امرأته .  وهو عنه في غاية الصحة .

وروينا من طريق محمد بن المثنى ،  عن عبد الرحمن بن مهدي ،  عن سفيان الثوري ،  عن حماد بن أبي سليمان ،  عن إبراهيم النخعي ،  عن علقمة قال :  قالت امرأة لعبد الله بن مسعود :  لي حلي ؟  فقال لها :  إذا بلغ مائتين ففيه الزكاة .

وعن عمر بن الخطاب أنه كتاب إلى أبي موسى :  مر نساء المسلمين يزكين حليهن .

ومن طريق جرير بن حازم ،  عن عمرو بن شعيب ،  عن أبيه قال :  كان عبد الله بن عمرو بن العاص يأمر بالزكاة في حلي بناته ونسائه .

ومن طريق حسين المعلم ،  عن عمرو بن شعيب ،  عن سالم عن عبد الله بن عمر أنه كان يأمره بذلك كل عام .

وعن عمرو بن شعيب ،  عن عروة ،  عن عائشة أم المؤمنين قالت :  لا بأس بلبس الحلي إذا أعطيت زكاته .  .  .

وقال بعد أن أورد جملة من الأحاديث التي يرى ضعفها ،  وهي دالة على الزكاة في الحلي .  قال :

( قال أبو محمد :  لو لم يكن إلا هذه الآثار لما قلنا بوجوب الزكاة في الحلي ؛  ولكن لما صح عن رسول الله صلى الله عليه وسلم :   "" في الرقة ربع العشر ""  ( وليس فيما دون خمس أواق من الورق صدقة ،  فإذا بلغ مائتي درهم ففيها خمسة دراهم ) وكان الحلي ورقا وجب فيه حق الزكاة ،  لعموم هذين الأثرين الصحيحين .

وأما الذهب فقد صح عن رسول الله صلى الله عليه وسلم :   "" ما من صاحب ذهب لا يؤدي ما فيها إلا جعل له يوم القيامة صفائح من نار يكوى بها ""  .

فوجب الزكاة في كل ذهب بهذا النص .

المسألة الثانية :

 جواز لبس الذهب للمرأة .

يرى ابن حزم رحمه الله تعالى أن :  ( لباس المرأة الحرير والذهب في الصلاة وغيرها :  حلال ) .  قال :

والحاكم على كل ذلك ،  هو :  ما رويناه من طريق أحمد بن شعيب ،  أنا عمرو بن علي ،  نا يحيى – هو ابن سعيد القطان – ويزيد – هو ابن زريع – ومعتمر – هو ابن سليمان التيمي – وبشر بن المفضل قالوا كلهم :  نا عبيد الله بن عمر ،  عن نافع مولى ابن عمر ،  عن سعيد بن أبي هند عن أبي موسى الأشعري ،  أن رسول الله صلى الله عليه وسلم قال :   "" إن الله أحل للإناث أمتي الحرير والذهب ،  وحرمه على ذكورها ""  .

ومن طريق أبي داود نا أحمد بن حنبل ،  نا يعقوب هو ابن إبراهيم بن سعد بن إبراهيم بن عبد الرحمن بن عوف – نا أبي عن ابن إسحاق قال :  إن نافعا مولى ابن عمر حدثني ،  عن عبد الله بن عمر قال :  إنه سمع رسول الله صلى الله عليه وسلم نهى النساء في إحرامهن عن القفازين والنقاب ،  وما مس الورس ،  أو الزعفران من الثياب ) .  ولتلبس بعد ذلك ما أحبت من معصفر ،  أو حذاء ،  أو حلي ،  أو سراويل ،  أو قميص ،  أو خف .  فعم رسول الله صلى الله عليه وسلم لها جميع الحلي ،  ولو كان الذهب حراما عليهن لبينة عليه الصلاة والسلام بلا شك ،  فإذ لم ينص على منعه ،  فهذا حلال لهن .  وبالله تعالى التوفيق ) ."
9,36,"قال الله وتعالى :  {  إِنَّ عِدَّةَ الشُّهُورِ عِنْدَ اللَّهِ اثْنَا عَشَرَ شَهْرًا فِي كِتَابِ اللَّهِ يَوْمَ خَلَقَ السَّمَاوَاتِ وَالْأَرْضَ مِنْهَا أَرْبَعَةٌ حُرُمٌ ذَلِكَ الدِّينُ الْقَيِّمُ فَلَا تَظْلِمُوا فِيهِنَّ أَنْفُسَكُمْ وَقَاتِلُوا الْمُشْرِكِينَ كَافَّةً كَمَا يُقَاتِلُونَكُمْ كَافَّةً وَاعْلَمُوا أَنَّ اللَّهَ مَعَ الْمُتَّقِينَ }[ التوبة :  36 ] .

وفيها ثلاث مسائل ،  هي :

المسألة الأولى :  حساب الحول بما يكون ؟

المسألة الثانية :  هل يقام القصاص في الأشهر الحرم ؟

المسألة الثالثة :  هل يشترط في صوم الشهرين أن يكونا كاملين ؟

المسألة الأولى :

 حساب الحول بما يكون ؟

يقول الإمام ابن حزم :

( ولا زكاة في الغنم حتى يملك المسلم الواحد منها أربعين رأسا حولا كاملا متصلا عربيا قمريا .  .  .

وأما قولنا :  أن يكون الحول عربيا ،  فلا خلاف بين أحد من الأمة في أن الحول اثنا عشرا شهرا ،  وقال الله تعالى :  {  إن عدة الشهور عند الله اثنا عشرا شهرا في كتاب الله يوم خلق السماوات والأرض منها أربعة حرم }[ التوبة :  36 ] .

والأشهر الحرم لا تكون إلا في الشهور العربية .  وقال تعالى :  {  يسألونك عن الأهلة قل هي مواقيت للناس والحج }[ البقرة :  189 ] .

وقال تعالى :  {  لتعلموا عدد السنين والحساب }[ يونس :  5 ]

ولا يعد بالأهلة إلا العام العربي ؛  فصح أنه لا تجب شريعة مؤقتة بالشهور ،  أو بالحول إلا بشهور العرب ،  والحول العربي .  وبالله تعالى التوفيق .

المسألة الثانية :

 هل يقام القصاص والحدود في الشهر الحرم ؟

قال ابن حزم رحمه الله تعالى :

قال علي :  قال الله تعالى :  {  إِنَّ عِدَّةَ الشُّهُورِ عِنْدَ اللَّهِ اثْنَا عَشَرَ شَهْرًا فِي كِتَابِ اللَّهِ يَوْمَ خَلَقَ السَّمَاوَاتِ وَالْأَرْضَ مِنْهَا أَرْبَعَةٌ حُرُمٌ ذَلِكَ الدِّينُ الْقَيِّمُ فَلَا تَظْلِمُوا فِيهِنَّ أَنْفُسَكُمْ }[ التوبة :  36 ] .

فإنما نهى الله تعالى فيها عن الظلم ،  فكان الظلم فيها أوكد من الظلم في غيرها ،  ولا يحل أن يزاد على الله تعالى ما لم يقل .

ثم نظرنا في قوله تعالى :  {  الشهر الحرام بالشهر الحرام }[ البقرة :  194 ] .

فكان موجب هذه الآية :  أن من قتل أو جرح في شهر حرام ،  فلم يظفر به إلا في شهر حلال ،  فإن ولي الاستقادة من الدم ،  أو الجرح مخير :  إن شاء تأخيره إلى شهر حرام ،  فذلك له بنص الآية ،  وإن لم يرد ذلك ،  فهو بعض حقه تجافى عنه ،  ولم تمنعه الآية من ذلك – وبهذا نقول – وبالله تعالى التوفيق .

وأما قوله تعالى :  {  يسألونك عن الشهر الحرام قتال فيه }[ البقرة :  217 ] .

إنما هذا في القتال ،  وليس في القود في شيء .

قال أبو محمد :  ويحبس الذي وجب عليه القود فأخره المجني عليه أو ولي الدم حتى يأتي شهر حرام ،  لأنه قد وجب أخذه بما جنى ،  فلا ينبغي تسريحه ،  بل يوقف بلا خلاف للقود ،  ويمنع من الانطلاق .

قال أبو محمد :  وأما الحدود فتقام في الشهر الحرام كلها من رجم وغيره ،  لأن الله تعالى لم يأت عنه نص بالمنع من ذلك ،  ولا من رسوله عليه الصلاة والسلام ،  وتعجيل الطاعة المفترضة في إقامة الحدود واجب بيقين ،  ندري أن الله تعالى لو أراد تأخير ذلك عن الشهر الحرام لبينه تعالى على لسان رسوله صلى الله عليه وسلم كما بين ذلك في الحرم بمكة ،  فإذا لم يفعل فنحن نشهد بشهادة الله تعالى أنه ما أراد قط أن لا تقام الحدود إلا في الأشهر الحرم .

المسألة الثالثة :

 هل يشترط في صوم الشهرين – في الكفارة – أن يكونا كاملين ؟

قال ابن حزم :

( فإن بدأ بصومهما في أول يوم من الشهر صام إلى أن يرى الهلال الثالث ولا بد ،  كاملين كانا أو ناقصين ،  أو كاملا وناقصا لقول الله تعالى :  {  إن عدة الشهور عند الله اثنا عشر شهرا في كتاب الله }[ التوبة :  36 ] فمن لزمه صوم شهرين لزمه أن يأتي بهما من جملة الاثني عشر شهرا المذكورة ) ."
9,38,"قال تعالى :  {  يَا أَيُّهَا الَّذِينَ آَمَنُوا مَا لَكُمْ إِذَا قِيلَ لَكُمُ انْفِرُوا فِي سَبِيلِ اللَّهِ اثَّاقَلْتُمْ إِلَى الْأَرْضِ أَرَضِيتُمْ بِالْحَيَاةِ الدُّنْيَا مِنَ الْآَخِرَةِ فَمَا مَتَاعُ الْحَيَاةِ الدُّنْيَا فِي الْآَخِرَةِ إِلَّا قَلِيلٌ }[ التوبة :  38 ] .

وفيها مسألة واحدة ،  وهي :

 حكم صلاة الجماعة .

قال ابن حزم :

( مسألة :  ولا تجزئ صلاة فرض أحدا من الرجال إذا كان بحيث يسمع الأذان أن يصليها إلا في المسجد مع الإمام ،  فإن تعمد ترك ذلك بغير عذر بطلت صلاته ،  فإن كان بحيث لا يسمع الأذان ،  ففرض عليه أن يصلي في جماعة مع واحد إليه فصاعدا ولا بد ،  فإن لم يفعل ،  فلا صلاة له ،  إلا أن لا يجد أحدا يصليها معه ،  فيجزئه حينئذ ،  إلا من له عذر فيجزئه حينئذ التخلف عن الجماعة…

حدثنا عبد الله بن يوسف ،  ثنا أحمد بن فتح ،  ثنا عبد الوهاب بن عيسى ،  ثنا أحمد بن محمد ،  ثنا أحمد بن علي ،  ثنا مسلم بن الحجاج ،  ثنا قتيبة بن سعيد ويعقوب بن إبراهيم الدورقي وإسحاق بن إبراهيم هو ابن راهويه كلهم عن مروان بن معاوية الفزاري ،  عن عبيد الله بن الأصم ،  عن يزيد بن الأصم ،  عن أبي هريرة قال :  أتى النبي صلى الله عليه وسلم رجل أعمى فقال :  يا رسول الله ،  ليس لي قائد يقودني إلى المسجد ،  فسأل رسول الله صلى الله عليه وسلم أن يرخص له ،  فيصلي في بيته ،  فرخص له ،  فلما ولى دعاه وقال له :  هل تسمع النداء بالصلاة ؟  قال :  نعم ،  قال رسول الله صلى الله عليه وسلم :   "" فأجب ""  .

حدثنا عبد الرحمن بن عبد الله بن خالد ،  ثنا إبراهيم بن أحمد البلخي ،  ثنا الفربري ،  ثنا البخاري ،  ثنا مسدد ،  ثنا يزيد بن زريع ،  ثنا خالد الحذاء ،  عن أبي قلابة ،  عن مالك بن الحويرث الليثي قال :  قال لنا رسول الله صلى الله عليه وسلم :   "" إذا حضرت الصلاة فأذنا ،  وأقيما ،  ثم ليؤمكما أكبركما ""  .

حدثنا أحمد بن قاسم ،  حدثني أبي قاسم بن محمد بن قاسم ،  حدثني جدي قاسم بن أصبغ ،  ثنا إسماعيل بن إسحاق القاضي ،  ثنا سليمان بن حرب ،  ثنا شعبة ،  عن حبيب بن أبي ثابت ،  عن سعيد بن جبير ،  عن ابن عباس :  أن النبي صلى الله عليه وسلم قال :   "" من سمع النداء فلم يجب فلا صلاة له إلا من عذر ""  .

حدثنا حمام بن أحمد ،  ثنا عباس بن أصبغ ،  ثنا محمد بن عبد الملك بن أيمن ،  ثنا إبراهيم بن محمد ،  ثنا ابن بكير ،  عن مالك ،  عن أبي الزناد ،  عن الأعرج ،  عن أبي هريرة أن رسول الله صلى الله عليه وسلم قال :   "" والذي نفسي بيده ،  لقد هممت أن آمر بحطب فيحطب ،  ثم آمره بالصلاة فيؤذن لها ،  ثم آمر رجلا ،  فيؤم الناس ،  ثم أخالف إلى رجال ،  فأحرق عليهم بيوتهم .  والذي نفسي بيده لو يعلم أحدهم أنه يجد عظما سمينا أو مرماتين حسنتين لشهد العشاء .  .  .

وليس في ذكر العشاء في آخر الحديث دليل على أنها المتوعد على تركها دون غيرها ،  بل هي قضيتان متغايرتان ؟  .  وأيضا فالمخالف موافق لنا على أن حكم صلاة العشاء في وجوب حضورها كسائر الصلوات ولا فرق .  ورسول الله صلى الله عليه وسلم لا يهم بباطل ولا يتوعد إلا بحق .  فإن قيل :  فلم لم يحرقها ؟  قيل :  لأنهم بادروا وحضروا الجماعة ،  لا يجوز غير ذلك .

قال علي :  وقد أقدم قوم على الكذب على رسول الله صلى الله عليه وسلم جهارا ،  فقال :  إنما عنى المنافقين .  ومعاذ الله من الكذب على رسول الله صلى الله عليه وسلم .  ومن المحال البحت أن يكون عليه السلام يريد المنافقين ،  فلا يذكرهم ،  ويذكر تاركي الصلاة وهو لا يريدهم .

فإن ذكروا حديث أبي هريرة وابن عمر كلاهما عن رسول الله صلى الله عليه وسلم :   "" إن صلاة الجماعة تزيد على صلاة المنفرد سبعا وعشرين درجة ""  .

قلنا :  هذان خبران صحيحان ،  وقد صحت الأخبار التي صدرناها ،  وثبت أنه لا صلاة لمتخلف عن الجماعة ،  إلا أن يكون معذورا ،  فوجب استعمال هذين الخبرين على ما قد صح هنالك ،  لا على التعارض والتناقض المبعدين عن كلام رسول الله صلى الله عليه وسلم .  فصح أن هذا التفاضل إنما هو على صلاة المعذور التي تجوز ،  وهي دون صلاة الجماعة في الفضل كما أخبر عليه السلام .  ومن حمل هذين الخبرين على غير ما ذكرنا حصل على خلاف رسول الله صلى الله عليه وسلم في الأحاديث الأُخر ،  وعلى تكذيبه عليه السلام في قوله :  أن لا صلاة في غير الجماعة إلا لمعذور ،  واستخف بوعيده ،  وعصى أمره عليه السلام في إجابة النداء .  وبأن يؤم الاثنين فصاعدا أحدهما ،  وهذا عظيم جدا .  وهذا الذي قلنا :  هو مثل قول الله تعالى :  {  لَا يَسْتَوِي الْقَاعِدُونَ مِنَ الْمُؤْمِنِينَ غَيْرُ أُولِي الضَّرَرِ وَالْمُجَاهِدُونَ فِي سَبِيلِ اللَّهِ بِأَمْوَالِهِمْ وَأَنْفُسِهِمْ فَضَّلَ اللَّهُ الْمُجَاهِدِينَ بِأَمْوَالِهِمْ وَأَنْفُسِهِمْ عَلَى الْقَاعِدِينَ دَرَجَةً وَكُلًّا وَعَدَ اللَّهُ الْحُسْنَى وَفَضَّلَ اللَّهُ الْمُجَاهِدِينَ عَلَى الْقَاعِدِينَ أَجْرًا عَظِيمًا دَرَجَاتٍ مِنْهُ }[ النساء :  95-96 ] فنص تعالى على أن المتخلف عن الجهاد بغير عذر مذموم أشد الذم في غير ما موضع من القرآن ،  منها :  قوله تعالى :  {  يَا أَيُّهَا الَّذِينَ آَمَنُوا مَا لَكُمْ إِذَا قِيلَ لَكُمُ انْفِرُوا فِي سَبِيلِ اللَّهِ اثَّاقَلْتُمْ إِلَى الْأَرْضِ أَرَضِيتُمْ بِالْحَيَاةِ الدُّنْيَا مِنَ الْآَخِرَةِ فَمَا مَتَاعُ الْحَيَاةِ الدُّنْيَا فِي الْآَخِرَةِ إِلَّا قَلِيلٌ ( 38 ) إِلَّا تَنْفِرُوا يُعَذِّبْكُمْ عَذَابًا أَلِيمًا وَيَسْتَبْدِلْ قَوْمًا غَيْرَكُمْ }[ التوبة :  38-39 ] في آيات كثيرة جدا .  ثم بين الله تعالى أن المجاهدين مفضلون على القاعدين درجة ودرجات ،  فصح أنه إنما عنى القاعدين المعذورين الذين لهم نصيب من وعد الله الحسنى والأجر ،  لا الذين تُوُعِّدوا بالعذاب . وكما أخبر عليه السلام أن صلاة القاعد على النصف من صلاة القائم .  ولم يختلفوا معنا في أن المصلى قاعدا بغير عذر لا أجر له ،  ولا نصيب من الصلاة ،  فصح أن النسبة المذكورة من الفضل إنما هي بين المباح له الصلاة قاعدا لعذر من خوف أو مرض أو في نافلة .  فإن أرادوا أن يخصوا بذلك النافلة فقط ،  سألناهم الدليل على ذلك ؟  ولا سبيل لهم إليه ،  إلا بدعوى في أن المعذور في الفريضة صلاته ،  كصلاة القائم ،  وهذه دعوى كاذبة مخالفة لعموم قوله عليه السلام :  ( صلاة القاعد على النصف من صلاة القائم ) دون تخصيص منه عليه السلام .

وأيضا – فإن حمام بن أحمد حدثنا قال :  ثنا عباس بن أصبغ ،  ثنا محمد بن عبد الملك بن أيمن ،  ثنا بكر بن حماد والقاضي أحمد بن محمد البرتي :  قال القاضي البرتي :  ثنا أبو معمر ،  هو عبد الله بن عمر الرقي ،  ثنا عبد الوارث :  وقال بكر :  ثنا مسدد ،  ثنا يحيى بن سعيد القطان وعبد الوارث بن سعيد التنوري ثم اتفقا عن الحسين المعلم ،  عن عبد الله بن بريدة ،  عن عمران بن الحصين ،  قال القاضي البرتي في حديثه :  إن عمران بن الحصين حدثه ،  وكان رجلا مبسورا :  أنه سأل رسول الله صلى الله عليه وسلم عن صلاة الرجل وهو قاعد ،  فقال عليه السلام :   "" من صلى قائما فهو أفضل ،  ومن صلى قاعدا فله نصف أجر القائم ،  ومن صلى نائما فله نصف أجر القاعد ""  .

قال علي :  وخصومنا لا يجيزون التننفل بالإيماء الصحيح ،  فبطل تأويلهم جملة ولله تعالى الحمد ) ."
9,40,"قال الله تعالى :  {  إِلَّا تَنْصُرُوهُ فَقَدْ نَصَرَهُ اللَّهُ إِذْ أَخْرَجَهُ الَّذِينَ كَفَرُوا ثَانِيَ اثْنَيْنِ إِذْ هُمَا فِي الْغَارِ إِذْ يَقُولُ لِصَاحِبِهِ لَا تَحْزَنْ إِنَّ اللَّهَ مَعَنَا فَأَنْزَلَ اللَّهُ سَكِينَتَهُ عَلَيْهِ وَأَيَّدَهُ بِجُنُودٍ لَمْ تَرَوْهَا وَجَعَلَ كَلِمَةَ الَّذِينَ كَفَرُوا السُّفْلَى وَكَلِمَةُ اللَّهِ هِيَ الْعُلْيَا وَاللَّهُ عَزِيزٌ حَكِيمٌ }[ التوبة :  40 ] .

وفيها مسألة واحدة ،  وهي :

 فضل أبي بكر الصديق رضي الله عنه ؟

( قال أبو محمد :  ومن فضائل أبي بكر المشهورة ،  قوله عز وجل :  ( إذ أخرجه الذين كفروا ثاني اثنين إذ هما في الغار إذ يقول لصاحبه لا تحزم إن الله معنا } .

فهذه فضيلة منقولة بنقل الكافة لا خلاف بين أحد في أنه أبو بكر ،  فأوجب الله تعالى له فضيلة المشاركة في إخراجه مع رسول الله صلى الله عليه وسلم في أنه خصه باسم الصحبة له ،  وبأنه ثانيه في الغار ،  وأعظم من ذلك كله ،  أن الله معهما ،  وهذا ما لا يلحقه فيه أحد ) .

وكان رحمه الله قد أطال في دحض قول من فضل عليا على أبي بكر ،  ثم قال :  ( قال أبو محمد :  فصح بما ذكرنا فضل أبي بكر على جميع الصحابة رضي الله عنهم بعد نساء النبي صلى الله عليه وسلم بالبراهين المذكورة .  وأما الأحاديث في ذلك ،  فكثيرة ،  كقول رسول الله صلى الله عليه وسلم في أبي بكر :   "" دعوا لي صاحبي ،  فإن الناس قالوا :  كذبت ،  وقال أبو بكر :  صدقت ""  .

وقوله صلى الله عليه وسلم :   "" لو كنت متخذا خليلا ،  لاتخذت أبا بكر خليلا ،  ولكنه أخي وصاحبي ""  .

وهذا الذي لا يصح غيره ،  وأما أخوه علي ،  فلا تصح إلا مع سهل بن حنيف .

ومنها أمره صلى الله عليه وسلم بسد كل باب وخوخة في المسجد حاشا خوخة أبي بكر .  وهذا هو الذي لا يصح غيره ،  ومنها غضبه صلى الله عليه وسلم على من خارج أبا بكر ،  وعلى من أشار عليه بغير أبي بكر للصلاة .

ومنها قوله صلى الله عليه وسلم :   "" إن من أمن الناس علي في ماله أبو بكر ""  .

وعمدتنا في تفضيل أبي بكر ،  ثم عمر على جميع الصحابة ،  بعد نساء النبي صلى الله عليه وسلم هو قول رسول الله صلى الله عليه وسلم إذ سئل :  من أحب الناس إليك يا رسول الله ؟  قال :   "" عائشة ""  .  قيل :  فمن الرجال ؟  قال :   "" أبوها ""  .  قيل :  ثم من يا رسول الله .  قال :   "" عمر ""  .

قال أبو محمد :  فقطعنا بهذا ثم وقفنا ،  ولو زادنا رسول الله صلى الله عليه وسلم بيانا لزدنا ،  لكن لا نقول في شيء من الدين ،  إلا بما جاء به النص ) ."
9,41,"قال الله تعالى :  {  انْفِرُوا خِفَافًا وَثِقَالًا وَجَاهِدُوا بِأَمْوَالِكُمْ وَأَنْفُسِكُمْ فِي سَبِيلِ اللَّهِ ذَلِكُمْ خَيْرٌ لَكُمْ إِنْ كُنْتُمْ تَعْلَمُونَ }[ التوبة :  41 ] .

وفيها ثلاث مسائل :

المسألة الأولى :  حكم الجهاد .

المسألة الثانية :  ما حكم الغنيمة إذا كانت بدون إذن الإمام ؟

المسألة الثالثة :  هل ينفذ تصرف المرأة والعبد في مالهما ؟

المسألة الأولى :

 حكم الجهاد .

قال ابن حزم :

( والجهاد فرض على المسلمين ،  فإذا قام به من يدفع العدو ،  ويغزوهم في عقر دارهم ،  ويحمي ثغور المسلمين ،  سقط فرضه عن الباقين ،  وإلا فلا ،  قال الله تعالى :  {  انْفِرُوا خِفَافًا وَثِقَالًا وَجَاهِدُوا بِأَمْوَالِكُمْ وَأَنْفُسِكُمْ }[ التوبة :  41 ] .

روينا من طريق إسماعيل بن إسحاق ،  نا محمد بن خداش ،  نا إسماعيل بن إبراهيم هو ابن علية ،  نا أيوب هو السختياني ،  عن محمد بن سيرين قال :  كان أبو أيوب الأنصاري يقول :  قال الله تعالى :  {  انفروا خفافا وثقالا } فلا أحد من الناس إلا خفيف أو ثقيل .

ومن طريق مسلم :  نا محمد بن عبد الرحمن بن سهم الأنطاكي ،  أخبرنا عبد الله بن المبارك ،  عن وهيب المكي ،  عن عمر بن محمد بن المنكدر ،  عن سمي ،  عن أبي صالح ،  عن أبي هريرة قال :  قال رسول الله صلى الله عليه وسلم :   "" من مات ولم يغز ولم يحدث به نفسه مات على شعبة من نفاق ""  .

قال أبو محمد :  هذا وعيد شديد نعوذ بالله منه .

ومن طريق مسلم :  نا إسماعيل بن علية ،  عن علي بن المبارك ،  نا يحيى بن أبي كثير ،  نا أبو سعيد مولى المهري ،  عن أبي سعيد الخدري ،  أن رسول الله صلى الله عليه وسلم بعث بعثا إلى بني لحيان من هذيل ،  فقال :   "" لينبعث من كل رجلين أحدهما والأجر بينهما ""  .

المسألة الثانية :

 ما حكم الغنيمة إذا كانت بدون إذن الإمام ؟

قال الإمام ابن حزم :

( وكل من دخل من المسلمين ،  فغنم في أرض الحرب سواء كان وحده ،  أو في أكثر من واحد ،  بإذن الإمام وبغير إذنه ،  فكل ذلك سواء ،  والخمس فيما أصيب ،  والباقي لمن غنمه ؛  لقول الله تعالى :  {  واعلموا أنما غنمتم من شيء فأن لله خمسه }[ الأنفال :  41 ] .

وقوله تعالى :  {  فكلوا مما غنمتم }[ الأنفال :  69 ] .

وقال أبو حنيفة :  لا خمس إلا فيما أصابته جماعة .  قال أبو يوسف :  تسعة فأكثر .  وهذه أقوال في غاية الفساد لمخالفتها القرآن ،  والسنن ،  والمعقول ،  وقد قال تعالى :  {  قاتلوا الذين يلونكم من الكفار وليجدوا فيكم غلظة }[ التوبة :  123 ] فلم يخص بأمر الإمام ،  ولا بغير أمره ،  ولو أن إماما نهى عن قتال أهل الحرب لوجبت معصيته في ذلك ،  لأنه أمر بمعصية ،  فلا سمع ولا طاعة له .

وقال تعالى :  {  فقاتل في سبيل الله لا تكلف إلا نفسك }[ النساء :  84 ] .

وهذا خطاب متوجه إلى كل مسلم ،  فكل أحد مأمور بالجهاد ،  وإن لم يكن معه أحد .

وقال تعالى :  {  انفروا خفافا وثقالا }[ التوبة :  41 ] .

وقال تعالى :  {  فانفروا ثبات أو انفروا جميعا }[ النساء :  71 ] .

المسألة الثالثة :

 هل يجوز الحجر على السفيه ؟

يقول ابن حزم رحمه الله تعالى :

( لا يجوز الحجر على أحد في ماله إلا على من لم يبلغ ،  أو على مجنون في حال جنونه ،  فهذان خاصة لا ينفذ لهما أمر في مالهما ،  فإذا بلغ الصغير ،  وأفاق المجنون جاز أمرهما في مالهما كغيرهما ولا فرق ،  سواء في ذلك كله الحر ،  والعبد ،  والذكر ،  والأنثى ،  والبكر ذات الأب وغير ذات الأب ،  وذات الزوج ،  والتي لا زوج لها ،  فعل كل ما ذكرنا في أموالهم من عتق ،  أو هبة ،  أو بيع ،  أو غير ذلك :  نافذ إذا وافق الحق من الواجب ،  أو المباح – ومردود فعل كل أحد في ماله إذا خالف المباح ،  أو الواجب ،  ولا فرق ،  ولا اعتراض لأب ،  ولا لزوج ،  ولا لحاكم في شيء من ذلك إلا ما كان معصية لله تعالى فهو باطل مردود .  .  . برهان ذلك :

ما رويناه من طريق أبي داود ،  نا أحمد بن عمرو بن السرح ،  نا ابن وهب ،  أخبرني جرير بن حازم ،  عن سليمان الأعمش ،  عن أبي ظبيان وهو حصين بن جندب الجنبي ،  عن ابن عباس :  أن علي بن أبي طالب قال لعمر بن الخطاب :  أو ما تذكر أن رسول الله صلى الله عليه وسلم قال :   "" رفع القلم عن ثلاثة :  عن المجنون المغلوب على عقله حتى يفيق ،  وعن النائم حتى يستيقظ ،  وعن الصبي حتى يحتلم ""

وقال تعالى :  {  لن تنالوا البر حتى تنفقوا مما تحبون }[ آل عمران :  92 ] .

وقال تعالى :  {  والمتصدقين والمتصدقات }[ الأحزاب :  35 ] .

وقال تعالى :  {  جاهدوا بأموالكم وأنفسكم في سبيل الله }[ التوبة :  41 ] .

وقال تعالى :  {  ما سلككم في سقر قالوا لم نك من المصلين ولم نك نطعم المسكين }[ المدثر :  42-44 ] .  وحض على العتق .

وقال رسول الله صلى الله عليه وسلم :   "" اتقوا النار ولو بشق تمرة ""  .

وقال تعالى :  {  فانكحوا ما طاب لكم من النساء مثنى وثلاث ورباع }[ النساء :  3 ] .

وقال تعالى :  {  واتوا النساء صدقاتهن نحلة }[ النساء :  4 ] .

فصح أن كل أحد مندوب إلى فعل الخير ،  والصدقة ،  والعتق ،  والنفقة في وجوه البر ليقي نفسه بذلك نار جهنم .  ولا خلاف في أن كل من ذكرنا من عبد ،  وذات أب ،  وبكر ،  وذات زوج ،  مأمورون ،  منهيون ،  متوعدون بالنار ،  مندوبون موعودون بالجنة ،  فقراء إلى إنقاذ أنفسهم منها ،  كفقر غيرهم سواء سواء ،  ولا مزية ،  فلا يخرج من هذا الحكم إلا من أخرجه النص ،  ولم يخرج النص إلا المجنون ما دام في حال جنونه – والذي لم يبلغ إلى أن يبلغ فقط ،  فكان المفرق بين من ذكرنا فيطلق بعضا على الصدقة ،  والهبة ،  والنكاح ،  ويمنع بعضا بغير نص مبطل ،  محرما ما ندب الله تعالى إليه ،  مانعا من فعل الخير ) ."
9,42,"قال الله تعالى :

{  لَوْ كَانَ عَرَضًا قَرِيبًا وَسَفَرًا قَاصِدًا لَاتَّبَعُوكَ وَلَكِنْ بَعُدَتْ عَلَيْهِمُ الشُّقَّةُ وَسَيَحْلِفُونَ بِاللَّهِ لَوِ اسْتَطَعْنَا لَخَرَجْنَا مَعَكُمْ يُهْلِكُونَ أَنْفُسَهُمْ وَاللَّهُ يَعْلَمُ إِنَّهُمْ لَكَاذِبُونَ }[ التوبة :  42 ] .

فيها مسألة واحدة ،  وهي :

 الاستطاعة ؟

يرى ابن حزم رحمه الله تعالى أن الاستطاعة التي بها يكون الفعل على قسمين :

( أحدهما :  قبل الفعل ،  وهو سلامة الجوارح ،  وارتفاع الموانع .

والثاني :  لا يكون إلا مع الفعل ،  وهو القوة الواردة من الله عز وجل بالعون ،  أو الخذلان ) .

أما أدلة النوع الأول ،  فيدلل لها ابن حزم بما يأتي ،  يقول :

( برهان ذلك :  قوله تعالى حكاية عن القائلين :  {  لَوِ اسْتَطَعْنَا لَخَرَجْنَا مَعَكُمْ يُهْلِكُونَ أَنْفُسَهُمْ وَاللَّهُ يَعْلَمُ إِنَّهُمْ لَكَاذِبُونَ }[ التوبة :  42 ] فأكذبهم الله تعالى في إمكان استطاعة الخروج قبل الخروج .

وقوله تعالى :  {  ولله على الناس حج البيت من استطاع إليه سبيلا }[ آل عمران :  97 ] .

فلم لم يكن ههنا قبل الفعل الذي هو فعل المرء الحج ،  لما لزم الحج إلا لمن حج فقط ،  ولما كان أحد عاصيا بترك الحج ،  لأنه إن لم يكن مستطيعا الحج حتى يحج ،  فلا حج عليه ،  ولا هو مخاطب بالحج .

وقوله تعالى :  {  فمن لم يجد فصيام شهرين متتابعين من قبل أن يتماسا فمن لم يستطع فإطعام ستين مسكينا }[ المجادلة :  4 ] .

فلو لم يكن على المظاهر العائد لقوله استطاعة على الصيام قبل أن يصوم لما كان مخاطبا بوجوب الصوم عليه إذا لم يجد الرقبة أبدا ،  ولكان حكمه مع عدم الرقبة وجوب الإطعام فقط ،  وهذا باطل .

وقول رسول الله صلى الله عليه وسلم لمن تابعه من أصحابه رضي الله عنهم :   "" فيما استطعتم ""  ،  وأمره صلى الله عليه وسلم أن يصلوا قياما فمن لم يستطع فقاعدا ،  فمن لم يستطع فعلى جنب .

في هذا إجماع متفق على صحته لا شك فيه ،  فلو لم يكن الناس مستطيعين للقيام قبل القيام ،  لما كان أحد مأمورا بالصلاة قائما قبل أن يصليها كذلك ،  ولكان معذورا إن صلى قاعدا ،  أو على جنب بكل وجه ،  ولأنه إذا صلى كذلك ،  لم يكن مستطيعا للقيام ،  وهذا باطل ،  وقوله صلى الله عليه وسلم :   "" فإذا أمرتكم بشيء فخذوا منه ما استطعتم ""  فلو لم تكن ههنا استطاعة لشيء مما أمرنا به قبل أن نفعل ،  لما أمرنا به ،  ولما لزمنا شيء من ذلك ،  ولكنا غير عصاة بالترك ،  لأننا لم نكلف بالنص إلا ما استطعنا .

وقوله صلى الله عليه وسلم :   "" أتستطيع أن تصوم شهرين ؟  قال :  لا ""  .  فلو لم يكن أحدا مستطيعا للصوم إلا حتى يصوم لكان هذا السؤال منه محالا ،  وحاشا له من ذلك .

ومما يبين صحة هذا ،  وأن المراد بكل ما ذكرنا سلامة الجوارح ،  وارتفاع الموانع :  قول الله عز وجل :  {  ويدعون إلى السجود فلا يستطيعون خاشعة أبصارهم ترهقهم ذلة وقد كانوا يدعون إلى السجود وهم سالمون }[ القلم :  42-43 ] .

فنص تعالى على أن في عدم السلامة بطلان الاستطاعة ،  وأن وجود السلامة بخلاف ذلك ؛  فصح أن سلامة الجوارح استطاعة ،  وإذ قد صح هذا فبيقين ندري أن سلامة الجوارح يكون بها الفعل وضده .  والعمل وتركه .  والطاعة والمعصية ،  لأن كل هذا يكون بصحة الجوارح ) .

ثم يدلل للنوع الثاني من الاستطاعة بقوله :

( ثم وجدنا الله تعالى قد قال :  {  وكانوا لا يستطيعون سمعا }[ الكهف :  101 ] .

وقال تعالى حاكيا قول الخضر لموسى عليهما السلام :  {  إنك لن تستطيع معي صبرا }[ الكهف : 67 ] .

وقال :  {  ذلك تأويل ما لم تسطع عليه صبرا }[ الكهف :  82 ] .

وعلمنا أن كلام الله عز وجل لا يتعارض ،  ولا يختلف ،  قال الله تعالى :  {  ولو كان من عند غير الله لوجدوا فيه اختلافا كثيرا }[ النساء :  82 ] .

فأيقنا أن الاستطاعة التي نفاها الله عز وجل ،  هي غير الاستطاعة التي أثبتها ،  لا يجوز غير ذلك البتة ،  فإذ ذلك كذلك ؛  فالاستطاعة كما قلنا :  شيئان ،  أحدهما :  قبل الفعل ،  وهو سلامة الجوارح ،  وارتفاع الموانع .

والثاني :  لا يكون إلا مع الفعل ،  وهو القوة الواردة من الله عز وجل بالعون ،  أو الخذلان ) ."
9,46,"قال الله تعالى :

{  ولو أرادوا الخروج لأعدوا له عدة ولكن كره الله انبعاثهم فثبطهم وقيل اقعدوا مع القاعدين }[ التوبة :  46 ] .

وفيها مسألة واحدة وهي :

 هل شاء الله الكفر والفسق ؟

قال ابن حزم رحمه الله تعالى :

( وذهب أهل السنة :  أن لفظة ( شاء ) ،  و( أراد ) لفظة مشتركة تقع على معنيين :  أحدهما الرضى والاستحسان ،  فهذا منهي عن الله تعالى أنه أراده ،  أو شاءه في كل ما نهى عنه .  والثاني :  أن يقال :  أراد وشاء بمعنى أراد كونه ،  وشاء وجوده ،  فهذا هو الذي نخبر به عن الله عز وجل في كل موجود في العالم من خير أو شر .  .  .

وقال أهل السنة :  ليس من فعل ما أراد الله تعالى وما شاء الله ،  كان محسنا ،  إنما المحسن من فعل ما أمره الله تعالى به ،  ورضيه منه .  .  .

قال تعالى :  {  وَمَا جَعَلْنَا أَصْحَابَ النَّارِ إِلَّا مَلَائِكَةً وَمَا جَعَلْنَا عِدَّتَهُمْ إِلَّا فِتْنَةً لِلَّذِينَ كَفَرُوا لِيَسْتَيْقِنَ الَّذِينَ أُوتُوا الْكِتَابَ وَيَزْدَادَ الَّذِينَ آَمَنُوا إِيمَانًا وَلَا يَرْتَابَ الَّذِينَ أُوتُوا الْكِتَابَ وَالْمُؤْمِنُونَ وَلِيَقُولَ الَّذِينَ فِي قُلُوبِهِمْ مَرَضٌ وَالْكَافِرُونَ مَاذَا أَرَادَ اللَّهُ بِهَذَا مَثَلًا كَذَلِكَ يُضِلُّ اللَّهُ مَنْ يَشَاءُ وَيَهْدِي مَنْ يَشَاءُ }[ المدثر :  31 ] .

قال أبو محمد :  وهذه الآية غاية في البيان في أن الله تعالى جعل عدة ملائكة النار فتنة للذين كفروا ،  وليقولوا :  ماذا أراد الله بهذا مثلا ،  فأخبر تعالى :  أنه أراد أن يفتن الذين كفروا ،  وأن يضلهم فيضلوا ،  وأنه تعالى قصد إضلالهم وحكم بذلك كما قصد هدى المؤمنين وأراده .

وكذلك قال تعالى :  {  ولو جعلنا قرآنا أعجميا لقالوا لولا فصلت آياته أأعجمي وعربي قل هو للذين آمنوا هدى وشفاء والذين لا يؤمنون في آذانهم وقر وهو عليهم عمى }[ فصلت :  44 ] .

قال أبو محمد :  فنص تعالى على أنه نزل القرآن هدى للمؤمنين ،  وعمى للكفار ،  وبيقين ندري أنه تعالى إذ أنزل القرآن أراد أن يكون ،  كما قال تعالى :  {  وَلَوْ شَاءَ رَبُّكَ لَآَمَنَ مَنْ فِي الْأَرْضِ كُلُّهُمْ جَمِيعًا أَفَأَنْتَ تُكْرِهُ النَّاسَ حَتَّى يَكُونُوا مُؤْمِنِينَ وَمَا كَانَ لِنَفْسٍ أَنْ تُؤْمِنَ إِلَّا بِإِذْنِ اللَّهِ وَيَجْعَلُ الرِّجْسَ عَلَى الَّذِينَ لَا يَعْقِلُونَ }[ يونس :  99-100 ] .

هكذا هي الآية كلها موصولة بعضها ببعض ،  فنص تعالى على أنه لو شاء لآمن الناس والجن ،  وهم أهل الأرض كلهم ،  و( لو ) في لغة العرب التي بها خاطبنا الله عز وجل ليفهمنا :  حرف يدل على امتناع الشيء لامتناع غيره ؛  فصح يقينا أن الله تعالى لم يشأ أن يؤمن كل من في الأرض ،  وإذ لا شك في ذلك ،  فباليقين ندري أنه شاء منهم خلاف الإيمان ،  وهو الكفر ،  والفسق لا بد ،  ولو كان الله تعالى أذن للكافرين بالإيمان على قول المعتزلة ،  لكان كل من في الأرض قد آمن ،  لأنه تعالى قد نص على أنه لا يؤمن أحد إلا بإذنه ،  وهذا أمر من المعتزلة يكذبه العيان ؛  فصح أن المعتزلة كذبت ،  وأن الله تعالى صدق ،  وأنه لم يأذن قط لمن مات كافرا بالإيمان ،  وأن من عمي عن هذه لأعمى القلب ،  وكيف لا يكون أعمى القلب ،  من أعمى الله قلبه عن الهدى ،  وبالضرورة ندري أن قول الله تعالى :  {  وما كان لنفس أن تؤمن إلا بإذن الله }[ يونس :  100 ] حق ،  وأن من لم يأذن الله تعالى له في الإيمان ،  فإنه تعالى لم يشأ أن يؤمن ،  وإذ لم يِشأ أن يؤمن ؛  فبلا شك أنه تعالى شاء أن يكفر ،  هذا ما لا انفكاك منه .

وقال تعالى :  {  ونذرهم في طغيانهم يعمهون ولو أننا نزلنا إليهم الملائكة وكلمهم الموتى وحشرنا عليهم كل شيء قبلا ما كانوا ليؤمنوا إلا أن يشاء الله }[ الأنعام :  110 – 111 ] .

فبين تعالى أتم بيان على أن الآيات لا تغني شيئا ،  ولا النذر ،  وهم الرسل ،  وأنه لا يؤمن شيء من ذلك ،  إلا من شاء الله عز وجل أن يؤمن ،  فصح يقينا أنه لا يؤمن إلا من شاء الله إيمانه ،  ولا يكفر إلا من شاء الله كفره ،  فقال تعالى حاكيا عن يوسف عليه السلام أنه قال :  {  وإلا تصرف عني كيدهن أصب إليهن وأكن من الجاهلين فاستجاب له ربه فصرف عنه كيدهن }[ يوسف :  33-34 ] .

فبالضرورة نعلم :  أن من صبا وجهل ،  فإن الله تعالى لم يصرف عنه الكيد الذي صرفه برحمته عن من لم يصب ولم يجهل ،  وإذ صرفه تعالى عن بعض ولم يصرفه عن بعض ،  فقد أراد تعالى إضلال من صبا وجهل .

وقال تعالى :  {  وجعلنا على قلوبهم أكنة أن يفقهوه وفي آذانهم وقرا }[ الأنعام :  25 ] .

فليت شعري إذ قال تعالى :  إنه جعل قلوب الكافرين في أكنة أن يفقهوا القرآن ،  وجعل الوقر في آذانهم ،  أتراه أراد يفقهوه ،  أو أراد ألا يفقهوه ؟  وكيف يسوغ في عقل أحد أن يخبر تعالى :  أنه فعل عز وجل شيئا لم يرد أن يفعله ولا أراد كونه ،  ولا شاء إيجاده ،  وهذا تخليط لا يتشكل في عقل كل ذي مسكة من عقل – فصح يقينا أن الله تعالى أراد كون الوقر في أذهانهم ،  وكون الأكنة على قلوبهم .

وقال تعالى :  {  ولو شاء الله لجعلكم أمة واحدة ولكن يضل من يشاء ويهدي من يشاء }[ النحل :  93 ] .

فنص تعالى على أنه لم يرد يجعلنا أمة واحدة ،  ولكن شاء أن يضل قوما ويهدي قوما ،  فصح يقينا أنه تعالى ،  شاء إضلال من ضل ،  وقال تعالى :  مثنيا على قوم ،  ومصدقا لهم في قولهم :  {  قَدِ افْتَرَيْنَا عَلَى اللَّهِ كَذِبًا إِنْ عُدْنَا فِي مِلَّتِكُمْ بَعْدَ إِذْ نَجَّانَا اللَّهُ مِنْهَا وَمَا يَكُونُ لَنَا أَنْ نَعُودَ فِيهَا إِلَّا أَنْ يَشَاءَ اللَّهُ رَبُّنَا }[ الأعراف :  89 ] .

فقال النبيون عليهم الصلاة والسلام وأتباعهم قول الحق الذي شهد الله عز وجل بتصديقه أنهم إنما خلصوا من الكفر بأن الله تعالى نجاهم منه ،  ولم ينج الكافرين منه ،  وأن الله تعالى إن شاء أن يعودوا في الكفر عادوا فيه – فصح يقينا أنه تعالى شاء ذلك ممن عاد في الكفر .

وقد قالت المعتزلة في هذه الآية :  معنى هذا إلا أن يأمرنا الله بتعظيم الأصنام كما أمرنا بتعظيم الحجر الأسود والكعبة .

وقال أبو محمد :  وهذا في غاية الفساد ،  لأن الله تعالى لو أمرنا بذلك لم يكن عودا في ملة الكفر بل كان يكون ثباتا على الإيمان ،  وتزايدا فيه .

قال تعالى :  {  في قلوبهم مرض فزادهم الله مرضا }[ البقرة :  10 ] .

فليت شعري إذ زادهم الله مرضا أتراه لم يشأ ،  ولا أراد ما فعل من زيادة المرض في قلوبهم ،  وهو الشك والكفر ؟  وكيف يفعل الله ما لا يريد أن يفعل ؟  وهل هذا إلا إلحاد مجرد ممن قاله ؟  !

وقال تعالى :  {  وَلَوْ شَاءَ اللَّهُ مَا اقْتَتَلَ الَّذِينَ مِنْ بَعْدِهِمْ مِنْ بَعْدِ مَا جَاءَتْهُمُ الْبَيِّنَاتُ وَلَكِنِ اخْتَلَفُوا فَمِنْهُمْ مَنْ آَمَنَ وَمِنْهُمْ مَنْ كَفَرَ وَلَوْ شَاءَ اللَّهُ مَا اقْتَتَلُوا وَلَكِنَّ اللَّهَ يَفْعَلُ مَا يُرِيدُ }[ البقرة :  253 ] .

فنص تعالى على أنه لو شاء لم يقتتلوا ،  فوجب ضرورة أنه شاء وأراد أن يقتتلوا وفي اقتتال المقتتلين ضلال بلا شك ،  فقد شاء الله تعالى كون الضلال ،  ووجوده بنص كلامه تعالى .

وقال عز وجل :  {  ومن يرد الله فتنته فلن تملك له من الله شيئا }[ المائدة :  41 ] .

فنص تعالى على أنه أراد فتنة المفتتنين ،  وهم الكفار ،  وكفرهم الذين لم يملك لهم رسول الله صلى الله عليه وسلم من الله شيئا ،  فهذا نص على أن نعمة الله تعالى أراد كون الكفر من الكفار .

وقال تعالى :  {  أولئك الذين لم يرد الله أن يطهر قلوبهم لهم في الدنيا خزي ولهم في الآخرة عذاب عظيم }[ المائدة :  41 ] .

قال أبو محمد :  وهذا غاية البيان في أنه تعالى لم يرد أن يطهر قلوبهم وبالضرورة ندري أن من لم يرد الله أن يطهر قلبه فقد أراد فساد دينه الذي هو ضد طهارة القلب .

وقال تعالى :  {  ولو شاء الله لجمعهم على الهدى }[ الأنعام :  35 ] .

وهذا غاية البيان في أن الله تعالى لم يرد هدى الجميع ،  وإذا لم يرد هداه فقد أراد كون كفرهم الذي هو ضد الهدى .

وقال تعالى :  {  ولو شئنا لآتينا كل نفس هداها ولكن حق القول مني لأملأن جهنم من الجنة والناس أجمعين }[ السجدة :  13 ] .

قال أبو محمد :  هذا غاية البيان في أنه تعالى لم يشأ هدى الكفار لكن حق قوله بأنهم لا بد من أن يكفروا فيكونوا من أهل جهنم .

وقال تعالى :  {  من يشأ الله يضلله ومن يشأ يجعله على صراط مستقيم }[ الأنعام :  39 ] .

فأخبر تعالى أنه شاء أن يضل من أضله ،  وشاء أن يهدي من جعله على صراط مستقيم ،  وهم بلا شك غير الذين لم يجعلهم على صراط مستقيم ،  وأراد فتنتهم وألا يطهر قلوبهم ،  وأن يكونوا من أصحاب النار ،  نعوذ بالله من ذلك .

وقال تعالى حاكيا عن إبراهيم عليه الصلاة والسلام أنه قال :  {  لئن لم يهدني ربي لأكونن من القوم الضالين }[ الأنعام :  77 ] .

فشهد الخليل عليه السلام أن من لم يهده الله تعالى ضل ،  وصح أن من ضل فلم يهده الله عز وجل ،  ومن لم يهده الله ،  وهو قادر على هداه – فقد أراد ضلاله وإضلاله ،  ولم يرد هداه .

وقال تعالى :  {  ولو شاء الله ما أشركوا }[ الأنعام :  107 ] .

فصح يقينا لا إشكال فيه أن الله تعالى شاء أن يشركوا إذ نص على أنه لو شاء ألا يشركوا ما أشركوا .

وقال تعالى :  {  يوحي بعضهم إلى بعض زخرف القول غرورا ولو شاء ربك ما فعلوه }[ الأنعام :  112 ] .

وهذا نص على أنه تعالى شاء أن يفعلوه ،  إذ أخبر أنه لو شاء ألا يفعلوه ما فعلوه وقال تعالى :  {  وكذلك زين لكثير من المشركين قتل أولادهم شركاؤهم ليردوهم وليلبسوا عليهم دينهم ولو شاء الله ما فعلوه }[ الأنعام :  137 ] .

فنص تعالى على أنه لو لم يشأ أن يوحي بعضهم إلى بعض زخرف القول غرورا ما أوحوه ،  ولو شاء ألا يلبس بعضهم دين بعض ،  وألا يقتلوا أولادهم ما لبس عليهم دينهم ،  ولا قتلوا أولادهم ،  فصح ضرورة أنه تعالى شاء أن يلبس دين من التبس دينه وأراد كون قتلهم أولادهم ،  وأن يوحي بعضهم إلى بعض زخرف القول غرورا .

وقال تعالى :  {  ولو شاء الله لسلطهم عليكم }[ النساء :  90 ] .  فصح يقينا :  أنه تعالى سلط أيدي الكفار على من قتلوه من الأنبياء والصالحين .

وقال تعالى :  {  فمن يرد الله أن يهديه يشرح صدره للإسلام ومن يرد أن يضله يجعل صدره ضيقا حرجا كأنما يصعد في السماء }[ الأنعام :  125 ] .

فنص على أنه يريد هدى قوم فيهديهم ،  ويشرح صدورهم للإيمان ،  ويريد ضلال آخرين فيضلهم بأن يضيق صدورهم ،  ويحرجها فكأنهم كلفوا الصعود إلى السماء فيكفروا .

وقال تعالى :  {  واصبر وما صبرك إلا بالله }[ النحل :  127 ] .

فنص تعالى على أن من صبر فصبره ليس إلا بالله – فصح أن من صبر فإن الله آتاه الصبر ،  ومن لم يصبر ،  فإن الله عز وجل لم يؤته الصبر .  وقال تعالى :  {  ولا تنازعوا }[ الأنفال :  46 ] فنهانا عن الاختلاف .

وقال تعالى :  {  ولو شاء ربك لجعل الناس أمة واحدة ولا يزالون مختلفين إلا من رحم ربك ولذلك خلقهم }[ هود :  118-119 ] .

فنص تعالى أنه خلقهم للاختلاف ،  إلا من رحم الله منهم ،  ولو شاء لم يختلفوا ؛  فصح يقينا أن الله خلقهم لما نهاهم عنه من الاختلاف ،  وأراد كون الاختلاف منهم .

وقال عز وجل :  {  تؤتي الملك من تشاء وتنزع الملك ممن تشاء وتعز من تشاء وتذل من تشاء بيدك الخير إنك على كل شيء قدير }[ آل عمران :  26 ] .

وقال تعالى :  {  بعثنا عليكم عبادا لنا أولي بأس شديد فجاسوا خلال الديار وكان وعدا مفعولا }[ الإسراء :  5 ] .

إلى قوله تعالى :  {  وليدخلوا المسجد كما دخلوه أول مرة }[ الإسراء :  7 ] .

فنص تعالى على أنه أغرى الكفار وسلب المؤمنين في الملك ،  وأنه بعث أولئك الذين دخلوا المسجد ،  ودخلوه مسخطين لله تعالى بلا شك .  فصح يقينا أنه تعالى خلق كل ذلك وأراد كونه .

وقال عز وجل :  {  ألم تر إلى الذي حاج إبراهيم في ربه أن آتاه الله الملك }[ البقرة :  258 ] .

فهذا نص جلي على أن الله آتى الملك ذلك الكافر ؛  فصح يقينا أن الله تعالى فعل تمليكه وملكه على أهل الإيمان ،  ولا خلاف بين أحد من الأمة في أن ذلك يسخط الله عز وجل ،  ويغضبه ولا يرضاه ،  وهو نفس الذي أنكرته المعتزلة وشنعت به .

قال أبو محمد :  ونسألهم عما مضت الدنيا عليه منذ كانت من أولها إلى يومنا هذا من النصر النازل على ملوك أهل الشرك ،  والملوك الجورة ،  والظلمة ،  والغلبة المعطاة لهم على من ناوأهم من أهل الإسلام ،  وأهل الفضل ،  واحترام من أرادهم بالموت ،  أو باضطراب الكلمة ،  ويأتي النصر لهم بوجوه الظفر الذي لا شك في أن الله تعالى فاعله من إماتة أعدائهم من أهل الفضل ،  وتأييدهم عليهم ،  وهذا ما لا مخلص لهم في أن الله تعالى أراد كونه .

وقال عز وجل :  {  ولكن كره الله انبعاثهم فثبطهم وقيل اقعدوا مع القاعدين }[ التوبة :  46ٍ ] .

فنص تعالى نصا جليا لا يحتمل تأويلا على أنه كره أن يخرجوا في الجهاد الذي افترض عليهم الخروج فيه مع رسول الله صلى الله عليه وسلم ،  فقد كره تعالى كون ما أراد ،  ونص على أن الله ثبطهم عن الخروج في الجهاد ،  ثم عذبهم على التثبيط الذي أخبر تعالى أنه فعله .  ونص تعالى على أنه قال :  {  وقيل اقعدوا مع القاعدين }[ التوبة :  46 ] .  وهذا يقين ليس بأمر إلزام ؛  لأن الله تعالى لم يأمر بالقعود عن الجهاد مع رسوله صلى الله عليه وسلم بل لعنهم ،  وسخط عليهم إذ قعدوا ،  فإذ لا شك في هذا ،  فهو ضرورة أمر تكوين ،  فصح أن الله تعالى خلق قعودهم المغضب له الموجب لسخطه ،  وإذ نص تعالى على أمر فلا اعتراض لأحد عليه ) ."
9,54,"قال الله تعالى :  {  وَمَا مَنَعَهُمْ أَنْ تُقْبَلَ مِنْهُمْ نَفَقَاتُهُمْ إِلَّا أَنَّهُمْ كَفَرُوا بِاللَّهِ وَبِرَسُولِهِ وَلَا يَأْتُونَ الصَّلَاةَ إِلَّا وَهُمْ كُسَالَى وَلَا يُنْفِقُونَ إِلَّا وَهُمْ كَارِهُونَ }[ التوبة :  54 ] .

وفيها مسألة واحدة ،  وهي :

 هل يقبل من الكافر ما عمله من الصالحات حال كفره ؟

يرى الإمام ابن حزم عليه رحمة الله تعالى :

( أن من عمل خيرا وهو كافر ثم أسلم ،  فإن ذلك الخير محسوب له ،  مكتوب ،  وهو مثاب عليه ،  ومأجور ) .

وقد استدل عليه رحمة الله عليه على هذا بقوله تعالى في المنافقين :

{  وما منعهم أن تقبل منهم نفقاتهم إلا أنهم كفروا بالله وبرسوله }[ التوبة :  54 ] .

قال رحمه الله تعالى :

( وهذا بيان جلي على أن السبب المانع من قبول نفقاتهم هو الكفر ،  فإذا ارتفع ذلك ارتفع السبب المانع من قبول نفقاتهم ،  فإذا ارتفع ذلك السبب فقد وجب قبول النفقات ،  وهذا نص القرآن والسنة ) .

وأما السنة التي أشار إليها رحمه الله ،  فقد ذكر قبل دليلا منها ،  وهو ما حدثهم به عبد الله بن يوسف ،  عن أحمد بن فتح ،  عن عبد الوهاب بن عيسى ،  عن أحمد بن محمد ،  عن أحمد بن علي ،  عن مسلم ،  نا حسن الحلواني ،  وعبد بن حميد ،  قال حسن :  نا ،  وقال عبد :  ثنى يعقوب بن إبراهيم بن سعد ،  ثنا أبي ،  عن صالح – هو ابن كيسان – عن ابن شهاب ،  قال :  أنبأ عروة بن الزبير :

أن حكيم بن حزام أخبره ،  أنه قال لرسول الله صلى الله عليه وسلم :  أي رسول الله !  أرأيت أمورا كنت أتحنث به في الجاهلية من صدقة أو عتاقه ،  أو صلة رحم ،  أفيها أجر ؟  فقال رسول الله صلى الله عليه وسلم :   "" أسلمت على ما أسلفت من خير ""  ."
9,60,"قال الله تعالى :

{  إِنَّمَا الصَّدَقَاتُ لِلْفُقَرَاءِ وَالْمَسَاكِينِ وَالْعَامِلِينَ عَلَيْهَا وَالْمُؤَلَّفَةِ قُلُوبُهُمْ وَفِي الرِّقَابِ وَالْغَارِمِينَ وَفِي سَبِيلِ اللَّهِ وَاِبْنِ السَّبِيلِ فَرِيضَةً مِنَ اللَّهِ وَاللَّهُ عَلِيمٌ حَكِيمٌ }[ التوبة :  60 ] .

وفيها ست مسائل ،  هي :

المسألة الأولى :  هل هناك واجب ليس بفرض ؟

المسألة الثانية :  الأصناف التي تصرف فيها الزكاة .

المسألة الثالثة :  هل يجوز صرف الزكاة إلى نوع واحد من الأصناف الثمانية ؟

المسألة الرابعة :  هل يجوز صرف الزكاة إلى ما سوى الأصناف الثمانية ؟

المسألة الخامسة :  من أعطى الزكاة لمن ليس من أهلها خطأ ،  فهل تجزئه ؟

المسألة السادسة :  متى تجوز الصدقة على الغني ؟

المسألة الأولى :

 هل هناك واجب ليس بفرض ؟

( قال علي :  وقد ذهب بعض المالكيين إلى أن ههنا واجبا ليس فرضا ولا تطوعا .

قال علي :  وهذا هذيان فاسد لا يعقل أصلا ؛  لأن الواجب :  هو الذي لا بد من فعله .  وغير الواجب :  هو ما إن شاء فعله المرء ،  وإن شاء تركه .  ولا يعرف ههنا شيء يتوسط هذين الطرفين .

فإن راعوا ما ورد به لفظ الفرض في الشريعة ،  فهم أول عاص لما ورد فيها ؛  لأن الله عز وجل يقول :  {  إِنَّمَا الصَّدَقَاتُ لِلْفُقَرَاءِ وَالْمَسَاكِينِ وَالْعَامِلِينَ عَلَيْهَا وَالْمُؤَلَّفَةِ قُلُوبُهُمْ وَفِي الرِّقَابِ وَالْغَارِمِينَ وَفِي سَبِيلِ اللَّهِ وَاِبْنِ السَّبِيلِ فَرِيضَةً مِنَ اللَّهِ وَاللَّهُ عَلِيمٌ حَكِيمٌ }[ التوبة :  60 ] .

فقالوا هم :  هذه القسمة ليست فريضة ،  بل جائز أن يعطى من هؤلاء ،  وجائز أن توضع في بعض هذه الأصناف دون بعض .

وقال ابن عمر :  فرض رسول الله صلى الله عليه وسلم صدقة الفطر على كل صغير أو كبير ،  ذكر أو أنثى ،  حر أو عبد من المسلمين :  صاعا من تمر أو صاعا من شعير ) .

فقالوا :  ليس هذا فرضا ،  ولا الشعير أيضا ،  ولا التمر فيها فرضا .  فما نعلم أحدا أترك لفظ الفرض الوارد في الشريعة منهم .

المسألة الثانية :

 الأصناف التي تصرف فيها الزكاة .

قال ابن حزم :

( الفقراء هم الذين لا شيء لهم أصلا .

والمساكين :  هم الذين لهم شيء لا يقوم بهم .  برهان ذلك :

أنه ليس إلا موسر ،  أو غني ،  أو فقير ،  أو مسكين ،  في الأسماء .

ومن له فضل عن قوته .  ومن لا يحتاج إلى أحد وإن لم يفضل عنه شيء .

ومن له ما لا يقوم بنفسه منه .  ومن لا شيء له .  فهذه مرات أربع معلومة بالحس .

فالموسر بلا خلاف :  هو الذي يفضل ماله عن قوته وقوت عياله على السعة .

والغني :  هو الذي لا يحتاج إلى أحد وإن كان لا يفضل عنه شيء ؛  لأنه في غنى عن غيره .  وكل موسر غني ،  وليس كل غني موسرا .

فإن قيل :  لم فرقتم بين المسكين ،  والفقير ؟  قلنا :  لأن الله تعالى فرق بينهما ،  ولا يجوز أن يقال في شيئين فرق الله تعالى بينهما :  إنهما شيء واحد ،  إلا بنص أو إجماع أو ضرورة حس ؛  فإذ ذلك كذلك فإن الله تعالى يقول :

{  فكانت لمساكين يعملون في البحر }[ الكهف :  79 ] .  سماهم الله تعالى مساكين ولهم سفينة ؛  ولو كانت تقوم بهم ،  لكانوا أغنياء بلا خلاف .  فصح اسم المسكين بالنص لمن هذه صفته .

وبقي القسم الرابع :  وهو من لا شيء له أصلا ؛  ولم يبق له من الأسماء إلا الفقير ،  فوجب ضرورة أنه ذاك .

وروينا ما حدثناه عبد الله بن ربيع ،  ثنا محمد بن معاوية ،  ثنا أحمد بن شعيب ،  أخبرنا نصر بن علي ،  أخبرنا عبد الأعلى ،  ثنا معمر ،  عن الزهري ،  عن أبي سلمة ،  عن أبي هريرة أن رسول الله صلى الله عليه وسلم قال :   "" ليس المسكين الذي ترده الأكلة والأكلتان ،  والتمرة والتمرتان ""  .  قالوا :  فما المسكين يا رسول الله ؟  قال :   "" المسكين الذي لا يجد غنى ،  ولا يفطن لحاجته فيتصدق عليه ""  .

قال أبو محمد :  فصح أن المسكين هو الذي لا يجد غنى ،  إلا أن له شيئا لا يقوم له ،  فهو يصبر وينطوي ،  وهو محتاج ولا يسأل .

وقال تعالى :  {  للفقراء المهاجرين الذين أخرجوا من ديارهم وأموالهم }[ الحشر :  8 ] .

فصح أن الفقير الذي لا مال له أصلا ؛  لأن الله تعالى أخبر أنهم أخرجوا من ديارهم وأموالهم .  ولا يجوز أن يحمل ذلك على بعض أموالهم .

والعاملون عليها :  هم العمال الخارجون من عند الإمام الواجبة طاعته ،  وهم المصدقون ،  السعاة .  قال أبو محمد :  وقد اتفقت الأمة على أنه ليس كل من قال :  أنا عامل عاملا ،  وقد قال عليه السلام :   "" من عمل عملا ليس عليه أمرنا فهو رد ""  .  فكل من عمل من غير أن يوليه الإمام الواجبة طاعته ،  فليس من العاملين عليها ؛  ولا يجزئ دفع الصدقة إليه ،  وهي مظلمة ،  إلا أن يكون يضعها مواضعها ،  فتجزئ حينئذ ؛  لأنها قد وصلت إلى أهلها .  وأما عامل الإمام الواجبة طاعته فنحن مأمورون بدفعها إليه ؛  وليس علينا ما يفعل فيها ؛  لأنه وكيل ،  كوصي اليتيم ولا فرق ،  وكوكيل الموكل سواء سواء .

والمؤلفة قلوبهم :  هم قوم لهم قوة لا يوثق بنصيحتهم للمسلمين ،  فيتألفون بأن يعطوا من الصدقات ،  ومن خمس الخمس .

والرقاب :  هم المكاتبون ،  والعتقاء .  فجائز أن يعطوا من الزكاة .  وقال مالك :  لا يعطى منها المكاتب .  وقول غيره :  يعطى منها ما يتم به كتابته .

وقال أبو محمد :  وهذان قولان لا دليل على صحتهما .  وبأن المكاتب يعطى من الزكاة يقول أبو حنيفة والشافعي .

والغارمون :  هم الذين عليهم ديون لا تفي أموالهم بها ،  أو من تحمل بحمالة وإن كان في ماله وفاء بها ؛  فأما من له وفاء بدينه ،  فلا يسمى في اللغة غارما حدثنا عبد الله بن ربيع ،  ثنا محمد بن معاوية ،  ثنا أحمد بن شعيب ،  أخبرنا محمد بن النضر بن مساور ،  ثنا حماد بن سلمة ،  عن هارون بن رئاب ،  حدثني كنانة بن نعيم ،  عن قبيصة بن المخارق قال :  تحملت بحمالة ،  فأتيت النبي صلى الله عليه وسلم أسأله فيها ؟  فقال :  أقم يا قبيصة حتى تأتينا الصدقة ،  فنأمر لك بها .

يا قبيصة ،  إن الصدقة لا تحل إلا لأحد ثلاثة :  رجل تحمل بحمالة ،  فحلت له المسألة ،  حتى يصيب قواما من عيش ،  أو قالك سدادا من عيش .  وذكر الحديث .

وأما سبيل الله فهو الجهاد بحق .  حدثنا عبد الله بن ربيع ،  ثنا ابن السليم ،  ثنا ابن الأعرابي ،  ثنا أبو داود ،  ثنا الحسن بن علي ،  ثنا عبد الرزاق ،  ثنا معمر ،  عن زيد بن أٍسلم ،  عن عطاء بن يسار ،  عن أبي سعيد الخدري قال :  قال رسول الله صلى الله عليه وسلم :   "" لا تحل الصدقة لغني ،  إلا لخمسة :  لغاز في سبيل الله ،  أو لعامل عليها ،  أو لغارم ،  أو لرجل اشتراها بماله ،  أو لرجل كان له جار مسكين ،  فتصدق على المسكين ،  فأهداها المسكين للغني ""  .  وقد روي هذا الحديث عن غير معمر فأوقفه بعضهم ،  ونقص بعضهم مما ذكر فيه معمر ،  وزيادة العدل لا يحل تركها .  فإن قيل :  قد روي عن رسول الله صلى الله عليه وسلم أن الحج من سبيل الله .  وصح عن ابن عباس أن يعطى منها في الحج .  قلنا :  نعم ،  وكل فعل خير فهو من سبيل الله تعالى ،  إلا أنه لا خلاف في أنه تعالى لم يرد كل وجه من وجوه البر في قسمة الصدقات ،  فلم يجز أن توضع إلا حيث بين النص ،  وهو الذي ذكرنا – وبالله تعالى التوفيق .

وابن السبيل :  هو من خرج في معصية فاحتاج ) .

المسألة الثالثة :

 هل يجوز صرف الزكاة إلى نوع واحد من الأصناف الثمانية ؟

يقول ابن حزم :

( ومن تولى تفريق زكاة ماله ،  أو زكاة فطره ،  أو تولاها الإمام ،  أو أميرة ،  فإن الإمام ،  أو أميرة ،  يفرقانها ثمانية أجزاء مستوية :  للمساكين سهم ،  وللفقراء سهم ،  وفي المكاتبين ،  وفي عتق الرقاب سهم ،  وفي سبيل الله تعالى سهم ،  ولأبناء السبيل سهم ،  وللعمال الذين يقبضونها سهم ،  وللمؤلفة قلوبهم سهم .  وأم من فرق زكاة ماله ففي ستة أسهم كما ذكرنا ،  ويسقط :  سهم العمال ،  وسهم المؤلفة قلوبهم .  ولا يجوز أن يعطي من أهل سهم أقل من ثلاثة أنفس ،  إلا أن لا يجد ،  فيعطي من وجد .  ولا يجوز أن يعطي بعض أهل السهام دون بعض ،  إلا أن يجد ،  فيعطي من وجد .  .  .

برهان ذلك :  قول الله تعالى :  {  إنما الصدقات للفقراء والمساكين والعاملين عليها والمؤلفة قلوبهم وفي الرقاب والغارمين وفي سبيل الله وابن السبيل فريضة من الله والله عليم حكيم }[ التوبة :  60 ] .

وقال بعضهم :  يجزئ أن يعطي المرء صدقته في صنف واحد منها .  واحتجوا بأنه لا يقدر على عموم جميع الفقراء وجميع المساكين .  فصح أنها في البعض .  قال أبو محمد :  وهذا لا حجة لهم فيه ؛  لقول رسول الله صلى الله عليه وسلم :   "" إذا أمرتكم بأمر فأتوا منه ما استطعتم ""  .  ولقول الله تعالى :  {  لا يكلف الله نفسا إلا وسعها }[ البقرة :  286 ] .  فصح أن ما عجز عنه المرء فهو ساقط عنه ،  وبقي عليه ما استطاع ،  لا بد له من إيفائه ؛  فسقط عموم كل فقير وكل مسكين ،  وبقي ما قدر عليه من جميع الأصناف ،  فإن عجز عن بعضها سقط عنه أيضا ؛  ومن الباطل أن يسقط ما يقدر عليه من أجل أنه سقط عنه ما لا يقدر عليه ) .

المسألة الرابعة :

 هل يجوز صرف الزكاة إلى ما سوى الأصناف الثمانية ؟

يقول ابن حزم :

( فإن أعطى من ليس من أهلها – عامدا أو جاهلا – لم يجزه ،  ولا جاز للآخذ ،  وعلى الآخذ أن يرد ما أخذ ،  وعلى المعطي أن يوفي ذلك الذي أعطى في أهله .  برهان ذلك .

قول الله تعالى :  {  إنما الصدقات للفقراء والمساكين والعاملين عليها والمؤلفة قلوبهم وفي الرقاب والغارمين وفي سبيل الله وابن السبيل فريضة من الله والله عليم حكيم }[ التوبة :  6 ] .

المسألة الخامسة :

 من أعطى الزكاة لمن ليس من أهلها خطأ ،  فهل تجزئه ؟

قال ابن حزم :

( فإن أعطى من ليس من أهلها – عامدا أو جاهلا – لم يجزه ،  ولا جاز للآخذ ،  وعلى الآخذ أن يرد ما أخذ ،  وعلى المعطي أن يوفي ذلك الذي أعطى في أهله .

برهان ذلك قول الله تعالى :

{  إنما الصدقات للفقراء والمساكين والعاملين عليها والمؤلفة قلوبهم والرقاب والغارمين وفي سبيل الله وابن السبيل فريضة من الله والله عليم حكيم }[ التوبة :  60 ] .

وأما قولنا :  لا تجزئ إن وضعت في يد من لا تجوز له ؛  فلأن الله تعالى سماها لقوم خصهم بها ؛  فصار حقهم فيها ؛  فمن أعطى منها غيرهم ،  فقد خالف ما أمر الله تعالى به .  وقال رسول الله صلى الله عليه وسلم :   "" من عمل عملا ليس عليه أمرنا فهو رد ""  ؛  فوجب على المعطي إيصال ما عليه إلى من هو له ،  ووجب على الآخذ رد ما أخذ بغير حق .  قال تعالى :  {  ولا تأكلوا أموالكم بينكم بالباطل }[ البقرة :  188 ] .

المسألة السادسة :

 متى تجوز الصدقة على الغني ؟

يقول ابن حزم :

وأما الغني :  فقد روينا من طريق يحيى بن سعيد القطان عن هشام بن عروة عن أبيه عن عدي بن الخيار :  أن رجلين حدثاه أنهما سألا النبي صلى الله عليه وآله وسلم من الصدقة فقال :  إن شئتما ،  ولا حظ فيها لغني ولا لقوي مكتسب .

قلنا :  هذا الخبر وكل ما جاء بهذا اللفظ فإنما هو على ( الصدقة المفروضة ) التي حرمت على الأغنياء ،  إلا من خصه النص منهم :  {  والعاملين عليها والمؤلفة قلوبهم وفي الرقاب والغارمين وفي سبيل الله وابن السبيل }[ التوبة :  60 ] فقط ."
9,61,"قال الله تعالى :

{  ومنهم الذين يؤذون النبي ويقولون هو أذن قل أذن خير لكم يؤمن بالله ويؤمن للمؤمنين ورحمة للذين آمنوا منكم والذين يؤذون رسول الله لهم عذاب أليم }[ التوبة :  61 ] .

وفيها مسألة واحدة ،  وهي :

 هل العبيد داخلون في الخطاب كالأحرار ؟

يرى ابن حزم – رحمه الله تعالى – أن العبيد داخلون في الخطاب الوارد ،  ولا فرق بينهم ،  إلا ما فرق النص فيه بين الأحرار والعبيد .

وقد استدل بالآيات التي وقع فيها الاتفاق على توجه الخطاب إلى الأحرار والعبيد ،  فمنها :  الآية التي ذكرناها – آية التوبة - .

وقوله تعالى :  {  وإن منكم إلا واردها }[ مريم :  71 ] .

وقوله تعالى :  {  ومن يتولهم منكم فإنه منهم }[ المائدة :  51 ] .

وقوله تعالى :  {  سواء منكم من أسر القول ومن جهر به }[ الرعد :  10 ] .

وقوله تعالى :  {  ومنكم من يرد إلى أرذل العمر }[ النحل :  70 ] .

وقوله تعالى :  {  يا أيها الذين آمنوا إذا تداينتم بدين إلى أجل مسمى }[ البقرة :  282 ] .

وقوله تعالى :  {  يا أيها النبي إذا طلقتم النساء }[ الطلاق :  1 ] ."
9,65,"قال الله تعالى :  {  وَلَئِنْ سَأَلْتَهُمْ لَيَقُولُنَّ إِنَّمَا كُنَّا نَخُوضُ وَنَلْعَبُ قُلْ أَبِاللَّهِ وَآَيَاتِهِ وَرَسُولِهِ كُنْتُمْ تَسْتَهْزِئُونَ لا تَعْتَذِرُوا قَدْ كَفَرْتُمْ بَعْدَ إِيمَانِكُمْ إِنْ نَعْفُ عَنْ طَائِفَةٍ مِنْكُمْ نُعَذِّبْ طَائِفَةً بِأَنَّهُمْ كَانُوا مُجْرِمِينَ }[ التوبة :  65-66 ] .

وفيه مسألة واحدة ،  وهي :

 السؤال في ذات الله ،  ما يجوز منه ،  وما يحرم ؟

قال ابن حزم :  ( من السؤالات سؤالات لا يستحل سماعها ،  ولا يحل النطق بها ،  ولا يحل الجلوس حيث يلفظ بها ،  وهي كل ما فيها كفر بالباري عز وجل ،  أو استخفاف به ،  أو بنبي من أنبيائه ،  أو بملك من ملائكته ،  أو بآية من آياته .

وقد قال تعالى :  {  وقد نزل عليكم في الكتاب أن إذا سمعتم آيات الله يكفر بها ويستهزأ بها فلا تقعدوا معهم حتى يخوضوا في حديث غيره أنكم إذا مثلهم }[ النساء :  140 ] .

وقال عز وجل :  {  قل أبالله وآياته ورسوله كنتم تستهزئون لا تعتذروا قد كفرتم بعد إيمانكم }[ التوبة :  65-66 ] ."
9,66,/ت65
9,67,"قال الله تعالى :  {  الْمُنَافِقُونَ وَالْمُنَافِقَاتُ بَعْضُهُمْ مِنْ بَعْضٍ يَأْمُرُونَ بِالْمُنْكَرِ وَيَنْهَوْنَ عَنِ الْمَعْرُوفِ وَيَقْبِضُونَ أَيْدِيَهُمْ نَسُوا اللَّهَ فَنَسِيَهُمْ إِنَّ الْمُنَافِقِينَ هُمُ الْفَاسِقُونَ }[ التوبة :  67 ] .

وفيها مسألة واحدة ،  وهي :

 هل الله سميع بسمع ،  بصير ببصر ؟

يرى الإمام ابن حزم رحمه الله :  ( أن الله سميع بصير ،  ولا نقول بسمع ،  ولا ببصر ؛  لأن الله تعالى لم يقله ،  ولكن سميع بذاته ،  بصير بذاته .

قال أبو محمد :  وبهذا نقول ،  ولا يجوز إطلاق سمع ،  ولا بصر حيث لم يأت به نص لما ذكرنا آنفا :  لا يجوز أن يخبر عنه تعالى إلا بما أخبر به عن نفسه ) وله دليل آخر ،  ذكره عند الإجابة عن قول من أثبت السمع والبصر بحجة أنه لا يعرف سميع بلا سمع ،  ولا بصير بدون بصر ،  قال :  ( ثم نزيد بيانا بعون الله تعالى ،  فنقول :  إن قولكم لا يعقل سميع بلا سمع ،  ولا بصير إلا ببصر .  فإن كان هذا صحيحا يوجب أن يقال :  إن لله تعالى سمعا وبصرا فإنه لا يفعل من له مكر إلا وهو ماكر ،  ولا من كان من الماكرين إلا وهو ماكر ،  ولا يعقل أحد ممن يستهزئ إلا وهو مستهزئ ،  ولا يعقل أحد ممن يكيد إلا وهو كياد ،  ولا يعقل أحد ممن له كيد ،  ومكر إلا وهو كياد وماكر ،  ولا خادع إلا ،  ويسمى :  الخادع .

ولا يعقل من نسي إلا هو ناس وذو نسيان ،  وهذا هو الذي لا سبيل إلى أن يوجد في العالم خلافه .  وقد قال الله تعالى :  {  وأكيد كيدا }[ الطارق :  16 ] .

وقال تعالى :  {  الله يستهزئ بهم }[ البقرة :  15 ] .

وقال تعالى :  {  وهو خادعهم }[ النساء :  142 ] .

وقال تعالى :  {  أفأمنوا مكر الله }[ الأعراف :  99 ] .

وقال تعالى :  {  ومكروا ومكر الله والله خير الماكرين }[ آل عمران :  54 ] .

وقال تعالى :  {  ومكروا مكرا ومكرنا مكرا }[ النمل :  50 ] .

وقال تعالى :  {  فلله المكر جميعا }[ الرعد :  42 ] .

وقال تعالى :  {  نسوا الله فنسيهم }[ التوبة :  67 ] .

وقال تعالى :  {  سخر الله منهم }[ التوبة :  79 ] .

فيلزمهم إذا سموا ربهم ووصفوه من طريق استدلالهم وقياسهم ،  وما شاهدوه في الحاضر عندهم أن يسموه ماكرا ،  فيقولون :  يا ماكر ارحمنا ،  ويسموا بينهم :  عبد الماكر ) ."
9,71,"قال الله تعالى :

{  وَالْمُؤْمِنُونَ وَالْمُؤْمِنَاتُ بَعْضُهُمْ أَوْلِيَاءُ بَعْضٍ يَأْمُرُونَ بِالْمَعْرُوفِ وَيَنْهَوْنَ عَنِ الْمُنْكَرِ وَيُقِيمُونَ الصَّلَاةَ وَيُؤْتُونَ الزَّكَاةَ وَيُطِيعُونَ اللَّهَ وَرَسُولَهُ أُولَئِكَ سَيَرْحَمُهُمُ اللَّهُ إِنَّ اللَّهَ عَزِيزٌ حَكِيمٌ }[ التوبة :  71 ] .

وفيها أربع مسائل ،  وهي :

المسألة الأولى :  الصلاة على من مات في حد .

المسألة الثانية :  هل للأب الكافر ولاية على ابنته المؤمنة ؟

المسألة الثالثة :  هل يشترط للنكاح تكافؤ الزوجين في الدين والنسب ؟

المسألة الرابعة :  حكم من لحق دار الكفر مشاقا للمسلمين .

المسألة الأولى :

 حكم الصلاة على من مات في حد .

يقول ابن حزم :

ويصلى على كل مسلم :  بر ،  أو فاجر ،  مقتول في حد ،  أو في حرابة ،  أو بغي ،  ويصلي عليهم الإمام ،  وغيره – ولو أنه شر من على ظهر الأرض ،  إذا مات مسلما لعموم أمر النبي صلى الله عليه وسلم بقوله :   "" صلوا على صاحبكم ""  ،  والمسلم صاحب لنا .  قال تعالى :  {  إنما المؤمنون إخوة }[ الحجرات :  10 ] .

وقال تعالى :  {  والمؤمنون والمؤمنات بعضهم أولياء بعض }[ التوبة :  71 ] .

فمع منع من الصلاة على مسلم ،  فقد قال قولا عظيما ،  وإن الفاسق لأحوج إلى دعاء إخوانه المؤمنين من الفاضل المرحوم .

وقال بعض المخالفين :  إن رسول الله صلى الله عليه وسلم لم يصل على ماعز .  قلنا :  نعم ،  ولم نقل إن فرضا على الإمام أن يصلي على من رجم ،  إنما قلنا :  له أن يصلي عليه كسائر الموتى ،  وله أن يترك كسائر الموتى ،  ولا فرق .  وقد أمرهم عليه السلام بالصلاة عليه ،  ولم يخص بذلك من لم يرجمه ممن رجمه .

وقد روينا من طريق أحمد بن شعيب :  أنا عبيد الله بن سعيد ،  نا يحيى هو ابن سعيد القطان ،  عن يحيى بن سعيد الأنصاري ،  عن محمد بن يحيى بن حبان ،  عن أبي عمرة ،  عن زيد بن خالد الجهني قال :  مات رجل بخيبر ،  قال رسول الله صلى الله عليه وسلم :   "" صلوا على صاحبكم ،  إن قد غل في سبيل الله ""  قال :  ففتشنا متاعه ،  فوجدنا خرزا من خرز يهود لا يساوي درهمين .

قال أبو محمد :  وهؤلاء الحنفيون ،  والمالكيون – المخالفون لنا في هذا المكان – لا يرون امتناع النبي صلى الله عليه وسلم من الصلاة على الغال حجة في المنع من أن يصلي الإمام على الغال ،  فمن أين وجب عندهم أن يكون تركه عليه السلام أن يصلي على ماعز حجة في المنع من أن يصلي على المرجوم الإمام ؟  وكلاهما ترك وترك إن هذا لعجب .  فكيف وقد صح أن رسول الله صلى الله عليه وسلم على من رجم .

كما روينا من طريق أحمد بن شعيب :  أنا إسماعيل بن مسعود ،  نا خالد – هو ابن الحارث – نا هشام هو الدستوائي – عن يحيى هو ابن أبي كثير – عن أبي قلابة ،  عن أبي المهلب ،  عن عمران بن الحصين :  أن امرأة من جهينة أتت إلى رسول الله صلى الله عليه وسلم فقالت :  إني زنيت – وهي حبلى – فدفعها إلى وليها ،  وقال له :   "" أحسن إليها ،  فإذا وضعت فأتني بها ""  ،  فأمر بها فشكت عليها ثيابها ،  قم رجمها ،  ثم صلى عليها ،  فقال له عمر :  تصلي عليها وقد زنت ؟  قال :   "" لقد تابت توبة لو قسمت بين سبعين من أهل المدينة لوسعتهم ،  وهل وجدت أفضل من أن جادت بنفسها ""  .  فقد صلى عليه السلام على من رجم .

فإن قيل :  ثابت .  قلنا :  و ماعز تاب أيضا ولا فرق .  والعجب كله من منعهم الإمام من الصلاة على من أمر برجمه ،  ولا يمنعون المتولين للرجم من الصلاة عليه .  فأين القياس لو دروا ما القياس ؟  وروينا عن علي بن أبي طالب :  أنه إذ رجم شراحة الهمدانية قال لأوليائها :  اصنعوا بها ،  كما تصنعون بموتاكم .

وصح عن عطاء أنه يصلى على ولد الزنى ،  وعلى أمه ،  وعلى المتلاعنين ،  وعلى الذي يقاد منه ،  وعلى المرجوم ،  والذي يفر من الزحف فيقتل .  قال عطاء :  لا أدع الصلاة على من قال لا إله إلا الله .  قال تعالى :  {  من بعد ما تبين لهم أنهم أصحاب الجحيم }[ التوبة :  113 ] قال عطاء :  فمن يعلم أن هؤلاء من أصحاب الجحيم ؟  قال ابن جريج :  فسألت عمرو بن دينار فقال :  مثل قول عطاء .

وصح عن إبراهيم النخعي أنه قال :  لم يكونوا يحجبون الصلاة عن أحد من أهل القبلة ،  والذي قتل نفسه يصلى عليه .  وأنه قال :  السنة أن يصلى على المرجوم .  فلم يخص إماما من غيره .

وصح عن قتادة :  صل على من قال :  لا إله إلا الله ،  فإن كان رجل سوء جدا فقل :  اللهم اغفر للمسلمين ،  والمسلمات ،  والمؤمنين ،  والمؤمنات ،  ما أعلم أحدا من أهل العلم اجتنب الصلاة على من قال :  لا إله إلا الله .

وصح عن ابن سيرين :  ما أدركت أحدا يتأثم من الصلاة على أحد من أهل القبلة .

وصح عن الحسن أنه قال :  يصلي على من قال لا إله إلا الله وصلى إلى القبلة ،  إنما هي شفاعة .

ومن طريق وكيع ،  عن أبي هلال ،  عن أبي غالب ،  قلت لأبي أمامة الباهلي :  الرجل يشرب الخمر ،  أيصلي عليه ؟  قال :  نعم ،  لعله اضطجع مرة على فراشه فقال :  لا إله إلا الله ،  فغفر له .

وعن ابن مسعود :  أنه سئل عن رجل قتل نفسه :  أيصلى عليه ؟  فقال :  لو كان يعقل ما قتل نفسه .

وصح عن الشعبي :  أنه قال في رجل قتل نفسه :  ما مات فيكم مذ كذا وكذا أحوج إلى استغفاركم منه ؟  ) .

المسألة الثانية :

 هل للأب الكافر ولاية على ابنته المؤمنة ؟

قال ابن حزم :

( ولا يكون الكافر وليا للمسلمة ،  ولا المسلم وليا للكافرة ،  الأب وغيره سواء ،  والكافر ولي للكافرة التي هي وليته ينكحها من المسلم والكافر .

برهان ذلك :  قول الله عز وجل :  {  والمؤمنون والمؤمنات بعضهم أولياء بعض } .

وقال تعالى :  {  والذين كفروا بعضهم أولياء بعض }[ الأنفال :  73 ] .

وهو قول من حفظنا قوله ،  إلا ابن وهب صاحب مالك قال :  إن المسلم يكون وليا لابنته الكافرة في إنكاحها من المسلم أو من الكافر ،  وهذا خطأ لما ذكرنا .  وبالله تعالى التوفيق ) .

المسألة الثالثة :

 هل الكفاءة شرط في صحة النكاح ؟

يقول الإمام ابن حزم رحمه الله تعالى :

( وأهل الإسلام كلهم إخوة لا يحرم على ابن من زنجية لغية نكاح ابنة الخليفة الهاشمي .  والفاسق الذي بلغ الغاية من الفسق – المسلم – ما لم يكن زانيا كفؤ للمسلمة الفاضلة .  وكذلك الفاضل المسلم كفؤ للمسلمة الفاسقة ما لم تكن زانية .  والذي نختاره فنكاح الأقارب بعضهم لبعض .  وقد اختلف الناس في هذا .  .  .

والحجة قول الله تعالى :  {  إنما المؤمنون إخوة }[ الحجرات :  10 ] .

وقوله تعالى مخاطبا لجميع المسلمين :  {  فانكحوا ما طاب لكم من النساء }[ النساء :  3 ] .

وذكر عز وجل ما حرم علينا من النساء .  ثم قال تعالى :  {  وأحل لكم ما وراء ذلكم }[ النساء :  24 ] .  .  .

وأما قولنا في الفاسق ،  والفاسقة ،  فيلزم من خالفنا أن لا يجيز للفاسق أن ينكح إلا فاسقة ،  وأن لا يجيز للفاسقة أن ينكحها إلا فاسق ،  وهذا لا يقوله أحد .

وقد قال الله تعالى :  {  إنما المؤمنون إخوة }[ الحجرات :  10 ] .

وقال تعالى :  {  والمؤمنون والمؤمنات بعضهم أولياء بعض }[ التوبة :  71 ] وبالله تعالى التوفيق .

المسألة الرابعة :

 حكم من لحق بدار الحرب مشاقا للمسلمين .

يقول ابن حزم رحمه الله تعالى :

( من صار مختارا إلى أرض الحرب ،  مشاقا للمسلمين أمرتد هو بذلك أم لا ؟  ومن اعتضد بأهل الحرب على أهل الإٍسلام – وإن لم يفارق دار الإسلام – أمرتد هو بذلك أم لا ؟

قال أبو محمد :  أن عبد الله بن ربيع ،  أنا محمد بن معاوية ،  أنا أحمد بن شعيب ،  أنا محمد بن قدامة ،  عن جرير عن مغيرة ،  عن الشعبي قال :  كان جرير يحدث عن النبي صلى الله عليه وسلم :   "" إذا أبق العبد لم تقبل له صلاة ،  وإن مات ،  مات كافرا ""  فأبق غلام لجرير ،  فأخذه فضرب عنقه .

وبه إلى أحمد بن شعيب ،  أنا قتيبة ،  أنا حميد بن عبد الرحمن ،  عن أبيه ،  عن أبي إسحاق ،  عن الشعبي ،  عن جرير بن عبد الله البجلي قال :  قال رسول الله صلى الله عليه وسلم  "" إذا أبق العبد إلى الشرك فقد حل دمه ""  .

ومن طريق مسلم أنا علي بن حجر السعدي أنا إسماعيل – يعني ابن علية – عن منصور بن عبد الرحمن عن الشعبي عن جرير أنه سمعه يقول :  أيما عبد أبق من مواليه فقد كفر حتى يرجع إليهم ؟  قال منصور :  قد والله روي عن النبي صلى الله عليه وسلم ولكن أكره أن يروى عني هاهنا بالبصرة .

حدثنا عبد الله بن ربيع ،  أنا محمد بن إسحاق ،  أنا ابن الأعرابي ،  أنا أبو داود ،  أنا هناد بن السري ،  أنا أبو معاوية – هو ابن أبي خازم الضرير – عن إسماعيل بن أبي خالد ،  عن قيس بن أبي حازم ،  عن جرير بن عبد الله البجلي قال :  بعث رسول الله صلى الله عليه وسلم سرية إلى خثعم ،  فاعتصم ناس منهم بالسجود ،  فأسرع فيهم القتل ،  فبلغ ذلك النبي صلى الله عليه وسلم فأمر لهم بنصف العقل ،  وقال :  أنا بريء من كل مسلم يقيم بين أظهر المشركين .  قالوا :  يا رسول الله لا تتراءى نارهما .

قال أبو محمد رحمه الله :  حديث الشعبي عن جرير الذي قدمنا هو من طريق منصور بن عبد الرحمن عن الشعبي موقوف على جرير ،  فلا وجه للاشتغال به .  وهو من طريق مغيرة عن الشعبي مسند ،  إلا أن فيه :  إن العبد بإقامته يكون كافرا ،  فظاهره في المملوك ،  لأن الحر لا يوصف بإباق – في المعهود – لكن رواية أبي إسحاق عن الشعبي في هذا الخبر بيان أنه في الحر والمملوك ،  وبيان الإباق الذي يكفر به ،  وهو إباقة إلى أرض الشرك ،  والبعد واقع على كل أحد ،  لأن كل أحد عبد الله تعالى :  كما روينا من طريق مسلم ،  أنا إسحاق بن إبراهيم الحنظلي ،  أن سفيان بن عيينة ،  عن العلاء بن عبد الرحمن ،  عن أبيه ،  عن أبي هريرة سمعت النبي صلى الله عليه وسلم يقول :   "" قال الله تعالى :  قسمت الصلاة بيني وبين عبد ونصفين ،  ولعبدي ما سأل ،  فإذا قال العبد :  الحمد لله رب العالمين ،  قال الله :  حمدني عبدي ""  .

فقوله تعالى :   "" إذا قال العبد ""  عنى به الحر والمملوك – بلا شك- .

والإبلاق مطلق على الحر أيضا .  قال الله تعالى :  {  إذ أبق الفلك المشحون }[ الصافات :  140 ] .

فأخبر تعالى عن رسوله الحر يونس بن متى صلى الله عليه وسلم أنه أبق إذ خرج مغاضبا لأمر ربه تعالى .  وقد علمنا أن من خرج عن دار الإسلام إلى دار الحرب ،  فقد أبق عن الله تعالى ،  وعن إمام المسلمين وجماعتهم ،  ويبين هذا حديثه صلى الله عليه وسلم أنه بريء من كل مسلم يقيم بين أظهر المشركين ،  وهو عليه السلام لا يبرأ إلا من كافر ،  قال الله تعالى :  {  والمؤمنون والمؤمنات بعضهم أولياء بعض }[ التوبة :  71 ] .

قال أبو محمد رحمه الله :  فصح بهذا أن من لحق بدار الكفر والحرب مختارا محاربا لمن يليه من المسلمين ،  فهو بهذا الفعل مرتد له أحكام المرتد كلها :  من وجوب القتل عليه ،  متى قدر عليه ،  ومن إباحة ماله ،  وانفساخ نكاحه ،  وغير ذلك ،  لأن رسول الله صلى الله عليه وسلم لم يبرأ من مسلم ."
9,74,"قال الله تعالى :

{  يَحْلِفُونَ بِاللَّهِ مَا قَالُوا وَلَقَدْ قَالُوا كَلِمَةَ الْكُفْرِ وَكَفَرُوا بَعْدَ إِسْلَامِهِمْ وَهَمُّوا بِمَا لَمْ يَنَالُوا وَمَا نَقَمُوا إِلَّا أَنْ أَغْنَاهُمُ اللَّهُ وَرَسُولُهُ مِنْ فَضْلِهِ فَإِنْ يَتُوبُوا يَكُ خَيْرًا لَهُمْ وَإِنْ يَتَوَلَّوْا يُعَذِّبْهُمُ اللَّهُ عَذَابًا أَلِيمًا فِي الدُّنْيَا وَالْآَخِرَةِ وَمَا لَهُمْ فِي الْأَرْضِ مِنْ وَلِيٍّ وَلَا نَصِيرٍ }[ التوبة :  74 ] .

وفيها مسألة واحدة ،  وهي :

 هل من القول ما يكون كفرا .

يقول الإمام ابن حزم في رده على المرجئة :

( وأما قولهم :  إن شتم الله تعالى ليس كفرا ،  وكذلك شتم رسول الله صلى الله عليه وسلم .  فهو دعوى ؛  لأن الله تعالى قال :  {  يحلفون بالله ما قالوا ولقد قالوا كلمة الكفر وكفروا بعد إسلامهم }[ التوبة :  74 ] .

فنص تعالى على أن من الكلام ما هو كفر .

وقال تعالى :  {  إذا سمعتم آيات الله يكفر بها ويستهزأ بها فلا تقعدوا معهم حتى يخوضوا في حديث غيره إنكم إذا مثلهم }[ النساء :  140 ] .

فنص تعالى :  أن من الكلام في آيات الله تعالى ما هو كفر بعينه مسموع .

وقال تعالى :  {  قل أبالله وآياته ورسوله كنتم تستهزئون لا تعتذروا قد كفرتم بعد إيمانكم إن نعف عن طائفة منكم نعذب طائفة }[ التوبة :  65-66 ] .

فنص تعالى على أن الاستهزاء بالله تعالى أو بآياته أو برسول من رسله كفر مخرج عن الإيمان ،  ولم يقل تعالى في ذلك :  إني علمت أن في قلوبكم كفرا ،  بل جعلهم كفارا بنفس الاستهزاء ،  ومن ادعى غير هذا ،  فقد قول الله تعالى ما لم يقل ،  وكذب على الله تعالى .

وقال عز وجل :  {  إِنَّمَا النَّسِيءُ زِيَادَةٌ فِي الْكُفْرِ يُضَلُّ بِهِ الَّذِينَ كَفَرُوا يُحِلُّونَهُ عَامًا وَيُحَرِّمُونَهُ عَامًا لِيُوَاطِئُوا عِدَّةَ مَا حَرَّمَ اللَّهُ }[ التوبة :  37 ] .

قال أبو محمد :  وبحكم اللغة التي نزل بها القرآن أن الزيادة في الشيء لا تكون البتة إلا منه لا من غيره ،  فصح أن النسيء كفر ،  وهو عمل من الأعمال ،  وهو تحليل ما حرم الله تعالى .

فمن أحل ما حرم الله تعالى ،  وهو عالم بأن الله تعالى حرمه ،  فهو كافر بذلك الفعل نفسه .

وكل من حرم ما أحل الله تعالى ،  فقد أحل ما حرم الله عز وجل ؛  لأن الله تعالى حرم على الناس أن يحرموا ما أحل الله .

وأما خلال الإجماع ،  فإن جميع أهل الإسلام لا يختلفون فيمن أعلن جحد الله تعالى ،  أو جحد رسوله صلى الله عليه وسلم ،  فإنه محكوم له بحكم الكفر قطعا ،  إما القتل ،  وإما أخذ الجزية وسائر أحكام الكفر .  وما شك قط أحد في :  هل هم في باطن أمرهم مؤمنون أم لا ؟  .

ولا فكروا في هذا :  لا رسول الله صلى الله عليه وسلم ،  ولا أحد من أصحابه ،  ولا أحد ممن بعدهم ) ."
9,75,"قال الله تعالى :

{  ومنهم من عاهد الله لئن آتانا من فضله لنصدقن ولنكون من الصالحين }[ التوبة :  75 ] .

وفيها مسألة واحدة ،  وهي :

 من نذر نذر طاعة ولم يعينه ،  فهل يلزمه الوفاء به ؟

قال ابن حزم رحمه الله تعالى :

( من قال :  لله تعالى علي عتق رقبة ،  أو قال :  بدنة ،  أو قال :  مائة درهم ،  أو شيء من البر ،  هكذا لم يعينه :  فإن هذا كله نذر لازم ؛  لأنه لم ينذر شيئا من ذلك في شيء لا يملكه ؛  لأن الذي نذر ليس معينا فيكون مشارا إليه مخبرا عنه ،  فإنما نذر عتقا في ذمته ،  أو صدقة في ذمته .  برهان هذا :

قوله الله تعالى :  {  ومنهم من عاهد الله لئن آتانا من فضله لنصدقن }[ التوبة :  75 ] .

ثم لامهم عز وجل إذ لم يفوا بذلك إذا آتاهم من فضله ،  فخرج هذا على ما التزم في الذمة جملة ،  وخرج نهي النبي صلى الله عليه وسلم عن النذر فيما لا يملك على ما نذر في معين لا يملكه .  ويدخل في القسم اللازم من نذر عتق أول عبد يملكه ،  أو أول ولد تلده أمته ،  وفي هذا نظر .

ومن طريق مسلم :  نا أبو بكر بن أبي شيبة ،  نا عبد الله بن نمير ،  عن هشام بن عروة ،  عن أبيه :  أن حكيم بن حزام أعتق في الجاهلية مائة رقبة ،  وحمل على مائة بعير ،  ثم أعتق في الإسلام مائة رقبة ،  وحمل على مائة بعير قال حكيم :  فقلت :  يا رسول الله :  أشياء كنت أفعلها في الجاهلية ؟  فقال له رسول الله صلى الله عليه وسلم :   "" أسلمت على ما أسلفت لك من الخير ""  قال حكيم :  قلت :  فوالله لا أدع شيئا صنعته في الجاهلية ،  إلا فعلت في الإسلام مثله .

فهذا نذر من حكيم في عتق مائة رقبة ،  وعلم النبي صلى الله عليه وسلم ،  فلم ينكره كما أنكر نذر الأنصارية نحر الناقة التي لم تملكها ،  فصح أن ذلك النهي إنما هو في المعين ،  وأن الجائز هو غير المعين ،  وإن لم يكن في ملكه حينئذ ؛  لأنه في ذمته ) ."
9,79,"قال الله تعالى :

{  الَّذِينَ يَلْمِزُونَ الْمُطَّوِّعِينَ مِنَ الْمُؤْمِنِينَ فِي الصَّدَقَاتِ وَالَّذِينَ لَا يَجِدُونَ إِلَّا جُهْدَهُمْ فَيَسْخَرُونَ مِنْهُمْ سَخِرَ اللَّهُ مِنْهُمْ وَلَهُمْ عَذَابٌ أَلِيمٌ }[ التوبة :  79 ] .

وفيها مسألة واحدة ،  وهي :

 من تصدق بصدقة ،  ولم يبق لنفسه وعياله شيئا ،  فهل تنفذ صدقته ؟

يرى ابن حزم رحمه الله تعالى أنه :

( ولا تنفذ هبة ولا صدقة لأحد إلا فيما أبقى له ولعياله غنى ،  فإن أعطى ما لا يبقى لنفسه وعياله بعده غنى فسخ كله .  برهان ذلك :

ما رويناه من طريق مسلم ،  نا قتيبة بن سعيد ،  نا أبو عوانة ،  عن أبي مالك الأشجعي ،  عن حذيفة قال :  قال نبيكم صلى الله عليه وسلم :   "" كل معروف صدقة ""  .

ومن طريق أحمد بن شعيب ،  أنا عمرو بن سواد ،  عن أبن وهب ،  أنا يونس ،  عن ابن شهاب ،  نا سعيد بن المسيب ،  أنه سمع أبا هريرة يقول :  قال رسول الله صلى الله عليه وسلم :   "" خير الصدقة ما كان عن ظهر غنى وابدأ بمن تعول ""  .  .  .

فإذا ،  كل معروف صدقة ،  وأفضل الصدقة وخيرها :  ما كان عن ظهر غنى ،  فبلا شك وبالضرورة :  أن ما زاد في الصدقة ونقص من الخير والأفضل ،  فلا أجر فيه ،  ولا خير فيه ،  ولا فضل فيه ،  وأنه باطل .  وإذا كان باطلا ،  فهو أكل مال بالباطل .  فهذا محرم بنص القرآن .

ومن طريق يحيى بن سعيد القطان ،  عن محمد بن عجلان ،  حدثني سعيد المقبري ،  عن أبي هريرة :  أن رسول الله صلى الله عليه وسلم قال :   "" تصدقوا ""  فقال رجل :  يا رسول الله عندي دينار ؟  قال :   "" صدق به على نفسك ""  .  قال :  عندي آخر ؟  قال :   "" تصدق به على زوجتك ""  .  قال :  عندي آخر ؟  قال :   "" تصدق به على ولدك ""  .  قال :  عندي آخر ؟  قال :   "" تصدق به على خادمك ""  .  قال :  عندي آخر ؟  قال :   "" أنت أبصر به ""  .

ومن طريق مسلم :  نا قتيبة بن سعيد ،  نا الليث هو ابن سعد ،  عن أبي الزبير ،  عن جابر قال :  أعتق رجل من بني عذرة عبدا له عن دبر ،  فقال له رسول الله صلى الله عليه وسلم :   "" ألك مال غيره ""  ؟  قال :  لا ،  قال :   "" من يشتريه مني ""  ؟  فاشتراه نعيم ابن عبد الله بن النحام بثمانمائة درهم ،  فدفعها إليه ،  ثم قال له رسول الله صلى الله عليه وسلم :   "" ابدأ بنفسك ،  فتصدق عليها ،  فإن فضل شيء فلأهلك ،  فإن فضل عن أهلك شيء ،  فلذي قرابتك ،  فإن فضل عن ذي قرابتك شيء ،  فهكذا وهكذا ""  .

ومن طريق مسلم :  نا أبو الطاهر هو أحمد بن عمرو بن السرح ،  أخبرني ابن وهب ،  أخبرني يونس ،  عن ابن شهاب ،  أخبرني عبد الرحمن بن كعب بن مالك ،  سمعت أبي يقول :  فذكر الحديث في تخلفه عن تبوك ،  قال :  قلت :  يا رسول الله :  إن من توبتي أن أنخلع من مالي صدقة إلى الله وإلى رسول الله صلى الله عليه وسلم .  فقال رسول الله صلى الله عليه وسلم :   "" أمسك عليك بعض مالك فهو خير لك ""  .  فقلت :  إني أمسك سهمي الذي بخيبر .

حدثنا حمام ،  نا عباس بن أصبغ ،  نا محمد بن عبد الملك بن أيمن ،  نا بكر ابن حماد ،  نا مسدد ،  نا حماد هو ابن زيد ،  عن محمد بن إسحاق ،  عن عاصم بن عمر بن قتادة ،  عن محمود بن لبيد ،  عن جابر بن عبد الله :  أن رجلا أتى النبي صلى الله عليه وسلم بمثل البيضة من الذهب فقال :  يا رسول الله هذه صدقة ما تركت لي مالا غيرها ،  فحذفه بها النبي صلى الله عليه وسلم فلو أصابه لأوجعه ،  ثم قال :  ( ينطلق أحدكم فينخلع من ماله ثم يصير عيالا على الناس ) .

وحدثنا عبد الله بن ربيع ،  نا محمد بن إسحاق ،  نا ابن الأعرابي ،  نا إسحاق ابن إسماعيل ،  نا سفيان ،  عن ابن عجلان ،  عن عياض بن عبد الله بن سعد بن أبي سرح ،  أنه سمع أبا سعيد الخدري يقول :  دخل رجل المسجد فأمر النبي صلى الله عليه وسلم الناس أن يطرحوا ثيابا ،  فطرحوا ،  فأمر له بثوبين ،  ثم حث عليه السلام على الصدقة ،  فجاء فطرح أحد الثوبين ،  فصاح به رسول الله صلى الله عليه وسلم :   "" خذ ثوبك ""  .

فهذا رسول الله صلى الله عليه وسلم قد رد العتق ،  والتدبير ،  والصدقة بمثل البيضة من الذهب ،  وصدقة كعب بن مالك بماله كله ،  ولم يجز من ذلك شيئا .

ويبين ذلك أيضا :  قوله عليه الصلاة والسلام :   "" من عمل عملا ليس عليه أمرنا فهو رد ""  .

ومن طريق النظر :  أن كل عقد جمع حراما وحلالا فهو عقد مفسوخ كله ؛  لأنه لم ينعقد كما أمر الله تعالى ،  ولا تميز حلاله من حرامه ،  فهو عقد لم يكن قط صحيحا عمله .  وهذه آثار متواترة متظاهرة في غاية الصحة والبيان لا يحل لأحد خلافها من طريق أبي هريرة ،  وجابر ،  وحكيم بن حزام ،  وكعب بن مالك ،  وأبي سعيد .  وروينا أيضا معناها عن طارق المحاربي عن رسول الله صلى الله عليه وسلم صحيحا .

ومن البرهان على صحة ذلك :  من القرآن قول الله تعالى :  {  ولا تجعل يدك مغلولة إلى عنقك ولا تبسطها كل البسط فتقعد ملوما محسورا }[ الإسراء :  29 ] .

وقوله تعالى :  {  وآتوا حقه يوم حصاده ولا تسرفوا إنه لا يحب المسرفين }[ الأنعام :  141 ] .

وقوله تعالى :  {  وآت ذا القربى حقه والمسكين وابن السبيل ولا تبذر تبذيرا إن المبذرين كانوا إخوان الشياطين }[ الإسراء :  26-27 ] .

قال علي :  والغني هو ما يقوم بقوت المرء وأهله على الشبع من قوت مثله ،  وبكسوتهم كذلك وسكناهم ،  وبمثل حال من مركب وزي فقط .  وبالله تعالى التوفيق .  فهذا يقع عليه في اللغة اسم غنى ،  لاستغنائه عن الناس ،  فما زاد فهو وقر ودثر ويسار ،  وفضل إلى الإكثار ،  وما نقص فليس غنى ،  ولكنه حاجة وعسرة وضيقة ،  إلا أن ينزل إلى المسكنة ،  والفاقة ،  والفقر ،  والإدقاع ،  والضرورة .  ونعوذ بالله من ذلك ،  ومن فتنة الغنى والمال ) ."
9,81,"قال الله تعالى :

{  فَرِحَ الْمُخَلَّفُونَ بِمَقْعَدِهِمْ خِلَافَ رَسُولِ اللَّهِ وَكَرِهُوا أَنْ يُجَاهِدُوا بِأَمْوَالِهِمْ وَأَنْفُسِهِمْ فِي سَبِيلِ اللَّهِ وَقَالُوا لَا تَنْفِرُوا فِي الْحَرِّ قُلْ نَارُ جَهَنَّمَ أَشَدُّ حَرًّا لَوْ كَانُوا يَفْقَهُونَ }[ التوبة :  81 ] .

وفيها مسألة واحدة ،  وهي :

 هل الأحكام الشرعية مبنية على علل ؟

قال ابن حزم رحمه الله تعالى :

( وقال أبو سليمان وجميع أصحابه رضي الله عنهم :  لا يفعل الله شيئا من الأحكام وغيرها لعلة أصلا بوجه من الوجوه ،  فإذا نص الله تعالى ،  أو رسوله صلى الله عليه وسلم على أن أمرا كذا لسبب كذا ،  أو من أجل كذا ،  ولأن كان كذا أو لكذا ،  فإن ذلك كله ندري أنه جعله الله أسبابا لتلك الأشياء في تلك المواضع التي جاء النص بها فيها ولا توجب تلك الأسباب من تلك الأحكام في غير تلك المواضع البتة .

قال أبو محمد :  وهذا هو ديننا الذي ندين به ،  وندعو عباد الله تعالى إليه ،  ونقطع على أنه الحق عند الله تعالى ) .

وقد ذكر رحمه الله أدلة من ذهب إلى القول بالعلل ومنها الآية المذكورة آنفا ،  فقال :

( واحتج بعضهم بقول الله عز وجل حكاية عن المنافقين أنهم قالوا {  فَرِحَ الْمُخَلَّفُونَ بِمَقْعَدِهِمْ خِلَافَ رَسُولِ اللَّهِ وَكَرِهُوا أَنْ يُجَاهِدُوا بِأَمْوَالِهِمْ وَأَنْفُسِهِمْ فِي سَبِيلِ اللَّهِ وَقَالُوا لَا تَنْفِرُوا فِي الْحَرِّ قُلْ نَارُ جَهَنَّمَ أَشَدُّ حَرًّا لَوْ كَانُوا يَفْقَهُونَ } .

قال أبو محمد :

وهذه الآية كافية في إبطال العلل لأن الله تعالى أخبر أن جهنم ذات حر ،  وأن الدنيا ذات حر ،  ثم فرق تعالى بين حكميهما ،  وأمرهم بالصبر على حر الدنيا ،  وأنكر عليهم الفرار عنها ،  وأمرهم بالفرار عن حر جهنم ،  وألا يصبروا عليها أصلا ،  نعوذ بالله منها ) .

ومن أدلته أيضا :

قال الله تعالى :  {  وليقول الذين في قلوبهم مرض والكافرين ماذا أراد الله بهذا مثلا كذلك يضل الله من يشاء ويهدي من يشاء }[ المدثر :  31 ] .

فأخبر تعالى أن البحث عن علة مراده تعالى ضلالا ؛  لأنه لا بد من هذا ،  أو من أن تكون الآية نهيا عن البحث عن المعنى المراد ،  وهذا خطأ لا يقوله مسلم ،  بل البحث عن المعنى الذي أراده الله تعالى فرض على كل طالب علم ،  وعلى كل مسلم فيما يخصه ؛  فصح القول الثاني ضرورة لا بد .

وقال الله تعالى :  {  فعال لما يريد }[ هود :  107 ] .

وقال الله تعالى :  {  لا يسأل عما يفعل وهم يسألون }[ الأنبياء :  23 ] .

قال أبو محمد :

وهذه كافية في النهي عن التعليل جملة ،  فالمعلل بعد هذا عاص لله عز وجل ،  وبالله نعوذ من الخذلان .

وقال تعالى :  {  وَيَا آَدَمُ اسْكُنْ أَنْتَ وَزَوْجُكَ الْجَنَّةَ فَكُلَا مِنْ حَيْثُ شِئْتُمَا وَلَا تَقْرَبَا هَذِهِ الشَّجَرَةَ فَتَكُونَا مِنَ الظَّالِمِينَ فَوَسْوَسَ لَهُمَا الشَّيْطَانُ لِيُبْدِيَ لَهُمَا مَا وُورِيَ عَنْهُمَا مِنْ سَوْآَتِهِمَا وَقَالَ مَا نَهَاكُمَا رَبُّكُمَا عَنْ هَذِهِ الشَّجَرَةِ إِلَّا أَنْ تَكُونَا مَلَكَيْنِ أَوْ تَكُونَا مِنَ الْخَالِدِينَ وَقَاسَمَهُمَا إِنِّي لَكُمَا لَمِنَ النَّاصِحِينَ  فَدَلَّاهُمَا بِغُرُورٍ فَلَمَّا ذَاقَا الشَّجَرَةَ بَدَتْ لَهُمَا سَوْآَتُهُمَا وَطَفِقَا يَخْصِفَانِ عَلَيْهِمَا مِنْ وَرَقِ الْجَنَّةِ وَنَادَاهُمَا رَبُّهُمَا أَلَمْ أَنْهَكُمَا عَنْ تِلْكُمَا الشَّجَرَةِ وَأَقُلْ لَكُمَا إِنَّ الشَّيْطَانَ لَكُمَا عَدُوٌّ مُبِينٌ قَالَا رَبَّنَا ظَلَمْنَا أَنْفُسَنَا وَإِنْ لَمْ تَغْفِرْ لَنَا وَتَرْحَمْنَا لَنَكُونَنَّ مِنَ الْخَاسِرِينَ }[ الأعراف :  19-23 ] .

قال أبو محمد :

وقال الله تعالى حاكيا عن إبليس إذ عصى وأبى عن السجود أنه قال :

{  قال ما منعك ألا تسجد إذ أمرتك قال أنا خير منه خلقتني من نار وخلقته من طين }[ الأعراف :  12 ] .

فصح أن خطأ آدم عليه السلام إنما كان من وجهين :

أحدهما :  تركه حمل نهي ربه تعالى عن الوجوب .

والثاني :  قبوله قول إبليس أن نهي الله عن الشجرة إنما هو لعلة كذا .

فصح يقينا بهذا النص البين أن تعليل أوامر الله تعالى معصية ،  وأن أول ما عصي الله به في عالمنا هذا القياس ،  وهو قياس إبليس على أن السجود لآدم ساقط عنه ؛  لأنه خير منه ،  إذ إبليس من نار ،  وآدم من طين ،  ثم بالتعليل للأوامر كما ذكرنا ،  وصح أن أول من قاس في الدين ،  وعلل في الشرائع إبليس ؛  فصح أن القياس وتعليل الأحكام دين إبليس ،  وأنه مخالف لدين الله تعالى ،  نعم ولرضاه .

ونحن نبرأ إلى الله تعالى من القياس في الدين ،  ومن إثبات علة لشيء من الشريعة .  وبالله تعالى التوفيق ) ."
9,90,"قال الله تعالى :  {  وَجَاءَ الْمُعَذِّرُونَ مِنَ الْأَعْرَابِ لِيُؤْذَنَ لَهُمْ وَقَعَدَ الَّذِينَ كَذَبُوا اللَّهَ وَرَسُولَهُ سَيُصِيبُ الَّذِينَ كَفَرُوا مِنْهُمْ عَذَابٌ أَلِيمٌ }[ التوبة :  90 ] .

وفيها مسألة واحدة ،  وهي :

 هل كان النبي صلى الله عليه وسلم يعلم المنافقين ؟

يرى ابن حزم رحمه الله تعالى أن النبي صلى الله عليه وسلم لم يكن يعلم المنافقين ويستدل بقوله تعالى :  {  وَجَاءَ الْمُعَذِّرُونَ مِنَ الْأَعْرَابِ لِيُؤْذَنَ لَهُمْ وَقَعَدَ الَّذِينَ كَذَبُوا اللَّهَ وَرَسُولَهُ سَيُصِيبُ الَّذِينَ كَفَرُوا مِنْهُمْ عَذَابٌ أَلِيمٌ }[ التوبة :  90 ] .  ويقول :

( وهذه الآية تبين ما قلناه نصا ،  لأنه تعالى أخبر أن بعضهم كفار ،  إلا أن كلهم عصاة ،  فأما المبطنون للكفر منهم فلم يعلمهم النبي – عليه السلام – ولا علمهم أحد منهم إلا الله تعالى فقط .

وقال تعالى :  {  إنما السبيل على الذين يستأذنونك }[ التوبة :  93 ] إلى قوله :  {  عن القوم الفاسقين }[ التوبة :  96 ] .

قال أبو محمد رحمه الله :  وهي كالتي قبلها ،  وقد قلنا :  إن فيهم من كفر ،  فأولئك الذين طبع الله على قلوبهم ،  ولكن الله تعالى أرجأ أمرهم بقوله تعالى :  {  وسيرى الله عملكم ورسوله }[ التوبة :  94 ] فصح ما قلناه واتفقت الآيات كلها ،  والحمد لله رب العالمين .

وكذلك أخبر تعالى أن {  مأواهم جهنم جزاء بما كانوا يكسبون }[ التوبة :  95 ] وجهنم تكون جزاء على الكفر وتكون جزاء على المعصية ،  وكذلك لا يرضى تعالى عن القوم الفاسقين ،  وإن لم يكونوا كافرين .

وقال تعالى :  {  الأعراب أشد كفرا ونفاقا }[ التوبة :  97 ] إلى قوله تعالى :  {  إن الله غفور رحيم }[ التوبة :  99 ] .

قال أبو محمد :  وهذه الآيات كلها تبين نص ما قلناه من أن فيهم كفارا في الباطن .  قال أبو محمد رحمه الله :  لا يعلم سرهم إلا الله تعالى ،  وأما رسوله – عليه السلام – فلا .

وقال تعالى :  {  وممن حولكم من الأعراب منافقون } إلى قوله {  سميع عليم }التوبة [ 101-103 ] .

قال أبو محمد :  هذه الآية مبينة نص ما قلناه بيانا لا يحل لأحد أن يخالفه من أن النبي – عليه السلام – لا يعلم المنافقين لا من الأعراب ،  ولا من أهل المدينة ولكن الله تعالى يعلمهم ،  وأن منهم من يتوب ،  فيعفو الله تعالى عنه ،  وأن النبي صلى الله عليه وسلم مأمور بأخذ زكوات جميعهم على ظاهر الإسلام .

ومن أدلته ما ذكره رحمه الله عند الجواب على ما استدل به من قال :  إن النبي صلى الله عليه وسلم علم المنافقين بقوله تعالى :  {  ولا تصل على أحد منهم مات أبدا ولا تقم على قبره إنهم كفروا بالله ورسوله وماتوا وهم فاسقون }[ التوبة :  84 ] .

وبعد أن ساق الروايات التي جاءت في قصة صلاة النبي صلى الله عليه وسلم على عبد الله بن أبي بن سلول ،  قال :

( قال أبو محمد رحمه الله :  فهذا كله يوجب صحة ما قلناه لوجوه :

أحدها :  ظاهر الآية كما قلنا من أنهم كفروا قبل ،  وماتوا على الفسق .

والثاني :  أن الله تعالى قد نهى النبي صلى الله عليه وسلم والمؤمنين عن الاستغفار جملة للمشركين بقوله تعالى :  {  ما كان للنبي والذين آمنوا أن يستغفروا للمشركين } إلى قوله تعالى :  {  أصحاب الجحيم }[ التوبة :  113 ] .

فلو كان ابن أبي وغيره من المذكورين ممن تبين للنبي صلى الله عليه وسلم أنهم كفار بلا شك ،  لما استغفر لهم النبي صلى الله عليه وسلم ولا صلى عليه .  ولا يحل لمسلم أن يظن بالنبي صلى الله عليه وسلم أنه خالف ربه في ذلك ؛  فصح يقينا أنه – عليه السلام – لم يعلم قط أن عبد الله بن أبي والمذكورين كفار في الباطن .

روينا من طريق مسلم :  نا حرملة بن يحيى التجيبي ،  نا عبد الله بن وهب ،  نا يونس ،  عن ابن شهاب ،  أخبرني سعيد بن المسيب بن حور ،  عن أبيه قال :  لما حضرت أبا طالب الوفاة جاءه رسول الله صلى الله عليه وسلم فوجد عنده أبا جهل وعبد الله بن أمية بن المغيرة ،  فقال رسول الله صلى الله عليه وسلم :   "" يا عم قل :  لا إله إلا الله كلمة أشهد لك بها عند الله ""  .  فقال أبو جهل وعبد الله بن أبي أمية :  أترغب عن ملة عبد المطلب .  فلم يزل رسول الله صلى الله عليه وسلم يعرضها عليه ويعيدان عليه تلك المقالة ،  حتى قال أبو طالب آخر ما كلمهم به :  على ملة عبد المطلب ،  فقال رسول الله صلى الله عليه وسلم :   "" أما والله لأستغفرن لك ما لم أنه عنك ؛  فأنزل الله تعالى :  {  ما كان للنبي والذين آمنوا }الآية .

قال أبو محمد :  فصح أن النهي عن الاستغفار للمشركين نزل بمكة بلا شك ؛  فصح يقينا أنه – عليه السلام – لم يوقن أن عبد الله بن أبي مشرك ،  ولو أيقن أنه مشرك لما صلى عليه أصلا ،  ولا استغفر له ،  وكذلك تعديد عمر بن الخطاب مقالات عبد الله بن أبي ابن سلول ،  ولو كان عنده كافرا ،  لصرح بذلك ،  وقصد إليه ،  ولم يطول بغيره .

والثالث :  شك ابن عباس وجابر وتعجب عمر من معارضة النبي صلى الله عليه وسلم في صلاته على عبد الله بن أبي ،  وإقراره بأن رسول الله صلى الله عليه وسلم أعرف منه .

والرابع :  أن الله تعالى إنما نهى نبيه صلى الله عليه وسلم عن الصلاة عليهم والاستغفار لهم فقط ،  ولم ينه سائر المسلمين عن ذلك ،  وهذا لا ننكره ،  فقد كان رسول الله صلى الله عليه وسلم لا يصلي على من عليه دين لا يترك له وفاء ،  ويأمر المسلمين بالصلاة عليهم .

فصح يقينا بهذا أن معنى الآيات إنما هو أنهم كفروا بذلك من قولهم ،  وعلم بذلك النبي عليه السلام والمسلمون ،  ثم تابوا في ظاهر الأمر ،  فمنهم من علم الله تعالى أن باطنه كظاهره في التوبة ،  ومنهم من علم الله تعالى أن باطنه خلاف ظاهره ،  ولم يعلم ذلك النبي عليه السلام ولا أحد من المسلمين ،  وهذا في غاية البيان .  وبالله تعالى التوفيق ."
9,91,"قال تعالى :  {  لَيْسَ عَلَى الضُّعَفَاءِ وَلَا عَلَى الْمَرْضَى وَلَا عَلَى الَّذِينَ لَا يَجِدُونَ مَا يُنْفِقُونَ حَرَجٌ إِذَا نَصَحُوا لِلَّهِ وَرَسُولِهِ مَا عَلَى الْمُحْسِنِينَ مِنْ سَبِيلٍ وَاللَّهُ غَفُورٌ رَحِيمٌ }[ التوبة :  91 ] .

وفيها اثنتان وعشرون مسألة :

المسألة الأولى :  من الذي يحق له الفرار من الصف ؟

المسألة الثانية :  هل يجب القضاء على من أخر الواجب الموسع ثم لم يستطع من أداءه لمانع ؟

المسألة الثالثة :  ما حكم تارك الوتر ؟

المسألة الرابعة :  من كبر قبل الإمام لعذر ،  فهل يدخل مع الإمام ،  ويبني على تكبيرته ؟

المسألة الخامسة :  ما حكم صلاة من غسل دما وقع على ثوبه في صلاته ؟

المسألة السادسة :  حكم إمامة الألكن والألثغ واللحان .

المسألة السابعة :  من وقف بعرفة ،  حاملا لمال حرام ،  فما حكم حجه ؟

المسألة الثامنة :  من قتل حيوانا صال عليه ،  فهل يضمن ؟

المسألة التاسعة :  إذا هال البحر ،  وخافوا العطب ،  فألقوا الأثقل ،  فهل يضمنوه ؟

المسألة العاشرة :  هل تضمن الوديعة ؟

المسألة الحادية عشرة :  هل تضمن العارية ؟

المسألة الثانية عشرة :  إذا اشترى جارية ،  فوجدها معيبة بعد وطئها ،  فهل له الرد ؟

المسألة الثالثة عشرة :  من داوى أخاه ،  فهلك ،  فهل يضمنه ؟

المسألة الرابعة عشرة :  من استعمل صبيا بغير إذن أهله فتلف فهل يضمن ؟

المسألة الخامسة عشرة :  هل يضمن المقتص ،  إذا هلك المقتص منه ؟

المسألة السادسة عشرة :  من ضرب ليتوب ،  فمات ،  فهل يضمن ؟

المسألة السابعة عشرة :  هل يمنع الاعتكاف الأمر الواجب ؟

المسألة الثامنة عشرة :  من عمل في شيء ،  فأتلفه ،  فهل يجب عليه ضمانه ؟

المسألة التاسعة عشرة :  من باع مالا لغيره ،  فهل له شراؤه ؟

المسألة العشرون :  إذا تلف صداق المرأة بعد قبضها ثم طلقها الزوج قبل الدخول ،  فهل تضمن النصف ؟

المسألة الحادية والعشرون :  إذا طلق المولي ثم راجع ،  فهل يسقط حكم الإيلاء ؟

المسألة الثانية والعشرون :  إذا قتل المصلى من مر بين يديه ،  فهل يضمنه ؟

المسألة الأولى :

 من الذي يحق له الفرار من الصف ؟

قال ابن حزم :

( وأما بعد اللقاء فلا يحل لواحد منا أن يولي دبره جميع من على وجه الأرض من المشركين ،  إلا متحرفا لقتال ،  أو متحيزا إلى فئة – على ما نبينه في موضعه إن شاء الله تعالى – أو من كان مريضا ،  أو زمنا بقوله تعالى :

{  ليس على الضعفاء ولا على المرضى ولا على الذين لا يجدون ما ينفقون حرج إذا نصحوا لله ورسوله }[ التوبة :  91 ] .

فإن قالوا :  إن الضعيف القلب معذور لأنه دخل في جملة الضعفاء .  قيل لهم :  هذا خطأ ،  لأن من رضي أن يكون مع الخوالف لضعف قلبه ،  ملوم بالنص غير معذور .  وأيضا ،  فإن ضعف القلب قد نهينا عنه بقوله تعالى :  {  ولا تهنوا }[ آل عمران :  139 ] ولا يجوز أن يكون تعالى أراد وهن البدن ؛  لأنه لا يستطاع دفعه أصلا ،  والله تعالى لا يكلف إلا ما نطيق ،  وضعف القلب مقدور على دفعه .

ولو أراد الجبان أن يثبت لثبت ،  ولكنه آثر هواه والفرار على ما لا بد له من دراكه من الموت الذي لا يعدو وقعه ،  ولا يتقدم ،  ولا يتأخر ،  وهذا بين .  وبالله تعالى التوفيق ) .

المسألة الثانية :

 هل يجب القضاء على من أخر الواجب الموسع إلى آخر وقته ،  ثم لم يستطع أداءه لمانع ؟

يقول ابن حزم :

( وأما العمل المأمور به في وقت محدود الطرفين ،  قد ورد النص بالفسحة في تأخيره ،  فإنه يجب بأول الوقت ،  إلا أنه قد أذن له في تأخيره ،  وكان مخيرا في ذلك ،  وفي تعجيله ،  فأي ذلك أدى ،  فقد أدى فرضه .  إلا أنه يؤجر على التعجيل لتحصيله العمل ،  واهتمامه به ،  ولا يأثم على التأخير ؛  لأنه فعل ما أبيح له ،  وذلك مثل :  تأخير المرء الصلاة إلى آخر وقتها الواسع .  ولذلك أسقطنا الملامة والقضاء عن المرأة تؤخر الصلاة عن أول وقتها ،  فتحيض ،  فعلت ما أبيح لها ،  ومن فعل ما أبيح له ،  فقد أحسن .

وقال تعالى :  {  ما على المحسنين من سبيل }[ التوبة :  91 ] ،  فسقطت الملامة .

وقد أخر عليه السلام الصلاة إلى آخر وقتها ؛  فصح بذلك :  أن ذلك جائز مباح حسن ،  وإن كان التعجيل أحسن .  وسقط القضاء عنها ؛  لخروج الوقت ؛  لأنه [ لا ] يؤدى عمل إلا في وقته المأمور به ،  كما أسقط خصومنا موافقين لنا القضاء عن المغمى عليه أكثر من خمس صلوات ،  وبعضهم أسقطها عن المغمى عليه صلاة فما فوقها ) .

المسألة الثالثة :

 ما حكم تارك الوتر ؟

قال ابن حزم :

( وقال مالك :  ليس فرضا ،  ولكن من تركه أدب ،  وكانت جرحة في شهادته .

قال أبو محمد :  وهذا خطأ بين ؛  لأنه لا يخلو تاركه أن يكون عاصيا لله عز وجل أو غير عاص ؛  فإن كان عاصيا لله تعالى ،  فلا يعصي أحد بترك ما لا يلزمه وليس فرضا ؛  فالوتر إذن فرض ،  وهو لا يقول بهذا ،  وإن قال :  بل هو غير عاص لله تعالى .  قيل :  فمن الباطل أن يؤدب من لم يعص الله تعالى ،  أو أن تجرح شهادة من ليس عاصيا لله عز وجل ؛  لأن من لم يعص الله عز وجل فقد أحسن ،  والله تعالى يقول :  {  ما على المحسنين من سبيل }[ التوبة : 91 ] ) .

المسألة الرابعة :

 من سبق إمامه بالتكبير لعذر ،  فهل تصح صلاته ؟

( ومن دخل في مسجد فظن أن أهله قد صلوا صلاة الفرض التي هو في وقتها ،  أو كان ممن لا يلزمه فرض الجماعة ،  فابتدأ ،  فأقيمت الصلاة :  فالواجب أن يبني على تكبيره ،  ويدخل معهم في الصلاة ،  فإن كان قد صلى منها ركعة فأكثر فكذلك ؛  فإذا أتم هو صلاته جلس ،  وانتظر سلام الإمام فسلم معه .  برهان ذلك :  أنه ابتدأ الصلاة كما أمر ،  ومن فعل ما أمر فقد أحسن ،  وقد قال عز وجل :  {  ما على المحسنين من سبيل }[ التوبة :  91 ] فإذ هو كذلك ثم وجد إماما ،  ففرض عليه أن يأتم به ؛  لقول رسول الله صلى الله عليه وسلم :   "" إنما جعل الإمام ليؤتم به ) ،  ولإنكاره عليه السلام على من صلى لنفسه ،  والإمام يصلي بالناس ) ؛  فهذا لا يجوز إلا حيث أجازه رسول الله صلى الله عليه وسلم فقط .  وليس ذلك إلا لمن عذر فطول عليه الإمام فقط ،  على ما نذكره في بابه إن شاء الله تعالى .

ولا يضره أن يضره أن يكبر قبل إمامه إذا كان تكبيره بحق ،  ومخالفنا يجيز لمن كبر ،  ثم استخلف الإمام من كبر بعده أن يأتم بهذا المستخلف الذي كبر مأمومه قبله .

وروينا من طريق عبد الرزاق :  عن سفيان الثوري ،  عن المغيرة بن مقسم ،  والأعمش ،  كلاهما عن إبراهيم النخعي ،  أنه قال في رجل دخل في مسجد يرى أنهم قد صلوا ،  فصلى ركعتين من المكتوبة ،  ثم أقيمت الصلاة ،  قال إبراهيم :  يدخل مع الإمام ،  فيصلي ركعتين ،  ثم يسلم ،  ثم يجعل الباقيتين تطوعا .  فقيل لإبراهيم :  ما شعرت أن أحدا يفعل ذلك ؟  فقال إبراهيم :  إن هذا كان يفعله من كان قبلكم .

قال علي :  هذا خبر عن الصحابة رضي الله عنهم وعن أكابر التابعين رحمة الله عليهم ) .

المسألة الخامسة :

 ما حكم صلاة من غسل دما وقع على ثوبه في صلاته ؟

يقول ابن حزم رحمه الله :

( فإن رعف أحد ممن ذكرنا في صلاة كما ذكرن فإن أمكنه أن يسد أنفه وأن يدع الدم يقطر على ما بين يديه ،  بحيث لا يمس له ثوبا ولا شيئا من ظاهر جسده ،  فعل وتمادى على صلاته ،  ولا شيء عليه .

برهان ذلك :  أن الرعاف ليس حدثا على ما ذكرنا قبل ،  فإذ ليس حدثا ،  ولا مس له الدم ثوبا ،  ولا ظاهر جسد فلم يعرض في طهارته ،  ولا في صلاته شيء .

فإن مس الدم من جسده أو ثوبه ،  فأمكنه غسل ذلك غير مستدبر القبلة ،  فليغسله وهو متمادي في صلاته ،  وصلاته تامة ،  وسواء مشى إلى الماء كثيرا أو قليلا .

برهان ذلك :  أن غسل النجاسة واجتناب المحرمات فرض بلا خلاف ،  فهو في مشية لذلك وفي عمله لذلك مؤدي فرض ،  ولا تبطل الصلاة بأن يؤدي فيها ما أمر بأدائه ،  لأنه لم يخالف ،  بل صلى كما أمر ،  ومن فعل ما أمر به فهو محسن ،  وقد قال تعالى :  {  ما على المحسنين من سبيل }[ التوبة :  91 ] ) .

المسألة السادسة :

 حكم إمامة الألكن والألثغ واللحان .

يقول ابن حزم رحمه الله :

( وأما الألثغ ،  والألكن ،  والأعجمي اللسان ،  واللحان :  فصلاة من آئتم بهم جائزة ؛  لقول الله تعالى :  {  لا يكلف الله نفسا إلا وسعها }[ البقرة :  286 ] .

فلم يكلفوا إلا ما يقدرون عليه ،  لا ما لا يقدرون عليه ،  فقد أدوا صلاتهم كما أمروا ،  ومن أدى صلاته كما أمر فهو محسن .  قال تعالى :  {  ما على المحسنين من سبيل }[ التوبة :  91 ] .

والعجب كل العجب ممن يجيز صلاة الألثغ ،  واللحان ،  والألكن لنفسه ،  ويبطل صلاة من ائتم بهم في الصلاة ،  وهم – مع ذلك – يبطلون صلاة من صلى وهو جنب ناسيا ،  ويجيزون صلاة من ائتم به وهو لا صلاة له .  وبالله تعالى التوفيق ) .

المسألة السابعة :

 حكم حج من وقف بعرفه حاملا لمال حرام .

قال ابن حزم :

( فمن وقف بها – عرفة – حاملا لمال حرام ،  فلم يقف كما أمر بل وقف عاصيا ،  فإن لم يعلم بذلك فقد قال تعالى :  {  وليس عليكم جناح فيما أخطأتم به ولكن ما تعمدت قلوبكم }[ الأحزاب :  5 ] ومن لم يتعمد للحرام عالما به فليس عاصيا ،  وإذا لم يكن عاصيا ،  فهو محسن قال – تعالى - :  {  ما على المحسنين من سبيل }[ التوبة :  91 ] فقد وقف كما أمر ،  وعفا الله تعالى له عما لم يعلمه ) .

المسألة الثامنة :

 من قتل حيوانا صال عليه ،  فهل يضمن ؟

يقول ابن حزم :

( وكل من عدا عليه حيوان متملك من بعير ،  أو فرس ،  أو بغل ،  أو فيل ،  أو غير ذلك ،  فلم يقدر على دفعه عن نفسه إلا بقتله فقتله فلا ضمان عليه فيه .

وهو قول مالك ،  والشافعي ،  وأبي سليمان .

قال علي :  لا يخلو من عدت البهيمة عليه فخشي أن تقتله ،  أو أن تجرحه ،  أو أن تكسر له عضوا ،  أو أن تفسد ثيابه من :  أن يكون مأمورا بإباحة ذلك لها ،  منهيا عن الامتناع منها ودفعها ،  وهذا مما لا يقولونه ،  ولو قالوه لكان زائدا في ضلالهم ،  لأن الله تعالى يقول :  {  ولا تلقوا بأيديكم إلى التهلكة }[ البقرة :  195 ] وهذا على عمومه ،  أو يكون مأمورا بدفعها عن نفسه منهيا عن إمكانها من روحه ،  أو جسمه ،  أو ماله ،  أو أخيه المسلم ،  وهذا هو الحق لما ذكرنا .

فإذا هو مأمور بذلك ولم يقدر على النجاة منها إلا بقتلها فهو مأمور بقتلها ،  لأن قتلها هو الدفع الذي أمر به ،  ومن فعل ما أمر به ،  فهو محسن ،  وإذ هو محسن ،  فقد قال تعالى :  {  ما على المحسنين من سبيل }[ التوبة :  91 ] ) .

المسألة التاسعة :

 إذا هال البحر ،  وخافوا العطب ،  فألقوا الأثقل فالأثقل ،  فهل يضمنوه ؟

قال الإمام ابن حزم :

( فإن هال البحر وخافوا العطب فليخففوا الأثقل فالأثقل ،  ولا ضمان فيه على أهل المركب لأنهم مأمورون بتخليص أنفسهم .  قال الله تعالى :  {  ولا تقتلوا أنفسكم }[ النساء :  29 ] وقال تعالى :  {  ولا تلقوا بأيديكن إلى التهلكة }[ البقرة :  195 ] .

فمن فعل ما أمر به فهو محسن ،  قال الله تعالى :  {  ما على المحسنين من سبيل }[ التوبة :  91 ] وقال مالك :  يضمن ما كان للتجارة ،  ولا يضمن ما سيق للأكل والقنية ،  ولا يضمن شيئا من ذلك من لا مال له في المركب .  وهذا كله تخليط لا يعضده دليل أصلا ،  وقول لا نعلم أحدا تقدمه قبله .  وبالله تعالى التوفيق ) .

المسألة العاشرة :

 هل تضمن الوديعة ؟

يقول الإمام ابن حزم :

( فإن تلفت من غير تعد منه ولا تضييع لها فلا ضمان عليه فيها ؛  لأنه إذا حفظها ولم يتعد ولا ضيع فقد أحسن ،  والله تعالى يقول :  {  ما على المحسنين من سبيل }[ التوبة :  91 ] ولقول رسول الله صلى الله عليه وسلم :   "" إن دماءكم وأموالكم عليكم حرام ""  فمال هذا المودع حرام على غيره ما لم يوجب أخذه منه نص ) .

المسألة الحادية عشرة :

 هل تضمن العارية ؟

يقول الإمام ابن حزم :

( والعارية غير مضمونة إن تلفت من غير تعدي المستعير وسواء ما غيب عليه من العواري وما لم يغب عليه منها .  فإن ادعى عليه أنه تعدى ،  أو أضاعها حتى تلفت ،  أو عرض فيها عارض .

وبعد أن ذكر الخلاف في المسألة ،  ورد أقوال المخالفين ،  قال :

قال علي :  فبقي قولنا ،  فوجدناه قد روي عن عمر ،  وعلي ،  كما روينا من طريق ابن أبي شيبة :  نا وكيع ،  عن ابن صالح بن حي ،  عن عبد الأعلى ،  عن محمد بن الحنفية ،  عن علي بن أبي طالب قال :  العارية ليست بيعا ،  ولا مضمونة إنما هو معروف إلا أن يخالف فيضمن .  وهذا صحيح عن علي .

ومن طريق عبد الرزاق :  نا قيس بن الربيع ،  عن الحجاج بن أرطأة ،  عن هلال الوزان ،  عن عبد الله بن عكيم ،  قال عمر بن الخطاب :  العارية بمنزلة الوديعة ،  ولا ضمان فيها ،  إلا أن يتعدى .

وهو قول إبراهيم النخعي ،  وعمر بن عبد العزيز ،  والزهري ،  وغيرهم ،  وهو قول أبي سليمان .

قال أبو محمد :  قول الله تعالى :  {  لا تأكلوا أموالكم بينكم بالباطل إلا أن تكون تجارة عن تراض }[ النساء :  29 ] .

وقال رسول الله صلى  الله عليه وسلم :   "" إن دماءكم وأموالكم عليكم حرام ""  .

فصح أن مال المستعير محرم إلا أن يوجبه نص قرآن أو سنة ،  ولم يوجبه قط نص منهما .  وقال الله تعالى :  {  ما على المحسنين من سبيل }[ التوبة :  91 ] .

وقال تعالى :  {  إنما السبيل على الذين يظلمون الناس ويبغون في الأرض بغير الحق }[ الشورى :  42 ] .  والمستعير ما لم يتعد ،  ولا ضيع :  محسن ،  فلا سبيل عليه بنص القرآن ،  والغرم سبيل بيقين ،  فلا غرم عليه .  وبالله تعالى التوفيق ) .

المسألة الثانية عشرة :

 إذا اشترى جارية ،  فوجدها معيبة ،  بعد أن وطئها ،  فهل له الرد ؟

يقول الإمام ابن حزم رحمه الله تعالى :

( ومن اشترى جارية ،  أو دابة ،  أو ثوبا ،  أو دارا أو غير ذلك فوطئ الجارية ،  أو افتضها إن كانت بكرا ،  أو زوجها ،  فحملت ،  ألو لم تحمل ،  أو لبس الثوب ،  وأنضى الدابة ،  وسكن الدار ،  واستعمل ما اشترى واستغله ،  وطال استعماله المذكور ،  أو قل ،  ثم وجد عيبا ،  فله الرد كما ذكرنا أو الإمساك .

ولا يرد مع ذلك شيئا من أجل استعماله لذلك ؛  لأنه تصرف في مال نفسه ،  وفي متاعه بما أباح الله تعالى له ،  قال الله تعالى :  {  والذين هم لفروجهم حافظون إلا على أزواجهم أو ما ملكت أيمانهم فإنهم غير ملومين فمن ابتغى وراء ذلك فأولئك هم العادون }[ المؤمنون :  5-7 ] .

فمن لم يلمه الله تعالى وأباح له فعله ذلك :  فهو بضرورة العقل محسن .

وقال تعالى :  {  ما على المحسنين من سبيل }[ التوبة :  91 ] .

وإغرام المال سبيل مسبلة على من كلفها ،  وقد أسقط الله تعالى عنه ذلك ،  ثم هو كسائر واجدي الغبن في أن له :  الرضا ،  أو الرد ،  وبالله تعالى التوفيق ) .

المسألة الثالثة عشرة :

 من داوى أخاه فهلك ،  فهل يضمنه ؟

قال الإمام ابن حزم رحمه الله تعالى :

( مسألة :  فيمن قطع يدا فيها أكلة ،  أو قلع ضرسا وجعة ،  أو متآكلة بغير إذن صاحبها .

قال أبو محمد :  قال الله تعالى :  {  وتعاونوا على البر والتقوى ولا تعاونوا على الإثم والعدوان }[ المائدة :  2 ] وقال تعالى :  {  فمن اعتدى عليكم فاعتدوا عليه بمثل ما اعتدى عليكم }[ البقرة :  194 ] .

فالواجب استعمال هذين النصين من كلام الله تعالى ،  فينظر ،  فإن قامت بينة ،  أو علم الحاكم أن تلك اليد لا يرجى لها برء ،  ولا توقف ،  وأنها مهلكة ولا بد ،  ولا دواء لها إلا القطع ،  فلا شيء على القاطع ،  وقد أحسن ،  لأنه دواء ،  وقد أمر رسول الله صلى الله عليه وسلم بالمداواة .  وهكذا القول في الضرس إذا كان شديد الألم قاطعا به عن صلاته ،  ومصالح أموره ،  فهذا تعاون على البر والتقوى .

نا محمد بن عمر العذري ،  نا أبو ذر الهروي ،  نا عبد الله بن محمد الصيدلاني ببلخ ،  نا عبد الرحمن بن أبي حاتم ،  نا الحسن بن عرفة ،  نا وكيع ،  عن مسعر بن كدام ،  وسفيان الثوري ،  عن زياد بن علاقة ،  عن يحيى بن أسامة بن شريك قال :  قال رسول الله صلى الله عليه وسلم :   "" تداووا ،  فإن الله لم يضع داء إلا وضع له شفاء ،  غير داء واحد ""  .  قالوا :  وما هو يا رسول الله ؟  قال :   "" الهرم ""  .

قال علي :  فمن داوى أخاه المسلم كما أمره الله تعالى على لسان نبيه عليه الصلاة والسلام ،  فقد أحسن .

قال الله تعالى :  {  ما على المحسنين من سبيل }[ التوبة :  91 ] .

المسألة الرابعة عشرة :

 من استعمل صبيا بغير إذن أهله ،  فتلف ،  فهل يضمنه ؟

يقول ابن حزم :

( من استعان صبيا أو عبدا بغير إذن أهله فتلف ؟

قال أبو محمد :  من استعان صغيرا حرا أو عبدا فعنت ،  فهو ضامن .  ومن استعان كبيرا حرا أو عبدا فعنت فهو غير ضامن ) .

ثم قال بعد أن ذكر الخلاف :

( قال أبو محمد :  فنظرنا ،  هل نجد في شيء من هذا عن رسول الله صلى الله عليه وسلم فوجدنا من طريق البخاري :  نا عمرو بن زرارة ،  نا إسماعيل بن إبراهيم ،  عن عبد العزيز ،  عن أنس قال :  لما قدم رسول الله صلى الله عليه وسلم المدينة أخذ أبو طلحة بيدي ،  فانطلق بي إلى رسول الله صلى الله عليه وسلم فقال :  يا رسول الله ،  إن أنسا غلام كيس فليخدمك ،  فخدمته في السفر والحضر ،  فوالله ما قال لي لشيء صنعته :  لم صنعته هكذا ؟  !  ولا لشيء لم أصنعه :  لم لم تصنع هذا هكذا ؟  !  .

فوجدنا رسول الله صلى الله عليه وسلم قد استخدم أنس بن مالك وهو يتيم ابن عشر سنين في الأسفار البعيدة ،  والقريبة ،  والغزوات المخيفة ،  وفي الحضر .

فإن قال قائل :  إن ذلك كان بإذن أمه وزوجها وأهله .

قلنا له وبالله تعالى التوفيق :  نعم ،  قد كان هذا ،  ولم يقل رسول الله صلى الله عليه وسلم إني إنما استخدمته لإذن أهله لي في ذلك ،  فإذا لم يقل ذلك عليه الصلاة والسلام ،  	فإذنهم وترك إذنهم على السواء ،  وإنما المراعى في ذلك حسن النظر للغلام . ذ

فإن كان ما استعانه في عمله للأجنبي نظرا له فهل فعل خير – أذن أهله ووليه ،  أم لم يأذنوا – وإن كان ليس له نظر له فهو ظلم – أذن أهله في ذلك أم لم يأذنوا – برهان ذلك :

قول الله تعالى :  {  كونوا قوامين بالقسط }[ النساء :  135 ] .

وقوله تعالى :  {  وتعاونوا على البر والتقوى }[ المائدة :  2 ] ولم يأت بمراعاة إذن أهل الغلام :  لا قرآن ،  ولا سنة صحيحة ،  ولا إجماع ؛  فبطل مراعاة إذنهم بيقين ،  ولم يبق إلا أن يكون المستعين بالغلام ناظرا للغلام في تلك الاستعانة ،  أو غير ناظر له :  فإن كان ناظرا له فهو محسن ،  وإذا هو محسن ؛  فلا ضمان عليه فيما أصابه مما لم يجنه هو ،  لقوله تعالى {  ما على المحسنين من سبيل }[ التوبة :  91 ] وإن كان غير ناظر له في ذلك فهو ظالم له ،  ولكن ليس كل ظالم يضمن دية المظلوم .  ألا تراهم لا يختلفون فيمن ظلم إنسانا حرا يسخره إلى مكان بعيد فتلف هنالك ؟  فإنه لا يضمنه الظالم له ،  ولا فرق هاهنا بين ظلم صغير أو كبير .  وقد قلنا :  إنه لا دية إلا على قاتل ،  والمستعين الظالم لم يتلف المستعان في ذلك العمل ،  فإن المستعين له لا يسمى قاتلا له ،  ولا مباشر قتله ،  فلا ضمان عليه أصلا – صغيرا كان أو كبيرا – إلا أن يباشر ،  أو يأمر بإكراهه وإدخاله البئر ،  أو تطليعه في مهواة فيطلع كرها لا اختيار له في ذلك ،  فهذا قاتل عمد عليه القود ،  فظهر أمر الصغير – وبالله تعالى التوفيق ) .

المسألة الخامسة عشرة :

 هل يضمن المقتص ،  إذا هلك المقتص منه ؟

قال الإمام ابن حزم بعد أن ذكر الأقوال وحججها في المسألة :

( فنظرنا في قول من أسقط الدية في ذلك ،  فكان من حجتهم أن قالوا :  إن القصاص مأمور به ،  ومن فعل ما أمر به فقد أحسن ،  وإذ أحسن فقد قال الله تعالى {  ما على المحسنين من سبيل }[ التوبة :  91 ] .  وإذ لا سبيل عليه فلا غرامة تلحقه ،  ولا على عاقلته من أهله .

المسألة السادسة عشرة :

 من ضرب ليتوب ،  فمات ،  فهل يضمن ؟

يرى ابن حزم رحمه الله أن من عمل معصية عليها حد كالزنا أو القذف ،  فإنه يستتاب قبل إقامة الحد عليه ،  فإن لم يستتب قبل إقامة الحد عليه استتيب بعده ،  وبناء على هذا قال :

( مسألة :  قال أبو محمد رحمه الله :  فإن قال :  لا أتوب ،  فقد أتى منكرا ،  فواجب أن يعزر – على ما نذكره في ( كتاب التعزير ) إن شاء الله تعالى - ،  لقول رسول الله صلى الله عليه وسلم :   "" من رأى منكم منكرا ،  فليغيره بيده إن استطاع ،  فإن لم يستطع فبلسانه ،  فإن لم يستطع فبقلبه وذلك أضعف الإيمان ""  .

فيجب أن يضرب أبدا حتى يتوب ،  هذا إن صرح بأن لا يتوب ،  فإذا أدى ذلك إلى منيته ،  فذلك عقيرة الله ،  وقتيل الحق ،  لا شيء على متولي ذلك ،  لأنه أحسن فيما فعل به ،  وقد قال الله تعالى :  {  ما على المحسنين من سبيل }[ التوبة :  91 ] .

المسألة السابعة عشرة :

 هل يمنع الاعتكاف من الواجب ؟

يقول ابن حزم رحمه الله تعالى :

( وكل فرض على المسلم فإن الاعتكاف لا يمنع منه ،  وعليه أن يخرج إليه ،  ولا يضر ذلك باعتكافه ،  وكذلك يخرج لحاجة الإنسان ،  من البول والغائط وغسل النجاسة ،  وغسل الاحتلام ،  وغسل الجمعة ،  ومن الحيض ،  إن شاء في حمام أو في غير حمام .  ولا يتردد على أكثر من تمام غسله ،  وقضاء حاجته ،  فإن فعل بطل اعتكافه وكذلك يخرج لابتياع ما لا بد له ولأهله منه ،  من الأكل واللباس ،  ولا يتردد على غير ذلك ،  فإن تردد بلا ضرورة :  بطل اعتكافه ،  وله أن يشيع أهله إلى منزلها .  وإنما يبطل الاعتكاف :  خروجه لما ليس فرضا عليه… وبلا شك عند كل مسلم أن كل من أدى ما افترض الله تعالى عليه ،  فهو محسن .  قال الله تعالى :  {  ما على المحسنين من سبيل }[ التوبة :  91 ] .

وروينا من طريق سعيد بن منصور :  أنا أبو الأحوص ،  أنا أبو إسحاق هو السبيعي – عن عاصم بن ضمر ،  قال :  قال علي بن أبي طالب :  إذا اعتكف الرجل فليشهد الجمعة وليحضر الجنازة وليعد المريض وليأت أهله يأمرهم بحاجته وهو قائم .

وبه إلى سعيد :  نا سفيان هو ابن عيينة ،  عن عمار بن عبد الله بن يسار ،  عن أبيه :  أن علي بن أبي طالب أعان ابن أخته جعدة بن هبيرة بسبعمائة درهم من عطائه أن يشتري بها خادما ،  فقال :  إني كنت معتكفا ،  فقال له علي :  وما عليك لو خرجت إلى السوق فابتعت .

وبه إلى سفيان :  نا هشيم عن الزهري عن عمرة عن عائشة أم المؤمنين :  أنها كانت لا تعود المريض من أهلها إذا كانت معتكفة إلا وهي مارة .

وبه إلى سعيد :  نا هشيم ،  أنا مغيرة ،  عن إبراهيم النخعي قال :  كانوا يستحبون للمعتكف أن يشترط هذه الخصال – وهن له وإن لم يشترط - :  عيادة المريض ،  ولا يدخل سقفا ،  ويأتي الجمعة ،  ويشهد الجنازة ،  ويخرج إلى الحاجة ؟  قال إبراهيم :  ولا يدخل المعتكف سقيفة إلا لحاجة .  .  .  .

وروينا من طريق عبد الرزاق عن معمر عن الزهري عن علي بن الحسين عن صفية أم المؤمنين قالت :  كان رسول الله صلى الله عليه وسلم معتكفا ،  فأتيته أزوره ليلا ،  فحدثته ،  ثم قمت فانقلبت فقام معي ليقلبني وكان مسكنها في دار أسامة .

وذكر باقي الخبر .

قال أبو محمد :  في هذا كفاية ،  وما نعلم لمن منع من كل ما ذكرنا حجة ،  لا من قرآن ولا من سنة ولا من قول صاحب ،  ولا قياس .  ونسألهم :  ما الفرق بين ما أباحوا له من الخروج لقضاء الحاجة ،  وابتياع ما لا بد منه ،  وبين خروجه لما افترضه الله عز وجل عليه .

المسألة الثامنة عشرة :

 من عمل في شيء ،  فأتلفه ،  فهل يجب عليه ضمانه ؟

قال ابن حزم رحمه الله تعالى :

( ومن هو مأمور بشيء ،  ويعمل في شيء فلا ضمان عليه ؛  لأنه يفعل ما يفعل من ذلك :  محسن ،  وقد قال الله تعالى :  {  ما على المحسنين من سبيل }[ التوبة :  91 ] .  {  إنما السبيل على الذين يظلمون الناس ويبغون في الأرض بغير الحق }[ الشورى :  42 ] فإن تعدى ضمن ) .

وقال أيضا :

( ولا ضمان على أجير مشترك أو غير مشترك ،  ولا على صانع أصلا ،  ولا ما ثبت أنه تعدى فيه أو أضاعه – والقول في كل ذلك – ما لم تقم عليه بينة – قوله مع يمينه ،  فإن قامت عليه بينة بالتعدي ،  أو الإضاعة ضمن ،  وله في كل ذلك الأجرة فيما أثبت أنه كان عمله ،  فإن لم تقم بينة حلف صاحب المتاع أنه ما يعلم أنه عمل ما يدعي أنه عمله ،  ولا شيء عليه حينئذ .  وبرهان ذلك :

قول الله تعالى :  {  ولا تأكلوا أموالكم بينكم بالباطل }[ البقرة :  188 ] .

فمال الصانع والأجير حرام على غيره ) .

المسألة التاسعة عشرة :

 من باع مالا لغيره ،  فهل له شراؤه ؟

قال ابن حزم :

( ومن باع ما وجب بيعه لصغير ،  أو لمحجور غير مميز ،  أو لمفلس ،  أو لغائب بحق ،  أو ابتاع لهم ما وجب ابتياعه ،  أو باع في وصية الميت ،  أو ابتاع من نفسه للمحجور ،  أو للصغير ،  أو لغرماء المفلس أو للغائب ،  أو باع لهم من نفسه فهو سواء ،  كما لو ابتاع لهم من غيره ،  أو باع لهم من غيره ولا فرق ،  إن لم يحاب نفسه في كل ذلك ،  ولا غيره :  جاز ،  وإن حابى نفسه ،  أو غيره :  بطل ؛  لأنه مأمور بالقيام بالقسط ،  والتعاون على البر ،  فإذا فعل ما أمر به فهو محسن ،  وإذ هو محسن ،  ف{  ما على المحسنين من سبيل }[ التوبة :  91 ] .  ولم يأت قط نص قرآن ،  ولا سنة بالمنع من ابتياع ممن ينظر له لنفسه أو يشتري له من نفسه ) .

المسألة العشرون :

 إذا تلف صداق المرأة بعد قبضها ،  ثم طلقها الزوج قبل الدخول ،  فهل تضمن النصف ؟

يقول الإمام ابن حزم :

( وإذا دفع إليها ما فرض لها فقد قبضت حقها ،  فإن تلف ،  فلم تتعد ،  ولا ظلمت ،  فلا ضمان عليها .  فإن أكلته ،  أو باعته ،  أو وهبته ،  أو لبسته فأفنت ،  أو أعتقته إن كان مملوكا ،  فلم تتعد في كل ذلك بل أحسنت .  وقال تعالى :  {  ما على المحسنين من سبيل }[ التوبة :  91 ] .  فلا ضمان عليها ،  لأنها حكمت في مالها وحقها ،  وإنما الضمان على من أكل بالباطل .

قال أبو محمد :  فإن بقي عندها النصف فهو له ،  وكذلك لو بقي بيده النصف فهو لها ،  فلو تعدت أو تعدى عليه ضمن أو ضمنت ) .

المسألة الحادية والعشرون :

 إذا طلق المولي ثم راجع ،  فهل يسقط حكم الإيلاء ؟

قال ابن حزم رحمه الله تعالى :

( فإن طلقها ثم راجعها ،  فقد سقط عنه حكم الإيلاء ،  لأنه قد فعل ما أمر الله عز وجل ،  ومن فعل ما أمره الله تعالى ،  فقد أحسن ،  قال الله تعالى :  {  ما على المحسنين من سبيل }[ التوبة :  91 ] ) .

المسألة الثانية والعشرون :

 إذا قتل المصلى من مر بين يديه ،  فهل يضمنه ؟

قال ابن حزم رحمه الله :

( من أراد المرور أمام المصلي إلى سترة أو غيره سترة ،  فأراد إنسان أن يمر بينه وبين سترته ،  أو بين يديه ،  وإن لم يكن إلى سترة فليدفعه ،  فإن اندفع ،  وإلا فليقاتله ،  فإن دفعه فوافقت منية المريد للمرور فدمه هدر ،  ولا شيء فيه ،  لا قود ،  ولا دية ،  ولا كفارة ،  وكذا إن كسر له عضو ولا فرق ،  فإن وافق في ذلك منية المصلى :  ففيه القود ،  أو الدية أو المفاداة .  برهان ذلك :

ما رويناه من طريق أبي داود :  نا موسى بن إسماعيل ،  نا سليمان – هو ابن المغيرة – عن حميد قال :  قال أبو صالح :  أحدثك عما رأيت من أبي سعيد ،  وسمعته منه :  دخل أبو سعيد على مرون ،  فقال :  سمعت رسول الله صلى الله عليه وسلم يقول :  إذا صلى أحدكم إلى ما يستره من الناس ،  فأراد أحد أن يجتاز بين يديه ،  فليدفع في نحره ،  فإن أبى فليقاتله ،  فإنما هو شيطان .

وروينا من طريق أحمد بن شعيب :  أنا محمد بن محمد بن مصعب الصوري ،  نا محمد بن المبارك – هو الصوري – نا عبد العزيز بن محمد – هو الدراوردي ،  عن صفوان بن سليم ،  عن عطاء بن يسار ،  عن أبي سعيد الخدري :  أنه كان يصلي ،  فأراد ابن لمروان أن يمر بين يديه ،  فدرأه ،  فلم يرجع ،  فضربه ،  فخرج الغلام يبكي حتى أتى مروان فأخبره .  فقال مروان لأبي سعيد :  لم ضربت ابن أخيك ؟  قال :  ما ضربته ،  إنما ضربت الشيطان ،  سمعت رسول الله صلى الله عليه وسلم يقول :   "" إذا كان أحدكم في صلاته ،  فأراد إنسان أن يمر بين يديه ،  فيدرؤه ما استطاع ،  فإن أبى فليقاتله ،  فإنما هو شيطان ""  .

ومن طريق مسلم :  عن رسول الله صلى الله عليه وسلم قال :   "" فإن أبى فليقاتله ،  فإن معه القرين ""  .

ومن قاتل كما أمره رسول الله صلى الله عليه وسلم فهو محسن ،  قال الله تعالى :  {  ما على المحسنين من سبيل }[ التوبة :  91 ] فإذ هو محسن فليس متعديا ،  وإذ ليس متعديا ،  فلا قود عليه ولا دية .  وليس قاتل خطأ ،  فتكون عليه كفارة ،  فلو أمكنه دفعه ،  فعمد قتله أقيد به ،  لأنه معتد حينئذ بما لم يؤمر ) ."
9,98,"قال الله تعالى :

{  ومن الأعراب من يتخذ ما ينفق مغرما ويتربص بكم الدوائر عليهم دائرة السوء والله سميع عليم }[ التوبة :  98 ] .

وفيها مسألة واحدة ،  وهي :

 إذا هلك الرهن فهل يبطل الدين .

قال ابن حزم :

( فإن مات الرهن ،  أو تلف ،  أو أبق ،  أو فسد ،  أو كانت أمة فحملت من سيدها ،  أو أعتقها ،  أو باع الرهن ،  أو وهبه ،  أو تصدق به ،  أو أصدقه :  فكل ذلك نافذ ،  وقد بطل الرهن وبقي الدين كله بحسبه ،  ولا يكلف الراهن عوضا مكان شيء من ذلك ،  ولا يكلف المعتق ولا الحامل استسعاء ،  إلا أن يكون الراهن لا شيء له من أين ينصف غريمه غيره ،  فيبطل عتقه ؛  وصدقته ،  وهبته – ولا يبطل بيعه ولا إصداقه .

برهان ذلك :  أن الدين قد ثبت فلا يبطله شيء إلا نص قرآن ،  أو سنة ،  فلا سبيل إلى وجود إبطاله فيهما .  ولا يجوز تكليف عوض ولا استسعاء ،  لأنه لم يأمر الله تعالى بذلك ولا رسوله صلى الله عليه وسلم والذمم بريئة إلا بنص قرآن ،  أو سنة .  .  . وأما هلاك الرهن بغير فعل الراهن ولا المرتهن ،  فللناس فيه خمسة أقوال ) .

وبعد أن ذكرها مع أدلتها ورد عليها ،  قال :

( قال أبو محمد :  فإذ قد بطل كل ما موهوا به ،  فالواجب الرجوع إلى القرآن ،  والسنة ،  فوجدنا :  ما حدثناه أحمد بن قاسم ،  نا ابي قاسم بن محمد بن قاسم ،  نا جدي قاسم بن أصبغ ،  حدثني محمد بن إبراهيم ،  حدثني يحيى بن أبي طالب الأنطاكي ،  وجماعة من أهل الثقة ،  نا نصر بن عاصم الأنطاكي ،  نا شبابة ،  عن ورقاء ،  نا أبي ذئب ،  عن الزهري ،  عن سعيد بن المسيب وأبي سلمة بن عبد الرحمن بن عوف ،  عن أبي هريرة قال :  قال رسول الله صلى الله عليه وسلم :   "" لا يغلق الرهن ،  الرهن لمن رهبن ،  له غنمه ،  وعليه غرمه ""  .

فهذا مسند من أحسن ما روي في هذا الباب ،  وادعوا أن أبا عمر المطرز غلام ثعلب قال :  أخطأ من قال :  إن الغرم الهلاك .

قال أبو محمد :  وقد صح في ذم قوم في القرآن قوله تعالى :  {  ومن الأعراب من يتخذ ما ينفق مغرما }[ التوبة :  98 ] أي :  يراه هالكا بلا منفعة ،  فالقرآن أولى من رأي المطرز .

قال أبو محمد :  ووجدنا النبي صلى الله عليه وسلم قد قال :   "" إن دماءكم وأموالكم عليكم حرام فلم يحل لغريم المرتهن شيئا ،  ولا أن يضمن الرهن بغير نص في تضمينه إلا أن يتعدى فيه ،  أو بأن يضيعه فيضمنه حينئذ باعتداله في كلا الوجهين .  وكذلك الدين قد وجب ،  فلا يسقطه ذهاب الرهن ،  فصح يقينا من هذين الأصلين الصحيحين بالقرآن ،  والإجماع ،  والسنة :  أن هلاك الرهن من الراهن ،  ولا ضمان على المرتهن ،  وأن دين المرتهن باق بحسبه لازم للراهن .  وبالله تعالى التوفيق ."
9,100,"قال الله تعالى :

{  وَالسَّابِقُونَ الْأَوَّلُونَ مِنَ الْمُهَاجِرِينَ وَالْأَنْصَارِ وَالَّذِينَ اتَّبَعُوهُمْ بِإِحْسَانٍ رَضِيَ اللَّهُ عَنْهُمْ وَرَضُوا عَنْهُ وَأَعَدَّ لَهُمْ جَنَّاتٍ تَجْرِي تَحْتَهَا الْأَنْهَارُ خَالِدِينَ فِيهَا أَبَدًا ذَلِكَ الْفَوْزُ الْعَظِيمُ }[ التوبة :  100 ] .

وفيها مسألة واحدة ،  وهي :

 حكم قراءة بسم الله الرحمن الرحيم في الفاتحة .

قال ابن حزم رحمه الله تعالى :

( ومن كان يقرأ برواية من عد من القراء بسم الله الرحمن الرحيم آية من القرآن لم تجزه الصلاة إلا بالبسملة ،  وهم :  عاصم بن أبي النجود ،  وحمزة ،  والكسائي ،  وعبد الله بن كثير ،  وغيرهم من الصحابة والتابعين رضي الله عنهم .

ومن كان يقرأ برواية من لا يعدها آية من أم القرآن ،  فهو مخير بين أن يبسمل ،  وبين أن لا يبسمل ،  وهم :  ابن عامر ،  وأبو عمرو ،  ويعقوب ،  وفي بعض الروايات عن نافع .  .  .

قال علي :  والحق من هذا أن النص قد صح بوجوب قراءة أم القرآن فرضا ،  ولا يختلف اثنان من أهل الإسلام في أن هذه القراءات حق كلها مقطوع به ،  مبلغة كلها إلى رسول الله صلى الله عليه وسلم عن جبريل عليه السلام عن الله عز وجل بنقل الملوان فقد وجب إذ كلها حق أن يفعل الإنسان في قراءته أي ذلك شاء ؛  وصارت ( بسم الله الرحمن الرحيم ) في قراءة صحيحة آية من أم القرآن ،  وفي قراءة صحيحة ليست آية من أم القرآن ""  :  مثل لفظة ( هو ) في قوله تعالى في سورة الحديد :  {  هو الغني الحميد }[ الحديد :  24 ] .  وكلفظة ( من ) في قوله تعالى :  {  من تحتها الأنهار }[ التوبة :  100 ] في سورة ( براءة ) على رأس المائة آية .  هما من السورتين في قراءة من قرأ بهما ،  وليستا من السورتين في قراءة من لم يقرأ بهما .  ومثل هذا في القرآن وارد في ثمانية مواضع ،  ذكرناها في كتاب القراءات وآيات كثيرة ،  وسائر ذلك من الحروف يطول ذكرها ) ."
9,101,"قوله تعالى :  {  وَمِمَّنْ حَوْلَكُمْ مِنَ الْأَعْرَابِ مُنَافِقُونَ وَمِنْ أَهْلِ الْمَدِينَةِ مَرَدُوا عَلَى النِّفَاقِ لا تَعْلَمُهُمْ نَحْنُ نَعْلَمُهُمْ سَنُعَذِّبُهُمْ مَرَّتَيْنِ ثُمَّ يُرَدُّونَ إِلَى عَذَابٍ عَظِيمٍ }[ التوبة :  101 ] .

وفيها ثلاث مسائل ،  هي :

المسألة الأولى :  أيهما أفضل مكة ،  أم المدينة ؟

المسألة الثانية :  هل يقطع لصحابي بعينه أنه من أهل الجنة ؟

المسألة الثالثة :  إذا قال التابعي :  حدثني رجل من الصحابة ،  فهل يقبل ؟

المسألة الأولى :

 أيهما أفضل مكة ،  أم المدينة ؟

قال ابن حزم رحمه الله تعالى :

( ومكة أفضل بلاد الله تعالى ،  نعني الحرم وحده ،  وما وقع عليه اسم عرفات فقط .  وبعدها مدينة النبي عليه السلام ،  نعني حرمها وحده .  ثم بيت المقدس ،  نعني المسجد وحده .  هذا قول جمهور العلماء .  وقال مالك :  المدينة أفضل من مكة ) .

ثم أورد رحمه الله الأدلة لهذا المذهب مع تعقبه بالنقض لها دليلا دليلا ،  ثم أردفها بأدلة القول الذي يذهب إليه ،  فقال :

( ثم نورد الآثار الصحيحة والبراهين الواضحة في فضل مكة على المدينة وغيرها ،  أول ذلك :  حبس الله تعالى الفيل عنها ،  وإهلاكه جيش راكبه إذ أراد غزو مكة .  ثم قول رسول الله عليه السلام في غزوة الحديبية إذ بركت ناقته فقال الناس :  خلأت ،  فقال النبي عليه السلام :   "" ما خلأت ،  ولا هو لها بخلق ،  ولكن حبسها حابس الفيل ""  .

وقل تعالى :  {  ومن دخله كان آمنا }[ آل عمران :  97 ] .

وقال تعالى :  {  إن أول بيت وضع للناس للذي ببكة مباركا وهدى للعالمين }[ آل عمران :  96 ] .

وقال تعالى :  {  إن الصفا والمروة من شعائر الله }[ البقرة :  158 ] .

وقال تعالى :  {  ثم محلها إلى البيت العتيق }[ الحج :  33 ]

وقال تعالى :  {  أن طهرا بيتي للطائفين والعاكفين والركع السجود }[ البقرة :  125 ] .

ثم جعل الله فيها تمام الصلاة ،  والحج ،  والعمرة ،  فهي القبلة التي لا تقبل صلاة إلا بالقصد نحوها ،  وإليها الحج المفترض ،  والعمرة المفترضة ،  وإنما فرضت الهجرة إلى المدينة ما لم تفتح مكة ،  فلما فتحت بطلت الهجرة ،  فهذه الفضيلة لمكة ثم للمدينة .  وأمر عليه السلام أن لا يسفك فيها دم ،  وأخبر أن الله تعالى حرمها يوم خلق السموات والأرض ،  ولم يحرمها الناس .

ونهى عليه السلام أن يستقبلها أحد أو يستدبرها ببول أو غائط .

روينا من طريق البخاري :  نا محمد بن عبد الله ،  نا عاصم بن علي ،  نا عاصم بن محمد هو – ابن زيد بن عبد الله بن عمر بن الخطاب – عن واقد بن محمد – هو أخوه – قال :  سمعت أبي – هو محمد بن زيد – قال :  قال عبد الله بن عمر :  قال رسول الله صلى الله عليه وسلم في حجة الوداع :   "" ألا أي شهر تعلمونه أعظم حرمة ؟  قالوا :  ألا شهرنا هذا .  قال :   "" ألا أي بلد تعلمونه أعظم حرمة ""  ؟  قالوا :  ألا يومنا هذا .  قال :   "" فإن الله تعالى حرم عليكم دماءكم ،  وأموالكم ،  وأعراضكم ،  إلا بحقها كحرمة يومكم هذا ،  في بلدكم هذا من شهركم هذا ؟  ألا هل بلغت ""  ؟  ثلاثا ،  كل ذلك يجيبونه :  ألا نعم .

ومن طريق ابن أبي شيبة ،  نا أبو معاوية – هو محمد بن خازم الضرير – عن الأعمش ،  عن أبي صالح السمان ،  عن جابر بن عبد الله قال :  قال رسول الله عليه السلام في حجته :   "" أتدرون أي يوم أعظم حرمة ""  ؟  فقلنا :  يومنا هذا قال :   "" فأي بلد أعظم حرمة ""  ؟  فقلنا :  بلدنا هذا .  ثم ذكر مثل حديث ابن عمر .

فهذان :  جابر ،  وابن عمر يشهدان :  أن رسول الله عليه السلام قرر الناس على أي بلد أعظم حرمة ،  فأجابوه بأنه مكة ،  وصدقهم في ذلك ،  وهذا إجماع من جميع الصحابة في إجابتهم إياه عليه السلام بأن بلدهم ذلك ،  وهم بمكة .

فمن خالف هذا ،  فقد خالف الإجماع .  فصح بالنص والإجماع أن مكة أعظم حرمة من المدينة ،  وإذا كانت أعظم حرمة من المدينة ،  فهي أفضل بلا شك ؛  لأن أعظم الحرمة لا يكون إلا للأفضل ولا بد ،  لا للأقل فضلا .

روينا من طريق حماد بن سلمة ،  عن محمد بن عمرو ،  عن أبي سلمة بن عبد الرحمن بن عوف عن أبي هريرة ،  أن رسول الله عليه السلام كان بالحجون فقال :   "" والله إنك لخير أرض الله ،  وأحب أرض الله إلي ،  ولو لم أخرج منك ما خرجت .  .  .  ""

وهذا خبر في غاية الصحة .  ثم قال :

( حدثنا يوسف بن عبد الله بن عبد البر النمري ،  نا عبد الوارث بن سفيان بن جبرون ،  نا قاسم بن أصبغ ،  نا أحمد بن زهير وأبو يحيى بن أبي مرة ،  قالا جميعا :  نا سليمان بن حرب ،  نا حماد بن زيد ،  عن حبيب المعلم ،  نا عطاء ابن أبي رباح ،  عن عبد الله بن الزبير قال :  قال رسول الله عليه السلام :   "" صلاة في مسجدي أفضل من ألف صلاة فيما سواه من المساجد الحرام .  وصلاة في المسجد الحرام أفضل من صلاة في مسجدي هذا بمائة صلاة ""  .

حديث ابن الزبير صحيح ،  فارتفع الإشكال جملة ،  والحمد لله .  .  .

وقد ذكرنا أنه قول جميع الصحابة ،  وقول عمر بن الخطاب مرويا عنه  .

المسألة الثانية :

 هل يقطع لصحابي بعينه أنه من أهل الجنة ؟

قال ابن حزم :

( ثم نقطع على أن كل من صحب رسول الله صلى الله عليه وسلم بنية صادقة ،  ولو ساعة ،  فإنه من أهل الجنة لا يدخل النار لتعذيب ،  إلا أنهم لا يلحقون بمن أسلم قبل الفتح ،  وذلك لقول الله عز وجل :  {  لا يستوي منكم من أنفق من قبل الفتح وقاتل أولئك أعظم درجة من الذين أنفقوا من بعد وقاتلوا وكلا وعد الله الحسنى }[ الحديد : 10 ] .

وقال تعالى :  {  وعد الله لا يخلف الله وعده }[ الروم :  6 ] .

وقال تعالى :  {  إن الذين سبقت لهم منا الحسنى أولئك عنها مبعدون لا يسمعون حسيسها وهم في ما اشتهت أنفسهم خالدون لا يحزنهم الفزع الأكبر وتتلقاهم الملائكة هذا يومكم الذي كنتم توعدون }[ الأنبياء :  101-103 ] .

فصح بالضرورة :  أن كل من أنفق من قبل الفتح وقاتل ،  فهو مقطوع على غيبه ؛  لتفضيل الله تعالى إياهم ،  والله تعالى لا يفضل إلا مؤمنا فاضلا ،  وأما من أنفق بعد الفتح ،  وقاتل فقد كان فيهم منافقون لم يعلمهم رسول الله صلى الله عليه وسلم فكيف نحن .  قال الله تعالى :  {  وممن حولكم من الأعراب منافقون ومن أهل المدينة مردوا على النفاق لا تعلمهم نحن نعلمهم نحن نعلمهم سنعذبهم مرتين ثم يردون إلى عذاب عظيم }[ التوبة :  101 ] .

قال أبو محمد :

( فلهذا لم نقطع على كل امرئ منهم بعينه ،  لكن نقول :  كل من لم يكن منهم من المنافقين ،  فهو من أهل الجنة يقينا ،  لأنه قد وعدهم الله تعالى الحسنى كلهم ،  وأخبر أنه لا يخلف وعده ،  وأن من سبقت له الحسنى فهو مبعد من النار لا يسمع حسيسها ،  ولا يحزنه الفزع الأكبر ،  وهو فيما اشتهى خالد .

وهذا نص قولنا ،  والحمد لله رب العالمين ) .

المسألة الثالثة :

 إذا قال التابعي :  حدثني رجل من الصحابة ،  فهل يقبل ؟

قال ابن حزم رحمة الله تعالى :

( فلا يقبل حديث قال راويه فيه :  عن رجل من الصحابة ،  أو حدثني من صحب رسول الله صلى الله عليه وسلم إلا حتى يسميه ،  ويكون معلوما بالصحبة الفاضلة ممن شهد الله تعالى لهم بالفضل والحسنى ،  قال الله عز وجل :  {  وَمِمَّنْ حَوْلَكُمْ مِنَ الْأَعْرَابِ مُنَافِقُونَ وَمِنْ أَهْلِ الْمَدِينَةِ مَرَدُوا عَلَى النِّفَاقِ لا تَعْلَمُهُمْ نَحْنُ نَعْلَمُهُمْ سَنُعَذِّبُهُمْ مَرَّتَيْنِ ثُمَّ يُرَدُّونَ إِلَى عَذَابٍ عَظِيمٍ }[ التوبة :  101 ] .

وقد ارتد قوم ممن صحب النبي صلى الله عليه وسلم عن الإسلام كعيينة بن حصن والأشعت بن قيس والرجال ،  وعبد الله بن أبي سرح .

قال علي :

ولقاء التابع لرجل من أصاغر الصحابة شرف وفخر عظيم ،  فلأي معنى يسكت عن تسميته لو كان ممن حمدت صحبته ،  ولا يخلو سكوته عنه من أحد وجهين :

إما أنه لا يعرف من هو ،  ولا عرف صحة دعواه الصحبة ،  أو لأنه كان من بعض ما ذكرنا ) .

هكذا استدل بن حزم بالآية ،  وأطلق القول بعدم قبوله الرواية إذا لم يسم الصحابي ويعرف بالصحبة ،  لكنه قال في النبذ :

( وكل من روى عن صحابي ،  ولم يسميه .  فإن كان ذلك الراوي ممن لا يجهل صحة قول مدعي الصحبة من بطلانه ،  فهو خبر مسند تقوم به حجة ،  لأن جميع الصحابة عدول…

وإن كان الراوي ممن يمكن أن يجهل صحة قول مدعي الصحبة ،  فهو حديث مرسل ) ."
9,102,"قال الله تعالى :

{  وَآَخَرُونَ اعْتَرَفُوا بِذُنُوبِهِمْ خَلَطُوا عَمَلًا صَالِحًا وَآَخَرَ سَيِّئًا عَسَى اللَّهُ أَنْ يَتُوبَ عَلَيْهِمْ إِنَّ اللَّهَ غَفُورٌ رَحِيمٌ }[ التوبة :  102 ] .

وفيها مسألة واحدة :

 حكم صاحب الكبيرة من المسلمين .

قال ابن حزم رحمه الله :

( ذهب أهل السنة من أصحاب الحديث والفقهاء إلى :  أنه مؤمن فاسق ناقص الإيمان ،  وقالوا :  الإيمان اسم معتقده وإقراره ،  وعمله الصالح ،  والفسق اسم عمله السيئ ) .

ولما ذكر رحمه الله إنكار المعتزلة لهذا ،  قال :

( وهذا الذي أنكروه لا نكرة فيه ،  بل هو أمر موجود مشاهد ،  فمن أحسن من وجه ،  وأساء من وجه آخر ،  كمن صلى ثم زنى ،  فهو محسن محمود ،  ولي لله فيما أحسن فيه من صلاة ،  وهو مسيء مذموم عدو لله ،  فيما أساء فيه من الزنا ،  قال الله عز وجل :

{  وآخرون اعترفوا بذنوبهم خلطوا عملا صالحا وآخر سيئا }[ التوبة :  102 ] .

فبالضرورة ندري أن العمل الذي شهد الله عز وجل أنه عمل صالح ،  فإن عامله فيه محمود محسن مطيع لله تعالى ،  وأن العمل الذي شهد الله عز وجل أنه سيئ فإن عامله فيه مذموم مسيء عاص لله تعالى .

وقد استدل رحمه الله لهذا المعتقد بما قاله :

( ويكفي من هذا كله ،  قول الله عز وجل :

{  أني لا أضيع عمل عامل منكم من ذكر أو أنثى }[ آل عمران :  195 ] .

وقال تعالى :  {  اليوم تجزى كل نفس بما كسبت }[ غافر :  17 ] .

وقال تعالى :  {  فمن يعمل مثقال ذرة خيرا يره ومن يعمل مثقال ذرة شرا يره }[ الزلزلة :  7-8 ] .

وقوله تعالى :  {  من جاء بالحسنة فله عشر أمثالها ومن جاء السيئة فلا يجزى إلا مثلها }[ الأنعام :  160 ] .

وقوله تعالى :  {  وتضع الموازين القسط ليوم القيامة فلا تظلم نفس شيئا وإن كان مثقال حبة من خردل أتينا بها وكفى بنا حاسبين }[ الأنبياء :  47 ] .

فصح بهذا كله أنه لا يخرجه عن اسم الإيمان إلا الكفر ،  ولا يخرجه عن اسم إلا الإيمان ،  وأن الأعمال حسنها حسن إيمان ،  وقبيحها قبيح ليس إيمان ،  والموازنة تقضي على كل ذلك ،  ولا يحبط الأعمال إلا الشرك ،  قال الله تعالى :  {  لئن أشركت ليحبطن عملك }[ الزمر :  65 ] .

ثم زاد رحمه الله تعالى دليلا ،  فقال :

( قال أبو محمد رضي الله عنه :  ويقال لمن قال :  إن صاحب الكبيرة كافر :  قال الله عز وجل :  {  يَا أَيُّهَا الَّذِينَ آَمَنُوا كُتِبَ عَلَيْكُمُ الْقِصَاصُ فِي الْقَتْلَى الْحُرُّ بِالْحُرِّ وَالْعَبْدُ بِالْعَبْدِ وَالْأُنْثَى بِالْأُنْثَى فَمَنْ عُفِيَ لَهُ مِنْ أَخِيهِ شَيْءٌ فَاتِّبَاعٌ بِالْمَعْرُوفِ وَأَدَاءٌ إِلَيْهِ بِإِحْسَانٍ ذَلِكَ تَخْفِيفٌ مِنْ رَبِّكُمْ وَرَحْمَةٌ فَمَنِ اعْتَدَى بَعْدَ ذَلِكَ فَلَهُ عَذَابٌ أَلِيمٌ }[ البقرة :  178 ] .

فابتدأ الله عز وجل بخطاب أهل الإيمان من كان فيهم من قاتل ،  أو مقتول ،  ونص تعالى على أن القاتل عمدا ،  وولي المقتول أخوان ،  وقد قال تعالى :  {  إنما المؤمنون إخوة }[ سورة الحجرات :  10 ] .

فصح أن القاتل عمدا مؤمن بنص القرآن وحكمه له بأخوة الإيمان ،  ولا يكون للكافر مع المؤمن بتلك الأخوة .

وقال تعالى :  {  وَإِنْ طَائِفَتَانِ مِنَ الْمُؤْمِنِينَ اقْتَتَلُوا فَأَصْلِحُوا بَيْنَهُمَا فَإِنْ بَغَتْ إِحْدَاهُمَا عَلَى الْأُخْرَى فَقَاتِلُوا الَّتِي تَبْغِي حَتَّى تَفِيءَ إِلَى أَمْرِ اللَّهِ فَإِنْ فَاءَتْ فَأَصْلِحُوا بَيْنَهُمَا بِالْعَدْلِ وَأَقْسِطُوا إِنَّ اللَّهَ يُحِبُّ الْمُقْسِطِينَ إِنَّمَا الْمُؤْمِنُونَ إِخْوَةٌ فَأَصْلِحُوا بَيْنَ أَخَوَيْكُمْ وَاتَّقُوا اللَّهَ }[ الحجرات :  9-10 ] .

فهذه الآية رافعة للشك جملة في قوله تعالى :  إن الطائفة الباغية على الطائفة الأخرى من المؤمنين المأمور سائر المؤمنين بقتالها حتى تفيء إلى الله تعالى إخوة للمؤمنين المقاتلين ،  وهذا أمل لا يضل عنه إلا ضال .

هاتان الآيتان حجة قاطعة أيضا على المعتزلة المسقطة اسم الإيمان عن القاتل ،  وعلى كل من أسقط عن صاحب الكبائر اسم الإيمان .  وليس لأحد أن يقول :  إنه تعالى إنما جعلهم إخواننا إذا تابوا لأن نص الآية أنهم إخوان في حالة البغي ،  وقبل الفيئة إلى الحق ."
9,103,"قال الله تعالى :

{  خُذْ مِنْ أَمْوَالِهِمْ صَدَقَةً تُطَهِّرُهُمْ وَتُزَكِّيهِمْ بِهَا وَصَلِّ عَلَيْهِمْ إِنَّ صَلَاتَكَ سَكَنٌ لَهُمْ وَاللَّهُ سَمِيعٌ عَلِيمٌ }[ التوبة :  103 ] .

وفيها تسع مسائل :

المسألة الأولى :  النص المجمل ،  ومتى يعمل به ؟

المسألة الثانية :  وجوب الزكاة في مال العبد والمجنون والصبي .

المسألة الثالثة :  زكاة الخيل .

المسألة الرابعة :  هل في العسل زكاة ؟

المسألة الخامسة :  هل في عروض التجارة زكاة ؟

المسألة السادسة :  زكاة البقر .

المسألة السابعة :  زكاة ما زاد على الثلاثمائة من الغنم .

المسألة الثامنة :  هل يجوز إخراج زكاة المال من غير جنسه .

المسألة التاسعة :  صدقة الفطر .

المسألة الأولى :

 النص المجمل ،  ومتى يعمل به ؟

قال ابن حزم رحمه الله تعالى :

( قال علي :  والصحيح من ذلك :  أنه [ إذا ] كان من النصوص التي لو رتركنا وظاهرها لم يفهم منه المراد ،  فإننا لا ينفذ منها إلا ما يبينه نص آخر ،  أو إجماع ،  وذلك مثل :  …وكذلك قوله تعالى :  {  خُذْ مِنْ أَمْوَالِهِمْ صَدَقَةً تُطَهِّرُهُمْ وَتُزَكِّيهِمْ بِهَا وَصَلِّ عَلَيْهِمْ إِنَّ صَلَاتَكَ سَكَنٌ لَهُمْ وَاللَّهُ سَمِيعٌ عَلِيمٌ }[ التوبة :  103 ] .

ليس فيها بيان كيفية تلك الصدقة ،  ولا متى تؤخذ ؟  أفي كل يوم ؟  أم في كل شهر ؟  أم في كل عام ؟  أم مرة في الدهر ؟  ولا مقدار ما يؤخذ ،  ولا من أي مال ؟  ففي قوله تعالى :  {  خُذْ مِنْ أَمْوَالِهِمْ صَدَقَةً تُطَهِّرُهُمْ وَتُزَكِّيهِمْ بِهَا وَصَلِّ عَلَيْهِمْ إِنَّ صَلَاتَكَ سَكَنٌ لَهُمْ وَاللَّهُ سَمِيعٌ عَلِيمٌ }[ التوبة :  103 ] :  عمومان اثنان :

أحدهما :  الأموال ،  والثاني :  الضمير الراجع إلى أرباب الأموال .

فأما عموم الأموال :  فقد صح الإجماع المنقول جيلا جيلا إلى رسول الله صلى الله عليه وسلم أنه لم يوجب الزكاة إلا في بعض الأموال دون بعض مع أن نص الآية يوجب ذلك ؛  لأنه إنما قال تعالى :  {  خُذْ مِنْ أَمْوَالِهِمْ صَدَقَةً تُطَهِّرُهُمْ وَتُزَكِّيهِمْ بِهَا وَصَلِّ عَلَيْهِمْ إِنَّ صَلَاتَكَ سَكَنٌ لَهُمْ وَاللَّهُ سَمِيعٌ عَلِيمٌ }[ التوبة :  103 ] .

فالظاهر يقتضي أن ما أخذ مما قل أو كثر فقد أخذ من أموالهم كما أمر .

وقوله عليه السلام إذ سئل عن الحمير أفيها زكاة أم لا ؟  .

على أن هذا اللفظ ليس مرادا به جميع الأموال ،  وقد قال عليه السلام :   "" إن أموالكم عليكم حرام ""  .

وقال عليه السلام :   "" كل المسلم على المسلم حرام دمه وماله وعرضه ""  .

ونص عليه السلام على أنه لا يحل أخذ مال أحد إلا بطيب نفسه .

وليست الزكاة كذلك بل هم مقاتلون إن منعوها .

وأيضا فإن لفظة :  ( من ) في قوله تعالى :  {  خذ من أموالهم } إنما هي للتبعيض .

وأيضا ،  فلو كانت الأموال مرادة على عمومها ،  لكان ذلك ممتنعا ؛  لأن ذلك كان يوجب الأخذ من كل برة ،  ومن كل خردلة ،  ومن كل سمة ؛  لأن كل ذلك أموال ،  فلما صح بكل ما ذكرنا أنه تعالى لم يرد كل مال ،  وجب طلب معرفة الأموال التي تجب فيها الزكاة ،  ومقدار ما يؤخذ منها ،  ومتى يؤخذ من نص آخر ،  أو من الإجماع ،  إذ قد ثبت أن المأخوذ هو شيء من بعض ما يملكونه ،  فلا بد من بيان ذلك الشيء المراد ،  فإنه إذا أخذ شيء يقع عليه اسم شيء واحد من جميع أموالهم ،  فقد أخذ من أموالهم ،  وكان هذا أيضا موافقا للظاهر وغير مخالف له البتة .  وليس إلا هذا الوجه ،  إلا أن يوجب أكثر منه نص أو إجماع ؛  لأنه قد تغذر الوجه الثاني ،  وهو :  أن يؤخذ من كل مال جزء ،  وإذا لم يكن لشيء إلا قسمان ،  فسقط أحدهما ،  ثبت الآخر .  فلو لم تأت نصوص وإجماع على :  الأخذ من المواشي والذهب والفضة والبر والشعير والتمر لما وجب إلا ما يقع عليه اسم أخذ ،  لأجزأ إعطاء برة واحدة ،  أو شعيرة واحدة ،  أو أي شيء أعطاء المرء .  ولكن النصوص والإجماع على ما ذكرنا فرض الوقوف عندهما .

وأما العموم الثاني :  وهو عموم أرباب الأموال ،  فبين واضح ،  وهو من كل إنسان ذي مال ،  فوجب استعماله على عمومه ،  إذ عرف مقدار ما يؤخذ ،  ومتى يؤخذ ،  ومما يؤخذ .  فلا مخرج من ذلك إلا ما أخرجه نص ،  أو إجماع على ما نذكر بعد هذا إن شاء الله تعالى .

المسألة الثانية :

 وجوب الزكاة في مال العبد والمجنون والصبي .

قال ابن حزم :

( والزكاة فرض على الرجال والنساء الأحرار منهم والحرائر والعبيد ،  والإماء ،  والكبار ،  والصغار ،  والعقلاء ،  والمجانين من المسلمين ،  ولا تؤخذ من كافر .

قال الله عز وجل :  {  وأقيموا الصلاة وآتوا الزكاة }[ البقرة :  43 ] .

فهذا خطاب منه تعالى لكل بالغ عاقل ،  من حر ،  أو عبد ،  ذكر أو أنثى :  لأنهم كلهم من الذين آمنوا .  وقال تعالى :  {  خذ من أموالهم صدقة تطهرهم وتزكيهم بها وصل عليهم }[ التوبة :  103 ] .  فهذا عموم لكل صغير وكبير ،  وعاقل ،  ومجنون ،  وحر وعبد ؛  لأنهم كلهم محتاجون إلى طهرة الله تعالى لهم وتزكيته إياهم ،  وكلهم من الذين آمنوا .

حدثنا عبد الرحمن بن عبد الله الهمداني ،  ثنا إبراهيم بن أحمد ،  ثنا الفربري ،  ثنا البخاري ،  ثنا أبو عاصم الضحاك بن مخلد ،  عن زكرياء بن إسحاق ،  عن يحيى بن عبد الله بن صيفي ،  عن أبي معبد ،  عن ابن عباس :  أن النبي صلى الله عليه وسلم بعث معاذا إلى اليمن ،  فقال :  أدعهم إلى شهادة أن لا إله إلا الله وأني رسول الله ،  فإن هم أطاعوا لذلك ،  فأعلمهم أن الله قد افترض عليهم خمس صلوات في كل يوم وليلة ،  فإن هم أطاعوا لذلك ،  فأعلمهم بأن الله افترض عليهم صدقة في أموالهم ،  تؤخذ من أغنيائهم ،  وترد في فقرائهم .

فهذا عموم لكل غني من المسلمين ،  وهذا يدخل فيه الصغير ،  والكبير ،  والمجنون والعبد ،  والأمة إذا كانوا أغنياء .

كما احتج في مسألة وجوب الزكاة في مال العبد بما روي عن ابن عمر ،  فقال :  ( حدثنا عبد الله بن ربيع ،  ثنا عبد الله بن محمد بن عثمان ،  ثنا أحمد بن خالد ،  ثنا علي بن عبد العزيز ،  ثنا الحجاج بن المنهال ،  ثنا يزيد بن إبراهيم – هو التستري – ثنا محمد بن سيرين ،  حدثني جابر الحذاء ،  قال :  سألت ابن عمر ،  قلت :  على المملوك زكاة ؟  قال :  أليس مسلما ؟  قلت :  بلى .  قال :  فإن عليه في كل مائتين خمسة ،  فما زاد فبحساب ذلك .

وأما مال الصغير ،  والمجنون ؛  فإن مالكا ،  والشافعي قالا بقولنا .  وهو قول عمر بن الخطاب ،  وابنه عبد الله ،  وأم المؤمنين عائشة ،  وجابر ،  وابن مسعود ،  وعطاء وغيره .  .  .

والعجب أن المحفوظ عن الصحابة رضي الله تعالى عنهم إيجاب الزكاة في مال اليتيم :  روينا من طريق أحمد بن حنبل :  ثنا سفيان – هو ابن عيينة – عن عبد الرحمن بن القاسم بن محمد بن أبي بكر الصديق وأيوب السختياني ويحيى بن سعيد الأنصاري أنهم كلهم سمعوا القاسم بن أبي بكر الصديق يقول :  كانت عائشة تزكي أموالنا ،  ونحن أيتام في حجرها ،  زاد يحيى ،  وإنه ليتجر بها في البحر .

ومن طريق أحمد بن حنبل :  ثنا وكيع ،  ثنا القاسم بن الفضل هو الحداني ،  عن معاوية بن قرة ،  عن الحكم بن أبي العاص الثقفي قال :  قال لي عمر بن الخطاب :  إن عندي مال يتيم قد كادت الصدقة أن تأتي عليه .

ومن طريق عبد الرزاق ومحمد بن بكر قالا :  أخبرنا ابن جريج أخبرني أبو الزبير أنه سمع جابر بن عبد الله يقول في الرجل يلي مال اليتيم ،  قال :  يعطي زكاته .

ومن طريق سفيان الثوري عن حبيب بن أبي ثابت عن عبيد الله بن أبي رافع قال :  باع علي بن أبي طالب أرضا لنا بثمانين ألفا ،  وكنا يتامى في حجره ؛  فلما قبضنا أموالنا نقصت .  فقال :  إني كنت أزكيه .

وعن ابن مسعود قال :  احص ما في مال اليتيم من زكاة ،  فإذا بلغ ،  فإن آنست منه رشدا فأخبره ،  فإن شاء زكى وإن شاء ترك .

وهو قول عطاء وجابر بن زيد وطاوس ومجاهد والزهري وغيرهم ،  وما نعلم لمن ذكرنا مخالفا من الصحابة ،  إلا رواية ضعيفة عن ابن عباس ،  فيها ابن لهيعة ) .

المسألة الثالثة :

 زكاة الخيل .

قال ابن حزم رحمه الله تعالى ،  بعد أن ذكر خلاف الأحناف في هذه المسألة :

( وذهب جمهور الناس إلى أن لا زكاة في الخيل أصلا .

حدثنا حمام ،  ثنا ابن مفرج ،  عن ابن الأعرابي ،  عن الدبري ،  عن عبد الرزاق ،  عن معمر ،  عن أبي إسحاق ،  عن عاصم بن ضمرة ،  عن علي قال :  قد عفوت عن صدقة الخيل والرقيق .

وقد صح أن عمر إنما أخذها على أنها صدقة تطوع منهم لا واجبة .

حدثنا حمام ،  ثنا عبد الله بن محمد بن علي الباجي ،  ثنا عبد الله بن يونس ،  ثنا بقي بن مخلد ،  ثنا أبو بكر بن أبي شيبة ،  ثنا عبد الرحيم بن سليمان ،  عن ابن أبي خالد ،  عن شبيل بن عوف وكان قد أدرك الجاهلية قال :  أمر عمر بن الخطاب الناس بالصدقة ؛  فقال الناس :  يا أمير المؤمنين ،  خيل لنا ورقيق افرض علينا عشرة عشرة .  فقال عمر :  أما أنا فلا أفرض ذلك عليكم .

حدثنا حمام ،  ثنا عباس بن أصبغ ،  ثنا محمد بن عبد الملك بن أيمن ،  ثنا عبد الله بن أحمد بن حنبل ،  قرأت على أبي ،  عن يحيى بن سعيد القطان ،  عن زهير – هو ابن معاوية – ثنا أبو إسحاق – هو السبيعي – عن حارثة – هو ابن مضرب – قال :  حججت مع عمر بن الخطاب ،  فأتاه أشراف أهل الشام فقالوا :  يا أمير المؤمنين ،  إنا أصبنا رقيقا ودوابا ،  فخذ من أموالنا صدقة تطهرنا ،  وتكون لنا زكاة .  فقال :  هذا شيء لم يفعله اللذان كانا قبلي .

قال أبو محمد :  هذه أسانيد في غاية الصحة ،  والإسناد فيه أن رسول الله صلى الله عليه وسلم لم يأخذ من الخيل صدقة ؛  ولا أبو بكر بعده ؛  وأن عمر لم يفرض ذلك .  وأن عليا بعده لم يأخذها .

حدثنا عبد الله بن ربيع ،  ثنا محمد بن معاوية ،  ثنا أحمد بن شعيب ،  أنا محمود بن غيلان ،  ثنا أبو أسامة – هو حماد بن أسامة – ثنا سفيان الثوري عن أبي إسحاق السبيعي ،  عن عاصم بن ضمرة ،  عن علي بن أبي طالب قال :  قال رسول الله صلى الله عليه وسلم :   "" قد عفوت عن الخيل ،  فأدوا صدقة أموالكم من كل مائتين خمسة ""  .

وقد صح عن رسول الله صلى الله عليه وسلم :   "" ليس على المسلم في عبده ،  ولا في فرسه صدقة ،  إلا صدقة الفطر في الرقيق ""  .

والفرس والعبد اسم للجنس كله ،  ولو كان في شيء من ذلك صدقة لما أغفل عليه السلام بيان مقدارها ومقدار ما تؤخذ منه ،  وبالله تعالى التوفيق .

المسألة الرابعة :

 هل في العسل زكاة ؟

قال ابن حزم :

( قال أبو محمد :  وبأن لا زكاة في العسل يقول مالك وسفيان الثوري والحسن بن حي والشافعي وأبو سليمان وأصحابهم .

قال علي :  قد قلنا :  إن الله تعالى قال :  {  ولا تأكلوا أموالكم بينكم بالباطل }[ البقرة :  188 ] وقال رسول الله صلى الله عليه وسلم :   "" إن دمائكم وأموالكم عليكم حرام ""  .

فلا يجوز إيجاب فرض زكاة في مال لم يصح عن رسول الله صلى الله عليه وسلم فيه إيجابها .

فإن احتجوا بعموم قول الله تعالى {  خذ من أموالهم صدقة }[ التوبة :  103 ] .

قيل لهم :  فأوجبوها فيما خرج من معادن الذهب والفضة ،  وفي القصب ،  وفي ذكور الخيل ،  فكل ذلك أموال للمسلمين .

المسألة الخامسة :

 هل في عروض التجارة زكاة ؟

قال ابن حزم :

( وقد صح عن رسول الله صلى الله عليه وسلم ما يدل على أن لا زكاة في عروض التجارة ،  وهو أنه قد صح عن النبي صلى الله عليه وسلم :   "" ليس فيما دون خمس أواق من الورق صدقة ،  ولا فيما دون خمس ذود من الإبل صدقة ""  .

وأنه أسقط الزكاة عما دون الأربعين من الغنم ،  وعما دون خمسة أوسق من التمر والحب ؛  فمن أوجب زكاة في عروض التجارة ،  فإنه يوجبها في كل ما نفي عنه عليه السلام الزكاة مما ذكرنا .

وصح عنه عليه السلام :  ليس على المسلم في عبده ،  ولا فرسه ،  صدقة ،  إلا صدقة الفطر .  وأنه عليه السلام قال :   "" قد عفوت عن صدقة الخيل ""  .

وأنه عليه السلام ذكر حق الله تعالى في :  الإبل ،  والبقر ،  والغنم ،  والكنز ،  فسئل عن الخيل ،  فقال :   "" الخيل ثلاثة :  هي رجل أجر ،  ولرجل ستر ،  وعلى رجل وزر ""  فسئل عن الحمير فقال :   "" ما أنزل علي فيها شيء إلا هذه الآية الفاذة الجامعة :  {  فمن يعمل مثقال ذرة خيرا يره }[ الزلزلة :  7 ] ""  .

فمن أوجب الزكاة في عروض التجارة فإنه يوجبها في الخيل ،  والحمير ،  والعبيد ،  وقد قطع رسول الله بأن لا زكاة في شيء منها ،  إلا صدقة الفطر في الرقيق ؛  فلو كانت في عروض التجارة ،  أو في شيء مما ذكر عليه السلام زكاة إذا كان لتجارة ،  لبين ذلك بلا شك ؛  فإذ لم يبينه عليه السلام ،  فلا زكاة فيها أصلا .  وقد صح الإجماع المتيقن على أن حكم كل عرض كحكم الخيل ،  والحمير ،  والرقيق ،  وما دون النصاب من الماشية ،  والعين .

ثم اختلف الناس فمن موجب الزكاة في كل ذلك إذا كان للتجارة ،  ومن مسقط للزكاة في كل ذلك لتجارة كانت أو لغير تجارة .  وصح بالنص أن لا زكاة في الخيل ،  ولا في الرقيق ،  ولا في الحمير ،  ولا فيما دون النصاب من الماشية والعين ؛  وصح الإجماع من كل أحد على أن حكم كل عرض في التجارة كحكم هذه .  فصح من ذلك أن لا زكاة في عروض التجارة بالإجماع المذكور .  وقد صح الإجماع أيضا على أنه لا زكاة في العروض .

المسألة السادسة :

 نصاب البقر .

يرى ابن حزم أنه ليس في البقر زكاة حتى تبلغ الثلاثين ،  وكان قبل قد رأى أن في كل خمسين بقرة :  بقرة ،  ثم استدرك ،  فقال :

( قال علي :  ثم استدركنا فوجدنا حديث مسروق إنما ذكر فيه فعل معاذ باليمن في زكاة البقر ؛  وهو بلا شك قد أدرك معاذا وشهد حكمه وعمله المشهور المنتشر ،  فصار نقله لذلك ،  ولأنه عن عهد رسول الله صلى الله عليه وسلم نقلا عن الكافة عن معاذ بلا شك ؛  فوجب القول به ) .

المسألة السابعة :

 زكاة ما زاد على الثلاثمائة من الغنم .

يقول ابن حزم :

( فإذا تمت في ملكه عاما كما ذكرنا ،  سواء كانت كلها ماعزا ،  أو بعضها – أكثرها أو أقلها – ضأنا ،  وسائرها كذلك معزى :  ففيها شاة واحدة لا نبالي ضانية كانت أو ماعزة ،  كبشا ذكرا أو أنثى من كليهما ،  كل رأس تجزئ منهما عن الضأن ،  وعن الماعز ؛  وهكذا ما زادت حتى تتم مائة وعشرين كما ذكرنا .  فإذا أتمتها وزادت لو بعض شاة كذلك عاما كاملا كما ذكرنا :  ففيها شاتان كما قلنا ،  إلى أن تتم مائتي شاة .  فإذا أتمتها وزادت ولو بعض شاة كذلك عاما كاملا كما وصفنا ،  ففيها ثلاث شياه كما حددنا ؛  وهكذا إلى أن تتم أربعمائة شاة كما وصفنا فإذا أتمتها كذلك عاما كاملا كما ذكرنا ففي كل مائة شاة شاة .  برهان ذلك :  ما حدثناه عبد الرحمن بن عبد الله بن خالد ،  ثنا إبراهيم بن أحمد ،  ثنا الفربري ،  ثنا البخاري ،  ثنا محمد بن عبد الله بن المثنى الأنصاري ،  ثنا أبي ،  ثنا ثمامة بن عبد الله بن أنس بن مالك ،  أن أنس بن مالك حدثه :  أن أبا بكر الصديق كتب له هذا الكتاب لما وجهه إلى البحرين ( هذه فريضة الصدقة التي فرض رسول الله صلى الله عليه وسلم على المسلمين ؛  فمن سألها من المسلمين على وجهها فليعطها ،  ومن سأل فوقها فلا يعط ( ثم ذكر الحديث وفيه :  ( في صدقة الغنم في سائمتها إذا كانت أربعين إلى عشرين ومائة شاة ،  فإذا زادت على عشرين ومائة إلى مائتين فشاتان ؛  أربعين إلى عشرين ومائة شاة ،  فإذا زادت على عشرين ومائة إلى مائتين فشاتان ؛  فإذا زادت على مائتين إلى ثلاثمائة ففيها ثلاث شياه ؛  فإذا زادت على ثلاثمائة ،  ففي كل مائة شاة ) .

المسألة الثامنة :

 هل يجوز إخراج الزكاة من غير جنس المال ؟

يقول ابن حزم :

( واسم الغنم لا يقع في اللغة إلا على الَضأن والماعز فقط ،  فوجب بالأحاديث الواردة في الزكاة أن لا يأخذ إلا من الغنم ،  ولا يعطي في زكاة الإبل إلا الغنم .

وأما المأخوذ من الغنم فالله تعالى يقول :  {  خذ من أموالهم صدقة }[ التوبة :  103 ] وهذا اللفظ يقتضي بظاهره أخذ الصدقة من نفس المال الذي يجب فيه الصدقة ،  والذي هي مأخوذة منه ،  فثبت أن المأخوذ في الصدقة إنما هو من الأموال التي تؤخذ منها الصدقة ،  وزكاة الغنم من غنم يأتي بها من حيث شاء .  وبالله تعالى التوفيق ) .

المسألة التاسعة :

 صدقة الفطر .

قال ابن حزم رحمه الله تعالى منكرا على بعض العلماء :

( وأوجبوا الزكاة في أموال الصغار بعموم قوله تعالى :  {  خذ من أموالهم صدقة تطهرهم وتزكيهم بها }[ التوبة :  103 ] وبقوله عليه السلام :   "" إن عليهم صدقة تؤخذ من أغنيائهم ""  ،  ولم يوجبوا صدقة الفطر فرضا ،  وقد جاء النص بأنه عليه السلام فرضها ،  وهي داخلة في جملة قوله عليه السلام :   "" إن عليهم صدقة ""  ،  وفي جملة قوله تعالى :  {  خذ من أموالهم صدقة } ) ."
9,107,"قوله تعالى :  {  وَالَّذِينَ اتَّخَذُوا مَسْجِدًا ضِرَارًا وَكُفْرًا وَتَفْرِيقًا بَيْنَ الْمُؤْمِنِينَ وَإِرْصَادًا لِمَنْ حَارَبَ اللَّهَ وَرَسُولَهُ مِنْ قَبْلُ وَلَيَحْلِفُنَّ إِنْ أَرَدْنَا إِلَّا الْحُسْنَى وَاللَّهُ يَشْهَدُ إِنَّهُمْ لَكَاذِبُونَ ( 107 ) لَا تَقُمْ فِيهِ أَبَدًا لَمَسْجِدٌ أُسِّسَ عَلَى التَّقْوَى مِنْ أَوَّلِ يَوْمٍ أَحَقُّ أَنْ تَقُومَ فِيهِ فِيهِ رِجَالٌ يُحِبُّونَ أَنْ يَتَطَهَّرُوا وَاللَّهُ يُحِبُّ الْمُطَّهِّرِينَ }

المسألة الأولى :  في حكم الصلاة في مسجد الضرار .

ذهب ابن حزم – رحمه الله تعالى – إلى أنه لا يجزيء أحدا الصلاة في مسجد الضرار ؛  لورود النهي عن ذلك .

قال ابن حزم :  ولا تجزئ أحدا الصلاة في مسجد الضرار الذي بقرب قباء ،  لا عمدا ولا نسيانا ؛  لقول الله تعالى :  {  والذين اتخذوا مسجدا ضرارا وكفرا وتفريقا بين المؤمنين وإرصادا لمن حارب الله ورسوله } إلى قوله تعالى :  {  لا تقم فيه أبدا لمسجد أسس على التقوى من أول يوم أحق أن تقوم فيه } ،  فصح أنه ليس موضع صلاة .  اه"
9,120,"قوله تعالى :  {  مَا كَانَ لِأَهْلِ الْمَدِينَةِ وَمَنْ حَوْلَهُمْ مِنَ الْأَعْرَابِ أَنْ يَتَخَلَّفُوا عَنْ رَسُولِ اللَّهِ وَلَا يَرْغَبُوا بِأَنْفُسِهِمْ عَنْ نَفْسِهِ ذَلِكَ بِأَنَّهُمْ لَا يُصِيبُهُمْ ظَمَأٌ وَلَا نَصَبٌ وَلَا مَخْمَصَةٌ فِي سَبِيلِ اللَّهِ وَلَا يَطَئُونَ مَوْطِئًا يَغِيظُ الْكُفَّارَ وَلَا يَنَالُونَ مِنْ عَدُوٍّ نَيْلًا إِلَّا كُتِبَ لَهُمْ بِهِ عَمَلٌ صَالِحٌ إِنَّ اللَّهَ لا يُضِيعُ أَجْرَ الْمُحْسِنِينَ }

المسألة الثانية :  في تحريق زروع المشركين ،  وهدم ديارهم وممتلكاتهم .

ذهب ابن حزم – رحمه الله تعالى – إلى أن تحريق أشجار المشركين ،  وأطعمتهم ،  وزرعهم ،  ودورهم ،  وهدمها جائز ،  مستدلا على ذلك بأدلة منها الآية السابقة .

قال ابن حزم :  وجائز تحريق أشجار المشركين ،  وأطعمتهم ،  وزرعهم ،  ودورهم ،  وهدمها .  قال الله تعالى :  {  ما قطعتم من لينة أو تركتموها قائمة على أصولها فبإذن الله وليخزي الفاسقين } وقال تعالى :  {  ولا يطئون موطئا يغيظ الكفار ولا ينالون من عدو نيلا إلا كتب لهم به عمل صالح } .

وقد أحرق رسول الله صلى الله عليه وسلم نخل بني النضير - وهي في طرف دور المدينة – وقد علم أنها تصير للمسلمين في يومه أو غده .  اه"
9,122,"قوله تعالى :  {  وَمَا كَانَ الْمُؤْمِنُونَ لِيَنْفِرُوا كَافَّةً فَلَوْلَا نَفَرَ مِنْ كُلِّ فِرْقَةٍ مِنْهُمْ طَائِفَةٌ لِيَتَفَقَّهُوا فِي الدِّينِ وَلِيُنْذِرُوا قَوْمَهُمْ إِذَا رَجَعُوا إِلَيْهِمْ لَعَلَّهُمْ يَحْذَرُونَ }

وفيه أربع مسائل :

المسألة الثالثة :  في معنى الطائفة في اللغة ،  والمراد بها في الآية .

ذهب ابن حزم – رحمه الله تعالى – إلى أن الطائفة في اللغة الواحد فصاعدا ،  وبهذا المعنى فسر الطائفة في هذه الآية .

قال ابن حزم :  قول الله عز وجل :  {  فلولا نفر من كل فرقة منهم طائفة ليتفقهوا في الدين ولينذروا قومهم إذا رجعوا إليهم لعلهم يحذرون }

والطائفة في لغة العرب التي بها خوطبنا يقع على الواحد فصاعدا ،  وطائفة من الشيء بمعنى بعضه ،  هذا ما لا خلاف بين أهل اللغة فيه .  اه

المسألة الرابعة :  في صفة التفقه في الدين .

ذهب ابن حزم – رحمه الله تعالى – إلى أن التفقه في الدين نوعان :

النوع الأول :  التفقه الذي يلزم كل فرد من المسلمين ،  وهو المعروف عند الفقهاء بفرض عين .

والنوع الثاني :  التفقه الواجب على الجماعة كلها حتى إذا قام بها بعضهم سقط عن الباقين ،  وهو المعروف بفرض الكفاية .

قال ابن حزم :  قال الله تعالى :  {  وما كان المؤمنون لينفروا كافة فلولا نفر من كل فرقة منهم طائفة ليتفقهوا في الدين ولينذروا قومهم إذا رجعوا إليهم }

فبين الله عز وجل في هذه الآية وجه التفقه كله ،  وأنه ينقسم قسمين :

أحدهما :  يخص المرء في نفسه وذلك مبين في قوله تعالى :  {  ولينذروا قومهم إذا رجعوا إليهم } فهذا معناه تعليم أهل العلم لمن جهل حكم ما يلزمه .

والثاني :  تفقه من أراد وجه الله تعالى ،  بأن يكون منذرا لقومه وطبقته .  قال تعالى :  {  فاسألوا أهل الذكر إن كنتم لا تعلمون }

ففرض على كل أحد طلب ما يلزمه ،  على حسب ما يقدر عليه من الاجتهاد لنفسه في تعرف ما ألزمه الله تعالى إياه .

وكل مسلم عاقل بالغ من ذكر أو أنثى ،  حر أو عبد ،  يلزمه الطهارة والصلاة والصيام فرضا بلا خلاف من أحد من المسلمين ،  وتلزم الطهارة والصلاة المرضى والأصحاء ،  ففرض على كل من ذكرنا أن يعرف فرائض صلاته وصيامه وطهارته وكيف يؤدي كل ذلك .

ثم فرض على كل جماعة مجتمعة في قرية أو مدينة أو دسكرة - وهي المجشرة عندنا – أو حلة أعراب ،  أو حصن أن ينتدب منهم – لطلب جميع أحكام الديانة أولها عن آخرها ،  ولتعلم القرآن كله ،  ولكتاب كل ما صح عن النبي صلى الله عليه وسلم من أحاديث الأحكام أولها عن آخرها ،  وضبطها بنصوص ألفاظها ،  وضبط كل ما أجمع المسلمون عليه مما اختلفوا فيه – من يقوم بتعليمهم وتفقيههم من القرآن والحديث والإجماع .  يكتفى بذلك على قدر قلتهم أو كثرتهم بالآية التي تلونا ،  فإذا انتدب لذلك من يقوم بما ذكرنا فقط سقط عن باقيهم إلا ما يلزمه خاصة نفسه فقط على ما ذكرنا آنفا .

المسألة الخامسة :  فيمن كان بمكان لا يجد فيه من يتعلم منه أمور دينه .

ذهب ابن حزم – رحمه الله تعالى – إلى أن من كان هذا حاله فإما أن يرحل من ذلك المكان إلى حيث يجد من يعلمه أمور الدين ،  أو يبق ويرحل إليه بنفسه أو عن طريق إمام المسلمين من يقوم بتعليمه .

قال ابن حزم :  وكل من كان منا في بادية لا يجد فيها من يعلمه شرائع دينه ففرض على جميعهم من رجل أو امرأة أن يرحلوا إلى مكان يجدون فيه فقيها يعلمهم دينهم ،  أو أن يرحلوا إلى أنفسهم فقيها يعلمهم أمور دينهم ،  وإن كان الإمام يعلم ذلك فليرحل إليهم فقيها يعلمهم ،  قال الله تعالى :  {  ادع إلى سبيل ربك بالحكمة والموعظة الحسنة } وقال تعالى :  {  فلولا نفر من كل فرقة منهم طائفة ليتفقهوا في الدين ولينذروا قومهم إذا رجعوا إليهم لعلهم يحذرون }

وقال في موضع آخر :  فإن لم يجدوا في محلتهم من يفقههم في ذلك كله كما ذكرنا ففرض عليهم الرحيل إلى حيث يجدون العلماء المحتوين على صنوف العلم ،  وإن بعدت ديارهم ،  ولو أنهم بالصين ؛  لقوله تعالى :  {  فلولا نفر من كل فرقة منهم طائفة ليتفقهوا في الدين ولينذروا قومهم إذا رجعوا إليهم } والنفار والرجوع لا يكون إلا برحيل .

ومن وجد في محلته من يفقهه في صنوف العلم كما ذكرنا فالأمة مجمعة على أنه لا يلزمه رحيل في ذلك .  اه

المسألة السادسة :  في تعلم علم الحديث .

ذهب ابن حزم – رحمه الله تعالى – إلى أن تعلم علوم الحديث  فرض على الكفاية .

قال ابن حزم :  وأما معرفة قراءة الحديث ففرض على الكفاية ؛  بقوله تعالى :  {  وما كان المؤمنون لينفروا كافة فلولا نفر من كل فرقة منهم طائفة ليتفقهوا في الدين ولينذروا قومهم إذا رجعوا إليهم لعلهم يحذرون }

ولا سبيل إلى التفقه في الدين إلا بمعرفة أحكام القرآن ،  وحديث النبي صلى الله عليه وسلم ،  صحيحه من سقيمه ،  وناسخه من منسوخه ،  وما أجمع عليه مما اختلف فيه ،  فهذا أفضل ما استعمل المرء فيه نفسه ،  وأعظم ما يحاول لأجره وأمحاه لذنوبه .  اه"
9,123,"قوله تعالى :  {  يا أيها الذين آمنوا قاتلوا الذين يلونكم من الكفار وليجدوا فيكم غلظة واعلموا أن الله مع المتقين }

المسألة السابعة :  في الخروج للجهاد بدون إذن الإمام .

ذهب ابن حزم – رحمه الله تعالى – إلى أن كل أحد مأمور بالجهاد وإن لم يأذن له الإمام أو يكن معه أحد .

قال ابن حزم :  وكل من دخل من المسلمين فغنم في أرض الحرب سواء كان وحده أو في أكثر من واحد ،  بإذن الإمام وبغير إذنه ،  فكل ذلك سواء .

قال تعالى :  {  قاتلوا الذين يلونكم من الكفار وليجدوا فيكم غلظة } فلم يخص بأمر الإمام ولا بغير أمره ،  ولو أن إماما نهى عن قتال أهل الحرب لوجبت معصيته في ذلك ؛  لأنه أمر بمعصية ،  فلا سمع ولا طاعة له .

وقال تعالى :  {  فقاتل في سبيل الله لا تكلف إلا نفسك } وهذا خطاب متوجه إلى كل مسلم ،  فكل أحد مأمور بالجهاد وإن لم يكن معه أحد .  اه"
9,124,"قوله تعالى :  {  وَإِذَا مَا أُنْزِلَتْ سُورَةٌ فَمِنْهُمْ مَنْ يَقُولُ أَيُّكُمْ زَادَتْهُ هَذِهِ إِيمَانًا فَأَمَّا الَّذِينَ آَمَنُوا فَزَادَتْهُمْ إِيمَانًا وَهُمْ يَسْتَبْشِرُونَ }

فيه مسألتان :

المسألة الثامنة :  في دخول العمل في مسمى الإيمان .

ذهب ابن حزم – رحمه الله تعالى – إلى أن أعمال الجوارح من الطاعات يقع عليها اسم الإيمان شرعا .

قال ابن حزم :  أصل الإيمان في اللغة :  التصديق بالقلب وباللسان معا ،  بأي شيء صدق المصدق ،  لا شيء دون شيء البتة .  إلا أن الله عز وجل على لسان رسول الله صلى الله عليه وسلم أوقع لفظة الإيمان على العقد بالقلب لأشياء محدودة مخصوصة معروفة ،  لا على العقد لكل شيء .

وأوقعها أيضا تعالى على الإقرار باللسان بتلك الأشياء خاصة ،  لا بما سواها .

وأوقعها أيضا على أعمال الجوارح لكل ما هو طاعة له تعالى فقط ،  فلا يحل لأحد خلاف الله تعالى فيما أنزله وحكم به ،  وهو تعالى خالق اللغة وأهلها ،  فهو أملك بتصريفها وإيقاع أسمائها على الأشياء .

فمن الآيات التي أوقع الله تعالى فيها اسم الإيمان على أعمال الديانة قوله عز وجل :  {  فأما الذين آمنوا فزادتهم إيمانا } وقوله تعالى :  {  الذين قال لهم الناس إن الناس قد جمعوا لكم فاخشوهم فزادهم إيمانا }

فإن قال قائل :  معنى زيادة الإيمان هاهنا إنما هو لما نزلت تلك الآية صدقوا فزادهم بترولها إيمانا وتصديقا بشيء وارد لم يكن عندهم .

قيل لهم :  - وبالله تعالى التوفيق – هذا محال ؛  لأنه قد اعتقد المسلمون في أول إسلامهم أنهم مصدقون بكل ما يأتيهم به نبيهم عليه الصلاة والسلام في المستأنف ،  فلم يزدهم نزول الآية تصديقا لم يكونوا اعتقدوه .  فصح أن الإيمان الذي زادتهم الآيات إنما هو العمل الذي لم يكونوا عملوه ،  ولا عرفوه ولا صدقوا به قط ،  ولا كان جائزا لهم أن يعتقدون ويعملوا به ،  بل كان فرضا عليهم تركه والتكذيب بوجوبه ،  والزيادة لا تكون إلا في كمية عدد لا فيما سواه ،  ولا عدد للاعتقاد ولا كمية ،  وإنما الكمية والعدد في الأعمال والأقوال فقط .  اه .

المسألة التاسعة :  في زيادة الإيمان ونقصانه .

ذهب ابن حزم – رحمه الله تعالى – إلى أن الإيمان عقد بالقلب ،  وقول باللسان ،  وعمل بالجوارح ،  يزيد بالطاعة وينقص بالمعصية .

قال ابن حزم :  كل ذلك ( أي الإيمان والإسلام ) عقد بالقلب ،  وقول باللسان ،  وعمل بالجوارح ،  يزيد بالطاعة وينقص بالمعصية .

حدثنا عبد الله بن يوسف ،  ثنا أحمد بن فتح ،  ثنا عبد الوهاب بن عيسى ،  ثنا أحمد بن محمد ،  ثنا أحمد بن علي ،  ثنا مسلم بن الحجاج ،  ثنا عبد الله بن معاذ العنبري ،  ثنا أبي ثنا كهمس التميمي ،  عن عبد الله بن بريدة ،  عن يحيى بن يعمر ،  قال :  قال لي عبد الله بن عمر :  حدثني أبي عمر بن الخطاب قال :  ( ( بينما نحن عند رسول الله صلى الله عليه وسلم ذات يوم إذا طلع علينا رجل شديد بياض الثياب ،  شديد سواء الشعر ،  لا يرى عليه أثر السفر ،  ولا يعرفه منا أحد ،  حتى جلس إلى رسول الله وقال :  يا محمد ،  أخبرني عن الإسلام .  فقال رسول الله صلى الله عليه وسلم :   "" الإسلام أن تشهد أن لا إله إلا الله وأن محمدا رسول الله ،  وتقيم الصلاة ،  وتؤتي الزكاة ،  وتصوم رمضان ،  وتحج البيت إن استطعت إليه سبيلا ""  .  قال :  صدقت .  فأخبرني عن الإيمان ،  قال :   "" أن تؤمن بالله وملائكته وكتبه ورسله واليوم الآخر ،  وتؤمن بالقدر خيره وشره ""  .  قال :  صدقت ) .  وذكر باقي الحديث ،  وفيه :  ( أن رسول الله صلى الله عليه وسلم قال :   "" يا عمر ،  أتدري من السائل ""  ؟  قلت :  الله ورسوله أعلم .  قال :   "" فإنه جبريل عليه السلام أتاكم يعلمكم دينكم ""  ) .

حدثنا عبد الرحمن بن عبد الله بن خالد ،  ثنا إبراهيم بن أحمد ،  ثنا الفربري ،  ثنا البخاري ،  ثنا عبد الله بن محمد ،  ثنا أبو عامر العقدي ،  ثنا سليمان بن بلال ،  عن عبد الله بن دينار ،  عن أبي صالح ،  عن أبي هريرة ،  عن النبي صلى الله عليه وسلم قال :   "" الإيمان بضع وستون شعبة ،  والحياء شعبة من الإيمان ""  .

حدثنا عبد الله بن يوسف ،  ثنا أحمد بن فتح ،  ثنا عبد الوهاب بن عيسى ،  ثنا أحمد بن محمد ،  ثنا أحمد بن علي ،  ثنا مسلم بن الحجاج ،  ثنا محمد بن رمح ،  ثنا الليث ،  عن ابن الهاد ،  عن عبد الله بن دينار ،  عن عبد الله بن عمر ،  عن رسول الله صلى الله عليه وسلم قال للنساء :   "" ما رأيت من ناقصات دين وعقل أغلب لذي لب منكن .  قالت امرأة :  يا رسول الله ،  وما نقصان العقل والدين ؟  قال :  أما نقصان العقل فشهادة امرأتين تعدل شهادة رجل ،  فهذا نقصان العقل ،  وتمكث الليالي ما تصلي ،  وتفطر في رمضان ،  فهذا نقصان الدين ""  .

قال الله عز وجل :  {  إن الدين عند الله الإسلام } فصح أن الدين هو الإسلام ،  وقد صح أن الإسلام هو الإيمان ،  فالدين هو الإيمان ،  والدين ينقص بنقص الإيمان ويزيد ،  وبالله تعالى التوفيق .  اه ."
9,129,"قوله تعالى :  {  فإن تولوا فقل حسبي الله لا إله إلا هو عليه توكلت وهو رب العرش العظيم } .

المسألة العاشرة :  في الإيمان بالعرش .

ذهب ابن حزم – رحمه الله تعالى – إلى الإيمان بوجود العرش ،  وأنه خلق من مخلوقات الله تعالى .

قال ابن حزم :  والعرش مخلوق ؛  برهان ذلك قول الله تعالى :  {  رب العرش العظيم } وكل ما كان مربوبا فهو مخلوق ."
