surah_number,ayah_number,tafsir_text
2,1,"قوله تعالى :  {  الم1 }

 مسألة :  في معاني الحروف المقطعة في أوائل بعض السور .

قال ابن حزم :

الحروف المقطعة التي في أوائل بعض السور :  من المتشابه الذي نهينا عن اتباعه ،  وحذر النبي صلى الله عليه وسلم من المتبعين له ،  فحرام على كل مسلم أن يطلب معاني الحروف المقطعة التي في أوائل السور ،  مثل {  كهيعص } ،  و{  حم عسق } ،  و{  ن } ،  و {  الم } ،  و{  ص } ،  و{  طسم } .

يبين صحة قولنا :

ما حدثناه عبد الله بن يوسف ،  عن أحمد بن فتح ،  عن عبد الوهاب بن عيسى ،  عن أحمد بن محمد ،  عن أحمد بن علي ،  عن مسلم ،  حدثنا عبد الله بن مسلمة بن قعنب ،  حدثنا يزيد بن إبراهيم التستري ،  عن عبد الله بن أبي مليكة ،  عن القاسم بن محمد عن عائشة قالت :  تلا رسول الله صلى الله عليه وسلم :  {  هو الذي أنزل عليك الكتاب منه آيات محكمات هن أم الكتاب وأخر متشابهات فأما الذين في قلوبهم زيغ فيتبعون ما تشابه منه ابتغاء الفتنة وابتغاء تأويله وما يعلم تأويله إلا الله والراسخون في العلم يقولون آمنا به كل من عند ربنا وما يذكر إلا أولو الألباب } قالت :  قال رسول الله صلى الله عليه وسلم :   "" إذا رأيتم الذين يتبعون ما تشابه منه فأولئك الذين سمى الله فاحذروهم ""  .

فقد حذر عليه السلام ممن اتبع ما تشابه من القرآن ،  وقد علمنا أن اتباع أحكامه كلها فرض ،  فصح أن المتشابه هو غير ما أمرنا بتدبره والتفقه فيه ."
2,7,"قوله تعالى :  {  ختم الله على قلوبهم وعلى سمعهم وعلى أبصارهم غشاوة ولهم عذاب عظيم ( 7 ) }

 :  مسألة في قوله تعالى :  {  وعلى سمعهم } هل هو داخل في حكم الختم فيكون معطوفا على القلوب ،  أو في حكم التغشية ؟

رأي ابن حزم :  أن الله تعالى ختم على قلوبهم ،  وجعل الغشاوة على سمعهم ،  وأبصارهم .

قال ابن حزم :

نص على أنه ختم على قلوب الكافرين ،  وأن على سمعهم وعلى أبصارهم غشاوة حائلة بينهم وبين قبول الحق .

وهذا نص جلي على أنهم لا يستطيعون الإيمان ما دام ذلك الختم على قلوبهم ،  والغشاوة على سمعهم وأبصارهم ."
2,13,"قوله تعالى :  {  وإذا قيل لهم آمنوا كما آمن الناس قالوا أنؤمن كما آمن السفهاء ألا إنهم هم السفهاء ولكن لا يعلمون 13 } .

 :  مسألة :  في معنى السفه في الآية ،  واستعمالاته في القرآن واللغة .

قال ابن حزم :

السفه في لغة العرب التي نزل بها القرآن ،  وبها خوطبنا ،  لا يقع إلا على ثلاثة معان لا رابع لها أصلا :

أحدها :  البذاء والسب باللسان .

والوجه الثاني :  الكفر ،  قال الله عز وجل :  {  وإذا قيل لهم آمنوا كما آمن الناس قالوا أنؤمن كما آمن السفهاء ألا إنهم هم السفهاء }

وقال تعالى حاكيا عن موسى عليه السلام :  أنه قال لله تعالى :  {  أتهلكنا بما فعل السفهاء منا } .

يعني كفرة بني إسرائيل .

وقال تعالى :  {  سيقول السفهاء من الناس ما ولاهم عن قبلتهم التي كانوا عليها } ،  وقال تعالى :  {  ومن يرغب عن ملة إبراهيم إلا من سفه نفسه } ،  وقال تعالى حاكيا عن مؤمني الجن الذين صدقهم ورضي عنهم قولهم :  {  وأنه كان يقول سفيهنا على الله شططا } .

والمعنى الثالث :  هو عدم العقل الرافع للمخاطبة كالمجانين والصبيان فقط ،  وهؤلاء هم الذين أراد الله تعالى في قوله :  {  ولا تؤتوا السفهاء أموالكم } ،  وقوله تعالى :  {  فإن كان الذي عليه الحق سفيها أو ضعيفا } ولم يرد به تعالى قط الكفار ،  ولا ذوي البذاء في ألسنتهم ."
2,23,"قوله تعالى :  {  وإن كنتم في ريب مما نزلنا على عبدنا فأتوا بسورة من مثله وادعوا شهداءكم من دون الله إن كنتم صادقين ( 23 ) } .

 :  مسألة :  في معنى لفظة {  دون } في القرآن ،  واللغة .

قال ابن حزم :

لفظة  "" دون ""  في اللغة العربية تقع على معنيين وقوعا مستويا ،  ليس أحدهما أولى من الآخر ،  وهما بمعنى :  أقل ،  وبمعنى :  غير .

قال عز وجل :  {  ألا تتخذوا من دوني وكيلا } أي :  من غيري .

وقال عز وجل :  {  وآخرين من دونهم لا تعلمونهم } أي :  من غيرهم .

وحيثما وقعت لفظة  "" دون ""  في القرآن فهي بمعنى :  غير ."
2,28,"قوله تعالى :  {  كيف تكفرون بالله وكنتم أمواتا فأحياكم ثم يميتكم ثم يحييكم ثم إليه ترجعون ( 28 ) }

وفيه مسألتان :

 :  المسألة الأولى :  في تفسير الموتتين والحياتين في الآية .

يرى ابن حزم أن الموتة الأولى :  هي حينما كانت الأرواح متفرقة عن الأجساد قبل خلقها ،  ثم اجتمعتا فكانت الحياة الأولى ،  ثم افترقنا فكانت الموتة الثانية ،  وهي فراق الأنفس للأجساد ،  ثم يكون الإحياء الثاني :  وهو اجتماعهما يوم القيامة .

قال ابن حزم :

الموت إنما هو أن يكون الجسد مفارقا للنفس ،  فإن الحياة اجتماع النفس والجسد ،  فكانا مفترقين فكنا أمواتا ،  ثم اجتمعنا فحيينا ،  ثم تفرقنا فمتنا ،  ثم يجتمعان فنحيا .

وقال في موضع آخر :

الموتة الأولى :  هي افتراق الأرواح عن الأجساد أول خلق الله عز وجل ،  إذ أخذ العهد عليها .  قال الله عز وجل :  {  وإذ أخذ ربك من بني آدم من ظهورهم ذريتهم وأشهدهم على أنفسهم ألست بربكم قالو ابلى شهدنا أن تقولوا يوم القيامة إنا كنا عن هذا غافلين 172 } .

فصح يقينا أن الأرواح كلها كانت من حينئذ مخلوقة ،  أجساما ،  موجودة ،  عاقلة ،  عالمة ،  مميزة ،  ملزمة عهد الله عز وجل والإيمان به .

ثم كانت الحياة الأولى :  وهي جمع الأرواح والأجساد في الدنيا ،  ثم كانت الموتة الثانية التي لا بد منها ،  وترجع الأرواح إلى حيث رآها رسول الله صلى الله عليه وسلم ليلة الإسراء عند سماء الدنيا ؛  أرواح أهل السعادة عن يمين آدم عليه السلام ،  وأرواح أهل الشقاوة عن يساره .

ثم يكون الإحياء الثاني :  وهو جمع الأرواح والأجساد ثانية يوم القيامة ،  ثم خلود لا موت فيه أبد الأبد بلا نهاية إلا عيسى عليه السلام ومن أحياه الله تعالى علامة لنبوة نبي ،  أو آية ،  ثم أماتهم ،  فإن هؤلاء خصوا بنص القرآن بحياة ثالثة ،  وموتة ثالثة فقط

* دليله :

1 قوله تعالى :  {  كيف تكفرون بالله وكنتم أمواتا فأحياكم ثم يميتكم ثم يحييكم ثم إليه ترجعون }

2 وقوله تعالى :  {  ربنا أمتنا اثنتين وأحييتنا اثنتين فاعترفنا بذنوبنا فهل إلى خروج من سبيل }

 :  المسألة الثانية :  هل ترد الروح للجسد عند المساءلة في القبر

يرى ابن حزم أن الروح لا ترد للجسد عند المساءلة في القبر ،  والمساءلة إنما هي الروح فقط ؛  لأنها لو ردت للبدن ،  للزم من ذلك أن الله أحيانا ثلاثا ،  وأماتنا ثلاثا ،  وهذا مخالف للآية

وابن حزم يثبت عذاب القبر ونعيمه ،  لكن للروح فقط ،  دون الجسد

قال ابن حزم :

فتنة القبر وعذابه والمساءلة إنما هي للروح فقط ،  بعد فراقه للجسد إثر ذلك ،  قبر أو لم يقبر

برهان ذلك :

1 قول الله تعالى :  {  ولو ترى إذ الظالمون في غمرات الموت والملائكة باسطوا أيديهم أخرجوا أنفسكم }

وهذا قبل يوم القيامة بلا شك ،  وإثر الموت ،  وهذا هو عذاب القبر

2 وقال تعالى :  {  وإنما توفون أجوركم يوم القيامة }

3 وقال الله تعالى :  {  النار يعرضون عليها غدوا وعشيا ويوم تقوم الساعة أدخلوا آل فرعون أشد العذاب 46 }

فهذا العرض المذكور هو عذاب القبر ،  وإنما قيل عذاب القبر فأضيف إلى القبر لأن المعهود في أكثر الموتى أنهم يقبرون

4 وأما من ظن أن الميت يحيي في قبره فخطأ ؛  لأن الآيات التي ذكرنا تمنع من ذلك ،  ولو كان ذلك لكان الله تعالى قد أماتنا وأحيانا ثلاثا ،  وهذا باطل ،  وخلاف القرآن

5 وقوله تعالى :  {  الله يتوفى الأنفس حين موتها والتي لم تمت في منامها فيمسك التي قضى عليها الموت ويرسل الأخرى إلى أجل مسمى إن في ذلك لآيات لقوم يتفكرون42 }

فصح بنص القرآن أن روح من مات لا ترجع إلى جسده إلا إلى الأجل المسمى ،  وهو يوم القيامة

6 وكذلك أخبر رسول الله صلى الله عليه وسلم أنه رأى الأرواح ليلة أسري به عند سماء الدنيا ،  عن يمين آدم عليه السلام :  أرواح أهل السعادة ،  وعن شماله :  أرواح أهل الشقاء

7 وأخبر عليه السلام يوم بدر ،  إذ خاطب القتلى وأخبر أنهم وجدوا ما توعدهم به حقا قبل أن يكون لهم قبور ،  فقال المسلمون :  يا رسول الله :  أتخاطب قوما قد جيفوا فقال عليه السلام :   "" ما أنتم بأسمع لما أقول منهم ""

فلم ينكر عليه السلام على المسلمين قولهم :  إنهم قد جيفوا وأعلمهم أنهم سامعون

فصح أن ذلك لأرواحهم فقط بلا شك ،  وأما الجسد فلا حس له

8 ولم يأت قط عن رسول الله صلى الله عليه وسلم في خبر يصح أن أرواح الموتى ترد إلى أجسادهم عند المساءلة ،  ولو صح ذلك عنه عليه السلام لقلنا به ،  فإذ لا يصح فلا يحل لأحد أن يقوله

وإنما انفرد بهذه الزيادة من رد الأرواح المنهال بن عمرو  وحده ،  وليس بالقوي ،  تركه شعبة وغيره ،  وسائر الأخبار الثابتة على خلاف ذلك .

وهذا الذي قلنا هو الذي صح أيضا عن الصحابة رضي الله عنهم لم يصح عن أحد منهم غير ما قلنا .

كما حدثنا محمد بن سعيد بن نبات ،  حدثنا إسماعيل بن إسحاق ،  حدثنا عيسى بن حبيب ،  حدثنا [ عبد الرحمن بن عبد الله ]  بن محمد بن عبد الله بن يزيد المقرئ ،  عن جده محمد بن عبد الله ،  عن سفيان بن عيينة ،  عن منصور بن صفية ،  عن أمه صفية بنت شيبة قالت :  دخل ابن عمر المسجد فأبصر ابن الزبير مطروحا قبل أن يصلب ،  فقيل له :  هذه أسماء بنت أبي بكر الصديق ،  فمال إليها فعزاها وقال :   "" إن هذه الجثث ليست بشيء ،  وإن الأرواح عند الله .  فقالت :  وما يمنعني وقد أهدي رأس يحيى بن زكريا إلى بغي من بغايا بني إسرائيل ""  .

10 وحدثنا محمد بن نبات ،  ثنا أحمد بن عون الله ،  حدثنا قاسم بن أصبغ ،  حدثنا محمد بن عبد السلام الخشني ،  ثنا أبو موسى محمد بن المثنى الزمن ،  ثنا عبد الرحمن بن مهدي ،  ثنا سفيان الثوري ،  عن أبي إسحاق السبيعي ،  عن أبي الأحوص عن ابن مسعود ،  في قول الله عز وجل :  {  ربنا أمتنا اثنتين وأحييتنا اثنتين } قال ابن مسعود :  هي التي في البقرة :  {  وكنتم أمواتا فأحياكم ثم يميتكم ثم يحييكم }  .

11 فهذا ابن مسعود وأسماء بنت أبي بكر الصديق ،  وابن عمر رضي الله عنهم ،  ولا مخالف لهم من الصحابة  رضي الله عنهم  تقطع أسماء وابن عمر أن الأرواح باقية عند الله ،  وأن الجثت ليست بشيء ،  ويقطع ابن مسعود بأن الحياة مرتان ،  والوفاة كذلك وهذا قولنا وبالله التوفيق .

12 وقد صح عن النبي صلى الله عليه وسلم أنه رأى موسى عليه السلام قائما في قبره يصلي ليلة الإسراء وأخبر أنه رآه في السماء السادسة ،  أو السابعة ،  وبلا شك إنما رأى روحه ،  وأما جسده فموارى بالتراب بلا شك .

فعلى هذا أن موضع كل روح يسمى قبرا له ،  فتعذب الأرواح حينئذ ،  وتسأل حيث كانت ،  وبالله تعالى التوفيق ."
2,29,"قوله تعالى :  {  هو الذي خلق لكم ما في الأرض جميعا ثم استوى إلى السماء فسواهن سبع سموات وهو بكل شيء عليم 29 }

وفيه مسألتان :

 :  المسألة الأولى :  في الجمع بين الآية وبين قوله تعالى :  {  أم السماء بناها ( 27 ) رفع سمكها فسواها ( 28 ) وأغطش ليلها وأخرج ضحاها ( 29 ) والأرض بعد ذلك دحاها( 30 ) } .

يرى ابن حزم  رحمه الله  أن تسوية السماء جملة واختراعها كان قبل دحو الأرض وأن دحو الأرض كان قبل أن تقسم السماء إلى طرائق الكواكب السبع .

قال ابن حزم :

وكان مما اعترض به أيضا ( 2 ) أن ذكر قول الله تعالى :  {  أم السماء بناها( 27 ) رفع سمكها فسواها ( 28 ) وأغطش ليلها وأخرج ضحاها ( 29 ) والأرض بعد ذلك دحاها ( 30 ) }  قال :  فذكر في هذه الآية أن دحو الأرض ،  وإخراج الماء والمرعى منها كان بعد رفع سمك السماء ،  وبعد بنائها وتسويتها وإحكام ليلها ونهارها ،  ثم قال في آية أخرى :  {  هو الذي خلق لكم ما في الأرض جميعا ثم استوى إلى السماء فسواهن سبع سموات وهو بكل شيء عليم( 29 ) }  قال :  فذكر في هذه الآية ضد ما في الأولى وذلك أن التسوية للسماء كانت بعد خلق ما في الأرض .

قال ابن حزم :  والقول في هذا أن بظاهر هاتين الآيتين يكتفي عن طلب تأويل أو تكلف مخرج ،  وهو :  أنه تعالى ذكر في الآية التي تلونا أولا :  أنه عز وجل بنى السماء ورفع سمكها ،  وأحكم الدور الذي به يظهر الليل والنهار ،  وأنه بعد ذلك أخرج ماء الأرض ومرعاها وأرسى الجبال فيها .

وذكر تعالى في الآية الأخرى :  أن تسويته تعالى السماوات سبعا ،  وتفريقه بين تلك الطرائق السبع  التي هي مدار الكواكب المتحيرة والقمر والشمس  كان بعد خلقه كل ما في الأرض .

فلم يفرق هذا الجاهل المائق بين قوله تعالى :  إنه سوى السماء ورفع سمكها وبين قوله تعالى :  إنه سواهن سبع سماوات .

وإنما أخبر أن تسوية السماء جملة واختراعها كان قبل دحو الأرض ،  وأن دحو الأرض كان قبل أن قسم السماء على طرائق الكوكب السبع ،  فلاح أن الآيتين متفقتان يصدق بعضهما بعضا ."
2,30,"قوله تعالى :  {  وإذ قال ربك للملائكة إني جاعل في الأرض خليفة قالوا أتجعل فيها من يفسد فيها ويسفك الدماء ونحن نسبح بحمدك ونقدس لك قال إني أعلم ما لا تعلمون 30 }

 :  مسألة :  في توجيه ما وقع من الملائكة من تزكيتهم لأنفسهم في الآية .

يرى ابن حزم أن قول الملائكة :  {  أتجعل فيها من يفسد فيها ويسفك الدماء ونحن نسبح بحمدك ونقدس لك } ليس هو من التزكية المذمومة التي يقصد بها الافتخار وانتقاص الآخرين وإنما خرج قولهم مخرج الإخبار بالحق ،  والحض على الخير .

قال ابن حزم :

فإن قال قائل :  إن الله عز وجل ذكر أنهم [ أي الملائكة ] قالوا :  {  أتجعل فيها من يفسد فيها ويسفك الدماء ونحن نسبح بحمدك ونقدس لك } هذه تزكية لأنفسهم وقد قال تعالى :  {  فلا تزكوا أنفسكم } .

قلنا وبالله تعالى التوفيق :

مدح المرء لنفسه ينقسم قسمين :

أحدهما :  ما قصد به المرء الافتخار بغيا وانتقاصا لغيره ،  فهذه هي التزكية وهو مذموم جدا .

والآخر :  ما خرج مخرج الإخبار بالحق ،  كقول رسول الله صلى الله عليه وسلم :   "" أنا سيد ولد آدم ولا فخر ""  و  "" فضلت على الأنبياء بست ""  وكقول يوسف عليه السلام {  قال اجعلني على خزائن الأرض إني حفيظ عليم 55 } ،  ولا يسمى هذا تزكية .  ومن هذا الباب قول الملائكة هاهنا .

برهان هذا :  أنه لو كان قولهم مذموما لأنكره الله عز وجل عليهم ،  فإذ لم ينكره الله تعالى فهو صدق .  ومن هذا الباب قولنا :  نحن المسلمون ونحن خير أمة أخرجت للناس .

وكقول الحواريين :  {  نحن أنصار الله } .

فكل هذا إذا قصد به الحض على الخير لا الفخر ،  فهو خير .

فإن قال قائل :  إن الله تعالى قال لهم :  {  إني أعلم ما لا تعلمون } .

قلنا :  نعم ،  وما شك الملائكة قط أن الله تعالى يعلم ما لا يعلمون ،  وليس هذا إنكارا ."
2,34,"قوله تعالى :  {  وإذ قلنا للملائكة اسجدوا لآدم فسجدوا إلا إبليس أبى واستكبر وكان من الكافرين 34 }

وفيه مسألتان :

 المسألة الأولى :  في نوع سجود الملائكة لآدم عليه السلام .

قال ابن حزم :

لا خلاف بين أحد من أهل الإسلام في أن سجود الملائكة لله تعالى سجود عبادة ولآدم سجود تحية  وإكرام .

ومن قال :  إن الملائكة عبدت آدم كما عبدت الله عز وجل فقد أشرك .

 :  المسألة الثانية :  هل إبليس من الملائكة أو من الجن ؟

قال ابن حزم :

وقد ادعى قوم أن إبليس كان ملكا فعصى ،  وحاشا لله من هذا ،  لأن الله تعالى قد أكذب هذا بقوله تعالى {  إلا إبليس كان من الجن } وبقوله :  {  أفتتخذونه وذريته أولياء من دوني } ولا ذرية للملائكة ،  وبقوله تعالى :  {  إنه يراكم هو وقبيله من حيث لا ترونهم } ،  وبإخباره أنه خلق إبليس من نار السموم ،  وصح عن النبي صلى الله عليه وسلم أنه قال :   "" خلقت الملائكة من نور ""  والنور غير النار بلا شك ،  فصح أن الجن غير الملائكة .

وقال ابن حزم :  الجن قبيل إبليس ."
2,35,"قوله تعالى :  {  وقلنا يا آدم اسكن أنت وزوجك الجنة وكلا منها رغدا حيث شئتما ولا تقربا هذه الشجرة فتكونا من الظالمين35 }

 :  مسألة :  في الجنة التي أخرج منها آدم عليه السلام .

يرى ابن حزم أن الجنة التي أخرج منها آدم عليه السلام هي جنة الخلد التي هي دار ثواب المتقين .

قال ابن حزم :

وكان القاضي منذر بن سعيد يذهب إلى أن الجنة والنار مخلوقتان إلا أنه كان يقول :  إنها ليست التي كان فيها آدم عليه السلام وامرأته ،  واحتج في ذلك بأشياء منها :

أنها لو كانت جنة الخلد لما كان أكل من الشجرة رجاء أن يكون من الخالدين .

واحتج أيضا بأن جنة الخلد لا كذب فيها ،  وقد كذب فيها إبليس .

وقال من دخل الجنة لم يخرج منها ،  وآدم وامرأته عليهما السلام قد خرجا منها .

قال ابن حزم :  كل هذا لا دليل له فيه .

أما قوله :  إن آدم عليه السلام أكل من الشجرة رجاء أن يكون من الخالدين فقد علمنا أن أكله من الشجرة لم يكن ظنه فيه صوابا ،  ولا أكله لها صوابا ،  وإنما كان ظنا ،  ولا حجة فيما كان هذه صفته ،  والله عز وجل لم يخبره بأنه مخلد في الجنة ؛  بل قد كان في علم الله تعالى أنه سيخرجه منها ،  فأكل عليه السلام من الشجرة رجاء الخلد الذي لم يضمن له ،  ولا يتيقن به لنفسه .

أما قوله :  إن الجنة لا كذب فيها وأن من دخلها لم يخرج منها وقد كذب فيها إبليس ،  وقد خرج منها آدم وامرأته ،  فهذا لا حجة له فيه ،  وإنما تكون كذلك إذا كانت جزاء لأهلها كما أخبر عز وجل عنها حيث يقول :  {  لا تسمع فيها لاغية } .

فإنما هذا على المستأنف لا على ما سلف ،  ولا نص معه على ما ادعى ولا إجماع .

واحتج أيضا بقول الله عز وجل لآدم عليه السلام :  {  ألا تجوع فيها ولا تعرى118 } .

قال :  وقد عري فيها آدم عليه السلام .

قال ابن حزم :  وهذا لا حجة له فيه ،  بل حجة عليه ،  لأن الله عز وجل وصف الجنة التي أسكن فيها آدم عليه السلام بأنها لا يجاع فيها ولا يعرى ،  ولا يظمأ فيها ولا يضحى ،  وهذه صفة الجنة بلا شك ،  وليس في شيء مما دون السماء مكان هذه صفته بلا شك ،  بل كل موضع دون السماء لا بد وأن يجاع فيه ويعرى ،  ويظمأ ويضحى ،  ولا بد من ذلك ضرورة ،  فصح أنه إنما سكن المكان الذي هذه صفته وليس هو غير الجنة ألبته ،  وإنما عري آدم حين أكل من الشجرة فأهبط عقوبة له .

وقال أيضا :  قال الله عز وجل :  {  لا يرون فيها شمسا ولا زمهريرا13 } وأخبر آدم أنه لا يضحى .

قال ابن حزم :  وهذا أعظم حجة عليه ؛  لأنه لو كان في المكان الذي هو فيه شمس ؛  لأضحى فيه ولا بد .

فصح أن الجنة التي أسكن فيها آدم كانت لا شمس فيها فهي جنة الخلد بلا شك .

وأيضا فإن قوله عز وجل :  {  اسكن أنت وزوجك الجنة } إشارة بالألف واللام ولا يكون ذلك إلا على معهود ،  ولا تطلق الجنة هكذا إلا على جنة الخلد ،  ولا يطلق هذا الاسم على غيرها إلا بالإضافة .

وأيضا فلو أسكن آدم عليه السلام جنة في الأرض ،  لما كان في إخراجه منها إلى غيرها من الأرض عقوبة ،  بل قد بين تعالى أنها ليست في الأرض بقوله تعالى :  {  اهبطوا بعضكم لبعض عدو ولكم في الأرض مستقر ومتاع إلى حين 24 } فصح يقينا بالنص أنه قد أهبط من الجنة إلى الأرض فصح أنها لم تكن في الأرض ألبته ،  وبالله التوفيق ."
2,36,"قوله تعالى :  {  فأزلهما الشيطان عنها فأخرجهما مما كانا فيه وقلنا اهبطوا بعضكم لبعض عدو ولكم في الأرض مستقر ومتاع إلى حين36 } .

 :  مسألة :  في عصمة الأنبياء عليهم السلام وتوجيه ما وقع فيه آدم عليه السلام من الأكل من الشجرة التي نهاه الله عنها .

يرى ابن حزم أن آدم عليه السلام إنما أكل من الشجرة التي نهاه الله عنها ناسيا ،  ومتأولا النهي على أنه للكراهة ،  ولم يكن ذلك منه عن عمد ،  لأنه لا يجوز أن يقع من نبي من الأنبياء عليهم الصلاة والسلام معصية بعمد أبدا لا صغيرة ولا كبيرة .

قال ابن حزم :  لا يجوز ألبتة أن يقع من نبي أصلا معصية بعمد ،  لا صغيرة ولا كبيرة .

وقال :  إنه يقع من الأنبياء السهو عن غير قصد ،  ويقع منهم أيضا قصد الشيء يريدون به وجه الله تعالى ،  والتقرب به منه ،  فيوافق خلاف مراد الله تعالى ،  إلا أنه تعالى لا يقر على شيء من هذين الوجهين أصلا ،  بل ينبههم على ذلك ولا بد إثر وقوعه منهم .

قال :  ومعنى قوله تعالى :  {  فتكونا من الظالمين } أي ظالمين لأنفسكما .

والظلم في اللغة :  وضع الشيء في غير موضعه ،  فمن وضع الأمر أو النهي في موضع الندب ،  أو الكراهة ،  فقد وضع الشيء في غير موضعه .

وهذا الظلم [ الذي في الآية ] من هذا النوع من الظلم الذي يقع بغير قصد وليس معصية ،  لا الظلم الذي هو القصد إلى المعصية ،  وهو يدري أنها معصية .

برهان ذلك :

1 ما قد نصه الله تعالى من أن آدم عليه السلام لم يأكل من الشجرة إلا بعد أن أقسم له إبليس أن نهي الله عز وجل لهما عن أكل الشجرة ليس على التحريم ،  وأنهما لا يستحقان بذلك عقوبة أصلا ،  بل يستحقان بذلك الجزاء الحسن ،  وفوز الأبد ،  قال تعالى حاكيا عن إبليس أنه قال لهما :  {  ما نهاكما ربكما عن هذه الشجرة إلا أن تكونا ملكين أو تكونا من الخالدين وقاسمهما إني لكما لمن الناصحين فدلاهما بغرور } .

2 وقال عز وجل :  {  ولقد عهدنا إلى آدم من قبل فنسي ولم نجد له عزما 115 } فلما نسي آدم عليه السلام عهد الله إليه في أن إبليس عدو له ،  أحسن الظن بيمينه .

ولا سلامة ولا براءة من القصد إلى المعصية ولا أبعد من الجراءة على الذنوب أعظم من حال من ظن أحدا لا يحلف حانثا ،  وهكذا فعل آدم عليه السلام فإنه إنما أكل من الشجرة التي نهاه الله عنها ناسيا ،  بنص القرآن ،  ومتأولا وقاصدا إلى الخير ،  لأنه قدر أنه يزداد حظوة عند الله تعالى فيكون ملكا مقربا ،  أو خالدا فيما هو فيه أبدا ،  فأداه ذلك إلى خلاف ما أمره الله عز وجل به ،  وكان الواجب أن يحمل أمر ربه عز وجل على ظاهره ،  ولكن تأول وأراد الخير فلم يصبه .  ولو فعل هذا عالم من علماء المسلمين لكان مأجورا ،  ولكن آدم عليه السلام لما فعله وأخذ به بإخراجه عن الجنة إلى نكد الدنيا ،  كان بذلك ظالما لنفسه ."
2,47,"قوله تعالى :  {  يا بني إسرائيل اذكروا نعمتي التي أنعمت عليكم وأني فضلتكم على العالمين47 }

 :  مسألة :  في الجمع بين قوله تعالى في الآية :  {  وأني فضلتكم على العالمين } وقوله :  {  كنتم خير أمة أخرجت للناس }

قال ابن حزم :

لا خلاف بين أحد من المسلمين في أن أمة محمد صلى الله عليه وسلم أفضل الأمم لقول الله عز وجل :  {  كنتم خير أمة أخرجت للناس } وأن هذه قاضية على قوله تعالى لبني إسرائيل :  {  وأني فضلتكم على العالمين } ،  وأنها مبنية بأن مراد الله تعالى من ذلك عالم الأمم حاشا هذه الأمة ."
2,48,"قوله تعالى :  {  واتقوا يوما لا تجزي نفس عن نفس شيئا ولا يقبل منها شفاعة ولا يؤخذ منها عدل ولا هم ينصرون48 }

 :  مسألة :  في المراد بنفي الشفاعة في الآية

يرى ابن حزم أن الشفاعة التي أبطلها الله عز وجل في الآية ،  هي الشفاعة للكفار الذين هم مخلدون في النار ،  أما أهل الكبائر من المؤمنين ؛  فإنهم لا يدخلون في الآية .

قال ابن حزم :

اختلف الناس في الشفاعة فأنكرها قوم ،  وهم :  المعتزلة ،  والخوارج ،  وكل من منع أن يخرج أحد من النار بعد دخوله فيها .

وذهب أهل السنة ،  والأشعرية ،  والكرامية وبعض الرافضة إلى القول بالشفاعة .

واحتج المانعون بقوله تعالى :  {  واتقوا يوما لا تجزي نفس عن نفس شيئا ولا يقبل منها شفاعة } .  وبقوله تعالى :  {  ولا يقبل منها عدل ولا تنفعها شفاعة ولا هم ينصرون } .

وبقوله تعالى :  {  من قبل أن يأتي يوم لا بيع فيه ولا خلة ولا شفاعة } .

وبقوله تعالى :  {  فما لنا من شافعين ولا صديق حميم } .

وبقوله تعالى :  {  قل إني لا أملك لكم ضرا ولا رشدا }

وبقوله تعالى :  {  يوم لا تملك نفس لنفس شيئا والأمر يومئذ لله } .

قال ابن حزم :

لا يجوز الاقتصار على بعض القرآن دون بعض ،  ولا على بعض السنن دون بعض ،  ولا على القرآن دون بيان رسول الله صلى الله عليه وسلم الذي قال له ربه عز وجل :  {  لتبين للناس ما نزل إليهم } .

وقد نص الله تعالى على صحة الشفاعة في القرآن ،  فقال تعالى :  {  لا يملكون الشفاعة إلا من اتخذ عند الرحمن عهدا 87 } ،  فأوجب عز وجل الشفاعة إلا من اتخذ عنده عهدا بالشفاعة ونفاها عن سواه ،  فقد اتخذ محمد صلى الله عليه وسلم عند الله عهدا بالشفاعة ،  وصحت بذلك الأخبار المتواترة والمتناصرة بنقل الكواف لها .

وقال تعالى :  {  يومئذ لا تنفع الشفاعة إلا من أذن له الرحمن ورضي له قولا } .

وقال تعالى :  {  ولا تنفع الشفاعة عنده إلا لمن أذن له } .

فنص تعالى على أن الشفاعة يوم القيامة تنفع عنده عز وجل ،  ممن أذن له فيها ،  ورضي قوله ،  ولا أحد من الناس أولى بذلك من محمد صلى الله عليه وسلم لأنه أفضل ولد آدم عليه السلام .

وقال تعالى :  {  من ذا الذي يشفع عنده إلا بإذنه } وقال تعالى :  {  وكم من ملك في السماوات لا تغني شفاعتهم شيئا إلا من بعد أن يأذن الله لمن يشاء ويرضى26 } ،  وقال تعالى :  {  ولا يملك الذين يدعون من دونه الشفاعة إلا من شهد بالحق وهم يعلمون86 } وقال تعالى :  {  ما من شفيع إلا من بعد إذنه } .

فقد صحت الشفاعة بنص القرآن الذي لا يأتيه الباطل من بين يديه ولا من خلفه فصح يقينا أن الشفاعة التي أبطلها الله عز وجل ،  هي غير الشفاعة التي أثبتها الله عز وجل ،  وإذ لا شك في ذلك ؛  فالشفاعة التي أبطل عز وجل هي الشفاعة للكفار ،  والذين هم مخلدون في النار .

قال تعالى :  {  لا يقضى عليهم فيموتوا ولا يخفف عنهم من عذابها } .

نعوذ بالله منها ،  فإذ لا شك فيه ،  فقد صح يقينا أن الشفاعة التي أوجب الله عز وجل لمن أذن له ،  واتخذ عنده عهدا ،  ورضي قوله ،  فإنما هي لمذنبي أهل الإسلام ،  وهكذا جاء الخبر الثابت  ."
2,52,"قوله تعالى :  {  ثم عفونا عنكم من بعد ذلك لعلكم تشكرون 52 }

 :  مسألة :  في معنى {  لعل } في الآية ،  وفي سائر القرآن .

قال ابن حزم :

الآيات التي في القرآن مثل {  لعله يتذكر أو يخشى 44 } ،  {  لعلكم تؤمنون } ،  {  لعلكم تشكرون } ،  {  لعلكم تذكرون } ،  ونحو ذلك إنما هي كلها بمعنى لام العاقبة ،  أي ليتذكر ،  ولتؤمنوا ،  وليشكروا ،  وليتذكروا ،  وليخشى ."
2,67,"قوله تعالى :  {  وإذ قال موسى لقومه إن الله يأمركم أن تذبحوا بقرة قالوا أتتخذنا هزوا قال أعوذ بالله أن أكون من الجاهلين 67 قالوا ادع لنا ربك يبين لنا ما هي قال إنه يقول إنها بقرة لا فارض ولا بكر عوان بين ذلك فافعلوا ما تؤمروا 68 قالوا ادع لنا ربك يبين لنا ما لونها قال إنه يقول إنها بقرة صفراء فاقع لونها تسر الناظرين 69 قالوا ادع لنا ربك يبين لنا ما هي إن البقر تشابه علينا وإنا إن شاء الله لمهتدون 70 قال إنه يقول إنها بقرة لا ذلول تثير الأرض ولا تسقي الحرث مسلمة لا شية فيها قالوا الآن جئت بالحق فذبحوها وما كادوا يفعلون 71 وإذ قتلتم نفسا فادارأتم فيها والله مخرج ما كنتم تكتمون 72 فقلنا اضربوه ببعضها كذلك يحيي الله الموتى ويريكم آياته لعلكم تعقلون73 } .

 :  مسألة :  في موقف ابن حزم من الإسرائيليات المروية في تفسير هذه الآيات .

قال ابن حزم :

ليس في نص القرآن أن المقتول من بني إسرائيل لما ضرب ببعض البقرة حيي وقال فلان قتلني .  وإنما فيه ذكر قتل النفس ،  والتداريء فيها ،  وذبح البقرة وضربه ببعضها ،  وكذلك يحي الله الموتى ،  فمن زاد على ما ذكرناه في تفسير هذه الآية فقد كذب وادعى ما لا علم لديه .

فمن أعجب ممن يحتج بخرافات بني إسرائيل ،  التي لم تأت في نص ،  ولا في نقل كافة ،  ولا في خبر مسند إلى رسول الله صلى الله عليه وسلم .

وأعلى ما روي في حديث بقرة بني إسرائيل :

1 فحديث حدثناه أحمد بن عمر ،  ثنا عبد الله بن حسين بن عقال ،  نا إبراهيم بن محمد الدينوري ،  نا محمد بن الجهم  [ هو أبو بكر الوراق ]  نا علي بن عبد الله  هو ابن المديني  وعياش بن الوليد ،  قال علي :  نا يحيى بن سعيد ،  وسفيان بن عيينة ،  قال يحيى :  نا ربيعة بن كلثوم ،  حدثني أبي ،  عن سعيد بن جبير ،  أن ابن عباس قال :  إن أهل المدينة من بني إسرائيل وجدوا شيخا قتيلا في أصل مدينتهم ،  فأقبل أهل مدينة أخرى فقالوا :  قتلتم صاحبنا وابن أخ له  شاب  يبكي .  فأتوا موسى عليه السلام فأوحى الله إليه :  {  إن الله يأمركم أن تذبحوا بقرة } فذكر حديث البقرة بطوله وفي آخره :  فأقبلوا بالبقرة التي انتهوا بها إلى قبر الشيخ ،  وابن أخيه قائم عند قبره ،  فذبحوها ،  فضرب ببضعة من لحمها القبر ،  فقام الشيخ ينفض رأسه ويقول :  قتلني ابن أخي ،  طال عليه عمري وأراد أكل مالي ومات .

2 وقال سفيان :  ثنا ابن سوقة ،  سمعت عكرمة يقول :  كان لبني إسرائيل مسجد له اثنا عشر بابا ،  فوجدوا قتيلا قد قتل على باب ،  فجروه إلى باب آخر ،  فتحاكموا إلى موسى عليه السلام فقال :  {  إن الله يأمركم أن تذبحوا بقرة } فذبحوها فضربوه بفخذها ،  فقام فقال :  قتلني فلان .  وكان رجلا له مال كثير وكان ابن أخيه قتله .

3 وقال عياش بن الوليد :  ثنا يزيد بن زريع ،  نا سعيد ،  عن قتادة قال :  كان قتيل في بني إسرائيل ،  فأوحى الله عز وجل إلى موسى :  أن أذبح بقرة ،  فاضربوه ببعضها ،  فذكر لنا أنهم ضربوه بفخذها ،  فأحياه الله عز وجل ،  فأنبأ بقاتله ،  وتكلم ثم مات .  وذكر لنا أن وليه الذي يطلب بدمه هو قتله ،  من أجل ميراث كان بينهم فلا يورث قاتل بعده .

4 وبه إلى ابن الجهم ،  ثنا محمد بن مسلمة ،  ثنا يزيد بن هارون ،  أنبأ هشام ،  عن محمد بن سيرين عن عبيدة السلماني قال :  كان في بني إسرائيل رجل عقيم لا يولد ،  وكان له مال كثير ،  وكان ابن أخيه وارثه فقتله ،  ثم احتمله ليلا حتى أتى به في آخرين ،  فوضعه على باب رجل منهم ،  ثم أصبح يدعيه عليهم .

فأتوا موسى عليه السلام فقال :  {  إن الله يأمركم أن تذبحوا بقرة } ،  فذبحوها فضربوه ببعضها ،  فقام ،  فقالوا :  من قتلك ؟  فقال :  هذا ،  لابن أخيه ،  ثم مال ميتا ،  فلم يعط ابن أخيه من ماله شيئا ،  ولم يورث قاتل بعده .

5 وبه إلى ابن جهم ،  حدثنا محمد بن الفرج ،  وإبراهيم بن إسحاق الحربي ،  قال محمد  واللفظ له  :  ثنا حجاج ،  عن ابن جريج ،  عن مجاهد قال :  صاحب البقرة ،  رجل من بني إسرائيل قتله رجل .  ثم ذكر معناه .

6 وقال الحربي :  نا حسين بن الأسود ،  نا عمرو بن محمد ،  نا أسباط عن السدي ،  نحوه .

7 وروينا أيضا نحوه من طريق إسماعيل بن إسحاق ،  عن عبد الله بن إسماعيل ،  عن عبد الرحمن بن زيد بن أسلم .

قال ابن حزم :  هذه مرسلات ،  وموقوف ،  لو أتت فيما أنزل علينا ما جاز الاحتجاج بها أصلا ،  فكيف فيما أنزل في غيرنا .  وليس في القرآن نص بشيء مما ذكر في هذه الأخبار أكثر من أنهم تدارؤوا في نفس مقتولة منهم ،  فأمرهم الله أن يذبحوا بقرة فيضربوه ببعضها ،  {  كذلك يحيي الله الموتى ويريكم آياته لعلكم تعقلون 73 } ولم يقل تعالى في القرآن :  إن الميت قال :  فلان قتلني ،  ولا أنه صدق بذلك ،  ولا أنه أقيد به ،  وكل من زاد على ما في القرآن شيئا بغير نص من الرسول صلى الله عليه وسلم فقد أتى عظيمة .

قوله تعالى :  {  ثم قست قلوبكم من بعد ذلك فهي كالحجارة أو أشد قسوة وإن من الحجارة لما يتفجر منه الأنهار وإن منها لما يشقق فيخرج منه الماء وإن منها لما يهبط من خشية الله وما الله بغافل عما تعملون74 }

 :  مسألة :  هل للحجارة تمييز ؟  وموقف ابن حزم من قوله تعالى :  {  وإن منها لما يهبط من خشية الله } .

يرى ابن حزم أن الحجارة ليس لها نطق ولا تمييز ولا خشية ،  وأن الآيات الدالة على أن لها سجود وتسبيح وخشية ؛  ليس شيء منها على الصفة المعهودة بيننا ،  وإنما له معنى آخر .

قال ابن حزم :

فإن اعترضوا بقول الله تعالى يصف الحجارة {  وإن من الحجارة لما يتفجر منه الأنهار وإن منها لما يشقق فيخرج منه الماء وإن منها لما يهبط من خشية الله } .

فقد علمنا بالضرورة أن الحجارة لم تؤمر بشريعة ولا بعقل ولا بعث إليها نبي قال تعالى :  {  وما كنا معذبين حتى نبعث رسولا } .

فإذ لا شك في هذا فإن القول المذكور منه تعالى يخرج على أحد ثلاثة أوجه :

إحداها :  أن يكون الضمير في قوله تعالى :  {  وإن منها لما يهبط } راجع إلى القلوب المذكورة في أول الآية ،  في قوله تعالى :  {  ثم قست قلوبكم من بعد ذلك فهي كالحجارة أو أشد قسوة } الآية .

فذكر تعالى :  أن من القلوب القاسية ما يقبل الإيمان يوما ما فيهبط عن القسوة إلى اللين من خشية الله تعالى .  وهذا أمر يشاهد بالعيان فقد تلين القلوب القاسية بلطف الله تعالى ويخشى العاصي .

وقد أخبر عز وجل :  أن من أهل الكتاب من يؤمن بالله وما أنزل إلينا وما أنزل إليهم .

وكما أخبر تعالى :  أن من الأعراب من يؤمن بالله من بعد أن أخبر تعالى أن {  الأعراب أشد كفرا ونفاقا وأجدر ألا يعلموا حدود ما أنزل الله على رسوله } .

فهذا وجه ظاهر متيقن الصحة .

والوجه الثاني :  أن الخشية المذكورة في الآية إنما هي التصرف بحكم الله تعالى وجرى أقداره كما قلنا في قوله عز وجل حاكيا عن السماء والأرض :  {  قالتا أتينا طائعين } ،  وقد بين جل وعز ذلك موصولا بهذا اللفظ فقال جل وعز :  {  فقضاهن سبع سموات في يومين وأوحى في كل سماء أمرها } ،  فبين الله تعالى بيانا رفع كل إشكال :  أن تلك الطاعة من السماوات والأرض إنما هي تصرفه لها ،  وقضاؤه تعالى إياهن سبع سماوات ،  ووحيه في كل سماء أمرها ،  فصح قولنا نصا جليا ببيان الله تعالى لذلك والحمد لله رب العالمين .

وصح بهذا أن إبانة السماوات والأرض والجبال من قبول الأمانة ؛  إنما هو لما ركبها الله تعالى عليه من الجمادية وعدم التمييز ،  وقد علم كل ذي عقل امتناع قبول ما هذه صفته من الشرائع والأوامر والنواهي ،  وقد ذم الله تعالى من  ""  ينعق بما لا يسمع إلا دعاء ونداء ""  .

ولا يحل لمسلم أن ينسب إلى الله تعالى فعلا ذمه .

والوجه الثالث :  أن يكون الله تعالى عني بقوله :  {  وإن منها لما يهبط من خشية الله } الجبل الذي صار دكا إذ تجلى الله تعالى له يوم سأله كليمه عليه السلام الرؤية فذلك الجبل من جملة الحجارة ،  وقد هبط عن مكانه من خشية الله تعالى .  وهذه معجزة وآية وإحالة طبيعة في ذلك الجبل خاصة .  ويكون  "" يهبط ""  بمعنى  "" هبط ""  كما قال عز وجل :   "" وإذ يمكر بك الذين كفروا } ومعناه بلا شك وإذ مكر .

وبين قوله تعالى مصدقا إبراهيم خليله صلى الله عليه وسلم في إنكاره على أبيه عبادة الحجارة :  {  إذ قال لأبيه يا أبت لم تعبد ما لا يسمع ولا يبصر } .

وقوله تعالى :  {  أم اتخذوا من دون الله شفعاء قل أولو كانوا لا يملكون شيئا ولا يعقلون 43 } ما هي عليه من الجمادية وعدم التمييز .

فصح بهذا صحة لا مجال للشك فيها أن الحجارة لا تعقل ،  لأنها التي كانوا يعبدون مما يعقل .

وأما سائر ما كانوا يعبدون من الملائكة ،  والمسيح وأمه عليهما السلام ،  ومن الجن ،  فكل هؤلاء عاقلون مميزون ،  فلم يبق إلا الحجارة ،  فصح بالنص أنها لا تعقل ،  وإذ تيقن ذلك بالنص وبالضرورة وبالمشاهدة فقد انتفى عنها النطق والتمييز والخشية المعهود كل ذلك عندنا ،  وصح أن هذه الألفاظ واقعة على معان غير المعهودة عندنا ،  وهذا نص قولنا ،  والحمد لله رب العالمين .

وأما الأحاديث المأثورة في أن الحجر له لسان وشفتان ،  والكعبة كذلك ،  وأن الجبال تطاولت ،  وخشع جبل كذا ،  فخرافات موضوعة ،  نقلها كل كذاب وضعيف ،  لا يصح شيء منها من طريق الإسناد ولا يصح شيء من ذلك أصلا .

ويكفي من التطويل في ذلك أنه لم يدخل شيئا منها من انتدب من الأئمة لتصنيف الصحيح من الحديث .

أو ما يستجاز روايته مما يقارب الصحة .

وكل من يخالفنا في هذا ؛  فإنه إذا أقر لنا أن القول المذكور في الآيات التي تلونا ،  والسجود والتسبيح والخشية ليس شيء منه على الصفة المعهودة بيننا ،  قد وافقنا أحب أو أكره ،  وهم كلهم مقرون بذلك ،  وقد جاء ذلك في أشعار العرب :

قال الشاعر :  شكى إلي جملي طول السرى .

وقال آخر :  فقالت له العينان سمعا وطاعة .

وقال الراعي :  قلق الفئوس إذا أردن نصولا .

ومن هذا الباب قوله تعالى :  {  جدارا يريد أن ينقض فأقامه } .

وهذا بلا شك غير الإرادة المعهودة من الحيوان فصح قولنا بالنص والضرورة ،  والحمد لله العالمين ."
2,71,"قوله تعالى :  {  قال إنه يقول إنها بقرة لا ذلول تثير الأرض ولا تسقي الحرث مسلمة لا شية فيها قالوا الآن جئت بالحق فذبحوها وما كادوا يفعلون71 } .

 :  مسألة :  في معنى قوله تعالى :  {  تثير الأرض } .

يرى ابن حزم أن البقرة المثيرة هي التي تستعمل في حرث الأرض ،  مستدلا بقوله تعالى :  {  لا ذلول تثير الأرض } .

واستدلاله بالآية يدل على أنه يرى أن معنى الإثارة :  هو قلب الأرض للحرث والزراعة .

قال ابن حزم :

المثيرة :  بقر الحرث :  قال تعالى :  {  لا ذلول تثير الأرض } ."
2,93,"قوله تعالى :  {  وإذ أخذنا ميثاقكم ورفعنا فوقكم الطور خذوا ما آتيناكم بقوة واسمعوا قالوا سمعنا وعصينا وأشربوا في قلوبهم العجل بكفرهم قل بئسما يأمركم به إيمانكم إن كنتم مؤمنين93 } .

 :  مسألة :  في معنى قوله تعالى :  {  وأشربوا في قلوبهم العجل بكفرهم } .

قال ابن حزم :

وأما قوله تعالى :  {  وأشربوا في قلوبهم العجل بكفرهم } فإنما عني تعالى حب العجل ،  [ وهذا ] من الحذف الذي أقيم لفظ غيره مقامه ."
2,103,"قوله تعالى :  {  واتبعوا ما تتلو الشياطين على ملك سليمان وما كفر سليمان ولكن الشياطين كفروا يعلمون الناس السحر وما أنزل على الملكين ببابل هاروت وماروت وما يعلمان من أحد حتى يقولا إنما نحن فتنة فلا تكفر فيتعلمون منهما ما يفرقون به بين المرء وزوجه وما هم بضارين به من أحد إلا بإذن الله ويتعلمون ما يضرهم ولا ينفعهم ولقد علموا لمن اشتراه ما له في الآخرة من خلاق ولبئس ما شروا به أنفسهم لو كانوا يعلمون 103 } .

وفيه ثلاث مسائل :

 :  المسألة الأولى :  في المراد بهاروت وماروت المذكورين في الآية .

يرى ابن حزم أن  "" هاروت وماروت ""  إما أن يكونا جنيين من أحياء الجن ،  وإما أن يكونا ملكين نزلا بشريعة حق ثم نسخها الله فصارت كفرا ،  وهو يرد بشدة على من زعم أنهما ملكين نزلا بعلم السحر ،  أو أنهما شربا الخمر ،  وزنيا ،  لأن في ذلك قدح بعصمة الملائكة عليهم السلام .

قال ابن حزم :

[ نسب قوم ] إلى الله تعالى ما لم يأت به قط أثر يجب أن يشتغل به ،  وإنما هو كذب مفترى من أنه تعالى أنزل إلى الأرض ملكين وهما هاروت وماروت وأنهما عصيا الله تعالى وشربا الخمر ،  وحكما بالزور وقتلا النفس المحرمة ،  وزنيا وعلما زانية اسم الله الأعظم فطارت به إلى السماء فمسخت كوكبا وهي الزهرة ،  وأنهما عذبا في غار ببابل ،  وأنهما يعلمان الناس السحر .  .  .

وحجتهم على ما في هذا الباب خبر رويناه من طريق عمير بن سعيد ،  وهو مجهول مرة يقال له النخعي ،  ومرة يقال له الحنفي ،  ما نعلم له رواية إلا هذه الكذبة ،  وليست أيضا عن رسول الله صلى الله عليه وسلم ولكنه أوقفها على علي بن أبي طالب رضي الله عنه .

وكذبة أخرى في أن حد الخمر لم يسنه رسول الله صلى الله عليه وسلم وإنما هو شيء فعلوه ،  وحاشا لهم رضي الله عنهم من هذا .

قال أبو محمد :  ومن البرهان على بطلان هذا كله قول الله تعالى الذي لا يأتيه الباطل من بين يديه ولا من خلفه تنزيل من حكيم حميد :  {  ما ننزل الملائكة إلا بالحق وما كانوا إذا منظرين8 } فقطع الله عز وجل أن الملائكة لا تنزل إلا بالحق وليس شرب الخمر ولا الزنا ولا قتل النفس المحرمة ،  ولا تعليم العواهر أسماءه عز وجل ،  والتي يرتفع بها إلى السماء ولا السحر من الحق ،  بل كل ذلك من الباطل ،  ونحن نشهد أن الملائكة ما نزلت بشيء من هذه الفواحش والباطل .  وإذ لم تنزل به فقد بطل أن تفعله ،  لأنها لو فعلته في الأرض لنزلت به ،  هذا باطل ،  وشهد عز وجل أنه لو أنزل علينا الملائكة لما أنظرنا ،  فصح أنه لم ينزل قط ملك ظاهر إلا لنبي بالوحي فقط ،  وبالله التوفيق .

قال ابن حزم :  وكذلك قوله تعالى :  {  ولو جعلناه ملكا لجعلناه رجلا } .

فأبطل عز وجل أنه يمكن ظهور ملك إلى الناس وقال تعالى :  {  ولو أنزلنا ملكا لقضي الأمر ثم لا ينظرون } .

فكذب الله عز وجل كل من قال :  إن ملكا نزل قط من السماء ظاهرا إلا إلى الأنبياء بالحق ،  من عند الله عز وجل فقط .

وقال عز وجل :  {  وقال الذين لا يرجون لقاءنا لولا أنزل علينا الملائكة أو نرى ربنا لقد استكبروا في  أنفسهم وعتوا عتوا كبير 21 يوم يرون الملائكة لا بشرى يومئذ للمجرمين ويقولون حجرا محجورا } .

فرفع الله تعالى الإشكال بهذا النص في هذه المسألة ،  وقرن عز وجل نزول الملائكة في الدنيا برؤيته عز وجل فيهما ،  فصح ضرورة أن نزولهم في الدنيا إلى غير الأنبياء ممتنع ألبته لا يجوز .

وأن من قال ذلك فقد قال حجرا محجورا أي ممتنعا ،  وظهر بها كذب من ادعى أن ملكين نزلا إلى الناس فعلماهم السحر ،  وقد استعظم الله عز وجل ذلك من رغبة من رغب نزول الملائكة إلى الناس ،  وسمى هذا الفعل استكبارا وعتوا ،  وأخبر عز وجل أننا لا نرى الملائكة أبدا إلا يوم القيامة فقط ،  وأنه لا بشرى يومئذ للمجرمين .

فصح أن هاروت وماروت المذكورين في القرآن لا يخلو أمرهما من أحد وجهين لا ثالث لهما :  إما أن يكونا جنيين من أحياء الجن ،  كما روينا عن خالد بن أبي عمران ،  وغيره وموضعهما حينئذ في النحو بدل من الشياطين ،  كأنه قال :  ولكن الشياطين كفروا هاروت وماروت .  ويكون قوله :  {  وما أنزل على الملكين } نعتا بمعنى لم ينزل على الملكين ببابل ويتم الكلام هنا .

وإما أن يكونا ملكين أنزل الله عز وجل عليهما شريعة حق ،  ثم نسخها فصارت كفرا ،  كما فعل بشريعة موسى وعيسى عليهما الصلاة والسلام فتمادى الشياطين على تعليمهما وهي بعد كفر كأنه قال تعالى :  ولكن الشياطين كفروا يعلمون الناس السحر الذي أنزل على الملكين ببابل هاروت وماروت .  ثم ذكر عز وجل ما كان يفعله ذلك الملكان فقال تعالى :  {  وما يعلمان من أحد حتى يقولا إنما نحن فتنة فلا تكفر فيتعلمون منهما ما يفرقون به بين المرء وزوجه وما هم بضارين به من أحد إلا بإذن الله ويتعلمون ما يضرهم ولا ينفعهم ولقد علموا لمن اشتراه ما له في الآخرة من خلاق } .

فقول الملكين  إنما نحن فتنة فلا تكفر  قول صحيح ،  ونهي عن المنكر ،  وأما الفتنة ،  فقد تكون ضلالا ،  وتكون هدى .  قال الله عز وجل  حاكيا عن موسى عليه السلام أنه قال لربه  :  {  أتهلكنا بما فعل السفهاء منا إن هي إلا فتنتك تضل بها من تشاء } فصدق الله عز وجل في قوله ،  وصح أنه يهدي بالفتنة من يشاء ،  ويضل بها من يشاء .

وقال تعالى :  {  أنما أموالكم وأولادكم فتنة } .

وليس كل أحد يضل بماله وولده ،  فقد كان للنبي صلى الله عليه وسلم أولاد ومال ،  وكذلك لكثير من الرسل عليهم السلام ،  وقال تعالى :  {  وما جعلنا أصحاب النار إلا ملائكة وما جعلنا عدتهم إلا فتنة للذين كفروا ليستيقن الذين أوتوا الكتاب ويزداد الذين آمنوا إيمانا } .  وقال تعالى :  {  وأن لو استقاموا على الطريقة لأسقيناهم ماء غدقا ،  لنفتنهم فيه } ،  فهذه سقيا الماء التي هي جزاء على الاستقامة قد سماها الله تعالى فتنة ،  فصح أن من الفتنة خيرا وهدى ،  ومنها ضلالا وكفرا ،  والملكان المذكوران كذلك كانا فتنة يهتدي من اتبع أمرهما في أن لا يكفر ،  ويضل من عصاهما في ذلك .

وقوله تعالى :  {  فيتعلمون منهما ما يفرقون به بين المرء وزوجه } حق لأن أتباع رسل الله عليهم الصلاة والسلام هذه صفته ،  يؤمن الزوج فيفرق إيمانه بينه وبين امرأته التي لم تؤمن ،  وتؤمن هي فيفرق إيمانها بينها وبين زوجها الذي لم يؤمن في الدنيا والآخرة ،  وفي الولاية .

ثم رجع تعالى إلى الخبر عن الشياطين فقال عز وجل :  {  وما هم بضارين به من أحد إلا بإذن الله } ،  وهذا حق ؛  لأن الشياطين في تعليمهم ما قد نسخه الله عز وجل وأبطله ضارون من أذن الله تعالى باستضراره به ،  وهكذا إلى آخر الآية .  وما قال عز وجل قط إن هاروت وماروت علما سحرا ولا كفرا ،  ولا أنهما عصيا ،  وإنما ذكر ذلك في خرافة موضوعة ،  لا تصح عن طريق الإسناد أصلا ،  ولا هي أيضا مع ذلك عن رسول الله صلى الله عليه وسلم وإنما هي موقوفة على من دونه صلى الله عليه وسلم ،  فسقط التعلق بها ،  وصح ما قلناه ،  والحمد لله رب العالمين .

وهذا التفسير الأخير ،  هو نص الآية دون تكلف تأويل ،  ولا تقديم ولا تأخير ،  ولا زيادة في الآية ،  ولا نقص منها ،  بل هو ظاهرها ،  والحق المقطوع به عند الله تعالى يقينا ،  وبالله تعالى التوفيق .

 المسألة الثانية :  حقيقة السحر .

يرى ابن حزم أن السحر لا حقيقة له ،  وهو عبارة عن حيل ،  وتخييلات ،  وحجته في ذلك أنه لو كان له حقيقة لكان من جنس معجزات الأنبياء ،  وهذا كفر ممن يقوله ؛  لأنه لا يجوز وجود معجزة وإحالة طبيعية لغير الأنبياء أصلا ،  ولأنه لو كان حقيقة لما كان هناك فرق بين النبي وغير النبي .

قال ابن حزم :

السحر تخييل وتحيل ،  لا حقيقة له ،  ولا يقلب عينا ،  ولا يحيل طبيعة .

برهان ذلك :

1 قول الله عز وجل :  {  فإذا حبالهم وعصيهم يخيل إليه من سحرهم أنها تسعى 66 } .

فأخبر الله تعالى أن عمل أولئك السحرة إنما كان تخييلا لا حقيقة له .

2 وقال تعالى :  {  إنما صنعوا كيد ساحر ولا يفلح الساحر حيث أتى } .

فأخبر تعالى أنه كيد لا حقيقة له .

3 حدثنا محمد بن سعيد بن نبات ،  حدثنا أحمد بن عبد البصير ،  قال :  ثنا قاسم بن أصبغ ،  ثنا محمد بن عبد السلام الخشني ،  ثنا محمد بن المثني ،  ثنا عبد الرحمن بن مهدي ،  ثنا سفيان الثوري ،  عن أبي إسحاق الشيباني ،  عن بشير عن عمرو قال :  ذكر الغيلان عند عمر بن الخطاب فقالوا :  إنهم يتحولون .  فقال عمر :   "" إنه ليس أحد يتحول عن خلقه الذي خلق له ،  لكن لهم سحرة كسحرتكم ،  فإذا خشيتم شيئا من ذلك فأذنوا ""  .

فهذا عمر رضي الله عنه يبطل إحالة الطبائع ،  ويقول :  إن السحر ليس فيه إحالة طبع .  وهذا نص قولنا ،  والحمد لله رب العالمين كثيرا .

ولو كان السحر يحيل طبيعة ؛  لكان من جنس أعلام النبوة ،  التي هي شهادة الله عز وجل للأنبياء بحقهم وصدقهم ،  وهذا خروج عن الإسلام ممن ساوى بين الأمرين ،  وخروج عن المعقول أيضا ،  ومكابرة للضرورة ،  ولا يجوز وجود معجزة ،  وإحالة طبيعة لغير نبي أصلا ،  ولو كان ذلك لما كان بين النبي وغير النبي فرق .

فإن قيل :  قد قال الله عز وجل :  {  سحروا أعين الناس واسترهبوهم وجاءوا بسحر عظيم } .

قلنا :  نعم .  إنها حيل عظيمة وإثم عظيم ،  إذ قصدوا بها معارضة معجزات رسول الله صلى الله عليه وسلم ،  وأنهم كادوا عيون الناس ،  إذ أوهموهم أن تلك الحبال والعصي تسعى ،  واتفقت الآيات كلها ،  والحمد لله رب العالمين .

وكان الذي قدر أن من لا يدري حيلهم من أنها تسعى ظنا أصله اليقين ،  وذلك لأنهم رأوا صفات حيات رقط طوال تضطرب فسارعوا إلى الظن ،  وقدروا أنها ذات حياة ،  ولو أمنعوا النظر وفتشوها لوقفوا على الحيلة فيها ،  وأنها ملئت زئبقا ولد فيها تلك الحركات ،  كما يفعل العجائبي الذي يضرب بسكينة في جسم إنسان ،  فيظن من رآه ممن لا يدري حيلة أن السكين غاصت في جسم المضروب ،  وليس كذلك بل كان نصاب السكين مثقوبا فقط ،  فغاصت السكين في النصاب .  .  .  ،  وكذلك سائر حيلهم ،  وقد وقفنا على جميعها ؛  فهذا هو معنى قوله تعالى :  {  سحروا أعين الناس واسترهبوهم } أي :  أنهم أوهموا الناس فيما رأوه ظنونا متوهمة لا حقيقة لها ،  ولو فتشوها للاح لهم الحق .

وكذلك قول الله عز وجل :  {  فيتعلمون منهما ما يفرقون به بين المرء وزوجه } فهذا أمره ممكن كما يفعل النمام ،  وكذلك ما روي أن رسول الله صلى الله عليه وسلم سحره لبيد بن الأعصم فولد ذلك عليه مرضا حتى كان يظن أنه فعل الشيء وهو لم يفعله ،  فليس في هذا أيضا إحالة طبيعية ولا قلب عين ،  وإنما هو تأثير بقوة لتلك الصناعة ،  ونحن نجد الإنسان يسب أو يقابل بحركة يغضب منها ،  فيستحيل من الحلم إلى الطيش ،  وعن السكون إلى الحركة والنزق حتى يقارب حال المجانين ،  وربما أمرضه ذلك ،  وقد قال عليه السلام :   "" إن من البيان لسحرا ""  لأن من البيان ما يؤثر في النفس ،  فيثيرها أو يسكنها عن ثورتها ،  ويحيلها عن عزماتها ،  وعلى هذا المعنى استعملت الشعراء ذكر سحر العيون ،  لاستمالتها للنفوس فقط .

 :  المسألة الثالثة :  في حكم السحر ،  وهل يقتل فاعله ؟

يرى ابن حزم أن السحر كبيرة من كبائر الذنوب وليس كفرا ،  وإذا لم يكن كفرا فلا يحل قتل فاعله ،  وقد أورد ابن حزم الخلاف في المسألة فقال :

اختلف الناس في السحر :  فقالت طائفة :  يقتل الساحر ولا يستتاب والسحر كفر .  وهو قول مالك .

وقال أبو حنيفة :  يقتل الساحر .  وقال الشافعي وأصحابنا :  إن كان الكلام الذي يسحر به كفرا فالساحر مرتد ،  وإن كان ليس كفرا فلا يقتل لأنه ليس كافرا .

ثم ذكر ابن حزم أدلة القائلين بكفر الساحر ،  فكان منها :

قوله تعالى :  {  واتبعوا ما تتلوا الشياطين على ملك سليمان وما كفر سليمان ولكن الشياطين كفروا يعلمون الناس السحر } قالوا :  فسمى الله تعالى السحر كفرا بقوله :  {  ولكن الشياطين كفروا يعلمون الناس السحر } وقوله :  {  يعلمون } بدل من {  كفروا } فتعليم السحر كفر .

واستدلوا أيضا بقوله تعالى :  {  إنما نحن فتنة فلا تكفر } .

وبقوله تعالى :  {  ولقد علموا لمن اشتراه ما له في الآخرة من خلاق } .

وبقوله :  {  ولبئس ما شروا به أنفسهم لو كانوا يعلمون } .

وقد رد ابن حزم على استدلالهم فقال  بعد سياقه للآية  :

قولهم {  يعلمون } بدل من {  كفروا } ليس كما ظنوا بل القول الظاهر هو أن الكلام تم عند قوله تعالى :  {  كفروا } وكملت القصة ،  وقامت  بنفسها صحيحة تامة {  ولكن الشياطين كفروا } .

ثم ابتدأ تعالى قصة أخرى مبتدأة ،  وهو :  {  يعلمون الناس السحر } فيعلمون ابتداء كلام لا بدل .

ثم لو صح :  أن {  يعلمون } بدل من {  كفروا } ولم يحتمل غير ذلك أصلا ،  لما كان لهم فيه حجة ألبتة ،  لأن ذلك خبر من الله تعالى عن أن ذلك كان حكم الشياطين بعد أيام سليمان عليه السلام  وذلك شريعة لا تلزمنا ،  وحكم الله تعالى في الشياطين حكم خارج من حكمنا ،  وكل حكم لم يكن في شريعتنا فلا يلزمنا .

بل قد صح :  أن حكم  "" الجن ""  اليوم في شريعتنا غير حكمنا ،  كما قد صح عن النبي صلى الله عليه وسلم أنه أباح لهم الروث والعظام طعاما والروث حرام عندنا وحلال لهم ،  فكيف ؟  وإذا احتمل ظاهر الآية معنيين ،  فلا يجوز حملها على أحدهما دون الآخر ،  إلا ببرهان وقد بينا أن كلا الوجهين لا حجة لهم فيه أصلا .

وأيضا فإن نص قولهم :  إن الشياطين كفروا بتعليم الناس السحر ،  وهم يزعمون :  أن الملكين يعلمان الناس السحر ،  ولا يكفر الملكان عندهم بذلك ،  فقد أقروا باختلاف حكم تعليم السحر ،  وأنه يكون كفرا ،  ولا يكون كفرا بذلك ،  فإذ قد قالوا ذلك ،  فمن أين لهم :  أن حكم الساحر من الناس الكفر قياسا على الشياطين دون أن لا يكون كفرا قياسا على الملكين ؟  فكيف والقياس كله باطل .

فصح أنه لا حجة لهم في تكفير الساحر من الناس :  بأن الشياطين يكفرون بتعليمه هذا لو صح لهم أن كفر الشياطين لم يكن إلا بتعليمهم الناس السحر خاصة  وهذا لا يصح لهم أبدا .  بل قد كفروا قبل ذلك ،  فكان تعليمهم الناس السحر ضلالا زائدا ،  ومعصية حادثة أخرى ،  وهذا هو مقتضى ظاهر الآية الذي لا يجوز أن يحال عنه ألبتة ،  إلا بالدعوى العارية من البرهان .  وبالله تعالى التوفيق .

ثم صرنا إلى قول الله تعالى :  {  وما يعلمان من أحد حتى يقولا إنما نحن فتنة فلا تكفر } فوجدناهم لا حجة لهم فيه أصلا بوجه من الوجوه لأنه إنما في هذا الكلام النهي عن الكفر جملة ،  ولم يقولا :  فلا تكفر بتعلمك السحر ،  ولا بعلمك السحر ،  هذا ما لا يفهم من الآية أصلا .

وهكذا قول رسول الله صلى الله عليه وسلم :   "" لا ترجعوا بعدي كفارا يضرب بعضكم رقاب بعض "" إنما هو نهي أن يكفروا ابتداء ،  وعن أن يرتدوا فقط ،  لا أنهم بقتل بعضهم بعضا يكونون كفارا ،  وهذا بين لا خفاء به وبالله تعالى التوفيق .

وكل من أقحم في هذه الآية :  أن قوله تعالى حاكيا عن القائلين :  {  إنما نحن فتنة فلا تكفر } أن مرادهما لا تكفر بتعلمك ما نعلمك فقد كذب ،  وزاد في القرآن ما ليس فيه وما لا دليل عليه أصلا .

ثم صرنا إلى قوله تعالى :  {  فيتعلمون منهما ما يفرقون به بين المرء وزوجه } فوجدنا هذا أبعد من أن يكون لهم فيه شبهة يموهون بها من كل ما سلف ،  لأنه لم يختلف أحد من أهل السنة في أن من فرق بين امرأة وزوجها لا يكون كافرا بذلك .

وقد نجد النمام يفرق بين المرء وزوجه فلا يكون بذلك كافرا ،  فمن أين وقع لهم أن يكفروا الساحر بذلك ؟  فبطل تعلقهم بهذا النص جملة .

وهكذا القول في قوله تعالى :  {  وما هم بضارين به من أحد إلا بإذن الله ويتعلمون ما يضرهم ولا ينفعهم }

إذ ليس كل ما ضر المرء يكون به كافرا ،  بل يكون عاصيا لله تعالى ،  لا كافرا ولا حلال الدم .

ثم صرنا إلى قوله تعالى :  {  ولقد علموا لمن اشتراه } إلى قوله تعالى :  {  لو كانوا يعلمون } فوجدناهم لا حجة لهم في تكفير الساحر ،  ولا في إباحة دمه أصلا ،  لأن هذه الصفة قد تكون في مسلم بإجماعهم معنا :

كما روينا من طريق مسلم ،  نا شيبان بن فروخ ،  نا جرير بن حازم ،  نا نافع عن ابن عمر قال :  قال رسول الله صلى الله عليه وسلم  "" إنما يلبس الحرير في الدنيا من لا خلاق له في الآخر ""  .

وهم لا يختلفون في أن لباس الحرير ليس كفرا ،  ولا يحل قتل لابسه فبطل تعلقهم بهذه الآية ،  ولله الحمد .

فنظرنا أن يكون لهم في الآية متعلق أصلا ،  ولا في شيء من القرآن ،  ولا من السنن الصحاح ولا في السنن الواهية ،  ولا في إجماع ،  ولا في قول صاحب ،  ولا في قياس ،  ولا نظر ،  ولا رأي سديد يصح ،  بل كل هذه الوجوه مبطلة لقولهم .  فلما بطل قول من رأى أن يقتل الساحر جملة ،  وقول من ادعى أن السحر كفر بالجملة :  وجب أن ننظر في القول الثالث :

فوجدنا الله تعالى يقول :  {  ولا تقتلوا أنفسكم } .

وقال تعالى :  {  فاقتلوا المشركين حيث وجدتموهم } إلى قوله :  {  فخلوا سبيلهم } .

وقال تعالى :  {  ولا تقتلوا النفس التي حرم الله إلا بالحق } .

وقال تعالى :  {  ومن يقتل مؤمنا متعمدا } الآية .

وقال رسول الله صلى الله عليه وسلم :   "" إن دماءكم وأموالكم عليكم حرام ""  .

فصح بالقرآن والسنة :  أن كل مسلم فدمه حرام إلا بنص ثابت أو إجماع متيقن فنظرنا هل نجد في السحر نصا ثابتا بتبيان ما هو ؟

فوجدنا  من طريق مسلم ،  نا هارون بن سعيد الأيلي ،  نا ابن وهب ،  أخبرني سليمان بن بلال ،  عن ثور بن [ زيد ]  ،  عن أبي الغيث عن أبي هريرة :  أن رسول الله صلى الله عليه وسلم قال :   "" اجتنبوا السبع الموبقات ،  قيل :  يا رسول الله وما هن ؟  قال :  الشرك بالله ،  والسحر ،  وقتل النفس التي حرم الله إلا بالحق ،  وأكل مال اليتيم ،  وأكل الربا ،  والتولي يوم الزحف ،  وقذف المحصنات المؤمنات ""  .

فكان هذا بيانا جليا بأن السحر ليس من الشرك ،  ولكنه معصية موبقة كقتل النفس وشبهها ،  فارتفع الإشكال ولله الحمد .  وصح أن السحر ليس كفرا ،  وإذا لم يكن كفرا فلا يحل قتل فاعله ،  لأن رسول الله صلى الله عليه وسلم يقول :   "" لا يحل دم امرئ مسلم إلا بإحدى ثلاث :  كفر بعد إيمان ،  وزنى بعد إحصان ونفس بنفس ""  .

فالساحر ليس كافرا كما بينا ،  ولا قاتلا ،  ولا زانيا محصنا ،  ولا جاء في قتله نص صحيح فيضاف إلى هذه الثلاث فصح تحريم دمه بيقين لا إشكال فيه .  ووجدنا أيضا :

 من طريق البخاري ،  نا عبد الله بن محمد ،  سمعت سفيان بن عيينة يقول :  إن هشام بن عروة حدثهم عن أبيه ،  عن عائشة أم المؤمنين قالت :   "" كان رسول الله صلى الله عليه وسلم سحر حتى يرى أنه يأتي النساء ولا يأتيهن ""  قال ابن عيينة :  وهذا أشد ما يكون من السحر  "" فقال :  يا عائشة  أعلمت أن الله أفتاني فيما استفتيته فيه ؟  أتاني رجلان ،  فقعد أحدهما عند رأسي ،  والآخر عند رجلي ،  فقال الذي عند رأسي للآخر ،  ما بال الرجل ؟  فقال :  مطبوب ،  قال ومن طبه ؟  قال :  لبيد بن أعصم  رجل من بني زريق حليف اليهود ،  وكان منافقا  قال :  وفيم ؟  قال :  في مشط ومشاطة ،  قال :  وأين ؟  قال :  في جف طلعة ذكر ،  تحت راعوفة في بئر ذروان ،  قال :  فأتى البئر حتى استخرجه ،  قال :  فهذه البئر التي رأيتها ،  كأن ماءها نقاعة الحناء ،  وكأن نخلها رؤوس الشياطين ،  قال :  فاستخرج ،  فقلت :  أفلا تنشرت ؟  قال :  أما الله فقد شفاني ،  وأكره أن أثير على الناس شرا ""  فهذا خبر صحيح وقد عرف الله تعالى رسوله صلى الله عليه وسلم من سحره ،  فلم يقتله وبالله تعالى التوفيق ."
2,106,"قوله تعالى :  {  ما ننسخ من آية أو ننسها نأت بخير منها أو مثلها ألم تعلم أن الله على كل شيء قدير106 } وفيه مسألتان :

 المسألة الأولى :  في نسخ القرآن بالسنة ،  والسنة بالقرآن .

يرى ابن حزم جواز نسخ القرآن بالسنة ،  والسنة بالقرآن ،  سواء كانت السنة منقولة بالتواتر أو بأخبار الآحاد .

قال ابن حزم :  اختلف الناس في هذا بعد أن اتفقوا على جواز نسخ القرآن بالقرآن ،  وجواز نسخ السنة بالسنة ،  فقالت طائفة :  لا تنسخ السنة بالقرآن ولا القرآن بالسنة .

وقالت طائفة :  جائز كل ذلك ،  والقرآن ينسخ بالقرآن وبالسنة ،  والسنة تنسخ بالقرآن وبالسنة .

قال ابن حزم :  وبهذا نقول وهو الصحيح ،  وسواء عندنا السنة المنقولة بالتواتر والسنة المنقولة بأخبار الآحاد ،  كل ذلك ينسخ بعضه بعضا ،  وينسخ الآيات من القرآن ،  وينسخه الآيات من القرآن .

برهان ذلك :  ما بيناه من وجوب الطاعة لما جاء عن النبي صلى الله عليه وسلم كوجوب الطاعة لما جاء في القرآن ولا فرق ،  وأن ذلك من عند الله تعالى :  {  وما ينطق عن الهوى ،  إن هو إلا وحي يوحى } ،  فإذا كان كلامه وحيا من عند الله عز وجل ،  والقرآن وحي ،  فنسخ الوحي بالوحي جائز ،  لأن ذلك كل سواء في أنه وحي .  وقال تعالى :  {  ما ننسخ من آية أو ننسها نأت بخير منها أو مثلها } .

والمعنى :  نأت بخير منها لكم ،  أو مثلها لكم ،  ولا شك أن العمل بالناسخ خير من العمل بالمنسوخ قبل أن ينسخ ،  وقد يكون الأجر على العمل بالناسخ مثل الأجر على العمل بالمنسوخ قبل أن ينسخ ،  وقد يكون أكثر منه ،  إلا أن فائدة الآية أننا قد أمنا أن يكون العمل بالناسخ أقل أجرا من العمل بالمنسوخ قبل أن ينسخ ،  لكن إنما يكون أكثر منه أو مثله ،  ولا بد من أحد الوجهين ،  تفضلا من الله تعالى  لا إله إلا هو  علينا .

وأيضا فإن السنة مثل القرآن في وجهين :

أحدهما :  أن كلاهما من عند الله عز وجل قال تعالى :  {  وما ينطق عن الهوى 3 إن هو إلا وحي يوحى4 } .

والثاني :  استواؤهما بوجوب الطاعة بقوله تعالى :  {  من يطع الرسول فقد أطاع الله }

وبقوله تعالى :  {  أطيعوا الله وأطيعوا الرسول } .

وإنما افترقا في ألا يكتب في المصحف غير القرآن ويتلى معه غيره مخلوطا به ،  وفي الإعجاز فقط .

وليس في العالم شيئان إلا وهما يشتبهان من وجه ،  ويختلفان من آخر لابد من ذلك ضرورة ولا سبيل إلى أن يختلفا من كل وجه ،  ولا أن يتماثلا من كل وجه ،  وإذ قد صح هذا كله ،  فالعمل بالحديث الناسخ أفضل وخير من العمل بالآية المنسوخة ،  وأعظم أجرا ،  كما قلنا قبل ولا فرق ،  وقد قال تعالى :  {  ولأمة مؤمنة خير من مشركة ولو أعجبتكم } وقد تكون المشركة خير منها في الجمال وفي أشياء من الأخلاق ونحوها ،  وإن كانت المؤمنة خيرا عند الله تعالى ،  وهذا شيء يعلم حسا ومشاهدة ،  وبالله تعالى التوفيق .

 المسألة الثانية :  في توجيه القراءات في الآية .

قال ابن حزم :

قال تعالى :  {  ما ننسخ من آية أو ننسها نأت بخير منها أو مثلها } وقد قرئ {  أو ننسأها } ،  ومعنى اللفظين مختلف ،  فالنسخ قد بينا معناه وهو رفع الحكم ،  وأما ننسها فمعناه من النسيان ،  وهو رفع اللفظ جملة ،  وأما ننسأها فهو من التأخير ،  ومعناه أن يؤخر العمل بها إلى مدة معلومة ،  ويفعل الله من كل ذلك ما شاء لا معقب لحكمه ."
2,115,"قوله تعالى :  {  ولله المشرق والمغرب فأينما تولوا فثم وجه الله إن الله واسع عليم 115 } وفيه مسألتان :

 المسألة الأولى :  في معنى قوله تعالى :  {  فثم وجه الله } .

قال ابن حزم :

قوله تعالى :  {  فأينما تولوا فثم وجه الله } إنما معناها :  فثم الله تعالى بعلمه ،  وقبوله لمن توجه إليه .

وقال :  وجه الله تعالى إنما يراد به الله عز وجل ،  وليس هو غير الله تعالى ،  ولا نرجع منه إلى شيء سوى الله تعالى .

المسألة الثانية :  فيمن صلى إلى غير القبلة ناسيا أو جاهلا .

قال ابن حزم :

من صلى إلى غير القبلة ممن يقدر على معرفة جهتها  عامدا أو ناسيا  بطلت صلاته ،  ويعيد ما كان في الوقت إن كان عامدا ،  ويعيد أبدا إن كان ناسيا .

برهان ذلك :

أن هذين مخاطبان بالتوجه إلى المسجد الحرام في الصلاة ،  فصليا بخلاف ما أمرا به ،  ولا يجزئ ما نهى الله تعالى عنه عما أمر عز وجل به ،  فقد ذكرنا الحجة في أمر الناسي قبل .

فإن ذكر ذاكر :  حديث أهل قباء رضي الله عنهم ،  وأنهم ابتدءوا الصلاة إلى بيت المقدس فأتاهم الخبر :  بأن القبلة قد حولت إلى الكعبة فاستداروا  كما كانوا في صلاتهم  إلى الكعبة ،  واجترؤوا بما صلوا إلى بيت المقدس من تلك الصلاة بعينها .

قلنا :  هذا خبر صحيح ،  ولا حجة فيه علينا ؛  ولا نخالفه ولله الحمد :

أول ذلك :  أنه ليس فيه :  أن رسول الله صلى الله عليه وسلم علم ذلك فأقره ،  ولا حجة إلا في القرآن ،  أو في كلامه عليه السلام .  أو في عمله أو فيما علم عليه السلام من عمل غيره فلم ينكره .

قال ابن حزم :  أهل قباء رضي الله عنهم كان الفرض عليهم أن يصلوا إلى بيت المقدس فلو أنهم صلوا إلى الكعبة :  لبطلت صلاتهم بلا خلاف .  ولا تلزم الشريعة إلا من بلغته ،  لا من لم تبلغه قال الله تعالى :  {  لأنذركم به ومن بلغ } .

ولا شك عند أحد من الجن والإنس ،  ولا الملائكة :  أن من كان من المسلمين بأرض الحبشة ،  أو بمكة من المستضعفين فإنهم تمادوا على الصلاة إلى بيت المقدس مدة طويلة .

أما أهل مكة فأياما كثيرة بعد نزول تحويل القبلة .  وأما من بالحبشة :  فلعلهم صلوا عاما أو أعواما حتى بلغهم تحويل القبلة ،  فحينئذ لزمهم الفرض ،  لا قبل ذلك ،  فإنما لزم أهل قباء التحول حين بلغهم لا قبل ذلك فانتقلوا عن فرضهم إلى فرض ناسخ لما كانوا عليه ،  وهذا هو الحق الذي لا يحل لأحد غيره ،  وأما من بلغه فرض تحويل الكعبة وعلمه وكان مخاطبا به ولم يسقط تكليفه عنه لعذر مانع ،  فلم يصل كما أمر ومن لم يصل كما أمر فلم يصل ،  لأنه لا يجزئ ما نهى الله عنه عما أمر الله تعالى به .

فإن قال قائل :  قد روي عن عبد الله بن عامر بن ربيعة :   "" كنا مع رسول الله صلى الله عليه وسلم في ليلة مظلمة فلم ندر أين القبلة فصلى كل رجل منا حياله ،  فأصبحنا :  فذكرنا ذلك لرسول الله صلى الله عليه وسلم فأنزل الله تعالى :  {  فأينما تولوا فثم وجه الله }  .

وعن عطاء عن جابر بن عبد الله :   "" كنا في سرية فأصابتنا ظلمة فلم نعرف القبلة .  .  .  فذكر :  أنهم خطوا خطوطهم في جهات اختلافهم ؛  فلما أصبحوا أصبنا تلك الخطوط لغير القبلة ،  فسألنا النبي صلى الله عليه وسلم فأنزل الله تعالى :  {  فأينما تولوا فثم وجه الله }  .

فإن هذين الخبرين لا يصحان ؛  لأن حديث عبد الله بن عامر لم يروه إلا عاصم بن عبيد الله ،  ولم يرو حديث جابر إلا عبد الملك بن أبي سليمان العرزمي عن عطاء  وعاصم وعبد الملك ساقطان .

ثم لو صحا لكانا حجة لنا ،  لأن هؤلاء جهلوا ،  وصلاة الجاهل تامة ،  وليس الناسي كذلك وبالله تعالى التوفيق ."
2,143,"قوله تعالى :  {  وكذلك جعلناكم أمة وسطا لتكونوا شهداء على الناس ويكون الرسول عليكم شهيدا وما جعلنا القبلة التي كنت عليها إلا لنعلم من يتبع الرسول ممن ينقلب على عقبيه وإن كانت لكبيرة إلا على الذين هدى الله وما كان الله ليضيع إيمانكم إن الله بالناس لرءوف رحيم 143 }

 مسألة :  في معنى الإيمان في قوله تعالى :  {  وما كان الله ليضيع إيمانكم } .

قال ابن حزم :

قوله تعالى :  {  وما كان الله ليضيع إيمانكم } إنما عني بذلك صلاتهم إلى بيت المقدس قبل أن ينسخ بالصلاة إلى الكعبة ."
2,144,"قوله تعالى :  {  قد نرى تقلب وجهك في السماء فلنولينك قبلة ترضاها فول وجهك شطر المسجد الحرام وحيث ما كنتم فولوا وجوهكم شطره وإن الذين أوتوا الكتاب ليعلمون أنه الحق من ربهم وما الله بغافل عما يعملون144 } .

 :  مسألة :  في حكم استقبال القبلة في صلاة الفرض .

قال ابن حزم :

واستقبال جهة الكعبة بالوجه والجسد فرض على المصلي حاشا المتطوع راكبا ،  فمن كان مغلوبا بمرض أو بجهد أو بخوف أو بإكراه فتجزيه صلاته كما يقدر ،  وينوي في كل ذلك التوجه إلى الكعبة .

برهان ذلك :

قوله تعالى :  {  فول وجهك شطر المسجد الحرام وحيث ما كنتم فولوا وجوهكم شطره } والمسجد الحرام في المبدأ :  إنما هو البيت فقط ،  ثم زيد فيه الشيء بعد الشيء .  ولا خلاف بين أحد من الأمة في أن امرءا لو كان بمكة بحيث يقدر على استقبال الكعبة في صلاته  :  فصرف وجهه عامدا عنها إلى أبعاض المسجد الحرام من خارجه أو من داخله فإن صلاته باطل ،  وأنه إن استجاز ذلك :  كافر .

وأما المريض والجاهل والخائف والمكره فإن الله تعالى يقول :  {  لا يكلف الله نفسا إلا وسعها } ."
2,150,"وقال رسول الله صلى الله عليه وسلم :   "" إذا أمرتكم بأمر فأتوا منه ما استطعتم ""   .

قوله تعالى :  {  ومن حيث خرجت فول وجهك شطر المسجد الحرام وحيث ما كنتم فولوا وجوهكم شطره لئلا يكون للناس عليكم حجة إلا الذين ظلموا منهم فلا تخشوهم واخشوني ولأتم نعمتي عليكم ولعلكم تهتدون 150 } .

 مسألة :  في حكم الصلاة في جوف الكعبة وعلى ظهرها .

قال ابن حزم :

والصلاة جائزة على ظهر الكعبة ،  وعلى أبي قبيس ،  وعلى كل سقف بمكة ،  وإن كان أعلى من الكعبة وفي جوف الكعبة أينما شئت منها ،  الفريضة والنافلة سواء .

وقال مالك :  لا تجوز الصلاة في جوف الكعبة .  الفرض خاصة ،  أجاز فيها التنفل .

واحتج أتباع مالك بأن قالوا :  إن من صلى داخل الكعبة فقد استدبر بعض الكعبة .

قال ابن حزم :  إنما قال الله عز وجل {  ومن حيث خرجت فول وجهك شطر المسجد الحرام وحيثما كنتم فولوا وجوهكم شطره } .

فلو كان ما ذكره المالكيون حجة لما حل لأحد أن يصلي في المسجد الحرام ؛  لأنه هو القبلة بنص كلام الله تعالى في القرآن ،  وكل من يصلي فيه فلا بد له من أن يستدبر بعضه ،  فظهر فساد هذا القول وأيضا :  فإن كل من صلى إلى المسجد الحرام ،  أو إلى الكعبة فلا بد من أن يترك بعضها عن يمينه وبعضها عن شماله ،  ولا فرق عند أحد من أهل الإسلام في أنه لا فرق بين استدبار القبلة في الصلاة ،  وبين أن يجعلها على يمينه أو على شماله .

فصح أنه لم يكلفنا الله عز وجل قط مراعاة هذا ،  وإنما كلفنا أن نقابل بأوجهنا ما قابلنا من جدار الكعبة أو من جدار المسجد قبالة الكعبة حيثما كنا فقط :

حدثنا عبد الرحمن بن عبد الله بن خالد ثنا إبراهيم بن أحمد ،  ثنا الفربري ،  ثنا البخاري ،  ثنا عبد الله بن يوسف ،  قال :  أنا مالك ،  عن نافع ،  عن ابن عمر قال :   "" دخل رسول الله صلى الله عليه وسلم الكعبة وأسامة بن زيد وبلال ،  وعثمان بن طلحة الحجبي ،  فأغلقها عليه ومكث فيها ،  فسألت بلالا حين خرج :  ما صنع النبي صلى الله عليه وسلم قال :  جعل عمودا عن يساره وعمودين عن يمينه وثلاثة أعمدة من ورائه ثم صلى ""  .

قال ابن حزم :  ما قال أحد قط إن صلاته المذكورة صلى الله عليه وسلم كانت إلى غير القبلة ،  وقد نص عليه السلام على أن الأرض كلها مسجد ،  وباطن الكعبة أطيب الأرض وأفضلها ،  فهي أفضل المساجد وأولاها بصلاة الفرض والنافلة .

والتفريق بين الفرض والنافلة بلا قرآن ولا سنة ولا إجماع خطأ  وبالله تعالى التوفيق .

وكل مكان أعلى من الكعبة فإنما علينا مقابلة جهة الكعبة فقط ؛  وقد هدمت الكعبة لتجدد فما قال أحد ببطلان صلاة المسلمين .

وإنما جاء النهي عن الصلاة [ على ] ظهر بيت الله الحرام ،  من طريق زيد بن جبيرة ،  وهو لا شيء .

ومن طريق عبد الله بن صالح كاتب الليث وهو ضعيف  ."
2,158,"قوله تعالى :  {  إن الصفا والمروة من شعائر الله فمن حج البيت أو اعتمر فلا جناح عليه أن يطوف بهما ومن تطوع خيرا فإن الله شاكر عليم 158 } .

 مسألة :  في حكم السعي بين الصفا والمروة في العمرة والحج .

قال ابن حزم :

السعي بين الصفا والمروة في العمرة فرض ،  قال تعالى :

{  إن الصفا والمروة من شعائر الله فمن حج البيت أو اعتمر فلا جناح عليه أن يطوف بهما } .

وروينا عن عائشة رضي الله عنها إيجاب فرض السعي بينهما ،  وقالت في هذه الآية :  إنما نزلت في ناس كانوا لا يطوفون بينهما فلما كان الإسلام طاف رسول الله .

قال ابن حزم :  لو لم تكن إلا هذه الآية لكانت غير فرض ،  لكن الحجة في فرض ذلك :

ما حدثناه عبد الله بن يوسف ،  نا أحمد بن فتح ،  نا عبد الوهاب بن عيسى ،  نا أحمد بن محمد ،  نا أحمد بن علي ،  نا مسلم بن الحجاج ،  نا محمد بن المثنى ،  نا محمد بن جعفر ،  نا شعبة ،  عن قيس بن مسلم ،  عن طارق بن شهاب ،  عن أبي موسى الأشعري قال :   "" قدمت على رسول الله صلى الله عليه وسلم وهو منيخ بالبطحاء فقال لي :  أحججت ؟  فقلت :  نعم .  فقال :  بم أهللت ؟  قال قلت :  لبيت بإهلال كإهلال رسول الله صلى الله عليه وسلم .  قال :  فقد أحسنت ،  طف بالبيت وبين الصفا والمروة وأحل ""  .

قال ابن حزم :  بهذا صار السعي بين الصفا والمروة في العمرة فرضا .

قال ابن حزم :  والخبر الذي فيه  "" اسعوا فإن الله كتب عليكم السعي ""  ،  فإنما روته صفية بنت شيبة ،  عن امرأة لم تسم ؛  وقد قيل :  هي بنت أبي تجراة وهي مجهولة ،  ولو صح لقلنا بوجوبه ."
2,173,"قوله تعالى :  {  إنما حرم عليكم الميتة والدم ولحم الخنزير وما أهل به لغير الله فمن اضطر غير باغ ولا عاد فلا إثم عليه إن الله غفور رحيم 173 } .

وفيه أربع مسائل :

 :  المسألة الأولى :  في حكم تناول المضطر للميتة في سفر المعصية .

قال ابن حزم :

ومن كان في سبيل معصية كسفر لا يحل ،  أو قتال لا يحل ،  فلم يجد شيئا يأكل إلا الميتة ،  أو الدم ،  أو خنزيرا ،  أو لحم سبع أو بعض ما حرم عليه ،  لم يحل له أكله إلا حتى يتوب ،  فإن تاب فليأكل حلالا ،  وإن لم يتب فإن أكل حراما ،  وإن لم يأكل ،  فهو عاص لله تعالى بكل حال .

برهان ذلك قول الله تعالى :  {  فمن اضطر في مخمصة غير متجانف لإثم فإن الله غفور رحيم } .

وقوله :  {  فمن اضطر غير باغ ولا عاد فلا إثم عليه } .

فإنما أباح تعالى ما حرمه بالضرورة من لم يتجانف لإثم ،  ومن لم يكن باغيا ولا عاديا .

وأكله ذلك عون على الإثم والعدوان .  وقوة له على قطع الطريق وفساد السبيل ،  وقتل المسلمين ،  وهذا عظيم جدا .

روينا عن مجاهد {  غير باغ ولا عاد } غير باغ على المسلمين ،  ولا عاد عليهم .

قال مجاهد :  ومن يخرج لقطع الطريق ،  أو في معصية الله تعالى ،  فاضطر إلى الميتة لم تحل له ،  إنما تحل لمن خرج في سبيل الله تعالى ،  فإن اضطر إليها فليأكل .

وعن سعيد بن جبير {  فمن اضطر غير باغ ولا عاد } قال :  إذا خرج في سبيل الله تعالى فاضطر إلى الميتة أكل ،  وإن خرج إلى قطع الطريق فلا رخصة له  .

المسألة الثانية :  في حد الضرورة المبيحة لأكل الميتة .

قال ابن حزم :

وحد الضرورة أن يبقى يوما وليلة لا يجد فيها ما يأكل أو يشرب ،  فإن خشي الضعف المؤذي الذي إن تمادى أدى إلى الموت ،  أو قطع به عن طريقه وشغله ؛  حل له الأكل والشرب فيما يدفع به عن نفسه الموت بالجوع أو العطش .

أما تحديدنا ذلك ببقاء يوم وليلة بلا أكل ،  فلتحريم النبي صلى الله عليه وسلم الوصال يوما وليلة .

وأما قولنا :  إن خاف الموت قبل ذلك أو الضعف فلأنه مضطر حينئذ .

 :  المسألة الثالثة :  في مقدار ما يأكل المضطر من الميتة .

قال ابن حزم :

[ للمضطر ] أن يأكل حتى يشبع ،  ويتزود حتى يجد حلالا ،  فإذا وجده عاد الحلال من ذلك حراما كما كان عند ارتفاع الضرورة .

 :  المسألة الرابعة :  فيمن اضطر إلى شرب الخمر .

قال ابن حزم :

من أكره على شرب الخمر ،  أو اضطر إليها لعطش ،  أو علاج ،  أو لدفع خنق ،  فشربها أو جهلها فلم يدر أنها خمر ،  فلا حد على أحد من هؤلاء .

أما المكره  فإنه مضطر وقد قال تعالى :  {  وقد فصل لكم ما حرم عليكم إلا ما اضطررتم إليه }

وقد قال تعالى :  {  فمن اضطر غير باغ ولا عاد فلا إثم عليه } .

فصح أن المضطر لا يحرم عليه شيء مما اضطر إليه من طعام ،  أو شراب .

وأما الجاهل ،  فإنه لم يتعد ما حرم الله تعالى عليه ،  ولا حد إلا على من علم التحريم .

 المسألة الرابعة :  وقت الإمساك في الصوم .

قال ابن حزم :

ولا يلزم صوم في رمضان ولا في غيره إلا بتبين طلوع الفجر الثاني وأما ما لم يتبين فالأكل والشرب والجماع مباح كل ذلك ،  كان على شك من طلوع الفجر أو على يقين من أنه لم يطلع .

فمن رأى الفجر وهو يأكل فليقذف ما في فمه من طعام أو شراب ،  وليصم ولا قضاء عليه ،  ومن رأى الفجر وهو يجامع فليترك من وقته ،  وليصم ،  ولا قضاء عليه ،  وسواء في كل ذلك كان طلوع الفجر بعد مدة طويلة أو قريبة ،  فلو توقف باهتا فلا شيء عليه ،  وصومه تام ؛  ولو أقام عامدا فعليه الكفارة .

برهان ذلك :

1 قول الله عز وجل :  {  فالآن باشروهن وابتغوا ما كتب الله لكم وكلوا واشربوا حتى يتبين لكم الخيط الأبيض من الخيط الأسود من الفجر ثم أتموا الصيام إلى الليل } .

وهذا نص ما قلنا ،  لأن الله تعالى أباح الوطء والأكل والشرب إلى أن يتبين لنا الفجر ،  ولم يقل تعالى :  حتى يطلع الفجر ،  ولا قال :  حتى تشكوا في الفجر ،  فلا يحل لأحد أن يقوله ،  ولا أن يوجب صوما بطلوعه ما لم يتبين للمرء ،  ثم أوجب الله تعالى التزام الصوم إلى الليل .

2 حدثنا عبد الرحمن بن عبد الله بن خالد ،  ثنا إبراهيم بن أحمد ،  ثنا الفربري ،  ثنا البخاري ،  ثنا [ عبيد ]  بن إسماعيل عن أبي أسامة ،  عن عبيد الله  هو ابن عمر  عن نافع والقاسم بن محمد بن أبي بكر قال القاسم :

عن عائشة وقال نافع :  عن ابن عمر ،  قالت عائشة وابن عمر :  كان بلال يؤذن بليل ،  فقال رسول الله صلى الله عليه وسلم :   "" إن بلالا يؤذن بليل ،  فكلوا واشربوا حتى يؤذن ابن أم مكتوم ،  فإنه لا يؤذن حتى يطلع الفجر ""  .

3 وبه إلى البخاري :  ثنا عبد الله بن مسلمة  هو القعنبي  عن مالك ،  عن ابن شهاب ،  عن سالم بن عبد الله بن عمر ،  عن أبيه :  أن رسول الله صلى الله عليه وسلم قال :   "" إن بلالا يؤذن بليل ،  فكلوا واشربوا حتى يؤذن ابن أم مكتوم ""  قال :  وكان رجلا أعمى لا ينادي حتى يقال له :  أصبحت أصبحت .

4 حدثنا عبد الله بن يوسف ،  ثنا أحمد بن فتح ،  ثنا عبد الوهاب بن عيسى ،  ثنا أحمد بن محمد ،  ثنا أحمد بن علي ،  ثنا مسلم بن الحجاج ،  ثنا شيبان بن فروخ [ ثنا عبد الوارث ] عن عبد الله بن سوادة بن حنظلة القشيري ،  حدثني أبي ،  أنه سمع سمرة بن جندب يقول :  [ قال رسول الله صلى الله عليه وسلم ] :   "" لا يغرن أحدكم نداء بلال من السحور ،  ولا هذا البياض حتى يستطير ""  .

5 وكذلك حديث عدي بن حاتم ،  وسهل بن سعد في الخيطين الأسود والأبيض ،  فقال عليه السلام :   "" إنما ذلك سواد الليل وبياض النهار ""  .

قال ابن حزم :  فنص عليه السلام على أن ابن مكتوم لا يؤذن حتى يطلع الفجر ،  وأباح الأكل إلى أذانه ،  فقد صح أن الأكل مباح بعد طلوع الفجر ما لم يتبين لمريد الصوم طلوعه .

وقد ادعى قوم أن قوله تعالى :  {  حتى يتبين لكم الخيط الأبيض من الخيط الأسود } وقول رسول الله صلى الله عليه وسلم :   "" حتى يطلع الفجر ""  ،   "" وحتى يقال له :  أصبحت أصبحت ""  أن ذلك على المقاربة ،  مثل قوله تعالى :  {  فإذا بلغن أجلهن فأمسكوهن بمعروف } إنما معناه :  فإذا قاربن بلوغ أجلهن .

قال ابن حزم :  وقائل هذا مستسهل للكذب على القرآن وعلى رسول الله صلى الله عليه وسلم .

أول ذلك أنه دعوى بلا برهان ،  وإحالة لكلام الله تعالى عن مواضعه ،  ولكلام رسول الله صلى الله عليه وسلم وقول عليه بما لم يقل ،  ولو كان ما قالوا لكان بلال ،  وابن أم مكتوم معا لا يؤذنان إلا قبل الفجر ،  وهذا باطل لا يقوله أحد ،  لا هم ولا غيرهم .

وأما قوله تعالى :  {  فإذا بلغن أجلهن } فإقحامهم فيه :  أنه تعالى أراد فإذا قاربن بلوغ أجلهن :  باطل وكذب ودعوى بلا برهان ،  ولو كان ما قالوه لكان يجوز له الرجعة إلا عند مقاربة انتهاء العدة ،  ولا يقول هذا أحد ،  لا هم ولا غيرهم ،  وهو تحريف للكلم عن مواضعه ،  بل الآية على ظاهرها ،  وبلوغ أجلهن هو بلوغهن أجل العدة ،  ليس هو انقضاءها ،  وهذا هو الحق ،  لأنهن إذا كن في أجل العدة كله فللزوج الرجعة ،  وله الطلاق فبطل ما قالوه بيقين لا إشكال فيه .

6 حدثنا حمام بن أحمد ،  ثنا عبد الله بن محمد الباجي ،  ثنا محمد بن عبد الملك بن أيمن ،  ثنا حبيب بن خلف البخاري ،  ثنا أبو ثور إبراهيم بن خالد ،  ثنا روح بن عبادة ،  ثنا حماد بن سلمة ،  عن عاصم بن أبي النجود ،  عن زر بن حبيش قال :  تسحرت ثم انطلقت إلى المسجد ،  فدخلت على حذيفة فأمر بلقحة فحلبت ،  ثم أمر بقدر فسخنت ،  ثم قال :  كل .  قلت :  إني أريد الصوم قال :  وأنا أريد الصوم ،  فأكلنا ثم شربنا ثم أتينا المسجد ،  وقد أقيمت الصلاة ،  فقال حذيفة :  هكذا فعل بي رسول الله صلى الله عليه وسلم فقلت :  بعد الصبح ؟  قال :  بعد الصبح ،  إلا أن الشمس لم تطلع .

7 حدثنا محمد بن سعيد بن نبات ،  ثنا عبد الله بن نصر ،  ثنا قاسم بن أصبغ ،  ثنا ابن وضاح ،  ثنا موسى بن معاوية ،  ثنا وكيع ،  عن سفيان الثوري ،  عن عاصم بن أبي النجود ،  عن زر بن حبيش قلت لحذيفة :  أي وقت تسحرتم مع النبي صلى الله عليه وسلم ؟  قال :  هو النهار ،  إلا أن الشمس لم تطلع .

8 ومن طريق حماد بن سلمة ،  عن عمار بن أبي عمار ،  عن أبي هريرة ،  عن النبي صلى الله عليه وسلم قال :   "" إذا سمع أحدكم النداء والإناء على يده فلا يضعه حتى يقضي حاجته منه ""  قال عمار :  وكانوا يؤذنون إذا بزغ الفجر .

9 قال حماد عن هشام بن عروة :  كان أبي يفتي بهذا .

10 وحدثنا حمام ،  ثنا ابن مفرج ،  ثنا ابن الأعرابي ،  ثنا الدبري ،  ثنا عبد الرزاق ،  ثنا معمر ،  عن قتادة عن أنس :  أنه رأى رسول الله صلى الله عليه وسلم قد تسحر هو وزيد بن ثابت ،  وهو عليه السلام يريد الصوم ،  ثم صلى الركعتين ،  ثم خرج إلى المسجد فأقيمت الصلاة .

قال ابن حزم :  هذا كله على أنه لم يكن يتبين لهم الفجر بعد ؛  فبهذا تتفق السنن مع القرآن .

11 وروينا من طريق معمر عن أبان ،  عن أنس ،  عن أبي بكر الصديق أنه قال :  إذا نظر الرجلان إلى الفجر فشك أحدهما فليأكلا حتى يتبين لهما .

12 ومن طريق أبي أحمد الزبيري ،  عن سفيان الثوري ،  عن منصور بن المعتمر ،  عن هلال بن يساف ،  عن سالم بن عبيد قال :  كان أبو بكر الصديق يقول لي :  قم بيني وبين الفجر حتى تسحر .

13 ومن طريق ابن أبي شيبة ،  عن جرير بن عبد الحميد ،  عن منصور بن المعتمر ،  عن هلال بن يساف ،  عن سالم بن عبيد الأشجعي قال :  قم فاسترني من الفجر ،  ثم أكل .

قال ابن حزم :  سالم بن عبيد هذا أشجعي كوفي من أصحاب رسول الله صلى الله عليه وسلم وهذه أصح طريق يمكن أن تكون .

14 وقد روينا من طريق وكيع ،  وعبد الرزاق ،  قال وكيع :  عن يونس بن أبي إسحاق ،  عن أبي السفر ،  وقال عبد الرزاق :  عن معمر عن أيوب السختياني ،  عن أبي قلابة ،  قالا جميعا :  كان أبو بكر الصديق يقول :  أجيفوا الباب حتى نتسحر .

قال ابن حزم :  الإيجاف :  الغلق .

15 ومن طريق الحسن :  أن عمر بن الخطاب كان يقول :  إذا شك الرجلان في الفجر فليأكلا حتى يستيقنا .

16 ومن طريق حماد بن سلمة :  ثنا حميد ،  عن أبي رافع ،  أو غيره ،  عن أبي هريرة :  أنه سمع النداء والإناء على يده فقال :  أحرزتها ورب الكعبة .

17 ومن طريق ابن جريج ،  عن عطاء بن أبي رباح ،  عن ابن عباس قال :  أحل الله الشراب ما شككت ،  يعني في الفجر .

18 وعن عكرمة قال :  قال ابن عباس :  اسقني يا غلام ،  قال له :  أصبحت ،  فقلت :  كلا ،  فقال ابن عباس :  شك لعمر الله ،  اسقني ؟  فشرب .

19 وعن وكيع ،  عن عمارة بن زاذان ،  عن مكحول الأزدي قال :  رأيت ابن عمر أخذ دلوا من زمزم وقال لرجلين :  أطلع الفجر ؟  قال أحدهما :  قد طلع ،  وقال الآخر :  لا ،  فشرب ابن عمر .

20 وعن سعد بن أبي وقاص ،  أنه تسحر في رمضان بالكوفة ثم خرج إلى المسجد فأقيمت الصلاة .

21 وعن سفيان بن عيينة ،  عن [ شبيب ]  بن غرقدة ،  عن حبان بن الحارث :  أنه تسحر مع علي بن أبي طالب وهما يريدان الصيام ،  فلما فرغ قال للمؤذن :  أقم الصلاة .

22 ومن طريق ابن أبي شيبة ثنا جرير  هو ابن عبد الحميد  عن منصور بن المعتمر ،  عن شبيب بن غرقدة ،  عن أبي عقيل قال :  تسحرت مع علي بن أبي طالب ثم أمر المؤذن أن يقيم الصلاة .

23 ومن طريق ابن أبي شيبة :  ثنا أبو معاوية ،  عن الشيباني  هو أبو إسحاق  عن جبلة بن سحيم عن عامر بن مطر قال :  أتيت عبد الله بن مسعود في داره ،  فأخرج لنا فضل سحور ،  فتسحرنا معه ،  فأقيمت الصلاة ،  فخرجنا فصلينا معه .

24 ومن طريق حذيفة نحو هذا .

25 ومن طريق ابن أبي شيبة :  ثنا عفان بن مسلم ،  ثنا شعبة ،  عن خبيب بن عبد الرحمن قال :  سمعت عمتي  وكانت قد حجت مع رسول الله صلى الله عليه وسلم  قالت :  كان رسول الله صلى الله عليه وسلم يقول :   "" إن ابن أم مكتوم ينادي بليل فكلوا واشربوا حتى ينادي بلال ،  وإن بلالا يؤذن بليل فكلوا واشربوا حتى يؤذن ابن أم مكتوم ""  قالت :  وكان يصعد هذا وينزل هذا قالت :  فكنا نتعلق به فنقول :  كما أنت حتى نتسحر .

قال ابن حزم :  فحصل لنا من هذا الخبر أنهما كانا مؤذنين :  أحدهما قبل الفجر بيسير ،  أيهما كانا حينا هذا وحينا هذا  والآخر ولا بد بعد الفجر .

26 وعن محمد بن علي بن الحسين :  كل حتى يتبين لك الفجر .

27 وعن الحسن :  كل ما امتريت .

28 وعن أبي مجلز :  الساطع :  ذلك الصبح الكاذب ،  ولكن إذا انفضح الصبح في الأفق .

29 وعن إبراهيم النخعي :  المعترض الأحمر يحل الصلاة ويحرم الطعام .

30 وعن ابن جريج :  قلت لعطاء :  أتكره أن أشرب وأنا في البيت لا أدري لعلي قد أصبحت ؟  قال :  لا بأس بذلك هو شك .

31 ومن طريق ابن أبي شيبة ،  ثنا أبو معاوية ،  عن الأعمش ،  عن مسلم قال :  لم يكونوا يعدون الفجر فجركم ،  إنما كانوا يعدون الفجر الذي يملأ البيوت والطرق .

32 وعن أبي وائل :  أنه تسحر وخرج إلى المسجد فأقيمت الصلاة .

33 وعن معمر :  أنه كان يؤخر السحور جدا ،  حتى يقول الجاهل :  لا صوم له .

34 وروينا من طريق شعبة قال :  سألت الحكم بن عتيبة عمن تسحر نهارا وهو يرى أن عليه ليلا ؟  فقال :  يتم صومه .

35 ومن طريق سفيان بن عيينة ،  عن عبد الله بن أبي نجيح عن مجاهد قال :

من أكل بعد طلوع الفجر وهو يظن أنه لم يطلع فليس عليه القضاء ،  لأن الله تعالى يقول :  {  حتى يتبين لكم الخيط الأبيض من الخيط الأسود من الفجر } .

36 ومن طريق ابن أبي شيبة :  ثنا سهل بن يوسف ،  عن عمرو ،  عن الحسن البصري فيمن تسحر وهو يرى أنه ليل قال :  يتم صومه .

37 ومن طريق ابن أبي شيبة :  ثنا أبو داود  هو الطيالسي  عن حبيب ،  عن عمرو بن هرم ،  عن جابر بن زيد فيمن أكل يرى أنه ليل فإذا به نهار ،  قال :  يتم صومه .

38 ومن طريق عبد الرزاق عن ابن جريج ،  ومعمر ،  قال ابن جريج :  عن عطاء وقال معمر :  عن هشام بن عروة عن أبيه ،  ثم اتفق عروة وعطاء فيمن أكل في الصبح وهو يرى أنه ليل :  لم يقضه .

قال ابن حزم :  فهؤلاء :  أبو بكر ،  وعمر ،  وعلي ،  وابن عمر ،  وابن عباس ،  وأبو هريرة ،  وابن مسعود ،  وحذيفة وعمه خبيب ،  وزيد بن ثابت ،  وسعد بن أبي وقاص ،  فهم أحد عشر من الصحابة ،  لا يعرف لهم مخالف من الصحابة رضي الله عنهم .

39 إلا رواية ضعيفة من طريق مكحول عن أبي سعيد الخدري ولم يدركه .

40 ومن طريق يحيى الجزار عن ابن مسعود ولم يدركه .

ومن التابعين :  محمد بن علي ،  وأبو مجلز ،  وإبراهيم ،  ومسلم ،  وأصحاب ابن مسعود ،  وعطاء والحسن ،  والحكم بن عتيبة ،  ومجاهد ،  وعروة بن الزبير ،  وجابر بن زيد .

ومن الفقهاء :  معمر ،  والأعمش  وبالله تعالى التوفيق .

 :  المسألة الخامسة :  حكم مباشرة المرأة حال الاعتكاف .

قال ابن حزم :

ولا يحل للرجل مباشرة المرأة ،  ولا للمرأة مباشرة الرجل في حال الاعتكاف بشيء من الجسم ،  إلا في ترجيل المرأة للمعتكف خاصة ،  فهو مباح ؛  وله إخراج رأسه من المسجد للترجيل .

لقول الله تعالى :  {  ولا تباشروهن وأنتم عاكفون في المساجد } .

فصح أن من تعمد ما نهي عنه من عموم المباشرة  ذاكرا للاعتكافه  فلم يعتكف كما أمر ،  فلا اعتكاف له ،  فإن كان نذرا قضاه ،  وإلا فلا شيء عليه .

وقوله تعالى :  {  وأنتم عاكفون في المساجد } خطاب للجميع من الرجال والنساء ،  فحرمت المباشرة بين الصنفين :

ومن طريق البخاري :  نا محمد بن يوسف ،  نا سفيان الثوري ،  عن منصور بن المعتمر ،  عن إبراهيم النخعي ،  عن الأسود ،  عن عائشة أم المؤمنين قالت :   "" كان رسول الله صلى الله عليه وسلم يخرج رأسه من المسجد وهو معتكف فأرجله وأنا حائض ""  فخرج هذا النوع من المباشرة من عموم نهي الله عز وجل وبالله التوفيق .

ومن باشر ،  أو جامع ناسيا ،  أو مكرها ؛  فالاعتكاف تام لا يكدح كل ذلك فيه شيئا ،  لأنه لم يعمد إبطال اعتكافه وقد صح عن النبي صلى الله عليه وسلم :

 "" رفع عن أمتي الخطأ والنسيان وما استكرهوا عليه ""   .

 المسألة السادسة :  في أقل مدة الاعتكاف .

قال ابن حزم :

ويجوز اعتكاف يوم دون ليلة ،  وليلة دون يوم ،  وما أحب الرجل ،  أو المرأة .

برهان ذلك :

1 قول الله تعالى :  {  ولا تباشروهن وأنتم عاكفون في المساجد } .

2 وروينا من طريق مالك ،  عن يزيد بن عبد الله بن الهاد ،  عن محمد بن إبراهيم بن الحارث التيمي ،  عن أبي سلمة بن عبد الرحمن بن عوف ،  عن أبي سعيد الخدري :  أن رسول الله صلى الله عليه وسلم كان يعتكف العشر الأوسط من رمضان ،  وأنه عليه السلام قال :   "" من كان اعتكف معي فليعتكف العشر الأواخر ""  .

فالقرآن نزل بلسان عربي مبين ،  وبالعربية خاطبنا رسول الله صلى الله عليه وسلم .

3 والاعتكاف في لغة العرب :  الإقامة قال تعالى :  {  ما هذه التماثيل التي أنتم لها عاكفون } بمعنى مقيمون متعبدون لها .

فإذ لا شك في هذا ،  فكل إقامة في مسجد لله تعالى بنية التقرب إليه :  اعتكاف ،  وعكوف فإذ لا شك في هذا ،  فالاعتكاف يقع على ما ذكرنا مما قل من الأزمان أو كثر ،  إذ لم يخص القرآن والسنة عددا من عدد ،  ولا وقتا من وقت ،  ومدعي ذلك مخطئ لأنه قائل بلا برهان .

وممن قال بمثل هذا طائفة من السلف :

4 كما أن محمد بن سعيد بن نبات نا أحمد بن [ عبد البصير ]  ،  نا قاسم بن أصبغ ،  نا محمد بن عبد السلام الخشني ،  نا محمد بن المثنى ،  نا عبد الرحمن بن مهدي ،  عن زائدة عن [ عمران بن مسلم ]  ،  عن سويد بن غفلة قال :

من جلس في المسجد وهو طاهر فهو عاكف فيه ،  ما لم يحدث .

1 ومن طريق عبد الرزاق ،  عن ابن جريج قال :  سمعت عطاء بن أبي رباح يخبر عن يعلى بن أمية قال :  إني لأمكث في المسجد ساعة وما أمكث إلا لأعتكف .

قال عطاء :  حسبت أن صفوان بن يعلى أخبرنيه ؟

قال عطاء :  هو اعتكاف ما مكث فيه ،  وإن جلس في المسجد احتساب الخير فهو معتكف ،  وإلا فلا ؟

قال ابن حزم :  يعلى صاحب ،  وسويد من كبار التابعين ،  أفتى أيام عمر بن الخطاب ،  لا يعرف ليعلى في هذا مخالف من الصحابة .

5 ومن طريق مسلم :  نا زهير بن حرب ،  نا يحيى بن سعيد القطان ،  عن عبيد الله  هو ابن عمر  قال :  أخبرني نافع ،  عن ابن عمر قال :  قال عمر :  يا رسول الله ،  إني نذرت في الجاهلية أن أعتكف ليلة في المسجد الحرام ؟  قال  "" فأوف بنذرك ""  .

فهذا عموم منه عليه السلام بالأمر بالوفاء بالنذر في الاعتكاف ولم يخص عليه السلام مدة من مدة ،  فبطل قول من خالف قولنا  والحمد لله رب العالمين .

فإن قيل :  لم يعتكف رسول الله صلى الله عليه وسلم أقل من عشر ليال ؟

قلنا :  نعم ،  ولم يمنع من أقل من ذلك ،  وكذلك أيضا لم يعتكف قط في غير مسجد المدينة ،  فلا تجيزوا الاعتكاف في غير مسجده عليه السلام ،  ولا اعتكف قط إلا في رمضان وشوال ،  فلا تجيزوا الاعتكاف في غير هذين الشهرين ؟  [ والاعتكاف فعل خير ]  ،  فلا يجوز المنع منه إلا بنص وارد بالمنع  وبالله تعالى التوفيق .

 المسألة السابعة :  في المسجد الذي يصح فيه الاعتكاف .

قال ابن حزم :

الاعتكاف جائز في كل مسجد جمعت فيه الجمعة أو لم تجمع ،  سواء كان مسقفا أو مكشوفا ،  فإن كان لا يصلى فيه جماعة ولا له إمام :  لزمه فرضا الخروج لكل صلاة إلى المسجد تصلى فيه جماعة ،  إلا أن يبعد منه بعدا يكون عليه فيه حرج فلا يلزمه .

وأما المرأة التي لا يلزمها فرض الجماعة فتعتكف فيه .

ولا يجوز الاعتكاف في رحبة المسجد إلا أن تكون منه .

ولا يجوز للمرأة ،  ولا للرجل :  أن يعتكفا أو أحدهما في مسجد داره .

برهان ذلك :

قول الله تعالى :  {  وأنتم عاكفون في المساجد } فعم الله تعالى ولم يخص .

فإن قيل :  قد صح عن رسول الله صلى الله عليه وسلم :   "" جعلت لي الأرض مسجدا وطهورا ""

قلنا :  نعم ،  بمعنى أنه تجوز الصلاة فيه ،  وإلا فقد جاء النص والإجماع بأن البول والغائط جائز فيما عدا المسجد .

فصح أنه ليس لما عدا المسجد حكم المسجد .

فصح أن لا طاعة في إقامة في غير المسجد .

فصح أن الاعتكاف إلا في مسجد ،  وهذا يوجب ما قلنا .

وصح عن إبراهيم وسعيد بن جبير وأبي قلابة :  إباحة الاعتكاف في المساجد التي لا تصلى فيها الجمعة .  وهو قولنا ؛  لأن كل مسجد بني للصلاة فإقامة الصلاة فيه جائزة فهو مسجد جماعة .

قال ابن حزم :  أما من حد مسجد المدينة وحده ،  أو مسجد مكة ومسجد المدينة ،  أو المساجد الثلاثة ،  أو المسجد الجامع فأقوال لا دليل على صحتها فلا معنى لها وهو تخصيص لقول الله تعالى :  {  وأنتم عاكفون في المساجد } .

فإن قيل :  فأين أنتم عما رويتموه من طريق سعيد بن منصور :  نا سفيان  هو ابن عيينة  عن جامع بن أبي راشد ،  عن شقيق بن سلمة قال :  حذيفة لعبد الله بن مسعود :  قد علمت أن رسول الله صلى الله عليه وسلم قال :   "" لا اعتكاف إلا في المساجد الثلاثة أو قال مسجد جماعة ""  .

قلنا :  هذا شك من حذيفة أو ممن دونه ،  ولا يقطع على رسول الله صلى الله عليه وسلم بشك ،  ولو أنه عليه السلام قال :   "" لا اعتكاف إلا في المساجد الثلاثة ""  لحفظه الله تعالى علينا ،  ولم يدخل فيه شكا .

فصح يقينا أنه عليه السلام لم يقله قط .

فإن قيل :  فقد رويتم من طريق سعيد بن منصور :  نا هشيم ،  أنا جويبر ،  عن الضحاك ،  عن حذيفة قال :  قال رسول الله صلى الله عليه وسلم :   "" كل مسجد فيه إمام ومؤذن فالاعتكاف فيه يصلح ""  .

قلنا :  هذه سوأة لا يشتغل بها ذو فهم ،  جويبر هالك ،  والضحاك ضعيف ولم يدرك حذيفة .

وأما مسجد البيت فلا يطلق عليه اسم مسجد ،  ولا خلاف في جواز بيعه ،  وفي أن يجعل كنيفا ،  وقد صح أن أزواج النبي صلى الله عليه وسلم اعتكفن في المسجد وبالله تعالى التوفيق ."
2,178,"قوله تعالى :  {  يا أيها الذين آمنوا كتب عليكم القصاص في القتلى الحر بالحر والعبد بالعبد والأنثى بالأنثى فمن عفي له من أخيه شيء فاتباع بالمعروف وأداء إليه بإحسان ذلك تخفيف من ربكم ورحمة فمن اعتدى بعد ذلك فله عذاب أليم 178 } .

وفيه خمس مسائل :

 المسألة الأولى :  في حكم الدية في قتل العمد .

يرى ابن حزم أن الدية واجبة لولي المقتول  إذا عفى من القصاص  سواء رضي القاتل أم لا .

قال ابن حزم :

ومن قتل مؤمنا عمدا في دار الإسلام أو في دار الحرب  وهو يدري أنه مسلم  فولي المقتول مخير إن شاء قتله بمثل ما قتل هو به وليه :  من ضرب ،  أو طعن ،  أو رمي ،  أو صب من حالق ،  أو تحرير أو تغريق ،  أو شدخ ،  أو إجاعة أو تعطيش ،  أو خنق ،  أو غم ،  أو وطء فرس ،  أو غير ذلك  لا تحاش شيئا .

وإن شاء عفا عنه  أحب القاتل أم كره  لا رأي له في ذلك ،  وليس عفو الولي عن القود وسكوته عن ذكر الدية بذلك بمسقط للدية ،  بل هي واجبة للولي ،  وإن لم يذكرها ،  إلا أن يلفظ بالعفو عن الدية أيضا .

وإن شاء عفا عنه بما يتفقان عليه ،  فهاهنا خاصة إن لم يرضه القاتل لم يلزمه ،  ويكون للولي القود ،  أو الدية ،  فإن أبى الولي إلا أكثر من الدية لم يلزم القاتل أن يزيده على الدية وبرة فما فوقها .

1 قال الله عز وجل :  {  كتب عليكم القصاص في القتلى الحر بالحر والعبد بالعبد والأنثى بالأنثى فمن عفي له من أخيه شيء فاتباع بالمعروف وأداء إليه بإحسان } .

فالضمير في قوله تعالى :  {  له } وفي {  من أخيه } راجع إلى القاتل لا يجوز غير ذلك ،  لأنه هو الذي عفي له من ذنبه في قتل أخيه المسلم .

2 روينا من طريق البخاري أنا أبو نعيم  هو الفضل بن دكين  أنا شيبان عن يحيى  هو ابن أبي كثير  ،  عن أبي سلمة بن عبد الرحمن بن عوف ،  عن أبي هريرة فذكر حديثا وفيه أن رسول الله صلى الله عليه وسلم قال :   "" ومن قتل له فهو بخير النظرين :  إما يودى وإما أن يقاد ""  .

3 ومن طريق أبي داود السجستاني ،  أنا مسدد ،  أنا يحيى بن سعيد القطان ،  أنا ابن أبي ذئب ،  أنا سعيد بن أبي سعيد المقبري قال :  سمعت أبا شريح الكعبي يقول في خبر :   "" فمن قتل له بعد مقالتي هذه قتيل فأهله بين خيرتين :  بين أن يأخذوا العقل وبين أن يقتلوا ""  .

فهذا نص جلي لا يحتمل تأويلا بأن الخيار في الدية أو القود إلى ولي المقتول لا إلى القاتل .

4 وصح قولنا عن ابن عباس :  روينا من طريق البخاري ،  أنا قتيبة بن سعيد ،  أنا سفيان بن عيينة ،  عن عمرو بن دينار ،  عن مجاهد ،  عن ابن عباس  في قول الله عز وجل  :  {  فمن عفي له من أخيه شيء فاتباع بالمعروف وأداء إليه بإحسان }قال :   "" كان في بني إسرائيل القود ،  ولم تكن فيهم الدية ،  قال :  فالعفو :  أن يقبل الدية في العمد يطلب بمعروف ،  ويؤدي بإحسان ""  .

5 ومن طريق حماد بن سلمة ،  أنا عمرو بن دينار ،  عن جابر بن زيد ،  عن ابن عباس  في الآية المذكورة :   "" هو العمد يرضى أهله بالدية اتباعا من الطالب بالمعروف ،  وأداء إليه من المطلوب بإحسان ""

6وصح أيضا عن مجاهد ،  والشعبي ،  وعن عمر بن عبد العزيز .

7 كما روينا من طريق عبد الرزاق ،  عن معمر ،  عن سماك بن الفضل  قاضي صنعاء  قال :  كتب عمر بن عبد العزيز في امرأة قتلت رجلا :   "" إن أحب الأولياء أن يعفوا عفوا ،  وإن أحبوا أن يقتلوا قتلوا ،  وإن أحبوا أن يأخذوا الدية أخذوها ،  وأعطوا امرأته ميراثها من الدية ""  .

8 ومن طريق عبد الرزاق ،  عن معمر ،  عن قتادة قال :   "" يجبر القاتل على إعطاء الدية ،  فإن اتفقوا على ثلاث ديات ،  فهو جائز ،  إنما اشتروا به صاحبهم ""  .

9 وهو قول سعيد بن المسيب ،  ومحمد بن سيرين ،  والأوزاعي .

وأما قولنا  بأن كل ما ذكرنا فهو من قتل عمدا مسلما في دار الحرب ،  وهو يدري أنه مسلم في دار الحرب ،  كما لو فعل ذلك في دار الإسلام ولا فرق  فلعموم نص القرآن ،  والسنة التي أوردنا في ذلك ،  ولم يخص إحدى الدارين من الأخرى ،  {  وما كان ربك نسيا }  .

 المسألة الثانية :  هل للولي عفو في قتل الغيلة أو الحرابة ؟

قال ابن حزم :

اختلف الناس في هذا :  فقالت طائفة :  لا عفو في ذلك للولي .

وقال آخرون :  بل لوليه ما لولي غيره من القتل ،  أو العفو ،  أو الدية .

وقد اختار ابن حزم القول الثاني وذكر أدلته فقال :

1 قال الله تعالى :  {  يا أيها الذين آمنوا كتب عليكم القصاص في القتلى الحر بالحر والعبد بالعبد والأنثى بالأنثى فمن عفي له من أخيه شيء فاتباع بالمعروف وأداء إليه بإحسان ذلك تخفيف من ربكم ورحمة } .

فعم تعالى كل قتل ،  كما ذكر تعالى ،  وجعل العفو في ذلك للولي .

2 وصح عن رسول الله صلى الله عليه وسلم أنه قال :   "" ومن قتل له قتيل بعد مقالتي هذه فأهله بين خيرتين ""  .

فذكر الدية ،  أو القود ،  أو المفاداة ،  والدية لا تكون إلا بالعفو عن القود بلا شك ،  فعم عليه الصلاة والسلام ولم يخص .

ونحن نشهد بشهادة الله تعالى :  أن الله تعالى لو أراد أن يخص من ذلك قتل غيلة ،  أو حرابة ،  لما أغفله ولا أهمله ولبينه صلى الله عليه وآله وسلم .

3 وروينا من طريق عبد الرزاق عن سماك بن الفضل :

أن عروة كتب إلى عمر بن عبد العزيز في رجل خنق صبيا على أوضاح له حتى قتله ،  فوجدوه والحبل في يده ،  فاعترف بذلك ،  فكتب :   "" أن ادفعوه إلى أولياء الصبي فإن شاءوا قتلوه ""   .

المسألة الثالثة :  في قتل الحر بالعبد ،  والعبد بالحر ،  والذكر بالأنثى ،  والأنثى بالذكر .

قال ابن حزم :

قوله صلى الله عليه وسلم :   "" المؤمنون تتكافأ دماؤهم ""  عموم موجب عندنا قتل الحر بالعبد ،  والعبد بالحر ،  والذكر بالأنثى ،  والأنثى بالذكر .

 المسألة الرابعة :  فيمن قتل عمدا فعفي عنه وأخذ منه الدية ،  أو المفاداة .

قال ابن حزم :

اختلف الناس في هذا فقالت طائفة :  يجلد مائة وينفى سنة .

وقال آخرون :  لا شيء عليه .

وقد اختار ابن حزم القول الثاني وذكر أدلته فقال :

1 قال الله تعالى :  {  فمن عفي له من أخيه شيء فاتباع بالمعروف وأداء إليه بإحسان ذلك تخفيف من ربكم ورحمة فمن اعتدى بعد ذلك فله عذاب أليم } فأوجب الله تعالى نصا لا خفاء به :  أن من قتل عمدا فوجب عليه القصاص في القتل ،  ثم عفي عنه على مال ،  فواجب على الولي العافي أن يتبع القاتل المعفو عنه بالمعروف ،  وأوجب الله تعالى على القاتل المعفو عنه أن يؤدي ما عفي عنه عليه بإحسان وليس من المعروف والإحسان الضرب بالسياط ،  والنفي عن الأوطان سنة .

2 قال رسول الله صلى الله عليه وسلم :   "" إن دماءكم وأموالكم وأعراضكم وأبشاركم عليكم حرام ""  .  فصح أن بشرة القاتل محرمة بتحريم الله تعالى فلا يحل جلده ،  ولا نفيه ،  إذ لم يوجب ذلك قرآن ولا سنة ،  ولا إجماع ،  ولا دليل من الأدلة أصلا .

3 حدثنا عبد الله بن يوسف ،  نا أحمد بن فتح ،  نا عبد الوهاب بن عيسى ،  نا أحمد بن محمد ،  نا أحمد بن علي ،  نا مسلم بن الحجاج ،  نا محمد بن حاتم ،  نا سعيد بن سليمان ،  نا هشيم ،  نا إسماعيل بن سالم ،  عن علقمة بن وائل بن حجر ،  عن أبيه قال :   "" أتي رسول الله صلى الله عليه وسلم برجل قد قتل رجلا فأقاد ولي المقتول منه ،  فانطلق به وفي عنقه نسعة يجرها ،  فلما أدبر الرجل قال رسول الله صلى الله عليه وسلم :  القاتل والمقتول في النار ""  فأتى رجل إلى الرجل فقال له مقالة النبي صلى الله عليه وسلم ،  فخلى عنه .  قال إسماعيل بن سالم :  فذكرت ذلك لحبيب بن أبي ثابت .  فقال :  حدثني ابن أشوع  "" أن النبي صلى الله عليه وسلم إنما سأله أن يعفو عنه فأبى .

4 نا عبد الله بن ربيع ،  نا محمد بن معاوية ،  نا أحمد بن شعيب ،  نا محمد بن بشار ،  نا يحيى بن سعيد القطان ،  عن عوف بن أبي جميلة وجامع بن مطر الحبطي قال عوف :  حدثني حمزة العائذي أبو عمر ،  ثم اتفق جامع ،  وحمزة ،  كلاهما عن علقمة بن وائل بن حجر عن وائل قال :   "" شهدت النبي صلى الله عليه وسلم حين جيء بالقاتل يقوده ولي المقتول في نسعته ،  فقال رسول الله صلى الله عليه وسلم لولي المقتول أتعفو عنه ؟  قال :  لا ،  قال له :  أتأخذ الدية ؟  .  قال :  لا ،  قال :  فتقتله ؟  قال :  نعم ،  قال :  اذهب به .  فلما تولى من عنده دعاه قال له :  أتعفو عنه ؟  قال :  لا ،  قال له :  فتأخذ الدية ؟  قال :  لا ،  قال :  فتقتله ؟  قال :  نعم ،  قال :  اذهب فقال رسول الله صلى الله عليه وسلم عند ذلك :  أما إنك إن عفوت عنه يبوء بإثمه وإثم صاحبك ،  فعفا عنه وتركه ،  قال :  فأنا رأيته يجر نسعته ""  .

قال يحيى بن سعيد القطان  وقد ذكر هذين الحديثين فقال عن حديث جامع  :

هو أحسن منه يعني :  أنه أحسن من حديث حمزة .

قال ابن حزم :  وهو كذلك ،  لأن حمزة العائذي شيخ مجهول لا يعرف .

 قاله ابن معين ،  ولم يوثقه أحد نعلمه ،  وأما جامع من مطر فقال فيه أحمد بن حنبل :  لا بأس به .

وما علمنا أحدا جرحه وقد روى عنه أئمة :  يحيى ،  وعبد الصمد بن عبد الوارث ،  وحفص بن عمر الحوضي ،  وغيرهم .

5 نا عبد الله بن ربيع ،  نا محمد بن معاوية ،  نا أحمد بن شعيب ،  نا عمرو بن منصور ،  نا حفص بن عمر هو الحوضي  نا جامع بن مطر ،  عن علقمة بن وائل ،  عن أبيه قال :   "" كنت مع رسول الله صلى الله عليه وسلم قاعدا عنده إذ جاءه رجل في عنقه نسعة فقال يا رسول الله إن هذا وأخي كانا في جب يحفرانها ،  فرفع المنقار فضرب به رأس صاحبه فقتله ؟  فقال :  رسول الله صلى الله عليه وسلم اعف عنه ،  فأبى وقام فقال :  يا نبي الله إن هذا وأخي كانا في بئر يحفرانها فرفع المنقار فضرب بها رأس صاحبه فقتله ؟  قال :  اعف عنه فأبى ،  ثم قام فقال :  يا رسول الله هذا وأخي كانا في جب يحفرانها فرفع المنقار  أراه قال :  فضرب به رأس صاحبه فقتله قال :  اعف عنه فأبى ،  قال :  اذهب إن قتلته كنت مثله ،  فخرج به حتى جاوز ،  فناديناه :  أما تسمع ما يقول رسول الله صلى الله عليه وسلم فرجع فقال :  إن قتلته كنت مثله ؟  قال :  نعم ،  اعف عنه ،  فخرج يجر نسعته حتى خفي علينا ""  .

6 حدثنا عبد الله بن ربيع ،  نا محمد بن معاوية ،  نا أحمد بن شعيب ،  نا عيسى بن يونس الفاخوري ،  نا ضمرة ،  عن عبد الله بن شؤذب ،  عن ثابت البناني ،  عن أنس :   "" أن رجلا أتى بقاتل وليه رسول الله صلى الله عليه وسلم فقال له النبي عليه الصلاة والسلام :  اعف عنه .  فأبى فقال :  خذ الدية .  فأبى ،  قال :  اذهب فاقتله فإنك مثله فخلى سبيله ،  فمر الرجل وهو يجر نسعته ""  .

قال ابن حزم :  أما حديث إسماعيل بن سالم ،  وجامع بن مطر ،  كلاهما عن علقمة ،  فجيدان تقوم الحجة بهما وفي كليهما إطلاق القاتل المعفو عنه ،  ومسيره حتى غاب عنهم ،  وخفي عنهم ،  لا ضرب ولا نفي .  فصح قول من رأى أن لا جلد على القاتل ولا نفي إذا عفي عنه .

7 وهو قول ابن عباس ولا يصح عن أحد من الصحابة  رضي الله عنهم   خلاف له أصلا .

 المسألة الخامسة :  في الولي يعفو أو يأخذ الدية ثم يقتل .

قال ابن حزم :

اختلف الناس في هذا .

فقالت طائفة :  يقتل .

1 كما حدثنا عبد الله بن ربيع ،  نا ابن مفرج ،  نا قاسم بن أصبغ ،  نا ابن وضاح ،  نا سحنون ،  نا ابن وهب ،  نا يونس قال :  سألت ابن شهاب عن رجل قتل رجلا ثم صالح ،  فأدى الدية ثم قتله ؟  قال :  نرى أن يقاد به صاغرا ،  ولوليه أن يعفو عنه إن شاء .

2 حدثنا حمام ،  نا عبد الله بن محمد ،  بن علي الباجي ،  نا عبد الله بن يونس ،  نا بقي بن مخلد ،  نا أبو بكر بن أبي شيبة ،  نا عبد الرحمن بن مهدي ،  عن القاسم بن الفضل ،  عن هارون ،  عن عكرمة في رجل قتل بعد أخذ الدية ،  قال :  يقتل ،  أما سمعت قوله تعالى {  فمن اعتدى بعد ذلك فله عذاب أليم }  .

وقالت طائفة :  لا يقتل .

قال ابن حزم :  فلما اختلفوا  كما ذكرنا  وجب أن ننظر في ذلك لنعلم الحق فنتبعه  بعون الله تعالى ومنه  فنظرنا في ذلك :

فوجدنا رسول الله صلى الله عليه وسلم قد قال :   "" من قتل له بعد مقالتي هذه قتيل فأهله بين خيرتين إما أن يأخذوا العقل وإما أن يقتلوا أو كلاما هذا معناه .

فصح أن رسول الله صلى الله عليه وسلم لم يجعل للأهل إلا أحد الأمرين :  إما الدية ،  وإما القود ولم يجعل الأمرين معا ،  فإذا قتل فلا دية له ،  وإذا أخذ الدية فلا قتل له  هذا نص حكمه عليه الصلاة والسلام .

فوجدنا أهل المقتول لما عفوا وأخذوا الدية حلت لهم ،  وصارت حقهم ،  وبطل ما كان لهم من القود ،  ليس لهم جميع الأمرين بالنص ،  فإذا بطل حقهم في القود بذلك القود وحلت الدية .  ولولا أن القود حرم لما حلت الدية فإذا حرم القود فقد قتلوا نفسا محرمة حرمها الله تعالى ،  وإذ قتلوا نفسا محرمة فالقود واجب في ذلك ،  بقول رسول الله صلى الله عليه وسلم :   "" لا يحل دم امرئ مسلم إلا بإحدى ثلاث :  رجل كفر بعد إيمانه ،  أو زنى بعد إحصانه ،  أو قتل نفسا بغير نفس ""  .

فإن قيل :  هذا قتل نفس بنفس ؟

قيل له :  لا تحل النفس بالنفس إلا حيث أحلها الله تعالى على لسان نبيه صلى الله عليه وسلم وإنما أحلها الله تعالى إذا اختاروا ذلك دون الدية ،  وأما إذا اختاروا الدية فقد حرم الله تعالى عليهم تلك النفس ،  إذ لم يجعل لهم إلا أحد الأمرين .

ومن ادعى في ذلك شيئا صح تحليله أنه حرم فهو مبطل ،  إلا أن يأتي في دعواه ذلك بنص ،  أو إجماع وقد صح بيقين كون الدية لهم حلالا ،  ومالا من مالهم إذا أخذوها ،  وصح تحريم القود عليهم بذلك بلا خلاف ،  إذ لا يقول أحد في الأرض ،  إنهم يجمعون الأمرين معا الدية والقود .

فإذ لا شك فيما ذكرنا فمن ادعى أن الدم الذي قد صح تحريمه عليهم عاد حلالا لهم ،  وأن الدية التي أخذوا فحلت لهم قد حرمت عليهم ،  لم يصدق إلا بقرآن أو سنة ،  ولا سبيل لهم إلى وجود ذلك  وبالله تعالى التوفيق .

قوله تعالى :  {  كتب عليكم إذا حضر أحدكم الموت إن ترك خيرا الوصية للوالدين والأقربين بالمعروف حقا على المتقين 180 } .

وفيه مسألتان :

 :  المسألة الأولى :  في حكم الوصية .

قال ابن حزم :

الوصية فرض على كل من ترك مالا .

1 قال تعالى :  {  كتب عليكم إذا حضر أحدكم الموت إن ترك خيرا الوصية للوالدين والأقربين } .

1 ولما روينا من طريق مالك ،  عن نافع ،  عن ابن عمر قال :  قال رسول الله صلى الله عليه وسلم :   "" ما حق امرئ مسلم له شيء يوصي فيه يبيت ليلتين إلا ووصيته عنده مكتوبة ""  قال ابن عمر :  ما مرت علي ليلة مذ سمعت رسول الله صلى الله عليه وسلم قال ذلك إلا وعندي وصيتي .

2 وروينا إيجاب الوصية من طريق ابن المبارك ،  عن عبد الله بن عون ،  عن نافع ،  عن ابن عمر من قوله .

3 ومن طريق عبد الرزاق ،  عن الحسن بن عبيد الله قال :  كان طلحة ،  والزبير يشددان في الوصية .

وهو قول عبد الله بن أبي أوفى ،  وطلحة بن مصرف ،  وطاوس ،  والشعبي ،  وغيرهم .  وهو قول أبي سليمان ،  وجميع أصحابنا .

وقال قوم :  ليست فرضا ،  واحتجوا :  بأن هذا الخبر رواه يحيى بن سعيد القطان عن عبيد الله بن عمر ،  عن نافع ،  عن ابن عمر ،  عن النبي صلى الله عليه وسلم فقال فيه :   "" له شيء يريد أن يوصي فيه ""  قالوا :  فرد الأمر إلى إرادته .

قال ابن حزم :  أما من زاد في روايته  "" يريد أن يوصي ""  فإن مالك بن أنس رواه كما أوردنا بغير هذا اللفظ ،  لكن بلفظ الإيجاب فقط .

ورواه عبد الله بن نمير ،  وعبدة بن سليمان ،  عن عبيد الله بن عمر ،  عن نافع ،  عن ابن عمر ،  كما رواه مالك .

ورواه يونس بن يزيد ،  عن نافع ،  عن ابن عمر ،  كما رواه مالك .

ورواه ابن وهب عن عمرو بن الحارث ،  عن سالم بن عبد الله بن عمر ،  عن أبيه عن النبي صلى الله عليه وسلم ،  كما رواه مالك ،  ويونس عن نافع

وكلا الروايتين صحيح فإذ هما صحيحان فقد وجبت الوصية برواية مالك ،  ووجب عليه أن يريدها ولا بد  وبالله تعالى التوفيق

 المسألة الثانية :  في حكم الوصية للأقارب الذين لا يرثون ،  وهل الآية محكمة أو منسوخة

يرى ابن حزم أن الآية محكمة في الأقارب الذين لا يرثون ،  والوصية واجبة لهم ،  أما من كان وارثا فقد نسخ بقوله صلى الله عليه وسلم :   "" لا وصية لوارث ""

وهو يرد القول بأن الآية منسوخة بآيات المواريث

قال ابن حزم :

وفرض على كل مسلم أن يوصي لقرابته الذين لا يرثون ،  إما لرق ،  وإما لكفر ،  وإما لأن هنالك من يحجبهم عن الميراث أو لأنهم لا يرثون فيوصي لهم  بما طابت به نفسه ،  لا حد في ذلك ،  فإن لم يفعل أعطوا ولا بد ما رآه الورثة أو الوصي فإن كان والداه أو أحدهما على الكفر ،  أو مملوكا ففرض عليه أيضا أن يوصي لهما ،  أولأحدهما إن لم يكن الآخر كذلك ،  فإن لم يفعل أعطي ،  أو أعطيا من المال ولا بد ،  ثم يوصي فيما شاء بعد ذلك

فإن أوصى لثلاثة من أقاربه المذكورين أجزأه

والأقربون :  هم من يجتمعون مع الميت في الأب الذي به يعرف إذا نسب ،  ومن جهة أمه كذلك أيضا :  هو من يجتمع مع أمه في الأب الذي يعرف بالنسبة إليه ،  لأن هؤلاء في اللغة أقارب ،  ولا يجوز أن يوقع على غير هؤلاء اسم أقارب بلا برهان

برهان ذلك :

1 قول الله تعالى :  {  الوصية للوالدين والأقربين بالمعروف حقا على المتقين فمن بدله بعد ما سمعه فإنما إثمه على الذين يبدلونه إن الله سميع عليم } فهذا فرض كما تسمع ،  فخرج منه الوالدان ،  والأقربون الوارثون ،  وبقي من لا يرث منهم على هذا الفرض وإذ هو حق لهم واجب فقد وجب لهم من ماله جزء مفروض إخراجه لمن وجب له إن ظلم هو ،  ولم يأمر بإخراجه ،  وإذا أوصى لمن أمر به فلم ينه عن الوصية لغيرهم ،  فقد أدى ما أمر به ،  وله أن يوصي بعد ذلك بما أحب ومن أوصى لثلاثة أقربين فقد أوصى للأقربين

وهذا قول طائفة من السلف :

2 روينا من طريق عبد الرزاق عن معمر ،  وابن جريج كلاهما عن عبد الله بن طاوس ،  عن أبيه قال :  من أوصى لقوم  وسماهم وترك ذوي قرابته محتاجين انتزعت منهم وردت على ذوي قرابته ،  فإن لم يكن في أهله فقراء فللأهل الفقر من كانوا

3 ومن طريق عبد الرزاق نا معمر ،  عن قتادة ،  عن الحسن ،  قال :  إذا أوصى في غير أقاربه بالثلث :  جاز لهم ثلث الثلث ،  ورد على قرابته :  ثلثا الثلث

4 ومن طريق الحجاج بن المنهال ،  نا أبو هلال ،  عن قتادة عن سعيد بن المسيب ،  أنه قال فيمن أوصى لثلاثة في غير قرابته ،  فقال :  للقرابة الثلثان ،  ولمن أوصى له الثلث

5 ومن طريق إسماعيل بن إسحاق القاضي ،  نا علي بن عبد الله  هو ابن المديني  نا أبو معاوية الضرير ،  نا الأعمش ،  عن مسروق ،  أنه قال :  إن الله قسم بينكم فأحسن القسمة ،  وإنه من يرغب برأيه عن رأي الله عز وجل يضل ،  أوص لقرابتك ممن لا يرث ،  ثم دع المال على ما قسمه الله عليه

6 ومن طريق إسماعيل ،  نا سليمان بن حرب ،  نا حماد بن سلمة ،  عن عطاء بن أبي ميمونة قال :  سألت مسلم بن يسار ،  والعلاء بن زياد عن قول الله عز وجل :  {  إن ترك خيرا الوصية للوالدين والأقربين } فدعوا بالمصحف فقرآ هذه الآية فقالا :  هي للقرابة

7 ومن طريق إسماعيل ،  نا علي بن عبد الله ،  نا معاذ بن هشام الدستوائي :  حدثني أبي ،  عن قتادة عن عبد الملك ،  بن يعلى :  أنه كان يقول فيمن يوصي لغير ذي القربى وله ذو قرابة ممن لا يرثه :  أنه يجعل ثلثا الثلث لذوي القرابة وثلث الثلث لمن أوصى له به

8 ومن طريق إسماعيل ،  نا محمد بن عبيد ،  نا محمد بن ثور ،  عن معمر ،  عن قتادة في قول الله تعالى :  {  إن ترك خيرا الوصية للوالدين والأقربين }قال :  نسخ منها الوالدان ،  وترك الأقارب ممن لا يرث

9 ومن طريق إسماعيل ،  نا الحجاج بن المنهال ،  نا حماد بن سلمة ،  عن إياس بن معاوية قال :  هي للقرابة  يعني الوصية

وبوجوب الوصية للقرابة الذين لا يرثون يقول إسحاق ،  وأبو سليمان

وقال ابن حزم في موضع آخر :

ومما نسخ من القرآن بالسنة قوله تعالى :  {  إن ترك خيرا الوصية للوالدين والأقربين } نسخ بعضها قوله صلى الله عليه وسلم :   "" لا وصية لوارث ""  .  وقد قال قوم :  إن آيات المواريث نسخت هذه الآية .

وهذا خطأ محض ؛  لأن النسخ هو رفع حكم المنسوخ ومضاد له ،  وليس في آية المواريث ما يمنع الوصية للوالدين والأقربين ،  إذ جائز أن يرثوا ويوصي لهم مع ذلك من الثلث ."
2,183,"قوله تعالى :  {  يا أيها الذين آمنوا كتب عليكم الصيام كما كتب على الذين من قبلكم لعلكم تتقون 183 أياما معدودات فمن كان منكم مريضا أو على سفر فعدة من أيام أخر وعلى الذين يطيقونه فدية طعام مسكين فمن تطوع خيرا فهو خير له وأن تصوموا خير لكم إن كنتم تعلمون 184 شهر رمضان الذي أنزل فيه القرآن هدى للناس وبينات من الهدى والفرقان فمن شهد منكم الشهر فليصمه ومن كان مريضا أو على سفر فعدة من أيام أخر يريد الله بكم اليسر ولا يريد بكم العسر ولتكملوا العدة ولتكبروا الله على ما هداكم ولعلكم تشكرون 185 }

وفيه مسألتان :

 :  المسألة الأولى :  في نسخ الآية ،  وفي إفطار الحامل والمرضع ،  والشيخ الكبير في رمضان .

يرى ابن حزم أن قوله تعالى :  {  وعلى الذين يطيقونه فدية طعام مسكين } منسوخ بالآية التي بعدها .

ويرى أن الحامل والمرضع إذا خافتا على ولديهما ،  فإن عليهما الفطر ،  ولا قضاء عليهما ولا فدية ،  وإذا خافتا على نفسيهما ،  فلهما الفطر وعليهما القضاء دون الفدية ،  وأما الكبير الذي لا يطيق الصوم ،  فله الفطر ولا قضاء عليه ولا فدية .

قال ابن حزم :

والحامل ،  والمرضع ،  والشيخ الكبير ،  كلهم مخاطبون بالصوم ،  فصوم رمضان فرض عليهم ،  فإن خافت المرضع على المرضع قلة اللبن وضيعته لذلك ولم يكن له غيرها ،  أو لم يقبل ثدي غيرها ،  أو خافت الحامل على الجنين ،  أو عجز الشيخ عن الصوم لكبره ،  أفطروا ولا قضاء عليهم ولا إطعام فإن أفطروا لمرض بهم عارض فعليهم القضاء .

أما قضاؤهم لمرض فلقول الله تعالى :  {  فمن كان منكم مريضا أو على سفر فعدة من أيام أخر } .

وأما وجوب الفطر عليهما في الخوف على الجنين ،  والرضيع ،  فلقول الله تعالى :  {  قد خسر الذين قتلوا أولادهم سفها بغير علم } .

وقال رسول الله صلى الله عليه وسلم :   "" من لا يرحم لا يرحم ""  .

فإذ رحمة الجنين ،  والرضيع :  فرض ولا وصول إليها إلا بالفطر :  فالفطر فرض	 ،  وإذ هو فرض فقد سقط عنهما الصوم ،  وإذا سقط الصوم فإيجاب القضاء عليهما شرع لم يأذن الله تعالى به ولم يوجب الله تعالى القضاء إلا على المريض ،  والمسافر ،  والحائض ،  والنفساء ،  ومتعمد القيء فقط ،  {  ومن يتعد حدود الله فقد ظلم نفسه } .

وأما الشيخ الذي لا يطيق الصوم لكبره فالله تعالى يقول :  {  لا يكلف الله نفسا إلا وسعها } فإذا لم يكن الصوم في وسعه فلم يكلفه .  وأما تكليفهم إطعاما فقد قال رسول الله صلى الله عليه وسلم :   "" إن دماءكم وأموالكم عليكم حرام ""  فلا يجوز لأحد إيجاب غرامة لم يأت بها نص ولا إجماع .

وقد روينا عن ابن عباس مثل قولنا كما روينا عن إسماعيل بن إسحاق ،  نا إبراهيم بن حمزة الزبيري ،  نا عبد العزيز بن محمد ،  هو الدراوردي  عن حميد ،  عن بكر بن عبد الله المزني ،  عن ابن عباس أنه سئل عن مرضع في رمضان خشيت على ولدها فرخص لها ابن عباس في الفطر ولم يذكر قضاء ولا طعاما .

واحتج من رأى الإطعام في ذلك بقول الله تعالى :  {  وعلى الذين يطيقونه فدية طعام مسكين } .

وذكروا ما رويناه من طريق حماد بن سلمة ،  نا قتادة ،  عن عكرمة قال :  نزلت هذه الآية في الجبلى والمرضع ،  والشيخ ،  والعجوز .

لكن الحق في ذلك ما رويناه من طريق سلمة بن الأكوع ،  أن هذه الآية منسوخة .

[ حدثنا عبد الله بن يوسف ،  ثنا أحمد بن فتح ،  نا عبد الوهاب بن عيسى ،  نا أحمد بن محمد ،  نا أحمد بن علي ،  نا مسلم بن الحجاج ،  حدثني عمرو بن سواد ،  أنا عبد الله بن وهب ،  أنا عمرو بن الحارث ،  عن بكير بن الأشج ،  عن يزيد مولى سلمة بن الأكوع ،  عن سلمة بن الأكوع قال :  كنا في رمضان على عهد رسول الله صلى الله عليه وسلم من شاء صام ومن شاء أفطر فافتدى بطعام مسكين حتى نزلت هذه الآية :  {  فمن شهد منكم الشهر فليصمه } .

وبه إلى مسلم  :  نا قتيبة بن سعيد ،  نا بكر  يعني ابن مضر  عن عمرو بن الحارث ،  عن بكير بن الأشج ،  عن يزيد مولى سلمة بن الأكوع ،  عن سلمة بن الأكوع ،  قال :  لما نزلت هذه الآية :  {  وعلى الذين يطيقونه فدية طعام مسكين } كان من أراد أن يفطر ويفتدى حتى نزلت الآية التي بعدها فنسختها ] .

ومن طريق حماد بن زيد ،  عن سلمة بن علقمة [ عن ]  محمد بن سيرين ،  عن ابن عباس أنه قرأ هذه الآية {  فدية طعام مسكين } فقال :  هي منسوخة .

فهذا هو المسند الصحيح الذي لا يجوز خلافه .

وأما الرواية عن ابن عباس :  أنه كان يقرؤها ( وعلى الذين يطوقونه )  ،  فقراءة لا يحل لأحد أن يقرأ بها ،  لأن القرآن لا يؤخذ إلا عن لفظ رسول الله صلى الله عليه وسلم فمن احتج بهذه الرواية فليقرأ بهذه القراءة وحاش الله أن يطوق الشيخ ما لا يطيقه .

وقد صح عن سلمة بن الأكوع ،  وععن ابن عباس نسخ هذه الآية ،  وأنها لم تنزل قط في الشيخ ،  ولا في الحامل ،  ولا في المرضع وإنما نزلت في حال وقد نسخت وبطلت .

 المسألة الثانية :  حكم قراءة {  يطوقونه } بضم الياء ،  وفتح الطاء ،  وتشديد الواء ،  مبنيا للمفعول .

قال ابن حزم :

روينا من طريق إسماعيل عن علي بن عبد الله ،  عن سفيان ،  وجرير ،  قال عمرو بن دينار :  أخبرني عطاء ،  أنه سمع ابن عباس يقرؤها :  {  وعلى الذين يطوقونه فدية طعام مسكين } يكلفونه ولا يطيقونه .  قال :  هذا الشيخ الكبير الهرم والمرأة الكبيرة الهرمة لا يستطيع الصوم يفطر ويطعم كل يوم مسكينا .

وقال جرير :  عن منصور عن مجاهد عن ابن عباس :  مثله .

قال ابن حزم :  هذا صحيح عن ابن عباس ،  وهي قراءة لا يحل لأحد أن يقرأ بها ،  لأن القرآن لا يؤخذ إلا عن لفظ رسول الله صلى الله عليه وسلم ،  فمن احتج بهذه الرواية فليقرأ بهذه القراءة ،  وحاش الله أن يطوق الشيخ ما لا يطيقه ."
2,185,"قوله تعالى :  {  شهر رمضان الذي أنزل فيه القرآن هدى للناس وبينات من الهدى والفرقان فمن شهد منكم الشهر فليصمه ومن كان مريضا أو على سفر فعدة من أيام أخر يريد الله بكم اليسر ولا يريد بكم العسر ولتكملوا العدة ولتكبروا الله على ما هداكم ولعلكم تشكرون185 } .

فيه سبع مسائل :

 المسألة الأولى :  فيمن أدركه رمضان وهو مقيم ثم سافر .

قال ابن حزم :

روينا عن علي ،  من طريق حماد بن سلمة ،  عن قتادة ،  عن محمد بن سيرين ،  عن عبيدة السلماني ،  عن علي بن أبي طالب قال :  من أدركه رمضان وهو مقيم ثم سافر بعد لزمه الصوم ،  لأن الله تعالى قال :  {  فمن شهد منكم الشهر فليصمه } .

وعن عبيدة مثله .

ومن طريق ابن عباس مثله .

وعن عائشة أم المؤمنين :  أنها نهت عن السفر في رمضان .

وعن خيثمة كانوا يقولون :  إذا حضر رمضان :  فلا تسافر حتى تصوم .

وعن أبي مجلز مثله قال :  فإن [ أبى إلا أن يسافر ]  فليصم .

وعن إبراهيم النخعي مثل قول أبي مجلز .

وعن عروة بن الزبير أنه سئل عن المسافر أيصوم أم يفطر ؟  فقال :  يصوم .

[ وحجة هؤلاء ] قول الله تعالى :  {  فمن شهد منكم الشهر فليصمه ] .

قال ابن حزم :

لا حجة لهم في هذه الآية لأن الله تعالى لم يقل :  فمن شهد بعض الشهر فليصمه ،  وإنما أوجب تعالى صيامه على من شهد الشهر لا على من شهد بعضه ،  ثم يبطل قولهم أيضا قول الله تعالى :  {  ومن كان مريضا أو على سفر فعدة من أيام أخر } فجعل السفر والمرض ناقلين عن الصوم فيه إلى الفطر .

وأيضا :  فإن رسول الله صلى الله عليه وسلم صح عنه أنه سافر في رمضان عام الفتح فأفطر ،  وهو أعلم بمراد ربه تعالى ،  والبلاغ منه نأخذه ،  وعنه لا من غيره .

 المسألة الثانية :  في حد المرض المبيح للفطر .

قال ابن حزم :

وأما المريض فإن كان يؤذيه الصوم فتكلفه لم يجزه ،  وعليه أن يقضيه ،  لأنه منهي عن الحرج والتكلف ،  وعن أذى نفسه ،  وإن كان لا يشق عليه أجزأه ،  لأنه لا خلاف في ذلك ،  وما نعلم مريضا لا حرج عليه في الصوم ،  قال الله تعالى :

{  وما جعل عليكم في الدين من حرج } فالحرج لم يجعله الله تعالى في الدين .

 المسألة الثالثة :  في حكم الصوم في السفر .

قال ابن حزم :

ومن سافر في رمضان  سفر طاعة أو [ سفر ] معصية ،  أو لا طاعة ولا معصية  ففرض عليه الفطر إذا تجاوز ميلا ،  أو بلغه ،  إو إزاءه ،  وقد بطل صومه حينئذ لا قبل ذلك ،  ويقضي بعد ذلك في أيام أخر ،  وله أن يصومه تطوعا ،  أو عن واجب لزمه ،  أو قضاء عن رمضان خال لزمه ،  وإن وافق فيه يوم نذره صامه لنذره .

برهان صحة قولنا  :

1 قول الله تعالى :  {  فمن شهد منكم الشهر فليصمه ومن كان مريضا أو على سفر فعدة من أيام أخر } فعم تعالى الأسفار كلها ولم يخص سفرا من سفر .

وهذه آية محكمة بإجماع من أهل الإسلام لا منسوخة ولا مخصوصة .

فصح أن الله تعالى لم يفرض صوم الشهر إلا على من شهده ،  ولا فرض على المريض ،  والمسافر إلا أياما أخر غير رمضان ،  وهذا نص جلي لا حيلة فيه ،  ولا يجوز لمن قال :  إنما معنى ذلك إن أفطرا فيه ،  لأنها دعوى موضوعة بلا برهان .

قال الله تعالى :  {  قل هاتوا برهانكم إن كنتم صادقين } .

2 نا عبد الله بن يوسف ،  نا أحمد بن فتح ،  نا عبد الوهاب بن عيسى ،  نا أحمد بن محمد ،  نا أحمد بن علي ،  نا مسلم بن الحجاج ،  نا محمد بن المثنى ،  نا عبد الوهاب  هو ابن عبد المجيد الثقفي  نا جعفر بن محمد بن علي بن الحسين ،  عن أبيه ،  عن جابر بن عبد الله :   "" أن رسول الله صلى الله عليه وسلم خرج عام الفتح إلى مكة في رمضان فصام حتى بلغ كراع الغميم ،  فصام الناس ،  ثم دعا بقدح من ماء فرفعه حتى نظر الناس إليه ثم شرب ،  فقيل له بعد ذلك :  إن بعض الناس قد صام ؟ فقال :  أولئك العصاة أولئك العصاة ""  .

قال ابن حزم :  إن كان صيامه عليه السلام لرمضان فقد نسخه بقوله :   "" أولئك العصاة ""  وصار الفطر فرضا والصوم معصية ،  ولا سبيل إلى خبر ناسخ لهذا أبدا ،  وإن كان صيامه عليه السلام تطوعا فهذا أحرى للمنع من صيام رمضان لرمضان في السفر .

3 ومن طريق البخاري ،  ومسلم .  قال البخاري :  نا آدم ،  وقال مسلم :  نا أبو بكر بن أبي شيبة ،  نا محمد بن جعفر ،  ثم اتفق آدم ومحمد وكلاهما عن شعبة ،  عن محمد بن عبد الرحمن بن سعد بن زرارة الأنصاري ،  عن محمد بن [ عمرو ] بن الحسن بن علي بن أبي طالب ،  عن جابر بن عبد الله قال :  كان رسول الله صلى الله عليه وسلم في سفر فرأى رجلا قد ظلل عليه فسأل عنه فقيل :  صائم ،  فقال :   "" ليس من البر الصوم في السفر ""  هذا لفظ آدم ،  ولفظ غندر :   "" ليس من البر أن تصوموا في السفر ""  .

قال ابن حزم :  وهذا مكشوف واضح .

فإن قيل :  إنما منع عليه السلام في مثل حال ذلك الرجل ؟

قلنا :  هذا باطل لا يجوز ،  لأن تلك الحال محرم البلوغ إليها باختيار المرء للصوم في الحضر كما هو في السفر فتخصيص النبي صلى الله عليه وسلم بالمنع من الصيام في السفر إبطال لهذه الدعوىالمفتراة عليه صلى الله عليه وسلم وواجب أخذ كلامه عليه السلام على عمومه .

4 ومن طريق سفيان بن عيينة ،  عن الزهري ،  عن صفوان بن عبد الله بن صفوان بن أمية الجمحي ،  عن أم الدرداء ،  عن كعب بن عاصم الأشعري قال :  سمعت رسول الله صلى الله عليه وسلم يقول :   "" ليس من البر الصيام في السفر ""  .

صفوان ثقة مشهور مكي كان متزوجا بالدرداء بنت أبي الدرداء .

وكعب بن عاصم مشهور الصحبة هاجر مع أبي موسى وهو من الأشاقر حي من الأزد .

5 ومن طريق شعيب بن إسحاق ،  عن الأوزاعي ،  حدثني يحيى  هو ابن أبي كثير  حدثني أبو قلابة الجرمي ،  أن أبا أمية عمرو بن أمية الضمري أخبره ،  أن رسول الله صلى الله عليه وسلم قال له وقد دعاه إلى الغداء :   "" أخبرك عن المسافر ؟  إن الله وضع عنه الصيام ونصف الصلاة ""  .

6 ومن طريق أبي زرعة عبيد الله بن عبد الكريم ،  نا سهل بن بكار ،  نا أبو عوانة ،  عن أبي بشر ،  عن هانئ بن عبد الله بن الشخير ،  عن أبيه أن رسول الله صلى الله عليه وسلم قال له ودعاه إلى الغداء :   "" أتدري ما وضع الله عن المسافر ؟  قلت :  ما وضع الله عن المسافر ؟  قال :  الصوم ،  وشطر الصلاة ""  .

7 ومن طريق يحيى بن أبي كثير ،  عن محمد بن عبد الرحمن بن ثوبان ،  حدثني جابر بن عبد الله ،  أن رسول الله صلى الله عليه وسلم مر برجل في ظل يرش عليه الماء فسأل عنه فأخبر أنه صائم فقال :   "" ليس من البر أن تصوموا في السفر وعليكم برخصة الله التي رخص لكم فاقبلوها ""  .

فهذا أمر بقبولها وأمره عليه الصلاة والسلام فرض فهي رخصة مفترضة ،  وصح بهذه الأخبار أن الله تعالى أسقط عن المسافر الصوم ونصف الصلاة وهذه آثار متواترة متظاهرة لم يأت شيء يعارضها فلا يجوز الخروج عنها .

فإن قيل :  فكيف تقولون في صومه عليه الصلاة والسلام مع قول الله تعالى :  {  فمن شهد منكم الشهر فليصمه ومن كان مريضا أو على سفر فعدة من أيام أخر } .

قلنا :  هذا في غاية البيان لا تخلو هذه الآية من أن يكون نزولها تأخر إلى وقت فتح مكة أو بعده ،  وتقدم فرض رمضان بوحي آخر كما كان نزول آية الوضوء في المائدة متأخخرا عن نزول فرضه ،  فإن كان تأخر نزولها فسؤالكم ساقط ولله الحمد رب العالمين .

وإن كان تقدم نزولها فلا يخلو عليه الصلاة والسلام في صومه ذلك من أن يكون صامه لرمضان أو تطوعا فإن كان صامه تطوعا فسؤالكم ساقط ولله الحمد .

وإن كان صامه عليه السلاة والسلام لرمضان فلا ننكر أن يكون عليه الصلاة والسلام نسخ بفعله حكم الآية ثم نسخ ذلك الفعل وعاد حكم الآية ،  فهذا كله حسن فكيف ولا دليل أصلا على تقدم نزول الآية قبل غزوة الفتح ؟  وما نزل بعضها إلا بعد إسلام عدي بن حاتم بعد الفتح بمدة وبالله تعالى التوفيق .

قال ابن حزم :  ولم يبق علينا إلا أن نذكر من قال :  بمثل قولنا :

8 روينا من طريق سليمان بن حرب ،  نا حماد بن سلمة ،  عن كلثوم بن جبر ،  عن رجل من بني قيس ،  أنه صام في السفر فأمره عمر بن الخطاب أن يعيد .

9 ومن طريق سفيان بن عيينة ،  عن عاصم بن عبيد الله ،  عن عبد الله بن عامر بن ربيعة ،  عن عمر بن الخطاب أنه أمر رجلا أن يعيد صيامه في السفر .

10 ومن طريق سليمان بن حرب ،  عن أبي عوانة ،  عن عمر بن أبي سلمة بن عبد الرحمن بن عوف ،  عن أبيه قال :  نهتني عائشة أم المؤمنين عن أن أصوم رمضان في السفر .

11 وعن أبي هريرة :  ليس من البر الصيام في السفر .

12 ومن طريق شعبة ،  عن أبي [ جمرة ]  نصر بن عمران الضبعي قال :  سألت ابن عباس عن الصوم في السفر ؟  فقال :  يسر وعسر خذ بيسر الله تعالى

قال ابن حزم :  إخباره بأن صوم رمضان في السفر عسر :  إيجاب منه لفطره .

13 وعنه أيضا :  الإفطار في رمضان في السفر ،  عزمة .

روينا هذا عنه من طريق بن حميد ،  وابن أبي شيبة ،  كلاهما عن محمد بن بشر ،  عن سعيد بن أبي عروبة ،  عن قتادة ،  عن جابر بن زيد أبي الشعثاء ،  عن ابن عباس .

14 ومن طريق ابن أبي شيبة ،  عن أبي داود الطيالسي ،  عن عمران القطان ،  عن عمار مولى بني هاشم  هو ابن أبي عمار  عن ابن عباس ،  أنه سئل عمن صام رمضان في السفر ؟  فقال ابن عباس :  لا يجزئه يعني لا يجزئه صيامه .

15 وعن ابن عمر أنه سئل عن الصوم في السفر ؟  فقال :  {  فمن كان منكم مريضا أو على سفر فعدة من أيام أخر } .

16 ومن طريق شعبة ،  عن يعلى بن عطاء ،  عن يوسف بن الحكم الثقفي ،  أن ابن عمر سئل عن الصوم في السفر ؟  فقال :  إنما هي صدقة تصدق الله بها عليك ،  أرأيت لو تصدقت بصدقة فردت عليك ألم تغضب ؟

قال ابن حزم :  هذا يبين أنه كان يرى الصوم في رمضان في السفر مغضبا لله تعالى ،  ولا يقال هذا في شيء مباح أصلا .

17 ومن طريق حماد بن سلمة ،  عن كلثوم بن جبر ،  أن امرأة صحبت ابن عمر في سفر ،  فوضع الطعام فقال لها :  كلي .  قالت :  إني صائمة قال :  لا تصحبينا .

18 ومن طريق معن بن عيسى القزاز ،  عن ابن أبي ذئب ،  عن الزهري ،  عن أبي سلمة بن عبد الرحمن بن عوف ،  عن أبيه قال :  يقال :  الصيام في السفر كالإفطار في الحضر .

قال ابن حزم :  هذا إسناد صحيح ،  وقد صح سماع أبي سلمة من أبيه ،  ولا يقول عبد الرحمن بن عوف في الدين :  يقال كذا إلا عن الصحابة أصحابه رضي الله عنهم .

19 ومن طريق أبي معاوية ،  نا ابن أبي ذئب ،  عن الزهري ،  عن حميد بن عبد الرحمن بن عوف ،  عن أبيه قال :  الصائم في السفر كالمفطر في الحضر .

وهذا سند في غاية الصحة .

20 ومن طريق عطاء ،  عن المحرر بن أبي هريرة قال :  صمت رمضان في السفر فأمرني أبو هريرة أن أعيده في أهلي ،  وأن أقضيه فقضيته .

21 ومن طريق الدراوردي ،  عن عبد الرحمن بن حرملة ،  أن رجلا سأل سعيد بن المسيب :  أأتم الصلاة في السفر وأصوم ؟  قال :  لا فقال :  إني أقوى على ذلك ؟  قال سعيد :  رسول الله صلى الله عليه وسلم كان أقوى منك قد كان يقصر ويفطر .

22 وعن عطاء أنه سئل عن الصوم في السفر فقال :  أما المفروض فلا ،  وأما التطوع فلا بأس به .

23 ومن طريق شعبة ،  عن عاصم مولى قريبة ،  عن عروة بن الزبير ،  أنه قال في رجل صام في السفر :  إنه يقضيه في الحضر .  قال شعبة :  لو صمت رمضان في السفر لكان في نفسي منه شيء .

24 ومن طريق معمر ،  عن الزهري قال :  كان الفطر آخر الأمرين من رسول الله صلى الله عليه وسلم وإنما يؤخذ من أمر رسول الله صلى الله عليه وسلم بالآخر فالآخر .

25 ومن طريق إسماعيل ابن أبي خالد ،  عن الشعبي قال :  لا تصوموا في السفر .

26 وعن محمد بن علي بن الحسين بن علي بن أبي طالب ،  أن أباه كان ينهى عن صيام رمضان في السفر .

27 وكان محمد بن علي ينهى عن ذلك أيضا .

28 وعن القاسم بن محمد بن أبي بكر قال :  لا يصوم المسافر ،  أفطر أفطر ؟

29 وعن يونس بن عبيد ،  وأصحابه :  أنهم أنكروا صيام رمضان في السفر .

قال ابن حزم :  فإذ قد صح هذا فمن سافر في رمضان فله أن يصوم تطوعا ،  وله أن يصوم فيه قضاء رمضان أفطره قبل أو سائر ما يلزمه من الصوم نذرا أو غيره ،  لأن الله تعالى قال :  {  فعدة من أيام أخر } :  ولم يخص رمضان آخر من غيره ولم يمنع النص من صيامه إلا لعينه فقط .

 المسألة الرابعة في حكم المتابعة في قضاء رمضان .

قال ابن حزم :

والمتابعة في قضاء رمضان واجبة لقول الله تعالى :  {  وسارعوا إلى مغفرة من ربكم } ،  فإن لم يفعل فيقضيها متفرقة وتجزئه لقول الله تعالى :  {  فعدة من أيام أخر } ولم يحد تعالى في ذلك وقتا يبطل القضاء بخروجه .

واحتج من قال :  بأنها لا تجزئ إلا متتابعة بأن في مصحف أبي :  {  فعدة من أيام أخر متتابعات } .

قال ابن حزم :  روينا من طريق عبد الرزاق عن معمر عن الزهري قال عروة :  قالت عائشة أم المؤمنين :  نزلت {  فعدة من أيام أخر متتابعات } فسقطت {  متتابعات } .

قال ابن حزم :  سقوطها مسقط لحكمها ،  لأنه لا يسقط القرآن بعد نزوله إلا بإسقاط الله تعالى إياه قال الله تعالى :  {  إنا نحن نزلنا الذكر وإنا له لحافظون } وقال تعالى :  {  ما ننسخ من آية أو ننسها نأت بخير منها أو مثلها } وقال تعالى :  {  سنقرئك فلا تنسى إلا ما شاء الله } .

فإن قيل :  قد يسقط لفظ الآية ويبقى حكمها كما كان في آية الرجم .

قلنا :  لولا إخبار النبي صلى الله عليه وسلم ببقاء حكم الرجم لما جاز العمل به بعد إسقاط الآية النازلة به لأن ما رفع الله تعالى فلا يجوز لنا إبقاء لفظه ولا حكمه إلا بنص آخر .

 :  المسألة الخامسة :  فيمن آخر قضاء رمضان حتى دخل رمضان آخر .

قال ابن حزم :

ومن كانت عليه أيام من رمضان فأخر قضاءها عمدا ،  أو لعذر ،  أو لنسيان حتى جاء رمضان آخر فإنه يصوم رمضان الذي ورد عليه كما أمره الله تعالى فإذا أفطر في أول شوال قضى الأيام التي كانت عليه ولا مزيد ،  ولا إطعام عليه في ذلك ،  وكذلك لو أخرها عدة سنين ولا فرق ،  إلا أنه قد أساء في تأخيرها عمدا سواء أخرها إلى رمضان أو مقدار ما كان يمكنه قضاؤها من الأيام .

1 لقول الله تعالى :  {  وسارعوا إلى مغفرة من ربكم } فالمسارعة إلى الله المفترضة واجبة .

2 وقال الله تعالى :  {  فكم كان منكم مريضا أو على سفر فعدة من أيام أخر } .

3 وأمر النبي صلى الله عليه وسلم المتعمد للقيء ،  والحائض ،  والنفساء :  بالقضاء ولم يحد الله تعالى ولا رسوله صلى الله عليه وسلم في ذلك وقتا بعينه ،  فالقضاء واجب عليهم أبدا حتى يؤدى أبدا ،  ولم يأت نص قرآن ولا سنة بإيجاب إطعام في ذلك فلا يجوز إلزام ذلك أحدا لأنه شرع والشرع لا يوجبه في الدين إلا الله تعالى على لسان رسوله صلى الله عليه وسلم فقط . 4 وروينا من طريق ابن مسعود :  يصوم هذا ويقضي الأول ولم يذكر طعاما .

5 وهو قول إبراهيم النخعي ،  والحسن ،  وطاوس ،  وحماد بن أبي سليمان  .

 :  المسألة السادسة :  من أفطر رمضان كله فإنما عليه عدد الأيام التي أفطر .

قال ابن حزم :

ومن أفطر رمضان كله ،  بسفر أو مرض ،  فإنما عليه عدد الأيام التي أفطر ،  ولا يجزئه شهر ناقص مكان تام ،  ولا يلزمه شهر تام مكان ناقص ،  لقول الله تعالى :  {  فعدة من أيام أخر } وقال الحسن بن حي :  يجزئ شهر مكان شهر إذا صام ما بين الهلالين .

ولا برهان على صحة هذا القول .

 المسألة السابعة :  حكم التكبير في العيدين .

قال ابن حزم :

والتكبير ليلة عيد الفطر :  فرض ،  وهو في ليلة عيد الأضحى :  حسن .

قال تعالى  وقد ذكر صوم رمضان  :  {  ولتكملوا العدة ولتكبروا الله على ما هداكم } .

فبإكمال عدة صوم رمضان وجب التكبير ،  ويجزئ من ذلك تكبيرة .

وأما ليلة الأضحى ويومه ،  ويوم الفطر :  فلم يأت به أمر ،  لكن التكبير فعل خير وأجر .

قوله تعالى :  {  أحل لكم ليلة الصيام الرفث إلى نسائكم هن لباس لكم وأنتم لباس لهن علم الله أنكم كنتم تختانون أنفسكم فتاب عليكم وعفا عنكم فالآن باشروهن وابتغوا ما كتب الله لكم وكلوا واشربوا حتى يتبين لكم الخيط الأبيض من الخيط الأسود من الفجر ثم أتموا الصيام إلى الليل ولا تباشروهن وأنتم عاكفون في المساجد تلك حدود الله فلا تقربوها كذلك يبين الله آياته للناس لعلهم يتقون 187 } .

وفيه سبع مسائل :

 المسألة الأولى :  في نسخ الآية لتحريم الأكل والجماع في ليل رمضان .

قال ابن حزم :

قوله تعالى :  {  فالآن باشروهن } نسخ بذلك النهي عن الوطء في ليل رمضان .

 المسألة الثانية :  فيمن أدركه الفجر في رمضان وهو جنب .

قال ابن حزم :

لا ينقض الصوم من تعمد أن يصبح جنبا ،  ما لم يترك الصلاة .

وقد اختلف السلف في هذا :

فرأى بعضهم أنه يبطل صومه بترك الغسل قبل الفجر .

وقال الحنفيون ،  والمالكيون ،  والشافعيون :  صومه تام وإن تعمد أن لا يغتسل من الجنابة شهر رمضان كله .

قال ابن حزم :  أما هذا القول فظاهر الفساد لما ذكرنا قبل من أن تعمد المعصية يبطل الصوم ،  ولا معصية أعظم من تعمد ترك الصلاة حتى يخرج وقتها ؟

وذهبت طائفة من السلف إلى ما ذكرنا قبل .

ذ كما روينا من طريق شعيب بن أبي حمزة ،  عن الزهري ،  أخبرني عبد الله بن عبد الله بن عمر :  أنه احتلم ليلة في رمضان ثم نام فلم ينتبه حتى أصبح ،  قال :  فلقيت أبا هريرة فاستفتيته ؟  فقال :  أفطر ،  فإن رسول الله صلى الله عليه وسلم كان يأمر بالفطر إذا أصبح الرجل جنبا قال :  فجئت إلى أبي فأخبرته بما أفتاني به أبو هريرة ،  فقال :  أقسم بالله لئن أفطرت لأوجعن متنك ،  صم ،  فإن بدا لك أن تصوم يوما آخر فافعل .

2 وروينا من طريق سفيان بن عيينة ،  عن عمرو بن دينار ،  عن يحيى بن جعدة ،  سمعت عبد الله بن عمرو القارئ قال :  سمعت أبا هريرة يقول :  لا ورب هذا البيت ،  ما أنا قلت :  من أدركه الصبح وهو جنب فلا يصم محمد ورب الكعبة قاله .

قال ابن حزم :  وقد عاب من لا دين له ولا علم له هذا الخبر بأن عبد الرحمن بن الحارث ابن هشام روى عن أبي هريرة أنه قال له في هذا الخبر :  إن أسامة بن زيد حدثه به ،  وإن الفضل بن عباس حدثه به .

قال ابن حزم :  وهذه قوة زائدة للخبر ،  أن يكون أسامة والفضل روياه عن النبي صلى الله عليه وسلم وما ندري إلى ما أشار به هذا الجاهل ؟  وما يخرج من هذا الاعتراض إلا نسبة أبي هريرة للكذب ،  والمعترض بذلك أحق بالكذب منه ؟

وكذلك عارض قوم  لا يحصلون ما يقولون  هذا الخبر بأن أمي المؤمنين روتا :

أن النبي صلى الله عليه وسلم كان يصبح جنبا من جماع غير احتلام ثم يصوم ذلك النهار .

قال ابن حزم :  وليس يعارض هذا الخبر ما رواه أبو هريرة لأن رواية أبي هريرة هي الزائدة .

واحتج أيضا قوم بما روينا من طريق عبد الرحمن بن مهدي ،  عن هشام الدستوائي ،  عن قتادة ،  عن سعيد بن المسيب قال :  رجع أبو هريرة عن فتياه في الرجل يصبح جنبا .

قال ابن حزم :  ولا حجة في رجوعه ،  لأنه رأي منه ،  إنما الحجة في روايته عن النبي صلى الله عليه وسلم وقد افترض علينا روايتهم ،  ولم نؤمر باتباع ممن رآه منهم

وممن قال بهذا من السلف :

3 كما روينا من طريق ابن جريج ،  عن عطاء :  أنه لما اختلف عليه أبو هريرة وعائشة في هذا قال عطاء يبدل يوما ويتم يومه ذلك

4 ومن طريق سفيان بن عيينة ،  عن هشام بن عروة بن الزبير ،  عن أبيه أنه قال :  من أدركه الصبح جنبا وهو متعمد أبدل الصيام ،  ومن أتاه غير متعمد فلا يبدله

فهذا عروة ابن أخت عائشة رضي الله عنها قد ترك قولها لرواية أبي هريرة

5 ومن طريق عبد الرحمن بن مهدي ،  عن سفيان الثوري ،  عن منصور بن المعتمر قال :  سألت إبراهيم النخعي عن الرجل يصبح جنبا فقال :  أما رمضان فيتم صومه ويصوم يوما مكانه ،  وأما التطوع فلا

6 ومن طريق عبد الرحمن بن مهدي ،  ثنا ابن إسحاق  هو عبد الله  قال :  سألت سالما عن رجل أصبح جنبا في رمضان قال :  يتم يومه ويقضي يوما مكانه

7 ومن طريق عبد الله بن طاوس ،  عن أبيه قال :  من أصبح جنبا في شهر رمضان فاستيقظ ولم يغتسل حتى يصبح فإنه يتم ذلك ويصوم يوما مكانه ،  فإن لم يستيقظ فلا بدل عليه

8 ومن طريق وكيع ،  عن الربيع ،  عن الحسن البصري فيمن أصبح جنبا في رمضان :  يقضيه في الفرض

9 ومن طريق ابن أبي شيبة عن عائذ بن حبيب ،  عن هشام بن عروة في الذي يصبح جنبا في رمضان قال :  عليه القضاء

قال ابن حزم :  لو لم يكن إلا ما ذكرنا لكان الواجب القول بخبر أبي هريرة لكن منع من ذلك صحة نسخه وبرهان ذلك :

10 قول الله تعالى :  {  أحل لكم ليلة الصيام الرفث إلى نسائكم هن لباس لكم وأنتم لباس لهن علم الله أنكم كنتم تختانون أنفسكم فتاب عليكم وعفا عنكم فالآن باشروهن وابتغوا ما كتب الله لكم وكلوا واشربوا حتى يتبين لكم الخيط الأبيض من الخيط الأسود من الفجر ثم أتموا الصيام إلى الليل }

11 حدثنا يحيى بن عبد الرحمن بن مسعود ،  ثنا أحمد بن دحيم ،  ثنا إبراهيم بن حماد ،  ثنا إسماعيل بن إسحاق ،  ثنا عبد الواحد ،  ثنا حماد بن سلمة ،  ثنا عطاء بن السائب ،  عن سعيد بن جبير ،  عن ابن عباس قال :  {  كتب عليكم الصيام كما كتب على الذين من قبلكم } كان أحدهم إذا نام لم تحل له النساء ،  ولم يحل له أن يأكل شيئا إلى القابلة ،  ورخص الله لكم

12 حدثنا عبد الله بن ربيع ،  ثنا محمد بن معاوية ،  ثنا أحمد بن شعيب ،  أخبرني هلال ابن العلاء بن هلال الرقي ،  ثنا حسين بن عياش  ثقة من أهل باجدا  ثنا زهير بن معاوية ،  ثنا أبو إسحاق السبيعي ،  عن البراء بن عازب :  أن أحدهم كان إذا نام قبل أن يتعشى لم يحل له أن يأكل شيئا ولا يشرب ليلته ويومه من الغد حتى تغرب الشمس ،  حتى نزلت {  وكلوا واشربوا حتى يتبين لكم الخيط الأبيض من الخيط الأسود من الفجر }

قال ابن حزم :  فصح أن هذه الآية ناسخة لكل حال تقدمت الصوم ،  وخبر أبي هريرة موافق لبعض الأحوال المنسوخة وإذ صح أن هذه الآية ناسخة لما تقدم فحكمها باق لا يجوز نسخه وفيها إباحة الوطء إلى تبين الفجر ،  فإذ هو مباح بيقين ،  فلا شك في أن الغسل لا يكون إلا بعد الفجر ،  ولا شك في أن الفجر يدركه وهو جنب ،  فبهذا وجب ترك حديث أبي هريرة لا بما سواه  وبالله تعالى التوفيق

 :  المسألة الثالثة :  معنى المباشرة في قوله تعالى :  {  فالآن باشروهن }

قال ابن حزم :

احتج من أبطل الصوم بالقبلة بقول الله تعالى :  {  فالآن باشروهن وابتغوا ما كتب الله لكم وكلوا واشربوا حتى يتبين لكم الخيط الأبيض من الخيط الأسود من الفجر ثم أتموا الصيام إلى الليل }

قالوا :  ففي هذه الآية المنع من المباشرة

قال ابن حزم :  قد صح عن رسول الله صلى الله عليه وسلم إباحة المباشرة وهو المبين عن الله تعالى مراده منا ،  فصح أن المباشرة المحرمة في الصوم إنما هي الجماع فقط"
2,191,"قوله تعالى :  {  واقتلوهم حيث ثقفتموهم وأخرجوهم من حيث أخرجوكم والفتنة أشد من القتل ولا تقاتلوهم عند المسجد الحرام حتى يقاتلوكم فيه فإن قاتلوكم فاقتلوهم كذلك جزاء الكافرين 191 } .

 مسألة :  في حكم قتال الكفار عند المسجد الحرام .

قال ابن حزم :

ولا يحل قتال أحد مشرك ولا غيره في حرم مكة ،  لكننا نخرجهم منه ،  فإن خرجوا وصاروا في الحل نفذنا عليهم ما يجب عليهم من قتل ،  أو أسر ،  أو عقوبة ،  فإن امتنعوا وقاتلونا قاتلناهم حينئذ في الحرم  كما أمر الله تعالى  وقاتلناهم فيه ،  وهكذا نفعل بكل باغ وظالم من المسلمين ولا فرق .

فإن قالوا :  فقد قال الله تعالى :  {  فاقتلوا المشركين حيث وجدتموهم } الآية ؟

قلنا :  الذي قال هذا قال :  {  ولا تقاتلوهم عند المسجد الحرام حتى يقاتلوكم فيه } وكلامه كله حق ،  وعهوده كلها فرض ،  ولا يحل ترك شيء من كلامه لشيء آخر إلا بنسخ متيقن  فواجب علينا أن نستعمل مثل هذه النصوص ونجمعها ،  ونستثني الأقل منها من الأكثر ،  إذ لا يحل غير ذلك .

فنحن نقتل المشركين حيث وجدناهم إلا عند المسجد الحرام .

فنحن إذا فعلنا هذا كنا على يقين من أننا قد أطعنا الله تعالى في كل ما أمرنا به ،  ومن خالف هذا العمل فقد عصى الله تعالى في إحدى الآيتين ؟  وهذا لا يحل أصلا .

وكما قلنا فعل أمير المؤمنين عبد الله بن الزبير رضي الله عنه فإنه لما ابتدأه الفساق بالقتال في حرم مكة :  يزيد وعمرو بن سعيد ،  والحصين بن نمير ،  والحجاج ،  ومن بعثه ومن كان معهم من جنود السلطان قاتلهم مدافعا لنفسه وأحسن في ذلك وبالله تعالى التوفيق .

1 حدثنا عبد الرحمن بن عبد الله بن خالد نا إبراهيم بن أحمد نا الفربري ،  نا البخاري ،  نا عثمان بن أبي شيبة ،  نا جرير عن منصور بن المعتمر ،  عن مجاهد عن طاوس عن ابن عباس قال :  قال رسول الله صلى الله عليه وسلم يوم افتتح مكة :   "" لا هجرة ،  ولكن جهاد ونية ،  وإذا استنفرتم فانفروا ،  فإن هذا بلد حرمه الله تعالى يوم خلق السماوات والأرض ،  فهو حرام بحرمة الله تعالى إلى يوم القيامة ،  وإنه لم يحل القتال فيه لأحد قبلي ،  ولم يحل لي إلا ساعة من نهار ،  فهو حرام بحرمة الله إلى يوم القيامة ،  لا يعضد شوكه ،  ولا ينفر صيده ،  ولا يلتقط لقطته إلا من عرفها ولا يختلى خلاها قال العباس :  يا رسول الله إلا الإذخر فإنه لقينهم ولبيوتهم ؟  قال :  إلا الإذخر ""  .

2 ومن طريق مسلم بن الحجاج ،  نا زهير بن حرب ،  نا الوليد بن مسلم ،  نا الأوزاعي ،  عن يحيى بن أبي كثير ،  حدثني أبو سلمة بن عوف ،  نا أبو هريرة قال :  لما فتح الله تعالى على رسول الله صلى الله عليه وسلم مكة قام في الناس فحمد الله وأثنى عليه ،  ثم قال :

 "" إن الله تعالى حبس الفيل عن مكة وسلط عليها رسوله والمؤمنين ،  وإنها لم تحل لأحد كان قبلي ،  وإنها حلت لي ساعة من نهار ،  وإنها لن تحل لأحد بعدي ،  فلا ينفر صيدها ،  ولا يختلى شوكها ولا تحل ساقطتها إلا لمنشد ""  ،  وذكر باقي الحديث بذكر الإذخر .

3 وقد روينا من طريق مسلم نا قتيبة [ نا ]  ليث  هو ابن سعد  عن سعيد بن أبي سعيد ،  عن أبي شريح العدوي أنه قال لعمرو بن سعيد ،  وهو يبعث البعوث إلى مكة :  ائذن لي أيها الأمير أحدثك قولا قام به رسول الله صلى الله عليه وسلم الغد من يوم الفتح ،  سمعته أذناي ووعاه قلبي ،  وأبصرته عيناي حين تكلم به :  أنه حمد الله تعالى ،  وأثنى عليه ،  ثم قال :   "" إن مكة حرمها الله ولم يحرمها الناس فلا يحل لامرئ يؤمن بالله واليوم الآخر أن يسفك بها دما ،  ولا يعضد بها شجرة ،  فإن أحد ترخص بقتال رسول الله صلى الله عليه وسلم فيها فقولوا :  إن الله أذن لرسوله ولم يأذن لكم ،  وإنما أذن لي فيها ساعة من نهار ،  وقد عادت حرمتها اليوم كحرمتها بالأمس ،  وليبلغ الشاهد الغائب ""  قيل لأبي شريح :  ماذا قال لك عمرو ؟  قال :  قال :  أنا أعلم بذلك منك يا أبا شريح إن الحرم لا يعيذ عاصيا ،  [ ولا فارا بدم ]  ولا فارا بخربة .

قال ابن حزم :  ولا كرامة للطيم الشيطان شرطي الفاسق يريد أن يكون أعلم من صاحب رسول الله صلى الله عليه وسلم بما سمعه ذلك الصاحب رضي الله عنه من فم رسول الله صلى الله عليه وسلم وإنا لله وإنا إليه راجعون ،  على عظيم المصاب في الإسلام ثم على تضاعف المصيبة ممن شاهده يحتج في هذه القصة بعينها بقول الفاسق عمرو بن سعيد معارضة لرسول الله صلى الله عليه وسلم ثم يتكلم في دين الله تعالى ،  ويغر الضعفاء بأنه عالم ،  وما العاصي لله تعالى ولرسوله صلى الله عليه وسلم إلا الفاسق عمرو بن سعيد ،  ومن ولاه وقلده ،  وما حامل الخربة في الدنيا والآخرة إلا هو ،  ومن أمره وأيده وصوب قوله ؟  .

قال ابن حزم :  فهذا نقل تواتر ثلاثة من الصحابة أصحاب رسول الله صلى الله عليه وسلم أبو هريرة وابن عباس ،  وأبو شريح ،  كلهم يروي عن رسول الله صلى الله عليه وسلم أنه قال :   "" إن مكة حرمها الله تعالى ""  فبيقين ندري أن رسول الله صلى الله عليه وسلم لم يحرم مكة خصوصا القتال المحرم بالظلم ،  لأنه محرم في كل مكان في الأرض ،  لكنه عليه الصلاة والسلام نص على أنه إنما حرم القتال المأمور به في غيرها ،  لأنه عليه الصلاة والسلام المقاتل في مكة ،  ولا قتل إلا بحق ،  ونهى عن ذلك القتال بعينه غيره ،  وحرم أن يحتج به في مثله ،  وقطع الأيدي فيه سفك دم ،  والقصاص كذلك ،  فلا يحل فيها ألبتة ،  وبالله تعالى التوفيق ."
2,193,"قوله تعالى :  {  وقاتلوهم حتى لا تكون فتنة ويكون الدين لله فإن انتهوا فلا عدوان إلا على الظالمين 193 }

 مسألة :  في معنى {  الدين } في الآية .

قال ابن حزم :

قوله تعالى :  {  وقاتلوهم حتى لا تكون فتنة ويكون الدين لله } الدين الحكم .

فواجب أن يحكم عليهم بحكم الإسلام ،  وهو لازم لهم ،  وبتركهم إياه استحقوا الخلود .

ومن قال :  إنه لا يلزمهم دين الإسلام فقد فارق الإسلام .

وقال :  الدين في القرآن واللغة يكون :  الشريعة ،  ويكون الحكم ،  ويكون الجزاء .

فالجزاء في الآخرة إلى الله تعالى لا إلينا .

والشريعة قد صح أن نقرهم على ما يعتقدون إذا كانوا أهل كتاب .

فبقي الحكم ،  فوجب أن يكون كله حكم الله كما أمر ."
2,196,"قوله تعالى :  {  وأتموا الحج والعمرة لله فإن أحصرتم فما استيسر من الهدي ولا تحلقوا رءوسكم حتى يبلغ الهدي محله فمن كان منكم مريضا أو به أذى من رأسه ففدية من صيام أو صدقة أو نسك فإذا أمنتم فمن تمتع بالعمرة إلى الحج فما استيسر من الهدي فمن لم يجد فصيام ثلاثة أيام في الحج وسبعة إذا رجعتم تلك عشرة كاملة ذلك لمن لم يكن أهله حاضري المسجد الحرام واتقوا الله واعلموا أن الله شديد العقاب 196 } .

وفيه تسع عشرة مسألة :

 المسألة الأولى :  حكم العمرة .

قال ابن حزم :

الحج إلى مكة ،  والعمرة [ إليها ] فرضان على كل مؤمن عاقل ،  بالغ ،  ذكر ،  أو أنثى ،  بكر ،  أو ذات زوج .  الحر والعبد ،  والحرة والأمة ،  في كل ذلك سواء ،  مرة في العمر إذا وجد من ذكرنا إليها سبيلا ،  وهما أيضا على أهل الكفر إلا أنه لا يقبل منهم إلا بعد الإسلام ،  ولا يتركون ودخول الحرم حتى يؤمنوا .

برهان صحة قولنا :

1 قول الله تعالى :  {  ولله على الناس حج البيت من استطاع إليه سبيلا } فعم تعالى ولم يخص .

2 وقال عز وجل :  {  وأتموا الحج والعمرة لله } .

3 وقد حدثنا أحمد بن محمد الطلمنكي نا ابن مفرج نا إبراهيم بن أحمد بن فراس ،  نا محمد بن علي بن زيد الصائغ ،  نا سعيد بن منصور ،  نا سفيان  هو ابن عيينة  عن عبد الله بن طاوس ،  عن أبيه عن ابن عباس أنه قال :  الحج والعمرة واجبتان .

4 وبه نصا إلى سفيان ،  عن عمرو بن دينار ،  عن طاوس عن ابن عباس أنه قال في الحج والعمرة إنها لقرينتها في كتاب الله .

قال ابن حزم :  وهذا عن ابن عباس من طرق في غاية الصحة أنها واجبة كوجوب الحج .

5 ونا أحمد بن عمر بن أنس ،  نا عبد الله بن الحسين بن عقال ،  نا إبراهيم بن محمد الدينوري ،  نا محمد بن أحمد بن الجهم ،  نا أبو قلابة ،  نا الأنصاري هو محمد بن عبد الله القاضي أنا ابن جريج أخبرني أبو الزبير ،  أنه سمع جابر بن عبد الله يقول :  ليس مسلم إلا عليه حجة وعمرة من استطاع إليه سبيلا .

6 حدثنا عبد الله بن ربيع ،  نا محمد بن معاوية ،  نا أحمد بن شعيب ،  نا محمد بن عبد الأعلى الصنعاني نا خالد  هو ابن الحارث  نا شعبة قال :  سمعت النعمان بن سالم قال :  سمعت عمرو بن أوس يحدث عن أبي رزين العقيلي أنه قال :  يا رسول الله إن أبي شيخ كبير لا يستطيع الحج ولا العمرة ولا الظعن قال :   "" فحج عن أبيك واعتمر ""  .

فهذا أمر رسول الله صلى الله عليه وسلم بأداء فرض الحج والعمرة عمن لا يطيقهما فهذا حكم زائد وشرع وارد ،  وكانت تكون تلك الأحاديث موافقة لمعهود الأصل فإن الحج والعمرة قد كانا بلا شك تطوعا لا فرضا فإذا أمر بهما الله تعالى ورسوله صلى الله عليه وسلم فقد بطل كونهما تطوعا بلا شك وصارا فرضين ،  فمن ادعى بطلان هذا الحكم وعودة المنسوخ فقد كذب وأفك وافترى ،  وقفا ما ليس له به علم .

وأما قول من قال :  إن إخبار النبي صلى الله عليه وسلم بدخول العمرة في الحج وبأنه ليس على المرء إلا حجة واحدة دليل على أنها ليست فرضا ،  فهذيان لا يعقل ،  بل هذا برهان واضح في كون العمرة فرضا ،  لأنه عليه السلام أخبر بأنها دخلت في الحج ،  ولا يشك ذو عقل في أنها لم تصر حجة فوجب أن دخولها في الحج إنما هو من وجهين فقط :

أحدهما :  أنه يجزى لهما عمل واحد في القران .

والثاني :  دخولها في أنها فرض كالحج .

وأما قولهم :  إن الله تعالى إنما أمر بإتمامها من دخل فيها لا بابتدائها ،  وأن بعض الناس قرأ :  {  والعمرة لله } بالرفع فقول كله باطل ،  لأنها دعوى بلا برهان وقوله تعالى :  {  وأتموا الحج والعمرة لله } لا يقتضي ما قالوا وإنما يقتضي وجوب المجيء بهما تامين وحتى لو صح ما قالوه لكان حجة عليهم لأنه إذا كان الداخل فيها مأمورا بإتمامها فقد صارت فرضا مأمورا به ،  وهذا قولنا لا قولهم الفاسد المتخاذل وابن عباس حجة في اللغة .

7 وقد روينا من طريق عبد الرزاق عن سفيان بن عيينةعن عمرو بن دينار عن طاوس قال :  سمعت ابن عباس يقول :  والله إنها لقرينتها في كتاب الله عز وجل :  {  وأتموا الحج والعمرة لله } فابن عباس يرى هذا النص موجبا لكونها فرضا كالحج بخلاف كيس هؤلاء الحذاق باللغة بالضد ،  وبهذا احتج مسروق ،  وسعيد بن المسيب ،  وعلي بن الحسين ،  ونافع في إيجابها ومسروق وسعيد حجة في اللغة وأما القراءة {  والعمرة لله }بالرفع فقراءة منكرة لا يحل لأحد أن يقرأ بها

قال ابن حزم :

8 وروينا من طريق ابن أبي شيبة نا عبد الوهاب  هو ابن عبد المجيد الثقفي  عن أيوب السختياني ،  عن ابن سيرين عن [ زيد بن ]  ثابت قال فيمن يعتمر قبل أن يحج :  نسكان لله عليك لا يضرك بأيهما بدأت

9 ومن طريق عبد الرزاق ،  نا ابن جريج ،  أخبرني نافع مولى ابن عمر ،  أنه سمع عبد الله بن عمر يقول :  ليس من خلق الله أحد إلا وعليه حجة وعمرة واجبتان من استطاع إلى ذلك سبيلا ومن زاد بعدهما شيا فهو خير وتطوع

10 ومن طريق أبي إسحاق ،  عن مسروق عن ابن مسعود قال :  أمرتم بإقامة الصلاة والعمرة إلى البيت

وقد ذكرناه آنفا عن جابر وابن عباس

11 ومن طريق قتادة قال عمر ابن الخطاب :  يا أيها الناس كتبت عليكم العمرة

12 وعن أشعث ،  عن ابن سيرين قال :  كانوا لا يختلفون أن العمرة فريضة ،  وابن سيرين أدرك الصحابة وأكابر التابعين

13 وعن معمر عن قتادة قال :  العمرة واجبة

14 ومن طريق سفيان الثوري ،  ومعمر عن داود بن أبي هند قلت لعطاء :  العمرة علينا فريضة كالحج قال :  نعم

15 وعن يونس بن عبيد ،  عن الحسن ،  وابن سيرين جميعا :  العمرة واجبة

16 وعن طاوس العمرة واجبة

17 وعن سعيد بن جبير :  العمرة واجب ،  فقيل له :  إن فلانا يقول :  ليست واجبة ،  فقال :  كذب إن الله تعالى يقول :  {  وأتموا الحج والعمرة لله }

18 ومن طريق عبد الرزاق عن سفيان الثوري ،  عن أبي إسحاق السبيعي قال :  سمعت مسروقا يقول :  أمرتم في القرآن بإقامة أربع :  الصلاة ،  والزكاة ،  والحج والعمرة  قال أبو إسحاق :  وسمعت عبد الله بن شداد يقول :  العمرة الحج الأصغر

19 وعن سعيد بن المسيب :  إنما كتبت علي عمرة وحجة

20 وعن مجاهد :  الحج والعمرة فريضتان

21 وعن منصور عن مجاهد :  العمرة الحجة الصغرى

22 وعن علي بن الحسين أنه سئل عن العمرة فقال :  ما نعلمها إلا واجبة ،  {  وأتموا الحج والعمرة لله }

23 وعن حماد بن زيد ،  عن عبد الرحمن بن السراج قال :  سألت هشام بن عروة ،  ونافعا مولى ابن عمر ،  عن العمرة أواجبة  هي فقرأ جميعا {  وأتموا الحج والعمرة لله }

24 ومن طريق سعيد بن منصور ،  نا هشيم نا مغيرة هو ابن مقسم عن الشعبي أنه قال في العمرة :  هي واجبة

25 وعن شعبة ،  عن الحكم قال :  العمرة واجبة

26 ولا يصح عن أحد من الصحابة خلاف في هذا إلا رواية ساقطة من طريق أبي معشر عن إبراهيم أن عبد الله قال :  العمرة تطوع

والصحيح عنه خلاف هذا كما ذكرنا

27 وما نعلم لمن قال :  ليست واجبة سلفا ،  من التابعين إلا إبراهيم النخعي وحده

28 ورواية عن الشعبي قد صح عنه خلافها كما ذكرنا

29 وتوقف في ذلك حماد بن أبي سليمان

 المسألة الثانية :  حكم قراءة الرفع {  والعمرة لله } في الآية

قال ابن حزم :

وأما القراءة {  والعمرة لله } بالرفع ،  فقراءة منكرة لا يحل لأحد أن يقرأ بها

 :  المسألة الثالثة :  المراد بالإحصار في الآية الكريمة

قال ابن حزم :

وأما الإحصار فإن كل من عرض له ما يمنعه من إتمام حجه أو عمرته ،  قارنا كان ،  أو متمتعا ،  من عدو أو مرض ،  أو كسر ،  أو خطأ طريق ،  أو خطأ في رؤية الهلال ،  أو سجن ،  أو أي شيء كان :  فهو محصر

 :  المسألة الرابعة :  في الفرق بين الإحصار والحصر

قال ابن حزم :

فرق قوم بين الإحصار ،  والحصر :

فروينا عن الكسائي قال :  ما كان من المرض فإنه يقال فيه :  أحصر فهو محصر ،  وما كان من حبس قيل : حصر

وقال أبو عبيد :  قال أبو عبيدة :  ما كان من مرض ،  أو ذهاب نفقة ،  قيل فيه :  أحصر ،  فهو محصر ،  وما كان من حبس قيل :  حصر

وبه يقول أبو عبيد

قال ابن حزم :  هذا لا معنى له ،  قول الله تعالى هو الحجة في اللغة والشريعة قال تعالى :  {  فإن أحصرتم فما استيسر من الهدي } وإنما نزلت هذه الآية في أمر الحديبية إذ منع الكفار رسول الله صلى الله عليه وسلم من إتمام عمرته ،  وسمى الله تعالى منع العدو إحصارا

وكذلك قال البراء بن عازب ،  وابن عمر ،  وإبراهيم النخعي وهم في اللغة فوق أبي عبيدة ،  وأبي عبيد ،  والكسائي .

1 روينا من طريق وكيع :  نا سفيان الثوري ، عن موسى بن عقبة ،  عن نافع ،  عن ابن عمر ،  قال :  لا إحصار إلا من عدو .

2 ومن طريق مسلم نا إسحاق بن إبراهيم  هو ابن راهويه  أناعيسى بن يونس ،  نا زكريا  هو ابن أبي زائدة  عن أبي إسحاق السبيعي عن البراء بن عازب قال :  لما أحصر النبي صلى الله عليه وسلم عند البيت صالحه أهل مكة على أن يدخلها فيبقى بها ثلاثا ولا يدخلها إلا بجلبان  السلاح السيف وقرابه ،  ولايخرج بأحد معه من أهلها ، ولايمنع أحدا يمكث بها ممن كان معه .

فسمى البراء منع العدو :  إحصارا .

3 وروينا عن إبراهيم النخعي :  الإحصار من الخوف والمرض ،  والكسر .

4 وقال تعالى :  {  للفقراء الذين أحصروا في سبيل الله لا يستطيعون ضربا في الأرض يحسبهم الجاهل أغنياء من التعفف تعرفهم بسيماهم لا يسألون الناس إلحافا } .

فهذا هو منع العدو بلا شك ،  لأن المهاجرين إنما منعهم من الضرب في الأرض الكفار بلا شك ،  وبين ذلك تعالى بقوله {  في سبيل الله } .

فصح أن الإحصار ،  والحصر بمعنى واحد ،  وأنهما اسمان يقعان على كل مانع من عدو ،  أو مرض أو غير ذلك أي شيء كان .

 : المسألة الخامسة : حكم المحصر الممنوع من إتمام حجه ،  أوعمرته .

قال ابن حزم :

إن كان اشترط عند إحرامه أن محله حيث حبسه الله تعالى فليحل من إحرامه ولا شيء عليه ،  سواء شرع في عمل الحج أو العمرة أو لم يشرع بعد ،  قريبا كان أو بعيدا مضى له أكثر فرضهما أو أقله ،  كل ذلك سواء ولا هدي في ذلك ولا غيره ،  ولا قضاء عليه في شيء من ذلك ،  إلا أن يكون لم يحج  قط ولا اعتمر فعليه أن يحج ويعتمر ولا بد .

فإن كان لم يشترط ،  فإنه يحل أيضا كما ذكرنا سواء ولا فرق ،  وعليه هدي ولا بد ،  كما قلنا في هدي المتعة سواء سواء ،  إلا أنه لا يعوض من هذا الهدي صوم ولا غيره فمن لم يجده فهو عليه دين حتى يجده ولا قضاء عليه إلا إن كان لم يحج قط ولا اعتمر فعليه أن يحج ويعتمر .

1 ولم يختلف اثنان في أن رسول الله صلى الله عليه وسلم إذ حال كفار قريش بينه وبين العمرة وكان مهلا بعمرة وأصحابه رضي الله عنهم  نحر وحل وانصرف من الحديبية .

2 ومن طريق مالك ،  عن يحيى بن سعيد الأنصاري عن يعقوب بن خالد بن المسيب المخزومي عن أبي أسماء مولى عبد الله بن جعفر ،  أنه أخبره :  أنه كان مع عبد الله بن جعفر فخرج معه من المدينة فمروا على الحسين بن علي وهو مريض بالسقيا ،  فأقام عليه عبد الله بن جعفر حتى إذا خاف الفوات خرج وبعث إلى علي بن أبي طالب وأسماء بنت عميس وهما بالمدينة فقدما عليه ،  وأن حسينا أشار إلى رأسه فأمر علي برأسه فحلق ،  ثم نسك عنه بالسقيا فنحر عنه بعيرا .

3 ومن طريق عبد الرزاق ، عن عثمان الثوري ،  أخبرني يحيى بن سعيد الأنصاري ،  عن يعقوب بن خالد ،  عن أبي أسماء مولى عبد الله بن جعفر قال :  إن الحسين بن علي خرج معتمرا مع عثمان بن عفان فلماكان بالعرج  مرض ،  فلما أتى السقيا برسم  فكان أول إفاقته أن أشار إلى رأسه فحلق على رأسه ونحر عنه بها جزورا .

قال ابن حزم :  إنما أتينا بهذا الخبر لما فيه من أنه كان معتمرا فهذا علي ،  والحسين ،  وأسماء رأوا أن يحل من عمرته ويهدي في موضعه الذي كان فيه ،  وهو قولنا .

قال ابن حزم :  أما التفريق بين المحصر بعدو ،  وبغير عدو ففاسد على ما قدمنا قبل .

وأما إسقاط الهدي عن المحصر بعدو أو غيره فخلاف للقرآن ،  لأن الله تعالى يقول :  {  فإن أحصرتم فما استيسر من الهدي } .

وأما إيجاب القضاء فخطأ لأنه لم يأت بذلك نص .

فإن قيل :  إن رسول الله صلى الله عليه وسلم قد اعتمر بعد عام الحديبية ؟

قلنا :  نعم ،  ونحن لم نمنع من القضاء عاما آخر لمن أحب ،  وإنما نمنع من إيجابه فرضا ،  لأن الله تعالى لم يأمر بذلك ولا رسوله صلى الله عليه وسلم .

وقد صح أن الله تعالى لم يوجب على المسلم إلا حجة واحدة وعمرة في الدهر ،  فلا يجوز إيجاب أخرى إلا بقرآن أو سنة صحيحة توجب ذلك فيوقف عند ذلك .

وأما القول ببقاء المحصربمرض على إحرامه حتى يطوف بالبيت ،  فقول لا برهان على صحته ،  ولا أوجبه قرآن ،  ولا سنة ولا إجماع بل هو خلاف القرآن كما أوردنا .

فإن قيل :  فإن الله تعالى يقول :  {  ثم محلها إلى البيت العتيق } ؟

قلنا :  نعم ولم يقل تعالى :  إن المحصر لا يحل بالطواف والذي قال {  ومن يعظم شعائر الله فإنها من تقوى القلوب لكم فيها منافع إلى أجل مسمى ثم محلها إلى البيت العتيق } هو الذي قال :  {  فإن أحصرتم فما استيسر من الهدي } وهو الذي أمر رسوله صلى الله عليه وسلم أن يحل ويرجع قبل أن يطوف بالبيت في عمرته التي صد فيها عن البيت ،  ولا يحل ضرب أوامره بعضها ببعض .

قال ابن حزم :  حكم الإحصار يرجع إلى :

4 قول الله تعالى :  {  فإن أحصرتم فما استيسر من الهدي } فكان في هذه الآية عموم إيجاب الهدي على كل من أحصر بأي وجه أحصر .

5 وإلى فعل رسول الله صلى الله عليه وسلم إذ صده المشركون عن البيت فنحر وحلق هو وأصحابه وحلوا بالحديبية .

6 وإلى أمره عليه السلام من حج أن يقول :  اللهم إن محلي حيث حبستني .

7 وإلى ماحدثناه عبد الله بن ربيع ،  نا محمد بن معاوية ،  نا أحمد بن شعيب ،  نا حميد بن مسعدة البصري نا سفيان  هو ابن حبيب  عن الحجاج الصواف ،  عن يحيى بن أبي كثير ،  عن عكرمة عن الحجاج بن عمرو الأنصاري قال :

سمعت رسول الله صلى الله عليه وسلم يقول :   "" من كسر أو عرج فقد حل وعليه حجة أخرى ""

فسألت ابن عباس وأبا هريرة ؟ فقالا :  صدق .

فهذه النصوص تنتظم كل ما قلنا  والحمد لله رب العالمين .

فإن قيل :  ففي هذا الخبر أن عليه حجة أخرى وليس فيه ذكر هدي ؟

قلنا :  إن القرآن جاء بإيجاب الهدي فهو زائد على ما في هذا الخبر ،  وليس في هذا الخبر ذكر لإسقاط الهدي ولا لإيجابه ،  فوجب إضافة ما زاده القرآن

إليه ،  وقد قدمنا أن النبي صلى الله عليه وسلم أخبر بأن اللازم للناس حجة واحدة ،  فكان هذا الخبر محمولا على من لم يحج قط ،  وبهذا تتألف الأخبار وبالله تعالى التوفيق .

 : المسألة السادسة :  في المحل الذي ينحر به المحصر هديه .

قال ابن حزم :

وأما القول :  ببعثه [ أي المحصر ] هديا يحل به ،  فقول لا يؤيده قرآن ،  ولا سنة ،  ولا إجماع .

فإن قيل :  فإن الله تعالى يقول :  {  ولا تحلقوا رؤوسكم حتى يبلغ الهدي محله } .

قلنا :  نعم وليس هذا في المحصر وحده بل هو حكم كل من ساق هديا في حج أو عمرة على عموم الآية فالحاج والقارن إذا كان يوم النحر فقد بلغ الهدي محله من الزمان والمكان بمكة أو بمنى فله أن يحلق رأسه .  والمعتمر إذا أتم طوافه وسعيه فقد بلغ هديه محله من الزمان والمكان بمكة فله أن يحلق رأسه .  والمحصر إذا صد فقد بلغ هديه محله فله أن يحلق رأسه إن كان مع هؤلاء هدي ،  ولم يقل الله عز وجل قط :  إن المحصر لا يحل حتى يبلغ هديه مكة ،  بل هو الكذب على الله تعالى ممن نسبه إليه عز وجل فظهر خطأ هذه الأقاويل .

 :  المسألة السابعة :  في الهدي الواجب على المحصر أو المتمتع .

قال ابن حزم :

الهدي الواجب على المتمتع رأس من الغنم أو من الإبل أو من البقر ،  أو شرك في بقرة أوناقة بين عشرة فأقل سواء كانوا متمتعين أو بعضهم ،  أو كان فيهم من يريد نصيبه لحما للأكل أو البيع أو لنذر أو لتطوع .

1 لقول الله تعالى :  {  فمن تمتع بالعمرة إلى الحج فما استيسر من الهدي } .

واسم الهدي يقع على الشاة ،  والبقرة ،  والبدنة .

2 وروينا عن ابن مسعود : أنه كان يجيز في ذلك الشاة .

3 وعن ابن عباس مثل ذلك .

4 واختلف فيه عن أم المؤمنين عائشة فروي عنها مثل قول ابن عباس ،  وروي عنها أيضا أنه لا يجزئ في ذلك شاة وأنه إنما في ذلك الناقة أو البقرة .

5 وروينا عن طاوس الترتيب  روينا من طريق إسماعيل بن إسحاق القاضي ،  نا علي بن عبد الله هو ابن المديني  نا هشام بن يوسف ،  أنا ابن جريج قال :  سمعت ابن طاوس يزعم عن أبيه أنه كان يقول :  بقدر يسار الرجل إن استيسر جزور فجزور ،  وإن استيسر بقرة فبقرة ،  وإن لم يستيسر إلا شاة فشاة .

قال :  وكان أبي يفرق بين ما استيسر وتيسر .

قال :  فإن استيسر على قدر يساره ،  وتيسر ما شاء .

6 وروينا من طريق البخاري نا إسحاق بن منصور ،  أنا النضر بن شميل ،

أنا شعبة نا أبو حمزة  هو نصر بن عمران الضبعي  قال :  سألت ابن عباس رضي الله عنهما عن المتعة ؟  فأمرني بها وسألته عن الهدي ؟  فقال :  فيها جزور أو بقرة ،  أو شاة ،  أو شرك في دم .

7 وهكذا رويناه في تفسيره هدي المتعة أيضا من طريق الحجاج بن المنهال ،  عن حماد بن سلمة عن أبي جمرة عن ابن عباس .  وبهذا نأخذ .

 :  المسألة الثامنة :  حكم الحلق قبل النحر ،  وتوجيه في ذلك .

قال ابن حزم :

وجائز في رمي الجمرة ،  والحلق ،  والنحر ،  والدبح ،  وطواف الإ فاضة ،  والطواف بالبيت ،  والسعي بين الصفا والمروة ،  أن تقدم أيها شئت على أيها شئت لا حرج في شيء من ذلك .

1 روينا من طريق مسلم بن الحجاج ،  نا محمد بن عبد الله بن قهزاد ،  نا علي بن الحسن ،  عن عبد الله بن المبارك ،  أنا محمد بن أبي حفصة ،  عن الزهري ،  عن عيسى بن طلحة ،  عن عبد الله بن عمرو بن العاص قال :  سمعت رسول الله صلى الله عليه وسلم وأتاه رجل يوم النحر وهو واقف عند الجمرة فقال :  يا رسول الله إني حلقت قبل أن أرمي ؟  قال :  ارم ،  ولا حرج ،  وأتاه آخر فقال :  إني ذبحت قبل أن أرمي ؟  قال :  ارم ولا حرج وأتاه آخر وقال :  إني أفضت إلى البيت قبل أن أرمي ؟  قال :  ارم ولا حرج .  قال :  فما رأيته يسأل يومئذ عن شيء إلا قال :  افعلوا ولا حرج .

2 ومن طريق مالك عن ابن شهاب عن عيسى بن طلحة ،  عن عبد الله بن عمرو بن العاص أن رسول الله صلى الله عليه وسلم وقف بمنى في حجة الوداع فجاء رجل فقال :  يا رسول الله إني لم أشعر فحلقت قبل أن أرمي ؟  قال :  ارم ولا حرج .  وجاء آخر فقال :  يا رسول الله إني لم أشعر فنحرت قبل أن أرمي ؟  قال :  ارم ولا حرج .  قال :  فما سئل رسول الله صلى الله عليه وسلم عن شيء يومئذ قدم أو أخر إلا قال :  اصنع ولا حرج .

3 ومن طريق ابن الجهم ،  عن إسماعيل بن إسحاق ،  أنا أبو المصعب ،  عن مالك ،  عن ابن شهاب ،  عن عيسى بن طلحة بن عبيد الله ،  عن عبد الله بن عمرو بن العاص ،  قال :  وقف رسول الله صلى الله عليه وسلم في حجة الوداع بمنى فجاء رجل فقال :  يا رسول الله لم أشعر فحلقت قبل أن أذبح ؟  قال :  اذبح ولا حرج .  فقال آخر :  يا رسول الله لم أشعر فحلقت قبل أن أرمي ؟  قال :  ارمي ولا حرج .  فما سئل عن شيء قدم ،  ولا أخر إلا قال :  افعل ولا حرج .

4 ومن طريق مسلم حدثني محمد بن حاتم ،  نا بهز بن أسد ،  نا وهيب هو ابن خالد نا عبد الله بن طاوس عن أبيه ،  عن ابن عباس :  أن النبي صلى الله عليه وسلم قيل له في الذبح ،  والحلق والرمي ،  والتقديم ،  والتأخير ؟  فقال :  لا حرج .

5 ومن طريق أبي داود نا عثمان بن أبي شيبة ،  نا جرير بن عبد الحميد ،  عن الشيباني هو أبو إسحاق عن زياد بن علاقة ،  عن أسامة بن شريك قال :  خرجت مع رسول الله صلى الله عليه وسلم حاجا فكان الناس يأتونه فمن قائل يا رسول الله سعيت قبل أن أطوف ،  أو أخرت شيئا ،  أو قدمت شيئا فكان يقول :  لا حرج لا حرج وذكر باقي الحديث .

6 ومن طريق ابن الجهم ،  نا عبد الله بن الحسن الهاشمي ،  نا روح ،  نا سعيد ،  عن قتادة عن مورق العجلي قلت لابن عمر :  رجل حلق قبل أن يذبح ؟  قال :  خالف السنة ،  قلت :  ماذا عليه ؟  قال :  إنك لضخم اللحية ولم يجعل عليه شيئا .

7 ومن طريق ابن الجهم ،  نا إبراهيم بن حماد ،  نا الصاغاني ،  نا سعيد بن عامر ،  عن سعيد بن أبي عروبة عن مقاتل ،  أنهم سألوا أنس بن مالك عن قوم حلقوا قبل أن يذبحوا ؟  قال :  أخطأتم السنة ولا شيء عليكم .

قال ابن حزم :  ما أخطأوا السنة ولا خالفوها ،  لأن ما أباحه رسول الله صلى الله عليه وسلم ولم ير فيه حرجا فهو سنة لكن تركوا الأفضل فقط .

8 ومن طريق ابن أبي شيبة ،  نا الفضيل بن عياض ،  عن ليث بن أبي سليم ،  عن صدقة قال :  سألت طاوسا ،  ومجاهدا عمن حلق قبل أن ينحر ؟  قالا :  لا شيء عليه .

قال ابن حزم :  واحتجاجهم بقول الله تعالى :  {  ولا تحلقوا رؤوسكم حتى يبلغ الهدي محله } فغفلة ممن احتج بهذا ،  لأن محل الهدي هو يوم النحر بمنى ذبح أو نحر ،  أو لم يذبح ولا نحر ،  إذا دخل يوم النحر والهدي بمنى أو بمكة فقد بلغ محله فحل الحلق ،  ولم يقل تعالى :  حتى تنحروا أو تذبحوا .  وبين رسول الله صلى الله عليه وسلم أن كل ذلك مباح ولا حجة في قول أحد سواه عليه السلام وبالله تعالى التوفيق .

 المسألة التاسعة :  فيمن احتاج إلى حلق رأسه وهو محرم .

قال ابن حزم :

ومن احتاج إلى حلق رأسه وهو محرم لمرض أو صداع ،  أو لقمل أو لجرح به ،  أو نحو ذلك مما يؤذيه فليحلقه وعليه أحد ثلاثة أشياء هو مخير في أيها شاء لا بد له من أحدها :

إما أن يصوم ثلاثة أيام ،  وإما أن يطعم ستة مساكين متغايرين لكل مسكين منهم نصف صاع تمر ولا بد ،  وإما أن يهدي شاة يتصدق بها على المساكين .

برهان ذلك :

1 قول الله عز وجل :  {  فمن كان منكم مريضا أو به أذى من رأسه ففدية من صيام أو صدقة أو نسك } .

فكان في هذه الآية التخيير في أي هذه الثلاثة الأعمال أحب ،  وليس فيها بيان كم يصوم ؟  ولا بكم يتصدق ؟  ولا بماذا ينسك ؟

وفي الآية أيضا حذف بينه الإجماع والسنة وهو :  فحلق رأسه .

2 وروينا من طريق حماد بن سلمة ،  عن داود بن أبي هند ،  عن الشعبي ،  عن عبد الرحمن بن أبي ليلى ،  عن كعب بن عجرة  في هذا الخبر  أن رسول الله صلى الله عليه وسلم قال له :   "" إن شئت فانسك نسيكة ،  وإن شئت فصم ثلاثة أيام ،  وإن شئت فأطعم ثلاثة آصع من تمر لستة مساكين ""  .

3 وروينا من طريق مسلم ،  حدثني يحيى بن يحيى ،  نا خالد بن عبد الله الطحان ،  عن خالد الحذاء ،  عن أبي قلابة ،  عن عبد الرحمن بن أبي ليلى ،  عن كعب بن عجرة أن رسول الله صلى الله عليه وسلم مر به زمن الحديبية فقال له :   "" آذاك هوام رأسك ؟  قال :  نعم ،  فقال له النبي صلى الله عليه وسلم :  احلق ،  ثم اذبح شاة نسكا ،  أو صم ثلاثة أيام ،  أو اطعم ثلاثة آصع من تمر :  على ستة مساكين ""  .

قال ابن حزم :  هذا أكمل الأحاديث وأبينها .

وقد جاء هذا الخبر من طرق :

في بعضها  "" أو نسك ما تيسر ""

4 وبعضها رويناه من طريق محمد بن جعفر ،  عن شعبة ،  عن عبد الرحمن بن الأصبهاني ،  عن عبد الله بن معقل :  أن كعب بن عجرة أخبره بهذا الخبر وفيه :  أن رسول الله صلى الله عليه وسلم قال له حينئذ :   "" أو أطعم ستة مساكين نصف صاع طعاما لكل مسكين "" 5 وروي أيضا من طريق بشر بن عمر الزهراني عن شعبة ،  عن عبد الرحمن بن الأصبهاني ،  عن عبد الله بن معقل عن كعب بن عجرة ،  فذكر فيه :   "" نصف صاع حنطة لكل مسكين ""  .

6 وخبر من طريق أبي داود ،  نا محمد بن منصور ،  نا يعقوب بن إبراهيم بن سعد ،  نا أبي ،  عن محمد بن إسحاق [ قال ] :  حدثني أبان  هو ابن صالح  عن الحكم بن عتيبة عن عبد الرحمن بن أبي ليلى ،  عن كعب بن عجرة ،  عن النبي صلى الله عليه وسلم فذكر فيه :   "" أو إطعام ستة مساكين فرقا ""  من زبيب ""  .

7 وخبر من طريق ابن أبي شيبة نا عبد الله بن نمير ،  عن زكريا بن أبي زائدة ،  عن عبد الرحمن بن الأصبهاني عن عبد الله بن معقل ،  أخبرني كعب بن عجرة ،  عن رسول الله صلى الله عليه وسلم فذكر الحديث ،  وفيه :  أنه عليه السلام قال له :   "" هل عندك نسك ؟  قال :  ما أقدر عليه ،  فأمره أن يصوم ثلاثة أيام ،  أو يطعم ستة مساكين لكل مسكين نصف صاع ""  .

8 ومن طريق سعيد بن منصور ،  نا أبو عوانة ،  عن عبد الرحمن بن الأصبهاني عن عبد الله بن معقل :  أن كعب بن عجرة أخبره ،  أن رسول الله صلى الله عليه وسلم قال له في هذا الخبر :   "" هل تجد من نسيكة ؟  قال :  لا قال :  وهي شاة ؟  قال :  فصم ثلاثة أيام أو أطعم ثلاثة آصع بين ستة مساكين ""  .

9 ومن طريق أبي داود ،  نا محمد بن المثنى ،  نا عبد الوهاب  هو ابن عبد المجيد الثقفي  أنا داود بن أبي هند ،  عن الشعبي عن كعب بن عجرة ،  أن رسول الله صلى الله عليه وسلم قال له في هذا الحديث نفسه :   "" أمعك دم ؟  قال :  لا ""  فذكر الحديث وفيه أنه عليه السلام قال له :   "" فصم ثلاثة أيام ،  أو تصدق بثلاثة آصع من تمر بين ستة مساكين ""  .

قال ابن حزم :  لم يسمعه الشعبي من كعب على ما ذكرنا قبل .  ونذكر الآن إن شاء الله تعالى :

10 كما روينا من طريق محمد بن الجهم ،  نا جعفر الصائغ ،  نا محمد بن الصباح ،  نا إسماعيل بن زكريا ،  عن أشعث ،  عن الشعبي ،  عن عبد الله بن معقل ،  عن كعب بن عجرة قال :  إن رسول الله صلى الله عليه وسلم قال له في هذا الخبر :   "" أمعك هدي ؟  قلت :  ما أجده قال :  إنه ما استيسر ؟  قلت :  ما أجده ؟  قال :  فصم ثلاثة أيام ،  أو أطعم ستة مساكين لكل مسكين صاعا من تمر ""  .

قال ابن حزم :  فهذه الأحاديث المضطربة كلها إنما هي في رواية عبد الله بن معقل عن كعب بن عجرة ،  والذي ذكرناه أولا من طريق عبد الرحمن بن أبي ليلى بن كعب بن عجرة هو الصحيح المتفق عليه .

أما هذا الخبر الذي فيه لكل مسكين صاع تمر فهو عن أشعث الكوفي ،  عن الشعبي وهو ضعيف ألبتة ،  وفي هذا الخبر الذي قبله من طريق داود عن الشعبي عن كعب :  إيجاب الترتيب ،  وأن لا يجزي الصيام ،  ولا الصدقة إلا عند عدم النسك ،  وذلك الخبر قد بينا أن الشعبي لم يسمعه من كعب ،  فحصل منقطعا ،  فسقطا معا .

وأما رواية ابن أبي زائدة ،  وأبي عوانة عن الأصبهاني ،  عن عبد الله بن معقل ففيها أيضا :  إيجاب الترتيب ،  وقد خالفهما شعبة عن ابن الأصبهاني عن عبد الله بن معقل فذكره بالتخيير بين النسك أو الصوم ،  أو الصدقة ،  ثم وجدنا شعبة قد اختلف عليه أيضا في هذا الخبر :

فروى عنه محمد بن جعفر :  نصف صاع طعاما لكل مسكين .

وروى عنه بشر بن عمر :  نصف صاع حنطة لكل مسكين .

وروى عنه أبو داود الطيالسي :  ثلاثة آصع بين ستة مساكين ولم يذكر لماذا .

قال ابن حزم :  وهذا كله خبر واحد في قصة واحدة بلا خلاف من أحد ،  وبنصوص هذه الأخبار كلها أيضا ،  فصح أن جميعها وهم إلا واحدا فقط :

فوجدنا أصحاب شعبة قد اختلفوا عليه ،  فوجب ترك ما اضطربوا فيه ،  إذ ليس بعضه أولى من بعض ،  ووجب الرجوع إلى رواية عبد الرحمن بن أبي ليلى الذي لم يضطرب الثقات من رواته فيه ،  ولو كان ما ذكر في هذه الأخبار عن قضايا شتى لوجب الأخذ بجميعها وضم بعضها إلى بعض ،  وأما في قضية واحدة فلا يمكن ذلك أصلا .

ثم وجدنا أبان بن صالح قد ذكر في روايته  "" فرقا من زبيب ""  وأبان لا يعدل في الحفظ بداود بن أبي هند ،  عن الشعبي ،  عن عبد الرحمن بن أبي ليلى ،  ولا بأبي قلابة ،  عن عبد الرحمن بن أبي ليلى ،  ولا بد من أخذ إحدى هاتين الروايتين إذ لا يمكن جمعهما ،  لأنها كلها في قضية واحدة ،  في مقام واحد ،  في رجل واحد ،  في وقت واحد ،  فوجب أخذ ما رواه أبو قلابة ،  والشعبي عن عبد الرحمن بن أبي ليلى عن كعب بن عجرة ،  لثقتهما ولأنها مبينة لسائر الأحاديث وبالله تعالى التوفيق .

 :  المسألة العاشرة :  في موضع النسك والإطعام والصيام في فدية الأذى .

قال ابن حزم :

وأما موضع النسك والإطعام والصيام فقد ذكرنا في باب المحصر نسك علي بن أبي طالب عن الحسين رضي الله تعالى عنهما في حلق رأسه لمرض كان به بالسقيا ،  ولا نعلم لهما من الصحابة رضي الله تعالى عنهم مخالفا ،  ونسك حلق الرأس لا يسمى هديا ،  فإذا لم يكن فهو جائز في كل موضع إذ لم يوجب كون النسك بمكة قرآن ولا سنة ،  ولا إجماع .

 المسألة الحادية عشرة :  فيمن نتف رأسه ،  هل يدخل في حكم الحلق أم لا ؟

قال ابن حزم :

فإن حلق رأسه بنورة فهو حالق في اللغة ففيه ما في الحالق من كل ما ذكرنا بأي شيء حلقه ،  فإن نتفه فلا شيء في ذلك ،  لأنه لم يحلقه والنتف غير الحلق :  {  وما كان ربك نسيا } وإنما جاء النهي والفدية في الحلق لا في النتف .

 المسألة الثانية عشرة :  هل على القارن هدي ؟

قال ابن حزم :

لا هدي على القارن  مكيا كان أو غير مكي  حاشا الهدي الذي كان معه عند إحرامه .

الدراسة :

ما ذهب إليه ابن حزم من أن القارن لا يلزمه هدي ،  قال به طاوس ،  والحسن ،  بن علي ،  وابن سريج ،  وهو مذهب داود ،  وابنه أبي بكر محمد بن داود  .

ومذهب جمهور العلماء أن الهدي واجب على القارن كالمتمتع .

الترجيح :

الصواب ما ذهب إليه الجمهور ،  واجب على القارن لقوله تعالى :  {  فمن تمتع بالعمرة إلى الحج فما استيسر من الهدي } وليس المتمع في الآية ،  مخصوصا بمن أحل من عمرته ،  بل هو يشمل كل من أدخل عمرته في حجه ،  بدليل أن الصحابة رضوان الله عليهم كانوا يقولون :  تمتع رسول الله صلى الله عليه وسلم وبعضهم يقول :  قرن ولا خلاف عندهم أنه ساق معه الهدي ،  والتفريق بين التمتع والقران إنما اصطلح عليه الفقهاء بعد عصر الصحابة ،  والله تعالى أعلم .

 المسألة الثالثة عشرة :  في المراد بالتمتع في الآية .

قال ابن حزم :

المتمتع الذي يجب عليه الصوم أو الهدي هو من ابتدأ عمرته بأن يحرم لها في أحد أشهر الحج لا قبل ذلك أصلا ويتم عمرته ثم يحج من عامه سواء رجع فيما بين ذلك إلى الميقات أو إلى منزله أو إلى أفق أبعد من منزله ،  أو مثله أو أقرب منه ،  أو أقام بمكة ،  اعتمر فيما بين ذلك عمرا كثيرة أو لم يعتمر ،  فإن أحرم بالعمرة قبل هلال شوال فليس بمتمتع ولا هدي عليه ،  ولا صوم إن حج من عامه ،  أقام بمكة أو لم يقم عمل بعض عمرته أكثرها أو أقلها في أشهر الحج أو لم يعمل منها شيئا في أشهر الحج إلا أن يعتمربعد ذلك من أشهر الحج فيكون متمتعا .

وقد قالت طائفة مثل قولنا :

1 كما روينا من طريق مالك ،  عن عبد الله بن دينار قال :  سمعت ابن عمر يقول :  من اعتمر في أشهر الحج في شوال أو ذي القعدة أو في ذي الحجة قبل الحج فقد استمتع ووجب عليه الهدي ،  أو الصيام إذا لم يجد هديا .

2 ومن طريق عبد الرزاق عن سيف عن يزيد الفقير :  أن قوما اعتمروا في أشهر الحج ثم خرجوا إلى المدينة فأهلوا بالحج ؟  فقال ابن عباس :  عليهم الهدي .

3 ومن طريق عبد الرزاق عن ابن جريج عن عطاء في من قدم في غير أشهر الحج معتمرا ثم بدا له أن يعتمر في أشهر الحج قال :  لا يكون متمتعا حتى يأتي من ميقاته في أشهر الحج قلت له :  أرأي أم علم قال :  بل علم

4 قال ابن حزم :  إنما وافقنا عطاء في أنه لا يكون المتمتع إلا من أحرم في أشهر الحج لا في قوله : إن من قدم في غير أشهر الحج محرما ثم اعتمر ثم حل ثم اعتمر في أشهر الحج أنه ليس متمتعا بل هو متمتع إن حج من عامه

5 ومن طريق عبد الرزاق عن معمر عن قتادة قال :  عمرته في الشهر الذي أهل فيه

6 ومن طريق سعيد بن منصور ،  نا هشيم ،  وأبو عوانة ،  قال أبو عوانة :  عن قتادة عن سعيد بن المسيب ،  وقال هشيم :  أنا يونس ،  عن الحسن ،  ثم اتفق الحسن وسعيد قالا :  في المتمتع عليه الهدي ،  وإن رجع إلى بلاده

7 ومن طريق البخاري ،  نا يحيى بن بكير ،  نا الليث  هو ابن سعد عن عقيل بن خالد ،  عن الزهري عن سالم بن عبد الله بن عمر قال :  قال عبد الله بن عمر :  تمتع رسول الله صلى الله عليه وسلم في حجة الوداع بالعمرة إلى الحج وأهدى وساق معه الهدي من ذي الحليفة وبدأ رسول الله صلى الله عليه وسلم فأهل بالعمرة ثم أهل بالحج فتمتع الناس مع النبي صلى الله عليه وسلم بالعمرة إلى الحج فكان من الناس من أهدى ،  فساق الهدي ومنهم من لم يهد ،  فلما قدم رسول الله صلى الله عليه وسلم مكة قال للناس :  من كان منكم أهدى فإنه لا يحل من شيء حرم منه حتى يقضي حجه ،  ومن لم يكن منكم أهدى فليطف بالبيت وبالصفا والمروة ويقصر ويحل ثم ليهل بالحج {  فمن لم يجد هديا فليصم ثلاثة أيام في الحج وسبعة إذا رجع إلى أهله } وذكر باقي الحديث :

قال ابن حزم :  فكان في هذا الخبر بيان من هو المتمتع الذي يجب عليه الهدي أو الصوم المذكور وهو أن النبي صلى الله عليه وسلم إنما أمر بهذا أصحابه المتمتعين بالعمرة إلى الحج ،  وهم قوم ابتدءوا الإحرام لعمرتهم في أشهر الحج ثم حجوا في تلك الأشهر ،  فخرج بهذا الخبر الثابت عن أن يكون متمتعا بالعمرة إلى الحج كل من عمل شيئا من عمرته في غير أشهر الحج كلها أو أكثرها أو أقلها ،  لأنه عليه السلام لم يخاطب بهذا الحكم أحدا من أهل هذه الصفات بلا شك وارتفع الإشكال في أمر هؤلاء بيقين

قال ابن حزم :  وبقي أمر من خرج بعد اعتماره في أشهر الحج إلى بلده أو إلى بلد في البعد مثل بلده ،  أو إلى وراء ميقات من المواقيت ،  أو إلى ميقات من المواقيت ،  أو إلى ما تقصر فيه الصلاة فوجدنا هذا الخبر عن رسول الله صلى الله عليه وسلم المبين عن الله تعالى مراده لم يشترط فيه على من خاطبه بذلك الحكم إقامة بمكة وترك خروج منها أصلا {  وما ينطق عن الهوى إن هو إلا وحي يوحى } .

{  وما كان ربك نسيا } ،  ولو كان هذا من شرط التمتع لما أغفل رسول الله صلى الله عليه وسلم بيانه حتى نحتاج في ذلك إلى بيان برأي فاسد ،  وظن كاذب وتدافع من الأقوال بلا برهان .

وقوله صلى الله عليه وسلم في هذا الخبر الثابت :   "" ويحل ثم ليهل بالحج ""  بيان بإباحة المهلة بين الإحلال والإهلال ،  ولا مانع لمن عرضت له منهم رضي الله عنهم حاجة من الخروج عن مكة لها فبطل أن تكون الإقامة بمكة حتى يحج من شروط التمتع وبالله تعالى التوفيق .

وصح أن المتمتع بنص الخبر المذكور هو من أهل بالعمرة في أشهر الحج ثم حج في تلك الأشهر فقط وبالله تعالى التوفيق .

 :  المسألة الرابعة عشرة :  في وقت الهدي للمتمتع .

قال ابن حزم :

أما المتمتع فإن كان من غير أهل الحرم ،  أو لم يكن أهله معه قاطنين هنالك ،  ففرض عليه أن يهدي هديا ولا بد ،  ولا يجزئه أن يهديه إلا بعد أن يحرم بالحج ،  وله أن يذبحه أو ينحره متى شاء بعد ذلك لأن الله تعالى قال :  {  فمن تمتع بالعمرة إلى الحج فما استيسر من الهدي } فإنما أوجبه تعالى على من تمتع بالعمرة إلى الحج لا على من لم يتمتع بالعمرة إلى الحج [ بلا شك ] فهو ما لم يحرم بالحج فلم يتمتع بعد العمرة إلى الحج ،  وإذ بم يتمتع بعد بالعمرة إلى الحج فالهدي غير واجب عليه ،  ولا يجئ غير واجب عن واجب إلا بنص وارد في ذلك ،  ولا خلاف بين أحد في أنه إن بدا له فلم يحج من عامه ذلك فإنه لا هدي عليه فصح أنه ليس [ عليه ] هدي بعد ،  وإذا لم يكن عليه فلا يجزئه ما ليس عليه عما يكون عليه بعد ذلك وأما ذبحه ونحره بعد ذلك فلأن هذا الهدي قد بين الله تعالى لنا أول وقت وجوبه ،  ولم يحد آخر وقت وجوبه بحد ،  وما كان هكذا فهو دين باق أبدا حتى يؤدى والأمر به ثابت حتى يؤدى ومن خصه بوقت محدود فقد قال على الله تعالى ما لم يقله عز وجل وهذا عظيم جدا .

 المسألة الخامسة عشرة :  في وقت الصيام للمتمتع إذ لم يجد الهدي

قال ابن حزم :

أما المتمتع فإن كان من غير أهل الحرم ،  أو لم يكن أهله معه قاطنين هنالك ؛  ففرض عليه أن يهدي هديا ولا بد ولا يجزئه أن يهديه إلا بعد أن يحرم بالحج .

فإن لم يجد هديا ،  ولا ما يبتاعه به ،  فليصم ثلاثة أيام من يوم يحرم بالحج إلى انقضاء يوم عرفة وسبعة أيام إذا انقضت أيام التشريق .

فإن لم يصم الثلاثة الأيام كما ذكرنا فليؤخر طواف الإفاضة حتى تنقضي أيام التشريق ،  ثم يصوم الثلاثة الأيام فإذا أتمها كلها طاف طواف الإفاضة في اليوم الرابع ثم ابتدأ بصيام السبعة الأيام .

فإن لم يفعل حتى خرج عن عمل الحج صام السبعة الأيام فقط واستغفر الله إن كان تعمد ترك صيام الثلاثة الأيام .

ولو وجد هديا بعد إحرامه بالحج لم يجزه وفرضه الصوم ولا بد ،  فإن وجده قبل أن يحرم بالحج ففرضه الهدي .

لقول الله تعالى :  {  فمن تمتع بالعمرة إلى الحج فما استيسر من الهدي فمن لم يجد فصيام ثلاثة أيام في الحج وسبعة إذا رجعتم تلك عشرة كاملة ذلك لمن لم يكن أهله حاضري المسجد الحرام } وهذا نص ما قلناه  ولله الحمد كثيرا

وقد أجاز قوم أن يصوم الثلاثة الأيام قبل أن يحرم بالحج ،  وهذا خطأ ،  لأنه خلاف أمر الله  تعالى  بأن يصومها في الحج ،  وما لم يحرم المرء فليس هو في وقت صيام الثلاثة الأيام .

وأيضا فإنه لا يجب عليه الهدي المذكور ولا الصيام المذكور إلا بتمتعه بالعمرة إلى الحج بنص كلام الله تعالى ،  وهو ما لم يحرم بالحج فليس هو بعد ممن تمتع بالعمرة إلى الحج ولا يجزئ [ أداء ] فرض إلا في وقته الذي أوجبه الله تعالى فيه .

وأجاز قوم أن يصوم الثلاثة الأيام في أيام التشريق وهذا خطأ وقد ذكرنا البرهان على بطلان [ هذا القول ] في كتاب الصيام من هذا الديوان ،  ونهى النبي صلى الله عليه وسلم عن صيام أيام التشريق جملة

وصح عن أم المؤمنين عائشة ،  وعن ابن عمر أنه لا يصوم الثلاثة إلا بعد إحرامه بالحج ،  ولا يعرف لهم مخالف من الصحابة في ذلك .

 المسألة السادسة عشرة :  في معنى قوله تعالى :  {  وسبعة إذا رجعتم } .

قال ابن حزم :

اختلفوا في معنى قوله تعالى :  {  وسبعة إذا رجعتم }

فقال قوم :  إذا رجعتم إلى بلادكم .

وقال آخرون :  إذا رجعتم من عمل الحج ،  وهو الصحيح لأنه لا يجوز تخصيص القرآن بلا نص ولا ضرورة موجبة لتخصيصه ،  وقد ذكر تعالى صيام الثلاثة الأيام في الحج ثم قال عز وجل :  {  وسبعة إذا رجعتم } فصح أنه على ظاهره وعمومه بعد رجوعه من الحج الموجب عليه ذلك الصيام وبالله تعالى التوفيق .

فإن قيل :  فقد رويتم من طريق البخاري ،  عن يحيى بن بكير ،  عن الليث ،  عن عقيل ،  عن الزهري ،  عن عروة ،  عن عائشة ،  أن رسول الله صلى الله عليه وسلم قال :   "" ومن لم يكن منكم أهدى فليطف بالبيت وبين الصفا والمروة ،  ويقصر ،  ويحل ،  ثم ليهل بالحج ،  فمن لم يجد هديا فليصم ثلاثة أيام في الحج وسبعة إذا رجع إلى أهله ""  .

قلنا :  نعم ،  والرجوع إلى أهله يقع على وجهين :  أحدهما المشي إلى بلده والآخر الرجوع إلى أهله ،  وإن حل له فيها ما كان له حراما بالعمل للحج .

ولا يجوز تخصيص اللفظ إلا بنص أو إجماع ،  فحمله على كل ما يقع عليه اسم الرجوع هو الواجب ،  فإن صام السبعة إذا رجع إلى أهله من تحريمها عليه فذلك جائز ،  وإن صامها إذا رجع بالمشي فذلك جائز .

 :  المسألة السابعة عشرة :  في معنى قوله تعالى :  {  تلك عشرة كاملة } .

قال ابن حزم :

قوله تعالى :  {  تلك عشرة كاملة } إنما هذا توكيد وبيان زائد ،  كقول رسول الله صلى الله عليه وسلم في حديث الزكاة :   "" فابن لبون ذكر ""  وكقوله صلى الله عليه وسلم في حديث الفرائض :   "" فما أبقت الفرائض فللأولى رجل ذكر ""   .

 :  المسألة الثامنة عشرة :  من كان أهله حاضري المسجد الحرام فهل يلزمه في تمتعه هدي أو صوم ؟

قال ابن حزم :

من كان أهله ساكنين في الحرم فلا يلزمه في تمتعه هدي ولا صوم ،  وهو محسن في تمتعه .

وقال قوم :  هو مسيء في تمتعه .

قال الله تعالى :  {  فمن تمتع بالعمرة إلى الحج فما استيسر من الهدي فمن لم يجد فصيام ثلاثة أيام في الحج وسبعة إذا رجعتم تلك عشرة كاملة ذلك لمن لم يكن أهله حاضري المسجد الحرام } .

قال ابن حزم :  فقال المخالفون :  لو أن الله تعالى أراد ما قلتم لقال :  ذلك على من لم يكن أهله حاضري المسجد الحرام .  فصح أن المتعة إنما هي لغير أهل مكة .

قال ابن حزم :  ليس كما قالوا ،  لأن الهدي أو الصوم الذي أوجبه الله تعالى في التمتع إنما هو نسك زائد وفضيلة وليس جبرا لنقص كما ظن من لا يحقق فهو لهم لا عليهم .

برهان صحة ذلك :  قول رسول الله صلى الله عليه وسلم :   "" لو استقبلت من أمري ما استدبرت ما سقت الهدي ولجعلتها عمرة ،  ولأحللت ""  أو كما قال عليه السلام فأخبر عليه السلام بفضل المتعة ،  وأنها أفضل أعمال الحج وأسقط الله عز وجل الهدي عن أهل مكة والصوم فيها لما هو أعلم به ،  وظاهره الرفق بهم ،  لأنه لا شك في أن الله تعالى لو كلفهم ذلك لكان حرجا عليهم لسهولة العمرة عليهم ولإمكانها لهم كل يوم بخلاف أهل الآفاق .

وقال الله تعالى :  {  يريد الله بكم اليسر ولا يريد بكم العسر } .

ويبطل قول المخالف :  أن الآية لو كانت كما ظن لحرمت العمرة في أشهر الحج على أهل مكة والحرم ،  وهذا خلاف ما جاءت به السنة من الحض على العمرة ،  وأنها كفارة لما بينهما فدخل في ذلك أهل مكة وغيرهم .

1 روينا عن سعيد بن منصور ،  نا هشيم ،  نا الحجاج ،  عن الحكم ،  عن مقسم ،  عن ابن عباس قال :  ليس على أهل مكة هدي في المتعة .

2 ومن طريق سعيد بن منصور ،  نا هشيم ،  ووكيع ،  قال هشيم :  نا المغيرة بن مقسم ،  ويونس بن عبيد ،  قال المغيرة :  عن النخعي ،  وقال يونس :  عن الحسن وقال وكيع :  عن الحسن بن حي ،  عن ليث ،  عن عطاء ،  وطاوس ،  ومجاهد ،  ثم اتفق عطاء ،  وطاوس ،  ومجاهد ،  والحسن ،  والنخعي ،  قالوا كلهم :  ليس على المكي هدي في المتعة .

3 ومن طريق الحذافي ،  عن عبد الرزاق ،  عن ابن جريج ،  ومعمر ،  قال ابن جريج :  عن عطاء وقال معمر ،  عن الزهري ،  ثم اتفق الزهري ،  وعطاء قالا جميعا في المكي يمر بالميقات فيعتمر منه :  إنه ليس بمتمتع .  وبهذا نقول .

 :  المسألة التاسعة عشرة :  في المراد بحاضري المسجد الحرام في الآية .

قال ابن حزم :

لفظة  "" المسجد الحرام ""  لا تخلو من أحد ثلاثة وجوه لا رابع لها :  إما أن يكون الله تعالى أراد الكعبةفقط ،  أو ما أحاطت به جدران المسجد فقط ،  أم أراد الحرم كله ،  لأنه لا يقع اسم  "" مسجد حرام ""  إلا على هذه الوجوه فقط .

فبطل أن يكون الله تعالى أراد الكعبة فقط ،  لأنه لو كان ذلك لكان لا يسقط الهدي إلا عمن أهله في الكعبة وهذا معدوم وغير موجود .

وبطل أن يكون  عز وجل  أراد ما أحاطت به جدران المسجد الحرام فقط ،  لأن المسجد الحرام قد زيد فيه مرة بعد مرة فكان لا يكون هذا الحكم ينتقل ولا يثبت .

وأيضا فكان لا يكون هذا الحكم إلا لمن أهله في المسجد الحرام ،  وهذا معدوم غير موجود ،  فإذ قد بطل هذان الوجهان فقد صح الثالث إذ لم يبق غيره .

وأيضا فإنه إذا كان اسم المسجد الحرام يقع على الحرم كله فغير جائز أن يخص بهذا الحكم بعض ما يقع عليه هذا الاسم دون سائر ما يقع عليه بلا برهان .

وأيضا فإن الله تعالى قد بين علينا فقال :  {  يريد الله ليبين لكم } فلو أراد الله تعالى بعض ما يقع عليه اسم المسجد الحرام دون بعض لما أهمل ذلك ولبينه ،  أو لكان الله تعالى معنتا لنا غير مبين علينا ما ألزمنا ،  ومعاذ الله من أن يظن هذا مسلم .

فصح إذ لم يبين الله تعالى أنه أراد بعض ما يقع عليه اسم المسجد الحرام دون بعض فلا شك في أنه تعالى أراد كل ما يقع عليه اسم المسجد الحرام .

وأيضا فإن الله تعالى يقول :  {  إنما المشركون نجس فلا يقربوا المسجد الحرام بعد عامهم هذا } ،  فلم يختلفوا في أنه تعالى أراد الحرم كله ،  فلا يجوز تخصيص ذلك بالدعوى .

وصح عن رسول الله صلى الله عليه وسلم من طريق أبي هريرة ،  وجابر ،  وحذيفة :   "" جعلت لي الأرض مسجدا وطهورا ""  .

فصح أن الحرم مسجد لأنه من الأرض فهو كله مسجد حرام فهو المسجد الحرام بلا شك ،  والحاضرون هم القاطنون غير الخارجين فصح أن من كان أهله حاضري المسجد الحرام هم من كان أهله قاطنين الحرم .

فإن قيل :  فإن من سكن خارجا منه بقربه هم حاضروه ؟

قلنا :  هذا خطأ :  وبرهان فساد هذا القول أننا نسألكم عن تحديد ذلك القرب الذي يكون من هو فيه حاضرا مما يكون من هو فيه غير حاضر ،  وهذا لا سبيل إلى تفصيله إلا بدعوى كاذبة ،  لأن الأرض كلها خط بعد خط إلى منقطعها .

وروينا من طريق مسلم ،  نا علي بن حجر ،  نا علي بن مسهر ،  عن الأعمش ،  عن إبراهيم بن يزيد التيمي ،  أن أباه قال له :  سمعت أبا ذر يقول :  سألت رسول الله صلى الله عليه وسلم عن أول مسجد وضع في الأرض ؟  فقال :   "" المسجد الحرام ""  .

قال ابن حزم :  فصح أنه الحرم كله بيقين لا شك فيه لأن الكعبة لم تبن في ذلك الوقت ،  وإنما بناها إبراهيم ،  وإسماعيل عليهما السلام قال :  عز وجل :  {  وإذ يرفع القواعد من البيت وإسماعيل } ولم يبن المسجد حول الكعبة إلا بعد ذلك بدهر طويل .

ولا خلاف بين أحد من الأمة في أنه لو زيد في المسجد أبدا حتى يعم به جميع الحرم يسمى مسجدا حراما ،  وأنه لو زيد فيه من الحل لم يسم ما زيد فيه مسجدا حراما ،  فارتفع كل إشكال ولله الحمد كثيرا ."
2,197,"قوله تعالى :  {  الحج أشهر معلومات فمن فرض فيهن الحج فلا رفت ولا فسوق ولا جدال في الحج وما تفعلوا من خير يعلمه الله وتزودوا فإن خير الزاد التقوى واتقون يا أولي الألباب 197 }

وفيه ثمان مسائل :

 المسألة الأولى :  في المراد بأشهر الحج .

قال ابن حزم :

وأشهر الحج :  شوال ،  وذو القعدة ،  وذو الحجة .

وقال قوم :  شوال ،  وذو القعدة ،  وعشر من ذي الحجة .

روينا قولنا عن ابن عباس ،  وصح ابن عمر من طريق محمد بن إسحاق ،  عن نافع عنه وهو قول طاوس وعطاء .

قال تعالى :  {  الحج أشهر معلومات } ولا يطلق على شهرين وبعض آخر :  أشهر وأيضا فإن رمي الجمار  وهو من أعمال الحج  يعمل اليوم الثالث عشر من ذي الحجة ،  وطواف الإفاضة  وهو من فرائض الحج  يعمل في ذي الحجة كله بلا خلاف منهم ،  فصح أنها ثلاثة أشهر  وبالله تعالى التوفيق .

 المسألة الثانية :  في وقت الحج .

قال ابن حزم :

والحج لا يجوز شيء من عمله إلا في أوقاته المنصوصة ،  ولا يحل الإحرام به إلا في أشهر الحج قبل وقت الوقوف بعرفة .

برهان صحة قولنا :

1 قول الله عز وجل :  {  الحج أشهر معلومات فمن فرض فيهن الحج فلا رفث ولا فسوق ولا جدال في الحج } الآية .

فنص عز وجل على أنه {  أشهر معلومات } .

2 وقال تعالى :  {  ومن يتعد حدود الله فقد ظلم } .

3 وروينا من طريق عبد الرزاق ،  عن سفيان الثوري ،  وابن جريج كليهما ،  عن أبي الزبير :  سمعت جابر بن عبد الله يسأل أيهل أحد الحج قبل أشهر الحج ؟  قال : لا .

4 ومن طريق عكرمة ،  عن ابن عباس قال :  لا ينبغي لأحد أن يهل بالحج إلا في أشهر الحج لقول الله تعالى :  {  فمن فرض فيهن الحج }

5 ومن طريق عبد الرحمن بن مهدي ،  نا سفيان الثوري ،  عن أبي إسحاق السبيعي قال :  رأى عمرو بن ميمون ابن أبي نعم يحرم بالحج في غير أشهر الحج فقال :  لو أن أصحاب محمد أدركوه رجموه .

6 ومن طريق حماد بن زيد ،  عن أيوب السختياني ،  أن عكرمة قال لأبي الحكم :  أنت رجل سوء ،  لأنك خالفت كتاب الله عز وجل وتركت سنة نبيه صلى الله عليه وسلم قال الله تبارك وتعالى :  {  الحج أشهر معلومات فمن فرض فيهن الحج } وخرج رسول الله صلى الله عليه وسلم حتى إذا كان بالبيداء ،  وجعل القرية خلف ظهره أهل ،  وإنك تهل في غير أشهر الحج .

7 وعن عطاء وطاوس ،  ومجاهد ،  قالوا :  لا ينبغي لأحد أن يحرم بالحج في غير أشهر الحج .

8 وعن عطاء والشعبي ،  مثل ذلك قالا :  فإن أهل بالحج في غير أشهر الحج فإنه يحل .

9 وعن عطاء :  أنه يحل ويجعلها عمرة وأنه ليس حجا يقول الله تعالى :  {  الحج أشهر معلومات } .

10 وعن سعيد بن منصور ،  عن جرير بن عبد الحميد ،  عن المغيرة ،  عن إبراهيم أنه قال :  لا ينبغي لأحد أن يحرم بالحج إلا في أشهر الحج ،  فإن فعل فلا يحل حتى يقضي حجه .

11 وقال رسول الله صلى الله عليه وسلم :   "" ومن عمل عملا ليس عليه أمرنا فهو رد ""  .

فصح أن عمل المحرم بالحج في غير أشهر الحج عمل ليس عليه أمر الله تعالى ،  ولا أمر رسوله صلى الله عليه وسلم فصح أنه رد ،  ولا يصير عمرة ،  ولا هو حج .

 المسألة الثالثة :  فيمن ترك شيئا من أعمال الحج حتى انقضاء أشهر الحج .

قال ابن حزم :

من ترك عمدا أو بنسيان شيئا من طواف الإفاضة أو من السعي الواجب بين الصفا والمروة فليرجع  ممتنعا من النساء  حتى يطوف [ بالبيت ] ما بقي عليه ،  فإن خرج ذو الحجة قبل أن يطوف فقد بطل حجه ،  وليس عليه في رجوعه لطواف الوداع أن يمتنع من النساء لأن طواف الإفاضة فرض .

وقال  تعالى  :  {  الحج أشهر معلومات } وقد ذكرنا أنها شوال ،  وذو القعدة ،  وذو الحجة ،  فإذ هو كذلك فلا يحل أن يعمل شيئا من أعمال الحج في غير أشهر الحج فيكون مخالفا لأمر الله تعالى .

وأما امتناعه من النساء فلقول الله  تعالى  :  {  فلا رفث ولا فسوق ولا جدال في الحج } فهو ما لم يتم فرائض الحج فهو في الحج بعد .

وأما رجوعه لطواف الوداع فليس هو في حج ،  ولا في عمرة فليس عليه أن يحرم ،  ولا أن يمتنع من النساء ؛  لأن الله  تعالى  لم يوجب ذلك ولا رسول الله ،  ولا إحرام إلا بحج أو عمرة ،  [ وأما الطواف المجرد فلا ]   .

 المسألة الرابعة :  في معنى  "" الرفث ""  في الآية .

قال ابن حزم :

الرفث :  الجماع فقط .

 :  المسألة الخامسة :  في حكم الوطء للمحرم .

قال ابن حزم :

ويبطل الحج تعمد الوطء في الحلال من الزوجة والأمة ذاكرا لحجه أو عمرته ،  فإن وطئها ناسيا لأنه في عمل حج أو عمرة ،  فلا شيء عليه ،  وكذلك يبطل بتعمده أيضا حج الموطوءة وعمرتها قال تعالى :  {  فلا رفث ولا فسوق ولا جدال في الحج } والرفت الجماع ،  فمن جامع فلم يحج ،  ولا اعتمر كما أمر ،  وقال رسول الله صلى الله عليه وسلم :   ""  دخلت العمرة في الحج إلى يوم القيامة ""  .

وأما الناسي ،  والمكره فلا شيء عليه لقول رسول الله صلى الله عليه وسلم :   "" رفع عن أمتي الخطأ والنسيان وما استكرهوا عليه ""  ولقول الله تعالى :  {  وليس عليكم جناح فيما أخطأتم به ولكن ما تعمدت قلوبكم ""  .

 المسألة السادسة :  في تقبيل المحرم امرأته ومباشرتها فيما دون الفرج .

قال ابن حزم :

ومباح للمحرم أن يقبل امرأته ويباشرها ما لم يولج ،  لأن الله تعالى لم ينه إلا عن الرفث ،  والرفث الجماع فقط .

ولا عجب أعجب ممن ينهى عن ذلك ولم ينه الله تعالى ولا رسوله عليه السلام قط عن ذلك ،  ويبطل الحج بالإمناء في مباشرتها التي لم ينهه قط قرآن ولا سنة عنها ،  ثم لا يبطل حجه بالفسوق ،  الذي صح نهي الله تعالى في القرآن عنه في الحج من ترك الصلاة ،  وقتل النفس التي حرم الله تعالى بغير الحق ،  وسائر الفسوق ،  إن هذا لعجب .

1 روينا من طريق الحذافي ،  عن عبد الرزاق ،  نا محمد بن راشد ،  عن شيخ يقال له :  أبو هرم قال :  سمعت أبا هريرة يقول :  يحل للمحرم من امرأته كل شيء إلا هذا وأشار بإصبعه السبابة بين أصبعين من أصابع يده  يعني الجماع .

2 وعن عبد الرزاق عن ابن جريج ،  أخبرني عثمان بن عبد الرحمن أنه قبل امرأته وهو محرم فسألت سعيد بن جبير ؟  فقال :  ما نعلم فيها شيئا فليستغفر الله عز وجل .

قال ابن جريج :  وسمعت عطاء يقول :  مثل قول سعيد بن جبير .

3 ومن طريق ابن جريج أيضا ،  عن عطاء :  لا يفسد الحج إلا التقاء الختانين فإذا التقى الختانان فسد الحج ووجب الغرم .

4 ومن طريق ابن أبي شيبة ،  نا ابن علية ،  عن غيلان بن جرير قال :  سألني وعلي بن عبد الله ،  وحليم بن الدريم محرم فقال :  وضعت يدي من امرأتي موضعا فلم أرفعها حتى أجنبت ؟  فقلنا كلنا :  ما لنا بهذا علم .  فمضى إلى أبي الشعثاء جابر بن زيد فسأله ،  ثم رجع إلينا يعرف البشر في وجهه فسألناه ماذا أفتاك ؟  فقال :  إنه استكتمني .

فهؤلاء كلهم لم يروا في ذلك شيئا ،  وإيجاب الدم في ذلك قول لم يوجبه قرآن ،  ولا سنة ،  ولا قياس ،  ولا قول مجمع عليه  وبالله تعالى التوفيق

 :  المسألة السابعة :  في معنى الفسوق في الآية وحكمه .

قال ابن حزم :

كل من تعمد معصية أي معصية كانت  وهو ذاكر لحجه مذ يحرم إلى أن يتم طوافه بالبيت للإفاضة ويرمي الجمرة  فقد بطل حجه ،  فإن أتاها ناسيا لها ،  أو ناسيا لإحرامه ودخوله في الحج أو العمرة :  فلا شيء عليه في نسيانها ،  وحجه وعمرته تامان في نسيانه كونه فيهما ،  وذلك لقول الله تعالى :  {  فمن فرض فيهن الحج فلا رفث ولا فسوق ولا جدال في الحج } فكان من شرط الله تعالى في الحج براءته من الرفث والفسوق ،  فمن لم يتبرأ منهما فلم يحج كما أمر ،  ومن لم يحج كما أمر فلا حج له ،  وقال رسول الله صلى الله عليه وسلم :   "" دخلت العمرة في الحج إلى يوم القيامة ""  .

ومن عجائب الدنيا إبطالهم الحج بتقبيله امرأته المباحة له فيمنى ولم ينهه الله تعالى قط عن هذا ،  ثم لا يبطلونه بالفسوق من قتل النفس المحرمة ،  وترك الصلاة ،  وسائر الفسوق إن هذا لعجب .

وأعجب شيء دعواهم الإجماع على هذا ،  ولا سبيل إلى أن يأتوا برواية عن أحد من الصحابة رضي الله عنهم في أن تعمد الفسوق لا يبطل ،  بل الروايات عن السلف تشهد لقولنا .

1 روي عن مجاهد أنه قال :  إنا لنحرم من الميقات وأخشى أن لا أخرج منه حتى أخرج إحرامي ،  أو كلاما هذا معناه .

2 وإن شريحا كان إذا أحرم فكأنه حية صماء .

3 أخبرنا محمد بن الحسن بن عبد الوارث الرازي ،  نا عبد الرحمن بن عمر بن محمد بن النحاس بمصر ،  نا أبو سعيد بن الأعرابي ،  نا عبيد بن غنام بن حفص بن غياث النخعي نا محمد بن عبد الله بن نمير ،  نا أحمد بن [ بشير ]  عن عبد السلام بن عبد الله بن جابر الأحمسي ،  عن أبيه ،  عن زينب بنت جابر الأحمسية ،  أن رسول الله صلى الله عليه وسلم قال لها في امرأة حجت معها مصمتة :   "" قولي لها :  تتكلم فإنه لا حج لمن لم يتكلم ""

4 وقد ذكرنا رواية أحمد بن شعيب ،  عن نوح بن حبيب القومسي ،  أن رسول الله صلى الله عليه وسلم أمر الذي أحرم في جبة أن يجدد إحراما  .

 المسألة الثامنة :  في معنى الجدال في الآية وحكمه .

قال ابن حزم :

الجدال قسمان :  قسم في واجب وحق ،  وقسم في باطل ،  فالذي  في الحق واجب في الإحرام وغير الإحرام قال تعالى :  {  ادع إلى سبيل ربك بالحكمة والموعظة الحسنة وجادلهم بالتي هي أحسن } .

ومن جادل في طلب حق له فقد دعا إلى سبيل ربه تعالى ،  وسعى في إظهار الحق والمنع من الباطل ،  وهكذا كل من جادل في حق لغيره أو لله تعالى .

والجدل بالباطل وفي الباطل عمدا ذاكرا لإحرامه مبطل للإحرام وللحج لقوله تعالى :

{  فلا رفث ولا فسوق ولا جدال في الحج } وبالله تعالى التوفيق ."
2,198,"قوله تعالى :  {  ليس عليكم جناح أن تبتغوا فضلا من ربكم فإذا أفضتم من عرفات فاذكروا الله عند المشعر الحرام واذكروه كما هداكم وإن كنتم من قبله لمن الضالين 198 } .

وفيه ثلاث مسائل :

 المسألة الأولى :  في المراد بذكر الله عند المشعر الحرام .

قال ابن حزم :

مزدلفة  هي المشعر الحرام  وذكر الله  تعالى   عندها فرض يعصي من خالفه ولا حج له ،  لأنه لم يأت بما أمر إلا أن إدراك صلاة الفجر فيها مع الإمام هو الذكر المفترض ببيان رسول الله صلى الله عليه وسلم .

1 حدثنا عبد الله بن ربيع ،  نا محمد بن معاوية ،  نا أحمد بن شعيب ،  أخبرني محمد بن قدامة المصيصي ،  نا جرير بن حازم ،  عن مطرف بن طريف ،  عن الشعبي ،  عن عروة بن مضرس قال :  قال رسول الله صلى الله عليه وسلم :   "" من أدرك جمعا مع الإمام والناس حتى يفيضوا منها فقد أدرك الحج ،  ومن لم يدرك مع الإمام والناس فلم يدرك ""  .

2 وبه إلى أحمد بن شعيب ،  أنا عمرو بن علي ،  نا يحيى بن سعيد القطان ،  نا إسماعيل بن أبي خالد ،  أخبرني عامر الشعبي ،  أخبرني عروة بن مضرس الطائي ،  قال :  قلت :  يا رسول الله أتيتك من جبلي طيء أكللت مطيتي وأتبعت نفسي ،  والله ما بقي من جبل إلا وقفت عليه فهل لي من حج ؟  فقال رسول الله صلى الله عليه وسلم :   "" من صلى الغداة هاهنا ،  ثم أقام معنا ،  وقد وقف قبل ذلك بعرفة ليلا أو نهارا فقد تم حجه ""  .

قال ابن حزم :  ومن أدرك شيئا من صلاة الإمام فقد أدرك الصلاة لقول رسول الله صلى الله عليه وسلم :   "" فما أدركتم فصلوا وما فاتكم فأتموا ""   .

 المسألة الثانية :  في المراد بالمشعر الحرام في الآية .

قال ابن حزم :

مزدلفة هي المشعر الحرام .

 :  المسألة الثالثة :  في حكم الوقوف بمزدلفة .

قال ابن حزم :

من لم يدرك مع الإمام بمزدلفة صلاة الصبح فقد بطل حجه إن كان رجلا .

وأما النساءفمن لم تقف منهن بمزدلفة بعد وقوفها بعرفة وتذكر الله  تعالى  فيها حتى طلعت الشمس من يوم النحر فقد بطل حجها .

أما بطلان حج من لم يدرك مع الإمام صلاة الصبح بمزدلفة من الرجال :

1 فلما حدثناه عبد الله بن ربيع ،  نا محمد بن معاوية ،  نا أحمد بن شعيب ،  أخبرني محمد بن قدامة المصيصي ،  نا جرير بن حازم ،  عن مطرف بن طريف ،  عن الشعبي ،  عن عروة بن مضرس قال :  قال رسول الله صلى الله عليه وسلم :   "" من أدرك جمعا مع الإمام والناس حتى يفيضوا منها فقد أدرك الحج ،  ومن لم يدرك مع الإمام والناس فلم يدرك ""  .

2 وبه إلى أحمد بن شعيب ،  أنا عمرو بن علي ،  نا يحيى بن سعيد القطان ،  نا إسماعيل بن أبي خالد ،  أخبرني عامر الشعبي ،  أخبرني عروة بن مضرس الطائي قال :  قلت :  يا رسول الله أتيتك من جبلي طيء أكللت مطيتي وأتعبت نفسي ،  والله ما بقي من جبل إلا وقفت عليه فهل لي من حج ؟  فقال رسول الله صلى الله عليه وسلم :   "" من صلى الغداة هاهنا ،  ثم أقام معنا ،  وقد وقف قبل ذلك بعرفة ليلا أو نهارا فقد تم حجه ""  .

3 وقال تعالى :  {  فإذا أفضتم من عرفات فاذكروا الله عند المشعر الحرام } فوجب الوقوف بمزدلفة  وهي المشعر الحرام  وذكر الله  تعالى  عندها فرض يعصي من خالفه ولا حج له ،  لأنه لم يأت بما أمر ،  إلا أن إدراك صلاة الفجر فيها مع الإمام هو الذكر المفترض ببيان رسول الله صلى الله عليه وسلم المذكور ،  ومن أدرك شيئا من صلاة الإمام فقد أدرك الصلاة لقول رسول الله صلى الله عليه وسلم :   "" فما أدركتم فصلوا وما فاتكم فأتموا ""  .

4 وقد ذكرنا عن ابن الزبير أنه كان يقول في خطبته :  ألا لا صلاة إلا بجمع .

فإذا أبطل الصلاة إلا بمزدلفة فقد جعلها من فرائض الحج .

5 ومن طريق شعبة ،  عن داود بن يزيد الأزدي ،  عن أبي الضحى قال :  سألت علقمة عمن لم يدرك عرفات أو جمعا ،  أو وقع بأهله يوم النحر قبل أن يزور ؟  فقال :  عليه الحج .

6 ومن طريق شعبة ،  عن المغيرة بن مقسم ،  عن إبراهيم النخعي قال :  كان يقال :  من فاته جمع أو عرفة فقد فاته الحج .

7 ومن طريق عبد الرحمن بن مهدي ،  عن سفيان الثوري ،  عن منصور بن المعتمر ،  عن إبراهيم النخعي قال :  من فاته عرفة ،  أو جمع ،  أو جامع قبل أن يزور فقد فسد حجه .

8 ومن طريق سفيان الثوري أيضا ،  عن عبد الله بن أبي السفر ،  عن الشعبي أنه قال :  من فاته جمع جعلها عمرة .

9 وعن الحسن البصري :  من لم يقف بجمع فلا حج له .

10 وعن حماد بن أبي سليمان قال :  من فاته الإفاضة من جمع فقد فاته الحج فليحل بعمرة ثم ليحج من قابل .

11 ومن طريق شعبة ،  عن أبي بشر ،  عن سعيد بن جبير قال :  يوم الحج الأكبر هو يوم النحر ،  ألا ترى أنه إذا فاته عرفة لم يفته الحج وإذا فاته يوم النحر فاته الحج .

قال ابن حزم :  صدق سعيد ،  لأن من فاتته يوم عرفة لم يفته الحج لأنه يقف بعرفة ليلة يوم النحر ،  وأما يوم النحر فإنما سماه الله تعالى :  {  يوم الحج الأكبر } ،  لأن فيه فرائش ثلاثا من فرائض الحج ،  وهو الوقوف بمزدلفة لا يكون جازئا إلا غداة يوم النحر ،  وجمرة العقبة ،  وطواف الإفاضة ،  ويجوز تأخيره

فصح أن مزدلفة أشد فروض الحج تأكيدا وأضيقها وقتا

وأما قولنا :  إن النساء ،  والصبيان ،  والضعفاء بخلاف هذا

12 فلما روينا من طريق مسلم ،  نا محمد بن أبي بكر المقدمي ،  نا يحيى  هو ابن سعيد القطان  عن ابن جريج ،  حدثني عبد الله مولى أسماء بنت أبي بكر الصديق ،  أن أسماء قالت له بمزدلفة :  هل غاب القمر قلت :  لا ،  فصلت ساعة ثم قالت :  يا بني هل غاب القمر قلت :  نعم ،  قالت :  ارحل بي فارتحلنا حتى رمت الجمرة ،  ثم صلت في منزلها فقلت لها :  أي هنتاه لقد غلسنا قالت :  كلا أي بني ،  إن رسول الله صلى الله عليه وسلم أذن للظعن

13 ومن طريق ابن وهب أخبرني يونس ،  عن ابن شهاب ،  أن سالم بن عبد الله بن عمر أخبره :  أن عبد الله بن عمر كان يقدم ضعفة أهله فيقفون عند المشعر الحرام بالمزدلفة بالليل فيذكرون الله تعالى ثم يدفعون قبل أن يقف الإمام ،  ويقول ابن عمر :  أرخص في أولئك رسول الله صلى الله عليه وسلم

14 ومن طريق مسلم ،  حدثني علي بن خشرم ،  أنا عيسى بن يونس ،  عن ابن جريج ،  أخبرني عطاء :  أن ابن شوال أخبره أنه دخل على أم حبيبة أم المؤمنين فأخبرته :  أن رسول الله صلى الله عليه وسلم بعث بها من جمع بليل

15 ومن طريق مسلم ،  نا يحيى بن يحيى ،  عنن حماد بن [ زيد ]  ،  عن عبيد الله بن أبي يزيد قال :  سمعت ابن عباس يقول :  بعثني رسول الله صلى الله عليه وسلم في الثقل وفي الضعفة من جمع بليل

قال ابن حزم :  كان ابن عباس حينئذ قد ناهز الاحتلام ولم يحتلم بعد ،  هكذا ذكر عن نفسه في الخبر الذي فيه :  أنه أتى منى على أتان ،  ورسول الله صلى الله عليه وسلم يصلي بالناس قال :  وأنا غلام قد ناهزت الاحتلام فخرج هؤلاء عن وجوب حضور صلاة الصبح بمزدلفة مع الإمام عليهم وبقي عليهم فرض الوقوف بمزدلفة وذكر الله تعالى هنالك ليلة النحر ولا بد لعموم قوله تعالى :  {  فإذا أفضتم من عرفات فاذكروا الله عند المشعر الحرام }

قال تعالى :  {  واذكروا الله في أيام معدودات فمن تعجل في يومين فلا إثم عليه ومن تأخر فلا إثم عليه لمن اتقى واتقوا الله واعلموا أنكم إليه تحشرون203 }

وفيه ثلاث مسائل :

 المسألة الأولى :  في المراد بالأيام المعدودات في الآية

قال ابن حزم :

الأيام المعدودات والمعلومات واحدة ،  وهي :  يوم النحر ،  وثلاثة أيام بعده

لقول الله تعالى :  {  واذكروا الله في أيام معدودات فمن تعجل في يومين فلا إثم عليه ومن تأخر فلا إثم عليه }

والتعجيل المذكور والتأخير المذكور إنما هو بلا [ خلاف ]  من أحد في أيام رمي الجمار ،  وأيام رمي الجمار بلا خلاف هو يوم النحر وثلاثة أيام بعده

وقال تعالى :  {  ليشهدوا منافع لهم ويذكروا اسم الله في أيام معلومات على ما رزقهم من بهيمة الأنعام }

فهذه بلا شك أيام النحر التي تنحر فيها بهيمة الأنعام ،  وهي يوم النحر وثلاثة أيام بعده

1 روينا من طريق محمد بن المثنى ،  نا عبيد الله بن موسى ،  نا ابن ليلى ،  عن الحكم بن عتيبة ،  عن مقسم ،  عن ابن عباس قال :  الأيام المعلومات :  يوم النحر وثلاثة أيام بعده :  أيام التشريق

2 ومن طريق ابن أبي شيبة ،  نا علي بن هاشم ،  عن ابن أبي ليلى عن الحكم ،  عن مقسم ،  عن ابن عباس  في قوله تعالى :  {  في أيام معدودات } قال :  يوم النحر ،  وثلاثة أيام بعده :  أيام التشريق ،  وهذا قولنا

 :  المسألة الثانية :  في حكم التكبير في أيام التشريق

قال ابن حزم :

التكبير في الأضحى ،  وفي أيام التشريق ،  ويوم عرفة :  حسن كله ،  لأن التكبير فعل خير ،  وليس ههنا أثر عن رسول الله صلى الله عليه وسلم بتخصيص الأيام المذكورة دون غيرها

وروينا عن الزهري ،  وأبي وائل ،  وأبي يوسف ،  ومحمد :  استحباب التكبير غداة عرفة إلى آخر أيام التشريق عند العصر

 :  المسألة الثالثة :  في أيهما أفضل  في النفر من منى  التعجيل أو التأخير

قال ابن حزم :

ومن رمى يومين ،  ثم نفر ،  ولم ير الثالث فلا بأس به ،  ومن رمى الثالث فهو أحسن

برهان ذلك  :  قول الله تعالى :  {  فمن تعجل في يومين فلا إثم عليه ومن تأخر فلا إثم عليه }"
2,205,"قال تعالى :

{  وإذا تولى سعى في الأرض ليفسد فيها ويهلك الحرث والنسل والله لا يحب الفساد }

وفيها مسألة واحدة

 :  المسألة :  رأيه التفسيري في قوله تعالى {  والله لا يحب الفساد }

قال ابن حزم – رحمه الله تعالى - :

وقال :  الباقلاني في كتابه المعروف  "" بالانتصار في القرآن ""  معنى قول الله تعالى {  ولا يرضى لعباده الكفر }

«وقوله تعالى :  {  والله لا يحب الفساد } إنما معناه :  لا يحب الفساد لأهل الصلاح ،  ولا يرضى لعباده المؤمنين أن يكفروا ،  ولم يرد أنه لا يرضاه لأحد من خلقه ولا يحبه لأحد منهم ،  ثم قال وإن كان قد أحب ذلك ورضيه لأهل الكفر والفساد » .

قال أبو محمد :  وهذا تكذيب لله تعالى مجرد ،  ثم أيضا أخبر بأن الكفار فعلوا من الكفر أمرا رضيه الله سبحانه وتعالى منهم ،  وأحبه منهم فكيف يدخل هذا في عقل مسلم مع قوله تعالى{  ذلك بأنهم اتبعوا ما أسخط الله وكرهوا رضوانه فأحبط أعمالهم } .  .  ؟

وأعجب لظلمة جهله إذ لم يفرق بين إرادة الكفر والمشيئة والخلق له وبين الرضى والمحبة ."
2,206,"قال تعالى :  {  وإذا قيل له اتق الله أخذته العزة بالإثم فحسبه جهنم ولبئس المهاد }

وفيها مسألة واحدة .

 :  المسألة :  المراد بالعزة بالإثم :

قال أبو محمد – رحمه الله تعالى – وبعد فإن الله عز وجل ركب في النفس الإنسانية قوة مختلفة ،  فمنها :  عدل يزين لها الإنصاف ويحبب إليها موافقة الحق .  .  .  ومنها غضب وشهوة يزينان لها الجور ويعميانها عن طريق الرشد .

قال تعالى :  {  وإذا قيل له اتق الله أخذته العزة بالإثم فحسبه جهنم ولبئس المهاد } ،  ومنها فهم يليح لها الحق من قريب ،  ومنها جهل يطمس عليها الطرق ،  ومنها قوة العقل التي تعين النفس المميزة نصر العدل وعلى إيثار ما دلت عليه صحة الفهم وعلى اعتقاد ذلك علما وعلى إظهاره باللسان وحركات الجسم فعلا وبقوة العقل تتأييد النفس الموفقة لطاعته على كراهية الحود عن الحق وعلى رفض ما قاد إليه الجهل والشهوة والغضب المولد للعصبية وحمية الجاهلية .

فمن اتبع ما أناره له العقل الصحيح نجا وفاز ومن عاج عنه هلك وربما أهلك قال تعالى :  {  إن في ذلك لذكرى لمن كان له قلب أو ألقى السمع وهو شهيد } ."
2,210,"قال تعالى :  {  هل ينظرون إن أن يأتيهم الله في ظلل من الغمام والملائكة وقضي الأمر وإلى الله ترجع الأمور } وفيها مسألتان :

 :  المسألة الأولى :  المراد بالإتيان في الآية :

قال ابن حزم – رحمه الله تعالى :

وقوله تعالى :  {  هل ينظرون إلا أن يأتيهم الله في ظلل من الغمام والملائكة وقضي الأمر وإلى الله ترجع الأمور } .

فهذا كله على ما بينا من أن المجيء والإتيان يوم القيامة فعل يفعله الله عز وجل في ذلك اليوم يسمى ذا الفعل مجيئا وإتيانا .

وقد روينا عن أحمد ابن حنبل – رحمه الله تعالى – أنه قال :  {  وجاء ربك } ،  إنما معناه أمر ربك .

فمعنى {  وجاء ربك } ويأتيهم الله سبحانه وتعالى هو أمر معلوم في اللغة التي نزل بها القرآن مشهور فيها :  قول جاء الملك وأتانا الملك ،  وإنما أتى جيشه وسطوته وأمره .

 :  المسألة الثانية :  أوجه قراءة {  الملائكة }

قال ابن حزم – رحمه الله تعالى - :

وذكر تعالى الملائكة فقال :  {  لا يسبقونه بالقول وهم بأمره يعملون } .

وقال تعالى :  {  ويستغفرون لمن في الأرض }

وقال تعالى :  {  وقال الذين لا يرجون لقاءنا لولا أنزل علينا الملائكة أو نرى ربنا لقد استكبروا في أنفسهم وعتو عتوا كبيرا * يوم يرون الملائكة لا بشرى يومئذ للمجرمين } .

فقرن تعالى نزول الملائكة برؤيته تعالى وقرن تعالى إتيانه بإتيان الملائكة فقال عز وجل :

{  هل ينظرون إلا أن يأتيهم الله في ظلل من الغمام والملائكة }

واعلم أن إعراب الملائكة ها هنا بالرفع عطفا على الله عز وجل لا على الغمام ."
2,217,"قال تعالى :  {  يسألونك عن الشهر الحرام قتال فيه قل قتال فيه كبير وصد عن سبيل الله وكفر به والمسجد الحرام وإخراج أهله منه أكبر عند الله والفتنة أكبر من القتل ولا يزالون يقاتلونكم حتى يردوكم عن دينكم إن استطاعوا ومن يرتدد منكم عن دينه فيمت هو كافر فأولئك حبطت أعمالهم في الدنيا الآخرة وأولئك أصحاب النار فيها خالدون } وفيها مسألتان :

 :  المسألة الأولى :  سبب نزول الآية .

قال ابن حرم – رحمه الله - :

ثم رجع رسول الله صلى الله عليه وسلم من بدر الأولى كما ذكرنا إلى المدينة ،  فأقام بها بقية جمادى الآخرة ورجب وشعبان ،  وبعث في رجب المذكور عبد الله بن جحش بن رئاب الأسدي ،  ومعه ثمانية رجال من المهاجرين وهم أبو حذيفة بن عتبة بن ربيعة ،  وعكاشة بن محصن بن حرثان الأسدي ،  وعتبة بن غزوان بن جابر المازني ،  وسعد بن أبي وقاص ،  وعامر بن ربيعة العنزي ،  وواقد بن عبد الله بن عبد مناف بن عزيز بن ثعلبة بن يربوع بن حنظلة ابن مالك بن زيد بن تميم ،  وخالد بن البكير ،  أخو بني سعد بن ليث ،  وسهيل بن بيضاء الفهري ،  وكتب رسول الله صلى الله عليه وسلم كتابا لعبد الله بن جحش وهو أمير القوم وأمره ألا ينظر فيه حتى يسير يومين ثم ينظر فيه ولا يكره أحدا من أصحابه .  ففعل ذلك عبد الله بن جحش ،  فلما فتح الكتاب وجد فيه «إذا نظرت في كتابي فامض حتى تنزل نخلة بين مكة والطائف ،  فترصد بها قريشا أو عيرا لقريش وتعلم لنا من أخبارهم » فلما قرأ عبد الله بن جحش الكتاب قال :  سمعا وطاعة .  ثم أخبر أصحابه بذلك وبأنه لا يستكرههم ،  وأما هو فناهض ،  ومن أحب الشهادة فلينهض ،  ومن كره الموت فليرجع .  فمضوا كلهم معه ،  فسلك على الحجاز ،  حتى إذا كان بمعدن فوق الفُرُع – يقال له :  بُحران – أضل سعد بن أبي وقاص وعتبة بن غزوان بعيرا لهما كان يعتقبانه ،  ونفذ عبد الله في سائرهم حتى ينزل بنخلة فمرت عير لقريش تحمل زبيبا وأدما وتجارة .

فيها عمرو بن الحضرمي واسم الحضرمي :  عثمان بن عبد الله بن المغيرة ،  وأخوه نوفل بن عبد الله المخزوميان والحكم بن كيسان مولى بني المغيرة .  فتشاور المسلمون وقالوا :  نحن في آخر يوم من رجب الشهر الحرام ،  فإن قتلناهم انتهكنا الشهر الحرام ،  وإن تركناهم الليلة دخلوا الحرم .  ثم اتفقوا على ملاقاتهم ،  فرمى عبد الله بن واقد التميمي عمرو بن الحضرمي فقتله ،  وأسروا عثمان بن عبد الله والحكم بن كيسان ،  وأفلت نوفل بن عبد الله ،  ثم قدموا بالعير والأسيرين ،  وقد أخرجوا الخمس من ذلك فعزلوه ،  فذكر أنها أول غنيمة خُمِّست .  فأنكر النبي صلى الله عليه وسلم ما فعلوه في الشهر الحرام فسقط في أيدي القوم ،  فأنزل الله تعالى :  {  يسألونك عن الشهر الحرام قتال فيه قل قتال فيه كبير } الآية .  إلى قوله :  {  حتى يردوكم ن دينكم إن استطاعوا } .  فقبض النبي صلى الله عليه وسلم الخمس ،  وقَسّم الغنيمة وقبل الفداء في الأسيرين ،  ورجع سعد وعتبة سالمين إلى المدينة .

المسألة الثانية :  هل الردة تحبط العمل أم لا ؟

قال ابن حزم – رحمه الله تعالى - :

من حج واعتمر ،  ثم ارتد ،  ثم هداه الله تعالى واستنقذه الله تعالى من النار فأسلم فليس عليه أن يعيد الحج ولا العمرة .  وهو قول الشافعي ،  وأحد قولي الليث .

وقال أبو حنيفة ومالك ،  وأبو سليمان :  يعيد الحج والعمرة ،  واحتجوا بقول الله تعالى {  لئن أشركت ليحبطن عملك ولتكونن من الخاسرين } ما نعلم لهم حجة غيرها .

ولا حجة لهم نبينها لأن الله تعالى لم يقل فيها :  لئن أشركت ليحبطن عملك الذي قبل أن تشرك ،  وهذه زيادة على الله تعالى لا تجوز ،  وإنما أخبر تعالى أنه يحبط عمله بعد الشرك إذا مات أيضا على شركه لا إذا أسلم وهذا حق بلا شك .  ولو حج مشرك أو اعتمر ،  أو صلى ،  أو صام أو زكي ،  لم يجيزه شيء من ذلك عن الواجب وأيضا فإن قوله تعالى فيها {  ولتكونن من الخاسرين } بيان أن المرتد إذا رجع إلى الإسلام لم يحبط ما عمل قبل إسلامه أصلا بل هو مكتوب له ومجازى عليه بالجنة لأنه لا خلاف بين أحد من الأمة في أن المرتد إذا رجع الإسلام ليس من الخاسرين ،  بل من المربحين المفلحين الفائزين .

فصح أن الذي يحبط عمله هو الميت على كفره مرتدا أو غير مرتد ،  وهذا هو من الخاسرين بلا شك ،  لا من أسلم من كفره أو رجع الإسلام بعد ردته ،  وقال تعالى :  {  ومن يرتدد منكم عن دينه فيمت وهو كافر فأولئك حبطت أعمالهم } فصح نص قولنا :  أنه لا يحبط عمله إن ارتد إلا بأن يموت وهو كافر .  ووجدنا الله تعالى يقول {  أني لا أضيع عمل عامل منكم من ذكر أو أنثى } وقال تعالى {  ومن يعمل مثقال ذرة شرا يره } وهذا عموم لا يجوز تخصيصه .

وروينا من طرق كالشمس عن صالح بن كيسان ويونس ومعمر كلهم عن الزهري وروينا أيضا عن هشام بن عروة المعنى ،  ثم اتفق الزهري وهشام كلاهما عن عروة واللفظ للزهري قال :  أنا عروة بن الزبير أن حكيم بن حزام أخبره أنه قال لرسول الله صلى الله عليه وسلم :  أي رسول الله أرأيت أمورا كنت أتحنث بها في الجاهلية من صدقة أو عتاقة أو صلة رحم ،  أفيها أجر فقال رسول الله صلى الله عليه وسلم :   "" أسلمت على ما أسلفت من خير ""  .

قال أبو محمد :  فصح أن المرتد إذا أسلم والكافر لم يكن أسلم قط إذا أسلما فقد أسلما على ما أسلفا من الخير وقد كان المرتد إذا حج وهو مسلم قد أدى ما أمر به ،  وما كلف كما أمر به فقد أسلم الآن عليه ،  فهو له كما كان ."
2,221,"قال تعالى :  {  ولا تنكحوا المشركات حتى يؤمن ولأمة مؤمنة خير من مشركة ولو أعجبتكم ولا تنكحوا المشركين حتى يؤمنوا ولعبد مؤمن خير من مشرك ولو أعجبكم أولئك يدعون إلى النار والله يدعوا إلى الجنة والمغفرة بإذنه ويبين آياته للناس لعلهم يتذكرون } وفيها سبع مسائل .

 :  المسألة الأولى :  تخصيص الآية بآية المائدة

قال ابن حزم – رحمه الله تعالى- :

وقوله تعالى :  {  ولا تنكحوا المشركات حتى يؤمن }

مع إباحته المحصنات من نساء أهل الكتاب فكن بذلك مستثنات من جملة المشركات

قال أبو محمد ووجدنا قول الله عز وجل {  اليوم أحل لكم الطيبات وطعام الذين أوتوا الكتاب حل لكم وطعامكم حل لهم والمحصنات من المؤمنات والمحصنات من الذين أوتوا الكتاب من قبلكم إذا أتيتموهن أجورهن } .

فكان الواجب لكلتا الآيتين أن لا تترك أحدهما للأخرى فوجب استثناء إباحة المحصنات من أهل الكتاب بالزواج من جملة تحريم المشركات ويبقى سائر ذلك على التحريم .

 :  المسألة الثانية :  حكم نكاح الكتابيات

قال ابن حزم – رحمة الله تعالى- :

ولا يحل للمسلم نكاح كافرة غير كتابية أصلا ،  قال علي :  روينا عن ابن عمر :  تحريم نكاح أهل الكتاب جملة وروينا من طريق البخاري قتيبة بن سعيد الليث – هو ابن سعذ – عن نافع :  أن ابن عمر سئل عن نكاح اليهودية ،  والنصرانية ؟  فقال :  إن الله تعالى حرم المشركات على المؤمنين ،  ولا أعلم من الإشراك شيئا أكثر من أن تقول المرأة «ربها عيسى » وهو عبد من عباد الله عز وجل .

قال أبو محمد :  فوجب الرجوع إلى القرآن ،  والسنة ،  فوجدنا الله تعالى يقول :  {  ولا تنكحوا المشركات حتى يؤمن } فلو لم تأت إلا هذه الآية لكان القول قول ابن عمر ،  لكن وجدنا الله تعالى يقول :  {  اليوم أحل لكم الطيبات وطعام الذين أوتوا الكتاب حل لكم وطعامكم حل لهم والمحصنات من المؤمنات والمحصنات من الذين أوتوا الكتاب من قبلكم إذا أتيتموهن أجورهم } .

فكان الواجب لكلتا الآيتين أن لا تترك إحداهما للأخرى ووجدنا من أخذ بقول ابن عمر قد خالف هذه الآية وهذا لا يجوز ولا سبيل إلى الطاعة لهما إلا بأن يستثنى الأقل من الأكثر ،  فوجب استثناء إباحة المحصنات من أهل الكتاب بالزواج من جملة تحريم المشركات ويبقى سائر ذلك على التحريم بالآية .

 :  المسألة الثالثة :  وطء الأمة الكتابية .

قال ابن حزم – رحمه الله تعالى- :

ووجدنا إباحتهم وطء الأمة الكتابية بملك اليمين إقحاما في الآية ما ليس فيها بآرائهم ،  لأنه إنما استثنى تعالى في الآية إباحة الكتابيات بالزواج خاصة بقوله تعالى {  إذا أتيتموهن أجورهم } وأبقى ما عدا ذلك على التحريم بنهيه تعالى عن نكاح المشركات حتى يؤمن ،  ولم يأتي قط قرآن ولا سنة من رسول الله صلى الله عليه سلم بإباحة كتابية بملك اليمين .  فهم في هذه القضية مخرجون من هذه الآية ما فيها من إباحة زواج العفائف من الكتابيات جملة لم يخص حرة من أمة ويقحمون فيها ما ليس فيها ،  ولا في غيرها من إباحة وطء الأمة الكتابية بملك اليمين .

وممن قال بقولنا في ذلك جماعة من السلف :  منهم ابن عمر ،  كما روينا قبل عنه من تحريم الكوافر وغيرهن ،  مخرج من قوله ما أباحه القرآن بالزواج وبقى سائر قوله على الصحة وفيه تحريم الأمة بلا شك بملك اليمين .

ثم – رحمه الله تعالى - :  نا محمد بن سعيد بن نبات نا أحمد ابن عبد البصير نا قاسم بن أصبغ نا محمد بن عبد السلام الخشني نا محمد بن المثنى نا عبد الرحمن بن مهدي نا شريك عن أبي إسحاق السبيعي عن بكر بن ماعز عن الربيع بن خثيم أنه كان يكره أن يطأ الرجل المشركة حتى تسلم .

نا محمد بن سعيد بن نبات نا أحمد بن عون الله نا قاسم بن أصبغ نا محمد بن عبد السلام الخشني نا محمد بن بشار بُندار نا محمد بن جعفر غُندر نا شعبة عن موسى بن أبي عائشة قال سألت سعيد بن جبير ،  ومُرْة الهمداني – هو مرة الطبيب صاحب عبد الله بن مسعود – فقلت :  أصبت الأمة من السبي فقالا جميعا :  لا تغشها حتى تغتسل وتصلي .

نا محمد بن سعيد بن نبات نا عباس بن أصبغ نا محمد بن قاسم بن محمد نا جدي قاسم بن أصبغ نا محمد بن عبد السلام الخشني نا محمد بن المثنى نا عبد الأعلى – هو ابن عبد الأعلى – نا سعيد بن أبي عروبة عن قتادة عن معاوية بن قرة عن ابن مسعود قال :  اثنتا عشرة مملوكة أكره غشيانهن :  أمتك وأمها ،  وأمتك وأختها ،  وأمتك وطئها أبوك ،  وأمتك وطئها ابنك ،  وأمتك عمتك من الرضاعة ،  وأمة خالتك من الرضاعة ،  وأمتك وقد زنت ،  وأمتك وهي مشركة ،  وأمتك وهي حبلى من غيرك .

نا حمام نا مفرج نا ابن الأعرابي نا الدبري نا عبد الرزق عن جعفر بن سليمان الضبَعي أخبرني يونس بن عبيد أنه سمع الحسن البصري يقول :  كنا نغزو مع أصحاب رسول الله صلى الله عليه وسلم فإذا أصاب الجارية أحدهم من الفيء فأراد أن يصيبها أمرها فغسلت ثيابها ،  ثم علمها الإسلام وأمرها بالصلاة ،  واستبرأها بحيضة ثم أصابها .

وبه إلى عبد الرزاق عن معمر عن الزهري قال :  لا يحل لرجل اشترى جارية مشركة أن يطأها حتى تغتسل وتصلي وتحيض عنده حيضة .

 :  المسألة الرابعة :  المراد بالمشركات في قوله تعالى :

{  ولا تنكحوا المشركات حتى يؤمن }

قال ابن حزم – رحمه الله تعالى- :  إن قوله تعالى :  {  ولا تنكحوا المشركات حتى يؤمن } إنما قصد به الإماء لقوله تعالى في أثر ذلك {  ولأمة مؤمنة خير من مشركة ولو أعجبتكم } .

 :  المسألة الخامسة :  رأيه التفسيري في قوله تعالى {  ولو أعجبتكم } .

قال ابن حزم – رحمه الله تعالى- :

قال تعالى {  ولأمة مؤمنة خير من مشركة ولو أعجبتكم }

وقد تكون المشركة خيرا منها في الجمال وفي أشياء من الأخلاق ونحوها .

وإن كانت المؤمنة خيرا عند الله تعالى وهذا شيء يُعْلم حسا ومشاهدة وبالله تعالى التوفيق .

 :  المسألة السادسة :  نكاح غير المسلم للمسلمة .

قال ابن حزم – رحمه الله تعالى – ولا يحل لمسلمة نكاح غير مسلم أصلا ،  برهان ذلك :  قول الله عز وجل :  {  ولا تنكحوا المشركين حتى يؤمنوا } .

 :  المسألة السابعة :  لا نكاح إلا بولي

قال ابن حزم – رحمه الله تعالى- :

ولا يحل للمرأة نكاح ثيبا كانت أو بكرا إلا بإذن وليها – الأب أو الأخوة أو الجد أو الأعمام أو بني الأعمام وإن بعدوا والأقرب فالأقرب أولى – برهان ذلك :  قول الله عز وجل {  وأنكحوا الأيامى منكم والصالحين من عبادكم وإمائكم } ،  وقوله تعالى :  {  ولا تنكحوا

المشركين حتى يؤمنوا } .

وهذا خطاب للأولياء لا للنساء .

روينا من طريق ابن وهب نا ابن جريج عن سليمان بن موسى عن ابن شهاب عن عروة بن الزبير عن عائشة أم المؤمنين – رضي الله عنها – عن النبي صلى الله عليه وسلم قال :   "" لا تنكح المرأة بغير وليها فإن نكحت فنكاحها باطل – ثلاث مرات – فإن أصابها فلها مهرها بما أصاب منها ،  فإن اشتجروا فالسلطان ولي من لا ولي له ""  .  وما حدثنا به أحمد الطلمنكي نا ابن مفرج نا محمد بن أيوب الصموت الرقي نا أحمد بن عمرو بن عبد الخالق البزار انا أبو كامل نا بشر بن منصور نا سفيان الثوري عن أبي إسحاق السبيعي عن أبي بردة بن أبي موسى الأشعري عن أبيه عن النبي صلى الله عليه وسلم قال  ""  لا نكاح إلا بولي ""  .

وبه إلى البزار نا محمد بن موسى الحرشي نا يزيد بن زريع نا شعبة بن الحجاج عن أبي إسحاق السبيعي عن أبي بردة بن أبي موسى الأشعري عن أبيه – هو أبو موسى – عن النبي صلى الله عليه وسلم قال :   "" لا نكاح إلى بولي ""  .

قال أبو محمد :  وممن قال بمثل قولنا جماعة من السلف :  كما روينا :  من طريق ابن وهب حدثني عمرو بن الحارث عن بكير بن الأشج أنه سمع سعيد بن المسيب يقول :  قال عمر بن الخطاب :  لا تنكح المرأة إلا بإذن وليها ،  أو ذوي الرأي من أهلها ،  أو السلطان .

ومن طريق سفيان ابن عيينة عن عمرو بن دينار عن عبد الرحمن بن سعيد أن عمر بن الخطاب رد نكاح امرأة نكحت بغير إذن وليها .

ومن طريق عبد الرزاق عن ابن جريج :  أخبرني عبد الحميد بن جبير بن شيبة أن عكرمة بن خالد أخبره أن الطريق جمع راكبا ،  فجعلت امرأة ثبت أمرها إلى رجل من القوم غير ولي فأنكحها رجلا ،  فبلغ ذلك عمر بن الخطاب فجلد الناكح والمنكح ورد نكاحها .

ومن طريق محمد بن سيرين عن أبي هريرة :  ليس للنساء من العقد شيء ،  لا نكاح إلا بولي لا تنكح المرأة نفسها ،  فإن الزانية تنكح نفسها .

ومن طريق حماد بن سلمة عن أيوب السختياني عن محمد بن سيرين أن ابن عباس قال :  البغايا اللاتي ينكحن أنفسهن بغير الأولياء .

ومن طريق عبد الرزاق عن عبيد الله بن عمر عن نافع قال :  ولى عمر بن الخطاب ابنته حفصة أم المؤمنين ماله وبناته ونكاحهن فكانت حفصة أم المؤمنين – رضي الله عنها – إذا أرادت أن تزوج امرأة أمرت أخاها عبد الله فيزوج .

وروينا نحو هذا أيضا عن عائشة أم المؤمنين – رضي الله عنها – وابن عمر ،  وعمر بن عبد العزيز ،  وإبراهيم النخعي .  وهو قول جابر بن زيد ،  ومكحول ،  وهو قول ابن شبرمة ،  وابن أبي ليلى ،  وسفيان الثوري ،  والحسن بن حي ،  والشافعي وأحمد ،  وإسحاق وأبي عبيد ،  وابن المبارك ."
2,222,"قال تعالى :  {  ويسألونك عن المحيض قل هو أذى فاعتزلوا النساء في المحيض ولا تقربوهن حتى يطهرن فإذا تطهرن فأتوهن من حيث أمركم الله إن الله يحب التوابين ويحب المتطهرين } وفيها خمس مسائل .

 :  المسألة الأولى :  سبب نزول الآية .

قال ابن حزم – رحمه الله تعالى- :

حدثنا عبد الله بن يوسف ثنا أحمد بن فتح ثنا عبد الوهاب بن عيسى ثنا أحمد بن محمد ثنا أحمد بن علي ثنا مسلم بن الحجاج ثنا زهير بن حرب ثنا عبد الرحمن بن مهدي حدثنا حماد بن سلمة أرنا ثابت هو البناني عن أنس بن مالك «أن اليهود كانوا إذا حاضت المرأة لم يواكلوها ولم يجامعوهن في البييوت ،  فسأل أصحاب النبي صلى الله عليه وسلم عن ذلك فأنزل الله تعالى :  {  ويسألونك عن المحيض قل هو أذى فاعتزلوا النساء في المحيض } إلى آخر الآية فقال رسول الله صلى الله عليه وسلم  "" اصنعوا كل شيء إلا النكاح ""  » .

فكان هذا الخبر بصحته وبيان أنه كان إثر نزول الآية .

 :  المسألة الثانية :  المراد بالمحيض في قوله تعالى :

{  فاعتزلوا النساء في المحيض }

قال ابن حزم – رحمه الله تعالى- :

روينا عن طريق مسلم نا زهير بن حرب نا عبد الرحمن بن مهدي نا حماد بن سلمة أرنا ثابت هو البناني عن أنس بن مالك فذكر حديثا وفيه فأنزل الله تعالى :  {  ويسألونك عن المحيض قل هو أذى فاعتزلوا النساء في المحيض } إلى آخر الآية :  فقال رسول الله صلى الله عليه وسلم  ""  اصنعوا كل شيء إلا النكاح ""  .

قال أبو محمد :  فهذا خبر في غاية الصحة ،  وهو بيان للآية ،  بين عليه الصلاة والسلام إثر نزولها مراد ربه تعالى فيها ،  وصح بهذا قول من قال من العلماء :  إن معنى قوله عز وجل :  {  في المحيض } إنما هو موضع الحيض – ولا شك في هذا – لأنه عليه الصلاة والسلام بين مراد ربه تعالى في الآية ولم ينسخها .  قال الله عز وجل {  لتبين للناس ما نزل إليهم } .

 :  المسألة الثالثة :  ما الذي يجب اعتزاله من المرأة حالة الحيض ؟

قال ابن حزم – رحمه الله تعالى- :

وحلال للرجل من امرأته الحائض كل شيء حاش الإيلاج فقط .

ذهبت طائفة إلى مثل قولنا :  كما نا عبد الله بن ربيع نا محمد بن معاوية نا أبو خليفة الفضل بن الحباب الجمحي نا أبو الوليد الطيالسي نا الليث بن سعد عن بكير بن عبد الله بن الأشج عن أبي مرة مولى عقيل بن أبي طالب عن حكيم بن عقال سألت أم المؤمنين عائشة – رضي الله عنها – ما يحرم على الرجل من امرأته إذا كان صائما ؟  قالت فرجها ،  قلت فما يحرم عليه منها إذا كانت حائضا ؟  قالت فرجها .

وهو قول أم سلمة أم المؤمنين .

ومن طريق حماد بن سلمة عن عبيد الله بن محمد بن عقيل عن ابن عباس قال للرجل من امرأته وهي حائض :  كل شيء إلا مخرج الدم

ومن طريق وكيع عن إسماعيل بن أبي خالد عن الشعبي قال :  يباشر الرجل الحائض إذا كف عنها الأذى .

ومن طريق وكيع عن مالك بن مغول عن عطاء بن أبي رباح :  أنه قال في الحائض :  لا بأس أن يأتيها زوجها فيما دون الدم .

ومن طريق وكيع عن عطاء بن أبي رباح عن الحكم بن عتيبة أنه قال في الحائض :  لا بأس أن يضع الرجل فرجه عليه ما لم يدخله – يعني على فرجها - .

وبه إلى وكيع عن الربيع عن الحسن :  أنه كان لا يرى بأسا أن يقلب بين فخذي الحائض .

وهو قول مسروق ،  وإبراهيم النخعي ،  وسفيان الثوري ،  ومحمد بن الحسن صاحب أبي حنيفة ،  وأبي سليمان وجميع أصحابنا – وهو المشهور عن الشافعي- .

قال أبو محمد :  قد بينا سقوط جميع الأقوال التي قدمنا إلا هذا القول ،  وقول من تعلق بالآية .  فنظرنا في هذا القول فوجدنا ما روينا من طريق مسلم نا زهير بن حرب نا عبد الرحمن بن مهدي نا حماد بن سلمة أرنا ثابت – وهو البناني – عن أنس بن مالك ،  فذكر حديثا وفيه فأنزل الله تعالى {  ويسألونك عن المحيض قل هو أذى فاعتزلوا النساء في المحيض } إلى آخر الآية فقال رسول الله صلى الله عليه وسلم  "" اصنعوا كل شيء إلا النكاح ""  .

قال أبو محمد :  فهذا خبر في غاية الصحة وهو بيان للآية بين عليه الصلاة والسلام إثر نزولها مراد ربه تعالى فيها .  وصح بهذا قول من قال من العلماء :  إن معنى قوله عز وجل {  في المحيض } إنما هو موضع الحيض ولا شك في هذا لأنه عليه الصلاة والسلام بين مراد ربه تعالى في الآية ولم ينسخها قال الله عز وجل {  لتبين للناس ما نزل إليهم } .

وبالله تعالى التوفيق .

 :  المسألة الرابعة :  المراد بالطهر في قوله تعالى :  {  حتى يطهرن } ؟

قال ابن حزم – رحمه الله تعالى- :  وأما وطء زوجها أو سيدها لها إذا رأت الطهر فلا يحل إلا بأن تغسل جميع رأسها وجسدها بالماء أو بأن تتيمم إن كانت من أهل التيمم ،  فإن لم تفعل فبأن تتوضأ وضوء الصلاة أو تتيمم إن كانت من أهل التيمم ،  فإن لم تفعل فبأن تغسل فرجها بالماء ولابد ،  أي هذه الوجوه الأربعة فعلت حل له وطؤها .

برهان ذلك قول الله تعالى {  ويسألونك عن المحيض قل هو أذى فاعتزلوا النساء في المحيض ولا تقربوهن حتى يطهرن فإذا تطهرن فأتوهن من حيث أمركم الله } .

فقوله {  حتى يطهرن } معناه حتى يحصل لهن الطهر الذي هو عدم الحيض وقوله تعالى {  فإذا تطهرن } هو صفة فعلهن وكل ما ذكرنا يسمى في الشريعة وفي اللغة تطهرا وطهورا وطهرا فأي ذلك فعلت فقد تطهرت :  قال تعالى {  فيه رجال يحبون أن يتطهروا } فجاء النص والإجماع بأنه غسل الفرج والدبر بالماء وقال عليه الصلاة والسلام ( وجعلت لي الأرض مسجدا وطهورا ) فصح أن التيمم للجنابة وللحدث طهور .  وقال تعالى {  وإن كنتم جنبا فاطهروا } وقال صلى الله عليه وسلم  "" لا يقبل الله صلاة أحدكم إذا أحدث حتى يتوضأ ""  يعني الوضوء .

ومن اقتصر بقوله تعالى {  فإذا تطهرن } على غسل الرأس والجسد كله دون الوضوء والتيمم ودون غسل الفرج بالماء فقد قفا ما لا علم له به وادعى أن الله تعالى أراد بعض ما يقع عليه كلامه بلا برهان من الله تعالى .

قال علي :  وممن قال بقولنا في هذه المسألة عطاء ،  وطاووس ،  ومجاهد ،  وهو قول أصحابنا .

 :  المسألة الخامسة :  حكم إيتان المرأة بعد الحيض ؟

قال ابن حزم – رحمه الله تعالى – وفرض على الرجل أن يجامع امرأته التي هي زوجته ،  وأدنى ذلك مرة في كل طهر – إن قدر على ذلك – وإلا فهو عاص لله تعالى .

برهان ذلك قول الله تعالى {  فإذا تطهرن فأتوهن من حيث أمركم الله } .

وروينا من طريق أبي عبيد نا يزيد بن محمد بن إسحاق عن محمد بن إسحاق عن يعقوب بن عبد الرحمن عن عبد الله بن عامر بن ربيعة قال :  إنا لنسير مع عمر بن الخطاب بالدف من جمدان إذ عرضت له امرأة من خزاعة شابة فقالت :  يا أمير المؤمنين إني امرأة أحب ما تحب النساء من الولد وغيره ،  ولي زوج شيخ ،  ووالله ما برحنا حتى نظرنا إليه يهوي شيخ كبير ،  فقال لعمر :  يا أمير المؤمنين إني لمحسن إليها وما آلوها ؟  فقال له عمر :  أتقيم لها طهرها ؟  فقال :  نعم ،  فقال لها عمر انطلقي مع زوجك ،  والله إن فيه لما يجزي ،  أو قال يغني المرأة المسلمة .

قال أبو محمد :  ويجبر على ذلك من أبى بالأدب ،  لأنه أتى منكرا من العمل ؟

ومن طريق البزار نا محمد بن بشار نا جعفر بن عون نا أبو العميس - هو عتبة بن عبد الله بن مسعود – عن عون بن أبي جحيفة عن أبيه :  أن سلمان الفارسي قال لأبي الدرداء ( إن لجسدك عليك حقا ،  وإن لأهلك عليك حقا ،  أعط كل ذي حق حقه :  صم ،  وأفطر ،  وقم ،  ونم ،  وأت أهلك ) فأخبر أبو الدرداء بذلك رسول الله صلى الله عليه وسلم فقال رسول الله صلى الله عليه وسلم مثل قول سلمان ."
2,223,"قال تعالى :  {  نساؤكم حرث لكم فأتوا حرثكم أنى شئتم وقدموا لأنفسكم واتقوا الله واعلموا أنكم ملاقوه وبشر المؤمنين } وفيها مسألة واحدة .

 :  المسألة :  رأيه التفسيري في قوله تعالى {  أنى شئتم }

قال ابن حزم – رحمه الله تعالى- :

لا يحل الوطء في الدبر أصلا ،  لا في امرأة ولا غيرها – أما ما عدا النساء فإجماع متيقن .  وأما في النساء ففيه اختلاف :  اختلف فيه عن ابن عمر ،  وعن نافع ،  كما روينا عن طريق أحمد بن شعيب أرنا الربيع بن سليمان بن داود نا أصبغ بن الفرج ثنا عن الرحمن بن القاسم قال :  قلت لمالك :  إن عندنا بمصر الليث بن سعد يحدث عن الحارث بن يعقوب عن سعيد بن يسار قال :  قلت لابن عمر :  إنا نشتري الجواري فنحمض لهن ،  قال :  وما التحميض ؟  قال :  نأتيهن في أدبارهن !  قال ابن عمر أف أف أف أو يعمل هذا مسلم ؟  فقال لي مالك :  فأشهد على ربيعة لحدثني عن سعيد بن يسار أنه سأل ابن عمر فقال :  لا بأس به .

ومن طريق أحمد بن شعيب أخبرني علي بن عثمان بن محمد بن سعيد بن عبد الله ابن نفيل نا سعيد بن عيسى حدثني الفضل نا عبد الله بن سليمان عن كعب بن علقمة عن أبي النضر أنه أخبره :  أنه قال لنافع مولى ابن عمر :  قد أكثر عليك القول أنك تقول عن ابن عمر أنه أفتى بأن يؤتى النساء في أدبارهن ؟  فقال نافع :  لقد كذبوا علي .

وذكروا في ذلك أحاديث لو صحت لجاءنا ما ينسخها – على ما نذكره إن شاء الله عز وجل – واحتجوا بقول الله تعالى {  نساؤكم حرث لكم فأتوا حرثكم أنى شئتم } .

قال أبو محمد :  وهذا لا حجة لهم فيه لأن ( أنى ) في لغة العرب التي نزل بها القرآن إنما هي بمعنى ( من أين ) لا بمعنى :  أين ،  فإن كان كذلك فإنما معناه ( من أين شئتم ) قال الله عز وجل {  يا مريم أنى لك هذا } وقالوا :  لو حرم من المرأة شيء لحرم جميعها ؟

قال أبو محمد :  هذا كما قالوا لو لم يأت نص بتحريمه ؟  وقالوا :  وطء المجموعة جائز وربما مال الذكر إلى الدبر ؟  قال علي :  إذا لم يتمكن من وطء المجموعة إلا بالإيلاج في الدبر فوطئها حرام .

قال أبو محمد :  فنظرنا في ذلك ؟  فوجدنا ما حدثناه أحمد بن محمد بن الجسور وعبد الله ابن ربيع قال أحمد :  نا وهب بن مسرة نا ابن وضاح نا أبو بكر بن أبي شيبة وقال عبد الله :  نا محمد بن معاوية نا أحمد بن شعيب نا عبد الله بن سعيد أبو سعيد الأشج ،  ثم اتفق الأشج وابن أبي شيبة ،  قالا جميعا :  نا أبو خالد الأحمر عن الضحاك بن عثمان عن محزمة بن سليمان عن كريب عن بن عباس قال :  قال رسول الله صلى الله عليه وسلم  "" لا ينظر الله إلى رجل أتى رجلا أو امرأة في دبر ""  هذا لفظ رواية عبد الله بن ربيع ورواية أحمد ( في دبرها ) لم يختلفا في غير ذلك .

وبه إلى أحمد بن شعيب أنا محمد بن منصور نا سفيان هو الثوري حدثني يزيد بن عبد الله بن أسامة بن الهاد عن عمارة بن خزيمة بن ثابت عن أبيه عن النبي صلى الله عليه وسلم قال  "" إن الله لا يستحي من الحق ،  لا تأتوا النساء في أدبارهن ""  .

قال أبو محمد :  وهذان خبران صحيحان تقوم الحجة بهما ،  ولو صح خبر في إباحة ذلك لكان هذان الخبران ناسفين له ،  لأن الأصل أن كل شيء مباح حتى يأتي تحريمه ،  فهذان الخبران وردا بما فصل الله عز وجل تحريمه لنا .

وقد جاء تحريم ذلك عن أبي هريرة ،  وعلي بن أبي طالب ،  وأبي الدرداء ،  وابن عباس ،  وسعيد بن المسيب ،  وأبي سلمة بن عبد الرحمن بن عوف ،  وطاووس ،  ومجاهد ،  وهو قول أبي حنيفة ،  والشافعي ،  وسفيان الثوري ،  وغيرهم .

وما رويت إباحة ذلك عن أحد إلا ابن عمر وحده باختلاف عنه ،  وعن نافع باختلاف عنه وعن مالك باختلاف عنه ."
2,225,"قال تعالى :  {  لا يؤاخذكم الله باللغو في أيمانكم ولكن يؤاخذكم بما كسبت قلوبكم والله غفور حليم } وفيها مسألة واحدة .

 :  المسألة :  المقصود من اللغو في اليمين ؟

قال ابن حزم – رحمه الله تعالى- :

لغو اليمين لا كفارة فيه ولا إثم وهو وجهان :

أحدهما :  ما حلف عليه المرء – وهو لا يشك في أنه كما حلف عليه – ثم تبين له أنه بخلاف ذلك .

والثاني :  ما جرى به لسان المرء في خلال كلامه بغير نية ويقول في أثناء كلامه :  لا والله وأي والله .

قال الله تعالى {  لا يؤاخذكم الله باللغو في أيمانكم ولكن يؤاخذكم بما كسبت قلوبكم } .

وصح من طريق معمر عن الزهري عن سالم بن عبد الله بن عمر قال :  ربما قال ابن عمر لبعض بنيه :  لقد حفظت عليك في هذا المجلس أحد عشر يمينا ،  ولا يأمره بكفارة .

ومن طريق عبد الرزاق نا ابن جريج أنا عطاء أنه سمع عائشة أم المؤمنين – رضي الله عنها – وقد سألها عبيد بن عمير عن قول الله تعالى {  لا يؤاخذكم الله باللغو في أيمانكم } قالت :  هو قول الرجل لا والله وبلى والله .

ومن طريق معمر عن الزهري عن سالم بن عبد الله عن عروة عن عائشة أم المؤمنين – رضي الله عنها – قالت في اللغو :  هو قول القوم يتدارؤون في الأمر يقول هذا :  لا والله ،  وبلى والله ،  وكلا والله ،  ولا تعقد عليه قلوبهم .

وهو قول القاسم بن محمد ،  وعطاء ،  وإبراهيم ،  والشعبي ،  وعكرمة ،  ومجاهد وطاووس ،  والحسن .

والزهري ،  وأبي قلابة ،  وغيرهم .

قال أبو محمد :  أما قول المرء :  لا والله ،  وأي والله ،  بغير نية ،  فأمره ظاهر لا إشكال فيه ،  لأنه نص القرآن .  كما قالت أم المؤمنين – رضي الله عنها - .

وأما من أقسم على شيء وهو يرى ولا يشك في أنه كما حلف عليه فإنه لم يعمد الحنث ولا قصد له ولا حنث إلا على من قصد إليه وقد جاء أثر بقولنا :

روينا من طريق أبي داود السجستياني نا حميد بن مسعدة نا حسان هو ابن إبراهيم – نا إبراهيم – هو الصائغ – عن عطاء بن أبي رباح قال :  اللغو في اليمين قالت عائشة – رضي الله عنها – عن النبي صلى الله عليه وسلم هو كلام الرجل في بيته :  كلا والله ،  وبلى والله ،  وبالله تعالى التوفيق ."
2,226,"قال تعالى :  {  للذين يؤلون من نسائهم تربص أربعة أشهر فإن فاءوا فإن الله غفور رحيم وإن عزموا الطلاق فإن الله سميع عليم } وفيها تسع مسائل :

 :  المسألة الأولى :  معنى الإيلاء .

قال أبو محمد – رحمه الله تعالى- :  ومن حلف بالله عز وجل ،  أو باسم من أسمائه تعالى :  أن لا يطأ امرأته ،  أو أن يسوءها أو أن لا يجمعه ،  وإياها فراش ،  أو بيت ،  سواء قال ذلك في غضب أو في رضا لصلاح رضيعها أو لغير ذلك – استثنى في يمينه أو لم يستثن – فسواء وقت وقتا – ساعة فأكثر إلى جميع عمره – أو لم يؤقت :  الحكم في ذلك واحد .

وهو أن الحاكم يلزمه أن يوقفه ،  ويأمره بوطئها ،  ويؤجل له في ذلك أربعة أشهر من حين يحلف ،  سواء طلبت المرأة ذلك أو لم تطلب ،  رضيت ذلك أم لم ترض .

برهان ذلك :  قول الله عز وجل {  للذين يؤلون من نسائهم تربص أربعة أشهر فإن فاءوا فإن الله غفور رحيم وإن عزموا الطلاق فإن الله سميع عليم } .

فهذه الآية تقتضي كل ما قلنا ،  لأن الألية هي اليمين وقد صح عن رسول الله صلى الله عليه وسلم  "" من كان حالفا فلا يحلف إلا بالله ""  .

وفي كثير مما ذكرنا خلاف ،  قد رأى قوم أن الهجرة بلا يمين لها حكم الإيلاء .

وروينا من طريق عبد الرزاق عن معمر عن جعفر بن برقان عن يزيد بن الأصم أن ابن عباس رضي الله عنه قال :  ما فعلت أهلك .  عهدي بها لَسِنةٌ ،  سيئة الخلق ؟  أجل والله لقد خرجت وما أكلمُها ،  فقال له ابن عباس :  عجل السير ،  أدركها قبل أن تمضي أربعة أشهر فإن مضت فهي تطليقة .

وصح عن ابن عباس رضي الله عنه ما رويناه من طريق عبد الرزاق نا ابن جريج أنا أبو الزبير أنه سمع سعيد بن جبير يحدث عن ابن عباس أنه قال :  الإيلاء هو أن يحلف أن لا يأتيها أبدا .

وصح عن عطاء أن الإيلاء إنما هو أن يحلف بالله على الجماع أربعة أشهر فأكثر ،  فإن لم يحلف فليس إيلاء .

وممن قال مثل قولنا بعض السلف :  كما روينا من طريق عبد الرزاق عن سفيان الثوري عن حماد بن أبي سليمان عن إبراهيم النخعي ،  قال إذا حلف بالله ليغيظنها ،  أو ليسوءنها أو ليحرمنها ،  أو لا يجمع رأسه ورأسها :  فهو إيلاء .

ومن طريق عبد الرزاق عن خصيف عن الشعبي قال :  كل يمين حالت بين الرجل وبين امرأته فهي إيلاء .

 :  المسألة الثانية :  صفة اليمين التي يكون بها الرجل موليا .

قال ابن حزم – رحمه الله تعالى - :

ومن حلف بالله عز وجل ،  أو باسم من أسمائه سبحانه وتعالى :  أن لا يطأ امرأته ،  أو أن يسوءها ،  أو أن لا يجمعه وإياها فراش ،  أو بيت ،  سواء قال ذلك في غضب أو في رضا لصلاح رضيعهما أو لغير ذلك .

ومن حلف في ذلك بطلاق ،  أو عتق ،  أو صدقة ،  أو شيء ،  أو غير ذلك فليس مؤليا ،  وعليه الأدب ،  لأنه حلف بما لا يجوز الحلف به .

برهان ذلك :  قول الله عز وجل {  للذين يؤلون من نسائهم تربص أربعة أشهر فإن فاءوا فإن الله غفور رحيم وإن عزموا الطلاق فإن الله سميع عليم } .

فهذه الآية تقتضي كل ما قلناه ،  لأن الألية هي اليمين ،  وقد صح عن رسول الله صلى الله عليه وسلم  "" من كان حالف فلا يحلف إلا بالله ""  فصح أن من حلف بغير الله تعالى فلم يحلف بما أمره الله عز وجل به ،  فليس حالفا ،  قال رسول الله صلى الله عليه وسلم  "" من عمل عملا ليس عليه أمرنا فهو رد ""  .

وممن قال بقولنا بعض السلف :  كما روينا من طريق شعبة ععن عبد الخالق عن حماد بن أبي سليمان في رجل قال لامرأته :  أنت علي كظهر أمي إن قربتك ؟  قال ليس بشيء .

ومن طريق عبد الرزاق عن ابن جريج عن عطاء في رجل قال لامرأته :  أنت طالق إن مسستك أربعة أشهر ؟  قال عطاء :  ليس ذلك بإيلاء ،  ليس الطلاق بيمين فيكون إيلاء .

وخالف في ذلك آخرون :  كما روينا من طريق عبد الرزاق عن معمر عن قتادة عن أبي الشعثاء قال :  إن قال :  أنت علي حرام ،  أو أنت كأمي ،  أو أنت طالق إن قربتك :  فهو إيلاء .

وقال أبو حنيفة :  إن حلف بطلاق ،  أو عتاق ،  أو حج ،  أو عمرة ،  أو صيام فهو إيلاء ،  فإن حلف بنذر صلاة ،  أو بأن يطوف أسبوعا ،  أو بأن يسبح مائة مرة فليس مؤليا .

 :  المسألة الثالثة :  مدة الإيلاء .

قال ابن حزم – رحمه الله تعالى – ومن حلف بالله أو باسم من أسمائه ،  أن لا يطأ امرأته أو أن يسوءها ،  أو أن لا يجمعه وإياها فراش ،  أو بيت ،  سواء قال ذلك في غضب أو في رضا لصلاح رضيعهما ،  أو لغير ذلك – استثنى في يمينه أو لم يستثنى – فسواء وقت وقتا – ساعة فأكثر إلى جميع عمره – أو لم يؤقت :  الحكم في ذلك واحد .

وهو أن الحاكم يلزمه أن يوقفه ،  ويأمره بوطئها ،  ويؤجل له في ذلك أربعة أشهر من حيث يحلف ،  سواء طلبت المرأة ذلك أو لم تطلب ،  رضيت بذلك أو لم ترض .

فإن فاء في داخل الأربعة الأشهر فلا سبيل عليه ،  وإن أبى لم يعترض حتى تنقضي الأربعة الأشهر ،  فإذا تمت أجبره الحاكم بالسوط على أن يفيء فيجامع أو يطلق ،  حتى يفعل أحدهما ،  كما أمره الله عز وجل أو يموت قتيل الحق إلى مقت الله تعالى .

وممن قال مثل قولنا في المدة طائفة :  كما حدثنا محمد بن سعيد بن نبات نا أحمد بن عبد البصير نا قاسم بن أصبغ نا محمد بن عبد السلام الخشني نا محمد بن المثنى نا محمد ابن كثير عن سفيان الثوري عن ليث بن أبي سليم عن وبرة فيمن حلف أن لا يقرب امرأته عشرة أيام فلم يقربها حتى مضت ثلاثة أشهر ؟  فأتوا في ذلك ابن مسعود ،  فجعله إيلاء .

قال سفيان ،  وقال ابن أبي ليلى ،  وغيره :  إذا آلى يوما أو ليلة فهو إيلاء .

ومن طريق عبد الرزاق عن ابن جريج عن عطاء :  أنه سئل عمن حلف أن لا يقرب امرأته شهرا ،  فمكث عنها خمسة أشهر ؟  فقال عطاء :  ذلك إيلاء سمى أجلا أو لم يسمه – فإذا مضت أربعة أشهر كما عز وجل – فهي واحدة – يريد تطليقة .

ومن طريق عبد الرزاق عن معمر عن قتادة فيمن حلف أن لا يقرب امرأته عشرة أيام فتركها أربعة أشهر ؟  فهو إيلاء .

ومن طريق سعيد بن منصور نا هشيم أنا يونس بن عبيد عن الحسن البصري أنه كان يقول :  إذا قال الرجل لامرأته :  والله لا أقربها الليلة ،  فتركها أربعة أشهر ؟  فإن كان تركها ليمينه فهو إيلاء .  ورويناه أيضا عن إبراهيم النخعي .

وبه يقول إسحاق بن إبراهيم بن راهوية ،  وصح خلاف هذا عن ابن عباس رضي الله عنه ،  كما ذكرنا وعن طاووس :  إذا حلف دون أربعة أشهر ؟  فليس إيلاء .  وهو قو سعيد بن جبير وأحد قولي عطاء ،  وهو قول سفيان الثوري ،  وأبي حنيفة وأصحابه ،  وقال مالك ،  والشافعي ،  وأبو ثور ،  وأحمد بن حنبل ،  وأصحابهم :  لا يكون موليا حلف أن لا يقربها أربعة أشهر فأقل ،  إنما المولي من حلف على أكثر من أربعة أشهر .

قال أبو محمد :  كلا القولين خلاف لنص الآية ،  إنما ذكر الله تعالى الإيلاء من نسائهم دون توقيف ،  ثم حكم بالتوقيف والتربص أربعة أشهر ثم حكم بعد انقضاء الأربعة الأشهر بإلزام الفيئة ،  أو الطلاق .

 :  المسألة الرابعة :  الإيلاء في الغضب ؟

قال ابن حزم – رحمه الله تعالى - :

ومن حلف بالله عز وجل أو باسم من أسمائه تعالى :  أن لا يطأ امرأته ،  أو أن يسوءها ،  أو أن لا يجمعه وإياها فراش أو بيت سواء قال ذلك في غضب ،  أو في رضا لصلاح رضيعهما ،  أو لغير ذلك فالحكم واحد برهان ذلك :  قول الله عز وجل {  للذين يؤلون من نسائهم تربص أربعة أشهر فإن فاءوا فإن الله غفور رحيم وإن عزموا الطلاق فإن الله سميع عليم } .

وأما من قال :  لا إيلاء إلا ما كان في غضب :  فروينا ذلك عن علي رضي الله عنه .

كما روينا من طريق سعيد بن منصور نا هشيم أنا داود بن أبي هند عن سماك بن حرب عن أبي عطية الأسدي قال :  قلت لعلي بن أبي طالب :  تزوجت امرأة أخي وهي ترضع ابن أخي فقلت :  هي طالق إن قربتها حتى تفطمه ؟  قال علي :  إنما أردت الإصلاح لك ولابن أخيك فلا إيلاء عليك .  إنما الإيلاء ما كان في الغضب .

قال أبو محمد :  ونا يونس بن عبيد عن الحسن أنه كان يقول مثل ذلك .

قال هشيم :  ونا وكيع عن أبي فزارة عن ابن عباس رضي الله عنه قال إنما جعل الإيلاء في الغضب .

وممن لم يراع ذلك :  إبراهيم النخعي ،  وابن سيرين .

روينا من طريق سعيد بن منصور نا هشيم نا القعقاع بن يزيد الضبي أنه قال لمحمد بن سيرين في قول من يقول :  إنما الإيلاء في الغضب ؟

فقال :  لا أدري ما يقولون ،  قال الله تبارك وتعالى {  للذين يؤلون من نسائهم تربص أربعة أشهر فإن فاءوا فإن الله غفور رحيم وإن عزموا الطلاق فإن الله سميع عليم } ،  قال أبو محمد :  صدق أبو بكر - رحمه الله تعالى – وهو قول أبي حنيفة ،  ومالك ،  والشافعي ،  وأبي سليمان وأصحابهم .

 :  المسألة الخامسة :  هل يقع طلاق بمضي الأربعة الأشهر أم لا ؟

قال ابن حزم – رحمه الله تعالى - :

ومن حلف بالله عز وجل أو باسم من أسمائه تعالى :  أن لا يطأ امرأته ،  أو أن يسوئها ،  أو أن لا يجمعه وإياها فراش ،  أو بيت ،  سواء قال ذلك في غضب ،  أو في رضا ،  لصلاح رضيعهما ،  أو لغير ذلك – استثنى في يمينه أو لم يستثنى – فسواء وقت وقتا ساعة فأكثر إلى جميع عمره – أو لم يوقت :  الحكم في ذلك واحد .  وهو أن الحاكم يلزمه أن يوقفه ،  ويأمره بوطئها ،  ويؤجل له في ذلك أربعة أشهر من حين يحلف ،  سواء طلبت المرأة ذلك أو لم تطلب ،  رضيت ذلك أو لم ترض .

فإن فاء في داخل الأربعة الأشهر فلا سبيل عليه ،  وإن أبى لم يعترض حتى تنقضي الأربعة الأشهر ،  فإذا تم أجبره الحاكم بالسوط على أن يفيئ فيجامع أو يطلق ،  حتى يفعل إحداهما كما أمره الله عز وجل أو يموت قتيل الحق إلى مقت الله تعالى .

برهان ذلك :  قول الله تعالى {  للذين يؤلون من نسائهم تربص أربعة أشهر فإن فاءوا فإن الله غفور رحيم وإن عزموا الطلاق فإن الله سميع عليم } .

فكما روينا من طريق سعيد بن منصور نا عبد العزيز بن محمد الدراوردي أنا يحي بن سعيد الأنصاري عن عبد الرحمن بن عبد القاسم بن محمد عن أبيه عن عائشة أم المؤمنين أنها كانت لا ترى الإيلاء شيئا حتى يوقف .

ومن طريق إسماعيل بن إسحاق نا نصر بن علي الجهضمي نا سهل بن يوسف ومحمد بن جعفر غندر ،  كلاهما عن شعبة عن سماك بن حرب عن سعيد بن جبير قال :  إن عمر بن الخطاب قال في الإيلاء :  إذا مضت أربعة أشهر فهي امرأته .

ومن طريق عبد الرزاق عن سفيان بن عيينة عن مسعر بن كدام عن حبيب بن أبي ثابت عن طاووس عن عثمان بن عفان قال :  يوقف المؤلي فإما أن يفيء وإما أن يطلق .

ومن طريق إٍسماعيل بن إسحاق نا عبد الله بن مسلمة – هو القعنبي – نا سلمان بن بلال عن عمر بن حسين [ عن القاسم ] أن عثمان بن عفان كلا لا يرى الإيلاء شيئا – وإن مضى أربعة أشهر – حتى يوقف .

وصح عن علي كما روينا من طريق سعيد بن منصور نا هشيم أنا الشيباني – هو أبو إسحاق – عن أبي طالب أوقف رجلا عند الأربعة الأشهر بالرحبة :  إما أن يفيء وإما أن يطلق .

ومن طريق إسماعيل بن إسحاق نا علي بن عبد الله بن المدني نا جرير بن عبد الحميد عن عطاء بن السائب عن أبي البختري عن علي بن أبي طالب قال :  إذا آلي الرجل من امرأته وقف عند تمام الأربعة الأشهر ،  وقيل له :  إما تفيء وإما تعزم الطلاق ؟  ويجبر على ذلك .

ومن طريق عبد الرزاق عن معمر عن أيوب عن نافع عن ابن عمر قال :  يوقف المؤلي عند انقضاء الأربعة الأشهر ،  فإما أن يفيء ،  وإما أن يطلق .

ومن طريق حماد بن سلمة أنا قتادة عن سعيد بن المسيب ،  القاسم بن محمد بن أبي بكر .  وطاووس ،  ومجاهد ،  كلهم :  أن أبا الدرداء قال :  يوقف في الإيلاء عند انقضاء الأربعة الأشهر فإما أن يطلق ،  وإما أن يفيء .

ومن طريق سفيان بن عيينة عن يحي بن سعيد الأنصاري عن سليمان بن يسار قال :  أدركت بضعة عشر رجلا من أصحاب رسول الله صلى الله عليه وسلم كلهم يقول في الإيلاء :  يوقف .

وهو قول :  سعيد بن المسيب ،  وطاووس ،  ومجاهد ،  والقاسم بن محمد بن أبي بكر كلهم صح عنه أن المؤلي يوقف :  فإما أن يفيء ،  وإما أن يطلق .

وصح ذلك عن عمر بن عبد العزيز وعروة بن الزبير ،  وأبي مجلز ،  ،  ومحمد بن كعب كلهم يقول يوقف .

ومن طرق إسماعيل بن إسحاق نا سليمان بن حرب نا حماد بن زيد عن يحي بن سعيد الأنصاري عن سليمان بن يسار قال :  فإما أن يفيء ،  وإما أن يطلق .

وهو قول سليمان بن يسار ،  وهو قول مالك ،  والشافعي ،  وأبي ثور ،  وأبي عبيد وأحمد ،  وأبي سليمان ،  وأصحابهم .

 :  المسألة السادسة :  بم تكون الفيئة .

قال ابن حزم – رحمه الله تعالى - :

والعاجز عن الجماع إذا حلف مؤل من امرأته ،  لأن الله تعالى لم يخص بذلك جماعا من غيره فواجب أن يكلف من الفيئة ما يطيق ،  وهو مطيق على الفيئة بلسانه ،  ومراجعته مضجعها وحسن صحبتها .

وقال تعالى {  ولا تكسب كل نفس إلا عليها ولا تزر وازرة وزر أخرى }

وقال تعالى {  وإن عزموا الطلاق فإن الله سميع عليم } فمنع عز وجل من كل شيء إلا عزيمته الطلاق .

 :  المسألة السابعة :  بيد من تكون عزيمة الطلاق ؟

قال ابن حزم – رحمه الله تعالى- :

ولا يجوز أن يطلق عليه الحاكم ،  فإن فعل لم يلزمه طلاق غيره .

وقال :  فصح أن طلاق الحاكم عليه فضول ،  وباطل ،  وتعد لحدود الله عز وجل ومن الباطل أن يطلق عليه غيره ،  أو أن يفيء عنه غيره ،  وإنما أوجب الله عز وجل الحكم المذكور على من آل من امرأته .  وهو مخالف للقرآن وللسنن كلها ،  وللقياس والمعقول :

- أما القرآن فإن الله عز وجل يقول {  وإن عزموا الطلاق } فجعل عزيمة الطلاق إلى الزوج المولي لا إلى غيره .  وقال تعالى {  ولا تكسب كل نفس إلا عليها } فمن الباطل أن يطلق أحد على غيره ،  لا حاكم ولا غير حاكم .

- وأما السنن :  فإنها إنما جاءت في مواضع معروفة بفسخ النكاح ،  وأما بطلاق أحد عن غيره فلا أصلا ،  وكل من روي عنه في هذا كلمة ،  فإنما قال بقولنا :  إما أن يفيء ،  وإما أن يطلق ؟  فالواجب أن يجبر على أيهما شاء ولا بد .

- وأما القياس :  فلا أدري من أين أجازوا أن يطلق الحاكم على المولي ؟  ولم يجز أن يفيء عنه ،  ولا فرق بين الأمرين ،  فإن قالوا :  لا يحل للحاكم أن يستحل فرج امرأة سواه فيكون زنى ؟  قلنا له :  ولا يحل له أن يبيح فرج امرأة سواه لغير زوجها بأن يطلقها عليه فيكون إباحة للزنى ولا فرق .

فإن قالوا :  أي فرق بين أن يفسخ نكاحه وبين أن يطلقها عليه ؟  قلنا :  ولا فرق ،  وما أجزنا قط أن يفسخ الحاكم نكاح امرأة في العالم عن زوجها ومعاذ الله من ذلك ؟

إنما قلنا :  كل نكاح أوجب الله تعالى في القرآن ،  أو على لسان رسول صلى الله عليه وسلم فسخه :  فهو مفسوخ ،  سواء أحب الحاكم ذلك أو كرهه ،  ولا مدخل للحاكم في ذلك ،  ولا رأي له فيه إنما الحاكم منفذ بقوة سلطانه كل ما أمر الله تعالى به ورسوله صلى الله عليه وسلم مانع من العمل بما لم يأمر الله تعالى به ،  ولا رسوله صلى الله عليه وسلم فقط ،  وكل ما حكم به الحاكم مما عدا ما ذكرنا فهو باطل مردود مفسوخ أبدا .

 :  المسألة الثامنة :  إيلاء العبد .

قال ابن حزم – رحمه الله تعالى- :

والعبد ،  والحر في الإيلاء كل واحد منهما من زوجته الحرة ،  أو الأمة المسلمة ،  أو الذمية – الكبيرة أو الصغيرة – سواء في كل ما ذكرنا ،  لأن الله عز وجل عم ولم يخص {  وما كان ربك نسيا } .

وقال طائفة :  إيلاء الحر والعبد من الزوجة الحرة والأمة سواء ،  وهو أربعة أشهر .

وهو قول الشافعي ،  وأحمد بن حنبل ،  وأبي ثور ،  وأبي سليمان ،  وأصحابهم .

قال أبو محمد :  لا حجة لأحد من القرآن .

 :  المسألة التاسعة :  شرط كون المُؤلَى منها زوجة .

قال ابن حزم – رحمه الله تعالى - :

ومن آلى من أمته فلا توقيف عليه ،  لأن الله عز وجل قال {  وإن عزموا الطلاق فإن الله سميع عليم } فصح أن حكم الإيلاء إنما هو فيمن تلزمه فيها الفيئة أو الطلاق ،  وليس في المملوكة طلاق أصلا – فصح أنه في المتزوجات فقط – وأما من آلى من أجنبية ثم تزوجها :  أنه ليس عليه حكم الإيلاء ؟  فلأن الله عز وجل إنما قال {  للذين يؤلون من نسائهم } فمن آلى من أجنبية فلم يؤل من أحد من نسائه فلا إيلاء عليه .

فإن قيل :  قد صارت من نسائه ؟

قلنا :  من المحال أن يسقط الحكم حين إيجابه ،  ويجب حين لم يجب ،  ولم يوجب ذلك نص وارد ،  ولا جاءت به سنة ،  ولأن التربص لا يكون إلا حيث يؤخذ بالفيئة ولا يجوز ذلك في أجنبية .  وبالله تعالى التوفيق ."
2,228,"قال تعالى :  {  والمطلقات يتربصن بأنفسهن ثلاثة قروء ولا يحل لهن أن يكتمن ما خلق الله في أرحامهن إن كن يؤمن بالله واليوم الآخر وبعولتهن أحق بردهن في ذلك إن أرادوا إصلاحا ولهن مثل الذي عليهن بالمعروف وللرجال عليهن درجة والله عزيز حكيم } وفيها خمس مسائل :

 :  المسألة الأولى :  عدة ذوات الأقراء .

قال ابن حزم – رحمه الله تعالى - :

وعدة المطلقة الموطوءة التي تحيض ثلاثة قروء – وهي بقية الطهر الذي طلقها فيه – ولو أنها ساعة أو أقل أو أكثر – ثم الحيضة التي تلي بقية ذلك الطهر ،  ثم طهر ثاني كامل ،  ثم الحيضة التي تليه ،  ثم طهر ثالث كامل - :  فإذا رأت أثره أول شيء من الحيض فقد تمت عدتها ولها أن تنكح حينئذ إن شاءت .  واختلف الناس في هذا :  فقالت طائفة كما قلنا .

وقالت طائفة :  الأقراء الحيض – مع اتفاق الجميع على الطاعة – لقوله عز وجل {  والمطلقات بتربصن بأنفسهن ثلاثة قروء ولا يحل لهن أن يكتمن ما خلق الله في أرحامهن } .

قال أبو محمد :  القروء جمع ( ( قرء ) ) والقرء في لغة العرب التي نزل بها القرآن :  يقع على الطهر ،  ويقع على الحيض ،  ويقع على الطهر والحيض ،  نا بذلك أبو سعيد الجعفري نا محمد بن علي المقري نا أبو جعفر أحمد بن محمد بن إسماعيل النحاس نا أبو جعفر الطحاوي نا محمد بن [ محمد بن حسان ] نا عبد الملك بن هشام نا أبو زيد الأنصاري قال :  سمعت أبا عمرو بن العلاء يقول فذكره كما أوردنا .

وقال الأعشي :

أفي كل عام أنت جاشم غزوة *** تشد لأقصاها غريم عزائكا ؟

مورثة مالا وفي الأصل رفعة *** لما ضاع فيها من قروء نسائكا ؟

فأراد الإطهار .  وقال آخر

يا رب ذي ضغن على قارض *** له قروء كقروء الحائض

فأراد الحيض .

وممن روى عنه مثل قولنا جماعة :  كما روينا من طريق عبد الرزاق عن معمر عن الزهري عن سعيد بن المسيب عن زيد بن ثابت قال :  إذا دخلت المطلقة في الحيضة الثالثة فقد بانت من زوجها .

وبه إلى الزهري عن عروة عن عائشة أم المؤمنين رضي الله عنها مثل قول زيد نصا .

قال الزهري :  وهو قول أبي بكر بن عبد الرحمن بن الحارث بن هشام .

وبه يأخذ الزهري .

ومن طريق عبد الرزاق عن معمر عن أيوب السختياني عن نافع عن ابن عمر مثل قول زيد المذكور نصا .

وهو قول أبان بن عثمان ،  والقاسم بن محمد بن أبي بكر ،  وبه يقول مالك ،  والشافعي ،  وأبو ثور ،  وأبو سليمان ،  وأصحابهم .

فوجدنا حجة من قال به :  ما روينا من طريق البخاري نا إسماعيل بن عبد الله نا مالك عن نافع عن ابن عمر :  أنه طلق امرأته ،  وهي حائض ،  فسأل عمر رسول الله صلى الله عليه وسلم عن ذلك ؟  فقال رسول الله صلى الله عليه وسلم  "" مره فليراجعها ثم ليمسكها حتى تطهر ثم تحيض ثم تطهر ،  ثم إن شاء أمسك بعد وإن شاء طلق – قبل أن يمس – فتلك العدة التي أمر الله تعالى أن تطلق لها النساء ""  .

 :  المسألة الثانية :  عدة الأمة .

قال ابن حزم – رحمه الله تعالى - :

وعدة الأمة المتزوجة من الطلاق والوفاة كعدة الحرة سواء بسواء ولا فرق لأن الله عز وجل علمنا العدد في الكتاب فقال تعالى {  والمطلقات يتربصن بأنفسهن ثلاثة قروء }

وقال تعالى {  والذين يتوفون منكم ويذرون أزواجا يتربصن بأنفسهن أربعة أشهر وعشرا }

وقال تعالى {  واللائي يئسن من المحيض من نسائكم إن ارتبتم فعدتهن ثلاثة أشهر واللائي لم يحضن وأولات الأحمال أجلهن أن يضعن حملهن }

قال أبو محمد :  وقد علم الله عز وجل إذ أباح لنا زواج الإماء أنه يكون عليهن العدد المذكور فما فرق عز وجل بين الحرة ولا أمة في ذلك .  قال تعالى {  وما كان ربك نسيا } .

ونعوذ بالله تعالى من الاستدراك على الله عز وجل والقول عليه بما لم يقل ،  ومن أن نشرع في الدين ما لم يأذن به الله .

ومن طريق ابن وهب أخبرني هشام بن سعد عن القاسم بن محمد بن أبي بكر الصديق قال :  عدة الأمة حيضتان :  قال القاسم :  مع أن هذا ليس في كتاب الله عز وجل ولا نعلمه سنة عن رسول الله صلى الله عليه وسلم ولكن قد مضى أمر الناس على هذا .

وروينا من طريق عبد الرزاق عن معمر عن أيوب السختياني عن محمد بن سيرين قال :  ما أرى عدة الأمة إلا كعدة الحرة إلا أن تكون مضت في ذلك سنة ،  فالسنة أحق أن تتبع .

وذكر عن أحمد بن حنبل أن قول مكحول إن عدة الأمة في كل شيء كعدة الحرة - وهو قول أبي سليمان - وجميع أصحابنا .

وقد قلنا :  لا حجة في قول أحد دون القرآن والثابت عن رسول الله صلى الله عليه وسلم واحتجوا بأنه لما كان حد الأمة نصف حد الحرة وجب أن تكون عدتها نصف عدة الحرة .

قال أبو محمد :  وهذا قياس والقياس كله باطل .

 :  المسألة الثالثة :  الاستمتاع بالرجعية .

قال ابن حزم – رحمه الله تعالى - :

إن المطلقة طلاقا رجعيا فهي زوجة للذي طلقها ما لم تنقض عدتها ،  يتوارثان ،  ويلحقها طلاقه وإيلاءه ،  وظهاره ،  ولعانه إن قذفها ،  وعليه نفقتها ،  وكسوتها ،  وإسكانها .

فإذا هي زوجته فحلال له أن ينظر منها ما كان ينظر إليه منها قبل أن يطلقها ،  وأن يطأها إذا لم يأت نص بمنعه من شيء من ذلك .

وقد سماه الله تعالى ( ( بعلا ) ) لها ،  إذ يقول عز وجل {  وبعولتهن أحق بردهن في ذلك } .

 :  المسألة الرابعة :  هل يشترط الإشهاد والإعلام في الرجعية ؟

قال أبو محمد :  فإن وطئها لم يكن بذلك مراجعا لها حتى يلفظ بالرجعة ويشهد ويعلمها بذلك قبل تمام عدتها ،  فإن راجع ولم يشهد فليس مراجعا لقوله تعالى {  فإذا بلغن أجلهن فأمسكوهن بمعروف أو فارقوهن بمعروف وأشهدوا ذوى عدل منكم } .

فرق عز وجل بين المراجعة ،  والطلاق ،  والإشهاد ،  فلا يجوز إفراد بعض ذلك عن بعض وكان من طلق ولم يشهد ذوي عدل ،  أو راجع ولم يشهد ذوي عدل ،  متعديا لحدود الله تعالى .

وأيضا فإن الله سبحانه وتعالى سمى الرجعة إمساكا بمعروف ،  قال تعالى {  فإذا بلغن أجلهن فأمسكوهن بمعروف أو فارقوهن بمعروف } فالرجعة هي الإمساك ،  ولا تكون بنص كلام الله تعالى إلا بمعروف والمعروف – هو إعلامها وإعلام أهلها ،  إن كانت صغيرة أو مجنونة – فإن لم يعلمها لم يمسك بمعروف ،  ولكن بمنكر ،  إذ منعها حقوق الزوجية :  من النفقة ،  والكسوة ،  والإسكان ،  والقسمة ،  فهو إمساك فاسد باطل ما لم يشهد بإعلامها فحينئذ يكون بمعروف .

وكذلك قال الله تعالى {  وبعولتهن أحق بردهن في ذلك إن أرادوا إصلاحا ولهن مثل الذي عليهن بالمعروف } .

قال أبو محمد :  إنما يكون ( ( البعل ) ) أحق بردها إن أراد إصلاحا – بنص القرآن – ومن كتمها الرد ،  أو رد بحيث لا يبلغها ،  فلم يرد إصلاحا بلا شك ،  بل أراد الفساد ،  فليس ردا ولا رجعة إصلا .

 :  المسألة الخامسة :  المراد من قوله تعالى {  وللرجال عليهن درجة }

قال ابن حزم – رحمة الله تعالى - :  وقد علمنا أن الفضل هو الخير نفسه لأن الشيء إذا كان خيرا من شيء آخر فهو أفضل منه بلا شك .

قال أبو محمد :  وقد قال قائل من يخالفنا في هذا .  قال الله تعالى {  وليس الذكر كالأنثى } .

فقلنا وبالله تعالى التوفيق :  فأنت إذا عند نفسك أفضل من مريم ،  وعائشة ،  وفاطمة ،  لأنك ذكر وهؤلاء إناث ،  فإن قال هذا الحق بالنوكي وكفر ،  فإن سأل عن معنى الآية قيل له الآية على ظاهرها ولا شك في أن الذكر ليس كالأنثى ،  لأنه لو كان كالأنثى لكان أنثى ،  والأنثى أيضا ليست كالذكر ،  لأن هذه أنثى ،  وهذا ذكر وليس هذا من الفضل في شيء البتة ،  وكذلك الحمرة غير الخضرة ،  والخضرة ليست كالحمرة ،  وليس هذا من باب الفضل ،  فإن اعترض معترض بقول الله تعالى {  وللرجال عليهن درجة } قيل له :  إنما هذا في حقوق الأزواج على الزوجات ومن أراد حمل هذه الآية على ظاهرها لزمه أن يكون كل يهودي ،  وكل مجوسي ،  وكل فاسق ،  من الرجال أفضل من أم موسى ،  وأم عيسى ،  وأم إسحاق ،  عليهم السلام ،  ومن نساء النبي صلى الله عليه وسلم وبناته ،  وهذا كفر ممن قاله بإجماع الأمة ،  وكذلك قوله تعالى {  أو من ينشأ في الحلية وهو في الخصام غير مبين } إنما ذلك في تقصيرهن في الأغلب عن المُحاجة لقلة دُرْبَتِهن وليس في هذا ما يحط الفضل عن ذوات الفضل منهن ."
2,229,"قال تعالى :  {  الطلاق مرتان فإمساك بمعروف أو تسريح بإحسان ولا يحل لكم أن تأخذوا مما آتيتموهن شيئا إلا أن يخافا ألا يقيما حدود الله فإن خفتم ألا يقيما حدود الله فلا جناح عليهما فيما افتدت به تلك حدود الله فلا تعتدوها ومن يتعد حدود الله فأولئك هم الظالمون } وفيها تسع مسائل .

 :  المسألة الأولى :  الطلاق الثلاث بلفظ واحد هل يقع ثلاثا أم واحدة ؟

قال ابن حزم – رحمه الله تعالى - :

أما القول بأن قوله تعالى {  الطلاق مرتان } أي :  مرة بعد مرة فخطأ ،  بل هذه الآية كقوله تعالى {  نؤتها أجرها مرتين } أي مضاعفا معا .

وهذه الآية أيضا تعليم لما دون الثلاث من الطلاق ،  وهو حجة لنا عليهم ،  لأنهم لا يختلفون – يعني المخالفين لنا – في أن الطلاق السنة هو أن يطلقها واحدة ،  ثم يتركها حتى تنقضي عدتها – في قول طائفة – منهم .

وفي قول آخرين منهم :  أن يطلقها في كل مرة طلقة :  وليس شيء من هذا في هذه الآية ،  وهم لا يرون من طلق طلقتين متتابعتين في كلام متصل :  طلاق سنة ،  فبطل تعلقهم بقوله تعالى {  الطلاق مرتان } .

قال أبو محمد :  ثم وجدنا حجة من قال :  إن الطلاق الثلاث مجموعة سنة ولا بدعة قول الله تعالى {  فإن طلقها فلا تحل له من بعد حتى تنكح زوجا غيره } فهذا يقع على الثلاث مجموعة ومفرقة ،  ولا يجوز أن يخص بهذه الآية بعض دون بعض بغير نص ،  وكذلك قوله تعالى {  إذا نكحتم المؤمنات ثم طلقتموهن من قبل أن تمسوهن فما لكم عليهن من عدة تعتدونها } عموم لإباحة الثلاث والإثنين والواحدة .

وقوله تعالى {  وللمطلقات متاع بالمعروف } فلم يخص تعالى مطلقة واحدة من مطلقة ثلاثة .

ووجدنا ما رويناه من طريق مالك عن ابن شهاب :  أن سهل بن سعد الساعدي أخبره عن حديث اللعان عويمر العجلان مع امرأته .  وفي آخره أنه قال :  كذبت عليها يا رسول الله إن أمسكتها فطلقها ثلاثا قبل أن يأمره رسول الله صلى الله عليه وسلم ثم قال :  وأنا مع الناس عند رسول الله صلى الله عليه وسلم .

ومن طريق البخاري نا محمد بن بشار نا يحى – هو ابن سعيد القطان – عن عبيد الله ابن عمر نا القاسم بن محمد بن أبي بكر عن عائشة أم المؤمنين قالت :  إن رجلا طلق امرأته ثلاثا فتزوجت فطلق ،  فسئل رسول الله صلى الله عليه وسلم أتحل للأول ؟  قال :  لا حتى يذوق عسيلتها كما ذاق الأول ،  فلم ينكر عليه السلام هذا السؤال ،  ولو كان لا يجوز لأخبر بذلك .

وخبر فاطمة بنت قيس المشهور :

رويناه من طريق يحى بن أبي كثير أخبرني أبو سلمة بن عبد الرحمن أن فاطمة بنت قيس أخبرته :  أن زوجها ابن حفص بن المغيرة المخزومي طلقها ثلاثا ثم انطلق إلى اليمن ،  فانطلق خالد بن الوليد في نفر فأتوا رسول الله صلى الله عليه وسلم في بيت ميمونة أم المؤمنين فقالوا :  إن ابن حفص طلق امرأته ثلاثا فهل لها من نفقة ؟  فقال رسول الله :  ليس لها نفقة وعليها العدة وذكر باقي الخبر .

ومن طريق مسلم نا إسحاق بن منصور نا عبد الرحمن – هو ابن مهدي – عن سفيان الثوري عن أبي بكر بن أبي الجهم قال :  سمعت فاطمة بنت قيس فذكرت حديث طلاقها قالت ( ( وأتيت رسول الله صلى الله عليه وسلم :   "" كم طلقك ؟  ""  قلت :  ثلاثا ،  فقال  "" صدق ،  ليس لك نفقة ""  وذكرت باقي الخبر .

ومن طريق مسلم نا محمد بن المثنى نا حفص بن غياث نا هشام بن عروة عن أبيه عن فاطمة بنت قيس قالت :  ( ( قلت يا رسول الله إن زوجي طلقني ثلاثا وأنا أخاف أن يقتحم علي ؟  قال :   "" فأمرها فتحولت ""  .

ومن طريق مسلم نا محمد بن المثنى عبد الرحمن بن مهدي نا سفيان الثوري عن سلمة بن كهيل عن الشعبي عن فاطمة بنت قيس عن النبي صلى الله عليه وسلم في المطلقة ثلاثا  "" ليس لها سكنى ولا نفقة ""  .

فهذا نقل تواتر من فاطمة بأن رسول الله صلى الله عليه وسلم أخبرها هي ونفر سواها بأن زوجها طلقها ثلاثا وبأنه عليه السلام حكم في المطلقة ثلاثا ولم ينكر عليه السلام ذلك ،  ولا أخبر بأنه ليس بسنة – وهذا كفاية لمن نصح نفسه .

- فإن قيل :  إن الزهري روى عن أبي سلمة هذا الخبر فقال فيه :  إنها ذكرت أنه طلقها آخر ثلاث تطليقات –

وروى الزهري عن عبيد الله بن عبد الله بن عتبة أن زوجها أرسل إليها بتطليقة كانت بقية لها من طلاقها – فذكر الخبر وفيه :  فأرسل مروان إليها قبيصة بن ذؤيب فحدثته - وذكر باقي الخبر .

قلنا :  نعم ،  هكذا رواه الزهري ،  فأما روايته من طريق عبيد الله فمنقطعة ،  لم يذكر عبيد الله ذلك عنها ،  ولا عن قبيصة عنها ،  وإنما قال :  إن فاطمة طلقها زوجها ،  وأن مروان بعث إليها قبيصة فحدثته .

وأما خبره عن أبي سلمة فمتصل – إلا أن كلا الخبرين ليس فيهما :  أن رسول الله أخبرته هي ولا غيرها بذلك .

إنما المسند الصحيح الذي فيه :  أنه عليه السلام سأل عن كمية طلاقها وأنها أخبرته ،  فهي التي قدمنا أولا وعلى ذلك الإجمال جاء حكمه عليه الصلاة والسلام .

وأما الصحابة رضي الله عنهم فإن الثابت عن عمر الذي لا يثبت عنه غيره ما ريناه من طريق عبد الرزاق عن سفيان الثوري عن سلمة بن كهيل نا زيد بن وهب أنه رفع إلى عمر بن الخطاب برجل طلق ألفا فقال له عمر :  أطلقت امرأتك ؟  فقال :  إنما كنت ألعب ،  فعلاه عمر بالدرة وقال :  إنما يكفيك من ذلك ثلاث .  ومن طريق وكيع عن الأعمش عن حبيب بن أبي ثابت جاء رجل إلى علي بن أبي طالب فقال :  إني طلقت امرأتي ألفا ؟  فقال علي :  بانت منك بثلاث ،  وأقسم سائرهن بين نسائك فلم ينكر جمع الثلاث .

ومن طريق وكيع عن جعفر بن برقان عن معاوية بن أبي يحى قال :  جاء رجل إلى عثمان ابن عفان رضي الله عنه فقال :  طلقت امرأتي ألفا ؟  فقال :  بانت منك بثلاث فلم ينكر الثلاث .

ومن طريق عبد الرزاق عن سفيان الثوري عن عمرو بن مرة عن سعيد بن جبير قال :  قال رجل لابن عباس :  طلقت امرأتي ألفا ؟  فقال له ابن عباس :  ثلاث تحرمها عليك ،  وبقيتها عليك وزرا ،  اتخذت آيات الله هزوا ،  فلم ينكر الثلاث وأنكر ما زاد .

والذي جاء عنه من قوله لمن طلق ثلاثا ثم ندم ( ( لو اتقيت الله لجعل لك مخرجا ) ) وهو على ظاهره :  نعم ،  إن اتقى الله جعل له مخرجا ،  وليس فيه أن طلاقه الثلاث معصية .

ومن طريق عبد الرزاق عن معمر عن الأعمش عن إبراهيم عن علقمة قال :  جاء رجل إلى ابن مسعود فقال :  إني طلقت امرأتي تسعا وتسعين ؟  فقال له ابن مسعود :  ثلاث تبينها وسائرهن عدوان .

ومن طريق أحمد بن شعيب أن عمرو بن علي نا يحى بن سعيد القطان عن سفيان الثوري عن أبي إسحاق السبيعي عن أبي الأحوص عن عبد الله بن مسعود قال :  طلاق السنة أن يطلقها طاهرا من غير جماع .

وأما التابعون فروينا من طريق وكيع عن إسماعيل بن أبي خالد عن الشعبي قال :  قال رجل لشريح القاضي :  طلقت امرأتي مائة ؟  فقال :  بانت منك بثلاث وسبع وتسعون إسراف ومعصية .

ومن طريق عبد الرزاق عن معمر عن قتادة عن سعيد بن المسيب قال :  طلاق العدة أن يطلقها إذا طهرت من الحيضة بغير جماع .

قال أبو محمد :  فلم يخص واحدة من ثلاث ،  من اثنين .

 :  المسألة الثانية :  الألفاظ التي يقع بها الطلاق .

قال أبو محمد – رحمه الله تعالى - :

لا يقع طلاق إلا من أحد ثلاثة ألفاظ :  إما الطلاق ،  وإما السراح ،  وإما الفراق .

مثل أن يقول :  أنت طالق ،  أو يقول مطلقة ،  أو قد طلقتك ،  أو أنت طالقة ،  أو أنت الطلاق أو أنت مسرحة ،  أو قد سرحتك ،  أو أنت مفارقة ،  أو قد فارقتك ،  أو أنت الفراق .

هذا كله إذا نوى به الطلاق ،  فإن قال في شيء من ذلك كله :  لم أنو الطلاق صدق في الفتيا ولم يصدق في القضاء في الطلاق ،  وما تصرف منه ،  وصدق في سائر ذلك في القضاء أيضا برهان ذلك :

قوله تعالى {  ثم طلقتموهن } وقوله تعالى {  فطلقوهن } وقوله {  وللمطلقات } وقوله تعالى {  وسرحوهن سراحا جميلا } وقوله تعالى {  فإمساك بمعروف أو تسريح بإحسان } وقوله تعالى {  فأمسكوهن بمعروف أو فارقوهن بمعروف } وقوله تعالى {  وإن يتفرقا يغن الله كلا من سعته } .

لم يذكر الله تعالى حل الزوج للزوجة إلا بهذه الألفاظ فلا يجوز حل عقدة عقدت بكلمة الله عز وجل وسنة رسوله صلى الله عليه وسلم إلا بما نص الله تعالى عليه {  ومن يتعد حدود الله فقد ظلم نفسه } وأما قولنا :  إن نوى مع ذلك الطلاق ،  فلقول الرسول صلى الله عليه وسلم  "" إنما الأعمال بالنيات وإنما لكل امرئ ما نوى ""  .

وأما تفريقنا بين ألفاظ الطلاق ،  فلم يوجب أن يراعى قول فيها :  لم أنو الطلاق ،  في القضاء خاصة ،  وراعينا ذلك في ألفاظ ( ( السراح ،  والفراق ) ) فلأن لفظة ( ( الطلاق ) ) وما تصرف منها لا يقع في اللغة التي خاطبنا الله عز وجل بها في أحكام الشريعة إلا على عقد الزواج فقط لا معنى آخر البتة ،  فلا يجوز أن يصدق في دعواه في حكم قد ثبت بالبتة عليه وفي إسقاط حقوق وجبت يقينا للمرأة بالطلاق قبله .

وراعينا دعواه تلك في الفتيا ،  لأنه قد يريد لفظا آخر فيسبقه لسانه إلى ما لم يرده ،  فإذا لم يعرف ذلك إلا بقوله ،  فقوله كله مقبول لا يجوز أخذ بعضه وإسقاط بعضه .

وأما ( ( السراح ،  والفراق ) ) فإنهما تقع في اللغة التي خاطبنا الله عز وجل في شرائعه على حل عقد النكاح ،  وعلى معان أخر وقوعا مستويا ليس معنى من تلك المعاني أحق بتلك اللفظة من سائر تلك المعاني ،  فيكون :  أنت مسرحة ،  أي أنت مسرحة للخروج إذا شئت ،  وبقوله :  قد فارقتك ،  وأنت مفارقة ،  في شيء مما بينهما ما لم توافقه فيه فلما كان ذلك لم يجز أن يحكم عقد صحيح بكلمة الله عز وجل بغير يقين ما يوجب حلها .

وما عدا هذه الألفاظ فلا يقع بها طلاق البتة – نوى بها طلاقا أو لم ينو – لا في فتيا ولا في قضاء .

قال أبو محمد :  قال تعالى {  الطلاق مرتان } وقال تعالى {  فطلقوهن لعدتهن } ولا يقع الطلاق في اللغة التي خاطبنا الله تعالى بها ورسوله اسم تطليق على أن يكتب إنما يقع ذلك اللفظ به ،  فصح أن الكتاب ليس طلاقا حتى يلفظ به إذا لم يوجب ذلك نص .

 :  المسألة الثالثة :  طلاق العبد .

قال ابن حزم – رحمه الله تعالى - :

وطلاق العبد لزوجته الأمة أو الحرة ،  وطلاق الحر لزوجته الأمة أو الحرة :  كل ذلك سواء ،  لا تحرم واحدة ممن ذكرنا على مطلق ممن ذكرنا إلا بثلاث تطليقات مجموعة أو مفرقة ،  لا بأقل أصلا .

برهان ذلك :  قول الله عز وجل {  إذا طلقتم النساء فطلقوهن لعدتهن } .

وقال تعالى {  إذا نكحتم المؤمنات ثم طلقتموهن من قبل أن تمسوهن } وقال تعالى {  وأنكحوا الأيامى منكم والصالحين من عبادكم وإمائكم } فسوى تعالى بين طلاق كل ناكح من حر أو عبد أو عربي أو عجمي ،  أو مريض أو صحيح :  {  وما كان ربك نسيا } .

ونحن نشهد بشهادة الله عز وجل أنه تعالى لو أراد أن يفرق بين شيء من ذلك لما أهمله ولا أغفله ولا غشنا بكتمانه ،  ولبينه لنا على لسان رسوله صلى الله عليه وسلم فإذا لم يفعل ذلك فوالله ما أراد الله قط فرقا بين شيء من ذلك .

وبالآيات التي ذكرنا صح أن الطلاق بيد الناكح لا بيد سواه ،  فدخل في ذلك الحر والعبد دخولا مستويا بلا شك ،  وقد وافقنا المالكيون ،  والحنفيون ،  والشافعيون على هذا ،  ووافقنا الحنفيون على أن الحرة لا تحرم على زوجها العبد إلا بثلاث تطليقات ،  ووافقنا الشافعيون ،  والمالكيون على أن الأمة لا تحرم على زوجها الحر إلا بثلاث تطليقات وخالفونا في الأمة تحت العبد .

وقول الله تعالى {  فإن طلقها فلا تحل له من بعد حتى تنكح زوجا غيره } بعد قوله تعالى {  الطلاق مرتان فإمساك بمعروف أو تسريح بإحسان } قاض لقولنا بالصواب ،  وشاهد بأنه الحق قطعا ،  لأنه تعالى لم يخص بذلك حرا من عبد .

وذهبت طائفة إلى مثل قولنا كما نا محمد بن سعيد بن نبات نا إسماعيل بن إسحاق النصري نا عيسى بن حبيب نا عبد الرحمن بن عبد الله بن محمد بن عبد الله بن يزيد المقريء نا جدي محمد بن عبد الله نا سفيان بن عيينة عن عمرو بن دينار عن أبي معبد مولى ابن عباس عن ابن عباس أن عبدا له طلق امرأته طلقتين فأمره ابن عباس أن يراجعها فأبى ؟

فقال له ابن عباس :  هي لك فاستحلها بملك اليمين .

فإن قيل :  إن ابن عباس إنما أمر غلامه أن يراجع زوجته الأمة بعد أن طلقها طلقتين ،  لأنه لا يرى طلاق العبد شيئا ؟  .

قلنا :  قد أعاذ الله ابن عباس من التدليس ،  بل روى عنه عطاء :  لا طلاق للعبد .

وقد روى عنه أبو معيد :  أن طلاقه جائز .

وكلاهما ثقة مأمون ،  فإذ لا نص في الفرق بين طلاق العبد ،  وطلاق الحر ،  ولا بين طلاق الأمة أو طلاق الحرة :  - فلا يحل تخصيص القرآن في أن الطلاق لا يحرم إلا بثلاث – في حر أو عبد ،  أو حرة أو أمة – بالدعوى بلا برهان .

والله تعالى نتأيد .

 :  المسألة الرابعة :  مشروعية الخلع وجوازه .

قال أبو محمد :  واختلف الناس في الخلع ؟  فلم تجزه طائفة .

فأما من قال :  لا يجوز الخلع ،  فكما روينا من طريق الحجاج بن المنهال نا عقبة بن أبي الصهباء قال :  سألت بكر بن عبد الله المزني عن الخلع ؟  قال لا يحل له أن يأخذ منها ؟  قلت :  فقول الله عز وجل في كتابه {  فلا جناح عليهما فيما افتدت به } قال :  نسخت هذه ،  وذكر أن الناسخ قوله تعالى {  وإن أردتم استبدال زوج مكان زوج وآتيتم إحداهن قنطارا فلا تأخذوا منه شيئا أتأخذونه بهتانا وإثما مبينا وكيف تأخذونه وقد أفضى بعضكم إلى بعض وأخذن منكم ميثاقا غليظا } .

قال أبو محمد :  وأما الآيتان فليستا بمتعارضتين ،  إنما في التي نزع بها بكر تحريم أخذ شيء من صداقها إثما مبينا وبهتانا – وهذا لا شك فيه – ولي فيهما نهى عن الخلع أصلا .

وقال تعالى {  فإن طبن لكم عن شيء منه نفسا فكلوه هنيئا مريئا } وفي الآية الآخر :  حكم الخلع بطيب النفس منها فليس إثما ولا عدوانا ،  وما كان هكذا فلا يحل القول به ،  ولا أن يقال :  فيه ناسخ أو منسوخ إلا بنص ،  بل الفرض الأخذ بكلا الآيتين لا يترك إحداهما للأخرى – ونحن قادرون على العمل بهما – بأن نستثني إحداهما من الأخرى .

قال أبو محمد :  قال الله تعالى {  وإن امرأة خافت من بعلها نشوزا أو إعراضا فلا جناح عليهما أن يصلحا بينهما صلحا والصلح خير }

وقال تعالى {  فإن خفتم ألا يقيما حدود الله فلا جناح عليهما فيما افتدت به } فهاتان الآيتان قاضيتان على كل ما في الخلع .

 :  المسألة الرابعة :  الأحوال التي يصح فيها الافتداء .

قال ابن حزم – رحمه الله تعالى - :

الخلع ،  وهو الافتداء إذا كرهت المرأة زوجها ،  فخافت أن توفيه حقه ،  أو خافت أن يبغضها فلا يوفيها ،  فلها أن تفتدي منه ويطلقها ،  إن رضي هو ؟  وإلا لم يجبر هو ؟  ولا أجبرت هي ؟  إنما يجوز بتراضيهما .

ولا يحل الافتداء إلا بأحد الوجهين المذكورين ،  أو باجتماعهما فإن وقع بغيرهما فهو باطل ويرد عليها ما أخذ منها ،  وهي امرأته كما كانت ،  ويبطل طلاقه ويمنع من ظلمها فقط .

وقال وروينا من طريق وكيع عن إسماعيل بن أبي خالد عن الشعبي إذا كرهت المرأة زوجها فليأخذ منها .

ومن طريق عبد الرزاق عن معمر عن الزهري :  لا يحل له أخذ شيء من الفدية حتى يكون النشوز من قبلها ،  أن تظهر له البغضاء ،  وتسيء عشرته وتعصي أمره ،  ولا يحل له أن يأخذ أكثر مما أعطاها .

ومن طريق عبد الرزاق عن ابن جريج أخبرني ابن طاووس عن أبيه في الخلع قال :  قال الله تعالى {  أن يخافا ألا يقيما حدود الله } ،  ولم يكن يقول قول السفهاء !  لا يحل له حتى تقول :  لا أغتسل لك من جنابة ،  لكن {  أن يخافا ألا يقيما حدود الله } تعالى فيما افترض لكل واحج منهما على صاحبه في العشرة والصحبة .

قال أبو محمد :  هذا هو الحق ،  لقوله تعالى الذي ذكرنا .  وبالله تعالى التوفيق .

 :  المسألة السادسة :  ما يجوز به الافتداء .

قال ابن حزم – رحمه الله تعالى - :

ولها أن تفتدي بجميع ما تملك ،  وأن يأخذ منها كل ما معها فما دون ذلك إذا تراضيا به .

كما روينا عن طريق حماد بن سلمة نا أيوب السختياني عن كثير بن أبي كثير مولى عبد الرحمن بن سمرة أن امرأة نشزت على زوجها فرفعها إلى عمر بن الخطاب رضي الله عنه ،  فذكر القصة وأن عمر قال لزوجها :  أخلعها ولو من قرطها .

ومن طريق عبد الرزاق عن معمر عن عبد الله بن محمد بن عقيل بن أبي طالب أن الربيع بنت معوذ بن عفراء حدثته أنها اختلعت من زوجها لكل شيء تملكه فخاصمه في ذلك إلى عثمان بن عفان رضي الله عنه فأجازه ،  وأمره أن يأخذ عقاص رأسها فما دونه .

ومن طريق عبد الرزاق عن ابن جريج عن موسى بن عقبة عن نافع أن ابن عمر جاءته مولاة لامرأته اختلعت من كل شيء لها وكل ثوب لها حتى من نقبتها ،  وصح عن عكرمة ،  وإبراهيم ،  ومجاهد ،  وهو قول مالك ،  والشافعي ،  وأبي سليمان .

وقال والعجب أنهم – أي المخالفين – يردون كلام رسول الله صلى الله عليه وسلم الثابت بدعواهم أنه زائد على ما في القرآن ،  ثم يأخذون بكلام ساقط متناقض مخالف لما في القرآن ،  فوجب الأخذ بعموم قوله تعالى {  فلا جناح عليهما فيما افتدت به } .

ومن العجب تمويه بعضهم بقوله تعالى {  وآتيتم إحداهن قنطارا فلا تأخذوا منه شيئا } .

وقوله تعالى {  ولا يحل لكم أن تأخذوا مما آتيتموهن شيئا إلا أن يخافا ألا يقيما حدود الله } .

قال أبو محمد :  نعم ،  لا يحل له أن يأخذ مما آتاها شيئا ،  إلا أن تطيب نفسها به ،  ثم حكم آخر {  أن يخافا ألا يقيما حدود الله فإن خفتم ألا يقيما حدود الله فلا جناح عليهما فيما افتدت به } عموم لا يحل تخصيصه بالدعاوى الكاذبة .

وقال بعضهم :  من أخذ أكثر مما أعطى فلم يسرح بإحسان ؟

فقلنا :  لا فرق بين أخذه كل ما أعطاها أو بعض ما أعطاها أو أكثر مم أعطاها بغير حق فحينئذ يكون غير مسرح بإحسان أن يأخذ كل ذلك حيث أباح الله تعالى له أخذه فهو مسرح بإحسان ،  ولو أباح الله له قتلها لكان محسنا في ذلك .

فإن قيل :  أنتم تمنعون من أن يتصدق بجميع ماله أو بما لا يبقى لنفسه غنى بعده :  ومن أن يتصدق الرجل بماله كله ،  وتبيحون لها أن تعطي مالها كله ؟

قلنا :  إنما نتبع في ذلك أمر الله تعالى فجاء النهي عن الصدقة إلا بما أبقى غنى ،  وبأن لا يصدقها إزاره لا غنى به عنه ،  وجاء النص بأن {  فلا جناح عليهما فيما افتدت به } .

فوقفنا عند كل ذلك ولم نعترض على أوامر الله تعالى وأوامر رسوله صلى الله عليه وسلم بالرأي .  وبالله تعالى التوفيق .

 :  المسألة السابعة :  ما يشترط في العوض .

قال ابن حزم – رحمه الله تعالى - :

ومن خالع على مجهول فهو باطل ،  لأنه لا يدري هو ما يجب له عندها ،  ولا تدريه هي ،  فهو عقد فاسد وكل طلاق لم يصح إلا بصحة ما لا صحة له فهو غير صحيح ،  وإذا كان غير صحيح فلم يطلق أصلا .  والعجب كله احتجاجهم في خلاف هذا بقول الله تعالى {  فلا جناح عليهما فيما افتدت به } .

قالوا :  هذا عموم ؟

قلنا :  نعم عموم لما يحل عقده وملكه لا للحرام ،  ولو كان ذلك لجاز أن يفتدي من زوجته بأن يُزني بها من أراد ،  وبزِقِّ خمر ،  ويصح له ملكه ،  وبأن لا يصلي ،  وما أشبه ذلك .

والخلع على عمل محدود جائز لدخوله تحت قوله تعالى {  فلا جناح عليهما فيما افتدت به } هذا إذا كان ذلك العمل مباحا يجوز المعاوضة فيه بالإجارة وغيرها .

وبالله تعالى التوفيق .

 :  المسألة الثامنة :  هل الخلع طلاق أم فسخ ؟

قال ابن حزم – رحمه الله تعالى - :

والخلع :  طلاق رجعي ،  أما احتجاج من احتج بأن الله تعالى ذكر الطلاق ،  ثم الخلع ثم الطلاق ؟  فنعم ،  هو في القرآن كذلك ،  إلا أنه ليس في القرآن أنه ليس طلاقا ،  ولأنه طلاق فوجب الرجوع إلى بيان رسول الله صلى الله عليه وسلم .

فنظرنا في ذلك :  فوجدنا ما روينا من طريق مالك عن يحي بن سعيد الأنصاري عن عمرة بنت عبد الرحمن بن زُرارة :  أنها أخبرته عن حبيبة بنت سهل الأنصاريه ،  فذكرت اختلاعها من زوجها ثابت بن قيس بن الشماس ،  وأن رسول الله صلى الله عليه وسلم قال لثابت :  خذ منها ؟  فأخذ منها ،  وجلست في أهلها .

ومن طريق أحمد بن شعيب نا محمد بن يحي المروزي حدثني شاذان بن عثمان أخو عبدان نا أبي نا علي بن المبارك عن يحي بن أبي كثير :  أخبرني محمد بن عبد الرحمن :  أن رُبيع بنت معوذ بن عفراء أخبرته – فذكرت اختلاع امرأة ثابت بن قيس منه – وأن أخاه شكاه إلى رسول الله صلى الله عليه وسلم فأرسل رسول الله إلى ثابت فقال له :  خذ الذي لها وخل سبيلها ؟  قال :  نعم ،  فأمرها رسول الله أن تتربص حيضة واحدة ،  وتلحق بأهلها .

ومن طريق عبد الرزاق عن معمر عن عمرو بن مسلم عن عكرمة مولى ابن عباس قال :  اختلعت امرأة ثابت بن قيس من زوجها فجعل النبي صلى الله عليه وسلم عدتها حيضة .

قالوا :  هذا بين أن الخلع ليس طلاقا ،  لكنه فسخ ؟

قال أبو محمد :  أما حديث عبد الرزاق الذي ذكرنا آنفا فساقط ،  لأنه مرسل – وفيه عمرو بن مسلم – وليس بشيء .

وأما خبر الربيع وحبيبة – فلو لم يأت غيرهما لكانا حجة قاطعة لكن روينا من طريق البخاري نا أزهر بن جميل نا عبد الوهاب بن عبد المجيد الثقفي نا خالد – هو الحذاء – عن عكرمة عن ابن عباس ( ( أن امرأة ثابت بن قيس أتت صلى الله عليه وسلم فقالت :  يا رسول الله ثابت بن قيس ما أعتب عليه في خلق ولا دين ،  ولكني أكره الكفر في الإسلام فقال رسول الله :  أتردين عليه حديقته ؟  فقالت :  نعم ؟  قال رسول الله :  أقبل الحديقة وطلقها تطليقة ) )

فكان هذا الخبر منه زيادة على الخبرين المذكورين والزيادة لا يجوز تركها ،  وإذ هو طلاق .  ذكر الله عز وجل عدة الطلاق ،  فهو زائد على ما في حديث الربيع والزيادة لا يجوز تحريمها ،  وأما من قال :  أن الخلع طلاق رجعي :

فكما روينا من طريق عبد الرزاق عن معمر عن قتادة عن سعيد بن المسيب أنه قال في المختلعة :  إن شاء أن يراجعها فليرد عليها ما أخذ منها في العدة ،  وليشهد على رجعتها .

قال معمر :  وكان الزهري يقول ذلك

قال قتادة :  وكان الحسن يقول :  لا يراجعها إلا بخطبة .

قال أبو محمد :  قد بين الله تعالى حكم الطلاق ،  وأن {  بعولتهن أحق بردهن } وقال تعالى {  فأمسكوهن بمعروف أو فارقوهن بمعروف } فلا يجوز خلاف ذلك .

وما وجدنا قط في دين الإسلام عن الله تعالى ،  ولا عن رسوله صلى الله عليه وسلم طلاقا بائنا لا رجعة فيه ،  إلا الثلاث مجموعة أو متفرقة ،  أو التي لم يطأها ،  ولا مزيد ،  وأما عدا ذلك فآراء لا حجة فيها .

وأما رده ما أخذ منها فإنما أخذه لئلا تكون في عصمته ،  فإذا لم يتم لها مرادها فما لها الذي لم تعطه إلا لذلك مردود عليها ،  إلا أن يبين عليها أنها طلقة له الرجعة فيها ،  فترضى ،  فلا يرد عليها شيئا وبالله تعالى التوفيق .

 :  المسألة التاسعة :  رأيه التفسيري في قوله تعالى {  تلك حدود الله فلا تعتدوها } .

قال ابن حزم – رحمه الله تعالى - :

الاعتداء :  هو تجاوز الواجب ،  ومن أزاح اللفظ عن موضوعه في اللغة التي خوطبنا بغير أمر من الله تعالى ،  أو رسوله صلى الله عليه وسلم فعداه إلى معنى آخر ،  فقد اعتدى فليعلم أن الله لا يحبه ،  وإذا لم يحبه فقد أبغضه ،  نعوذ بالله من ذلك وقال تعالى {  تلك حدود الله فلا تعتدوها ومن يتعد حدود الله فأولئك هم الظالمون } ،  .

وقال ولا يجوز أن يعمل أحد شيئا من الدين مؤقتا يوقت قبل وقته فإن كان الأول من وقته والآخر من وقته لم يجز أن يعمل قبل وقته ولا بعد وقته لقول الله تعالى {  ومن يتعد حدود الله فقد ظلم نفسه } وقال تعالى {  تلك حدود الله فلا تعتدوها } والأوقات حدود ،  فمن تعدى بالعمل وقته الذي حده الله تعالى له ،  فقد تعدى حدود الله ."
2,230,"قال تعالى :  {  فإن طلقها فلا تحل له من بعد حتى تنكح زوجا غيره فإن طلقها فلا جناح عليهما أن يتراجعا إن ظنا أن يقيما حدود الله وتلك حدود الله يبينها لقوم يعلمون } وفيها ست مسائل .

 :  المسألة الأولى :  الحكم الرافع للتحريم ذوق العسيلة في النكاح الصحيح .

قال ابن حزم – رحمه الله تعالى - :

ومن طلق امرأته ثلاثا لم يحل له زواجها إلا بعد زوج يطأها في فرجها بنكاح صحيح في حال عقله وعقلها ،  ولا بد – ولا يحلها له وطء في نكاح فاسد ،  ولا وطء في دبر ،  ولا وطئها في نكاح صحيح وهي في غير عقلها – بإغماء ،  أو بسكر ،  أو بجنون ولا هو كذلك – فإن بقي من حسه أو حسها – في هذه الأحوال ،  أو في النوم ،  ما تدرك به اللذة أحلها ذلك إذا مات ذلك الزوج ،  أو طلقها ،  أو انفسخ نكاحها منه بعد صحته .

برهان ذلك :  قول الله عز وجل {  فلا تحل له من بعد حتى تنكح زوجا غيره فإن طلقها فلا جناح عليهما أن يتراجعا إن ظنا أن يقيما حدود الله وتلك حدود الله يبينها لقوم يعلمون } ففي هذه الآية عموم كل زوج ،  ولا يكون زوجا إلا من كان زواجه صحيحا .

وأما من تزوج بخلاف ما أمره الله عز وجل فليس زوجا ،  ولا عد زواجا ،  وفيها تحليل رجعته لها بعد طلاق الزوج وبقي أمر الوطء ،  وأمر موت الزوج الثاني ،  وانفساخ نكاحه :

فوجدنا ما رويناه من طريق أبي داود السجستاني نا مسدد نا أبو معاوية عن الأعمش عن إبراهيم النخعي عن الأسود عن عائشة أم المؤمنين قالت :  سئل رسول الله صلى الله عليه وسلم عن رجل طلق امرأته – تعني ثلاثا – فتزوجت غيره فطلقها قبل أن يواقعها ،  أتحل لزوجها الأول ؟  قالت :  فقال رسول الله صلى الله عليه وسلم  "" لا تحل للأول حتى تذوق عسيلة الآخر ويذوق عسيلتها .

ففي هذا الخبر زيادة عموم حلها له بالوطء لا بغيره ،  فدخل في ذلك موته ،  وانفساخه بعد صحته ،  ودخل في عموم ذوق العسيلة كل ما ذكرنا قبل وبالله تعالى التوفيق .

 :  المسألة الثانية :  وطء الذمي هل يحل الذمية لمطلقها المسلم ؟

قال ابن حزم – رحمه الله تعالى - :

واحتجوا بقول الله تعالى في المطلقة ثلاثا {  فإن طلقها فلا تحل له من بعد حتى تنكح زوجا غيره فإن طلقها فلا جناح عليهما أن يتراجعا } قالوا :  فقستم وفاة هذا الزوج الثاني وفسخ نكاحه عنها على علاقة لها في كونها إذا مسها في ذلك حلالا المطلق ثلاثا ،  قالوا لنا :  بل لم تقنعوا بذلك حتى قلتم إن كانت ذمية طلقها مسلم ثلاثا فتزوجها ذمي ،  فطلقها بعد أن وطئها لم تحل بذلك لمطلقها ثلاثا ،  ولا تحل إلا بموته عنها ،  أو بفسخ نكاحه منها .

قال أبو محمد :  فالجواب وبالله تعالى :  أننا أبحنا لها الرجوع إليه بالوفاة وبالفسخ لوجهين :

أحدهما :  الإجماع المتيقن ،  والثاني :  النص الصحيح الذي عنه تم الإجماع ،  وهو قول رسول الله صلى الله عليه وسلم للقرضية المطلقة ثلاثا  "" أتريدين أن ترجعي إلى رفاعة ؟  لا ،  حتى تذوقي عسيلته ويذوق عسيلتك ""  .

قال علي :  فهذا الحديث أعم من الآية ،  وزائد على ما فيها ،  فوجب الأخذ به ،  ووجب أن كل ما كان بعد ذوق العسيلة مما يبطل به النكاح فهي به حلال رجوعها إلى زوجها المطلق ثلاثا ،  لأنه صلى الله عليه وسلم إنما جعل الحكم الرافع للتحريم ذوق العسيلة في النكاح الصحيح ،  فإذا ارتفع بذلك التحريم فقد صارت كسائر النساء ،  فإذا خلت من ذلك الزوج بفسخ أو وفاة أو طلاق كان لها أن تنكح من شاءت من غير ذوي محارمها ،  ولم يشترط النبي صلى الله عليه وسلم بعد ذوق العسيلة طلاقا من فسخ من وفاة ،  وأيقنا أنه صلى الله عليه وسلم لم يبحها للزوج الأول ،  وهي بعد في عصمة الزوج الثاني ،  ولا خلاف بين أحد في ذلك ،  وأما طلاق الذمي وسائر الكفار ،  فليس طلاقا ،  لأن كل ما فعل الكافر وقال غير اللفظ بالإسلام ،  فهو باطل مردود إلا ما أوجب إنفاذه النص أو الإجماع المتيقن المنقول ،  أو أباحه له النص أو الإجماع ،  كذلك فإذا لفظ بالطلاق فهو لغو ،  لأنه لا نص ولا إجماع في جواز طلاقه ،  فليس مطلقا ،  وهو بعد في عصمته ،  لصحة نكاحهم بالنص من إقرار النبي صلى الله عليه وسلم للكفار ،  لما أسلموا مع نسائهم ،  على نكاحهم معهن ،  ولأنه صلى الله عليه وسلم من ذلك النكاح خلق ،  وقد علمنا أنه صلى الله عليه وسلم مخلوق من أصح نكاح ،  ولا يحل لمسلم أن يمر بباله غير ذلك ،  ولم يمنع تعالى في الآية من إباحة رجعتها بعد وفاة الزوج ،  أو فسخ نكاحه ،  إنما ذكر تعالى الطلاق فقط ،  وعم رسول الله صلى الله عليه وسلم بإجمال لفظة الطلاق وغيره ،  وقد كان يلزم من قال بذلك الخطاب فهم ألا يبيحها إلا بعد الطلاق لا بعد الفسخ والوفاة ،  فهذه الآية حجة عليهم لا لهم .

وبالله تعالى التوفيق .

 :  المسألة الثالثة :  وطء السيد هل يحلل الأمة لزوجها ؟

قال ابن حزم – رحمه الله تعالى - :

وإذا كان النكاح صحيحا ثم وطئها في حال لا يحل فيه الوطء من صوم فرض ،  منه أو منها أو إحرام كذلك ،  أو اعتكاف كذلك ،  أوي هي حائض :  فكل ذلك لا يحلها .

ويحلها العبد يتزوجها ،  والذمي – إن كانت هي ذمية – ولا يحلها – إن كانت أمة :  وطء سيدها لها ،  برهان ذلك :  قول الله عز وجل {  فلا تحل له من بعد حتى تنكح زوجا غيره فإن طلقها فلا جناح عليهما أن يتراجعا إن ظنا أن يقيما حدود الله } .

ففي هذه الآية عموم كل زوج ،  ولا يكون زوجا إلا من كان زواجه صحيحا .

كما روينا من طريق الحجاج بن المنهال نا يزيد بن زريع نا خالد – هو الحذاء – عن الحكم بن عتيبة عن علي بن أبي طالب قال :  حتى تحل له من حيث حرمت عليه .

يعني :  الأمة تطلق فيطأها سيدها دون أن تتزوج زوجا آخر .

وبه إلى خالد الحذاء عن أبي معشر عن إبراهيم النخعي عن عبيدة السلماني عن ابن مسعود قال :  لا تحل له إلا من حيث حرمت عليه .

وصح عن مسروق أنه رجع إلى القول بعد أن أفتى بقول زيد ،  .

 :  المسألة الرابعة :  هل تحل الأمة لسيدها بملك اليمين إذا اشتراها بعد أن كانت زوجته وطلقها ثلاثا ؟

قال ابن حزم – رحمه الله تعالى - :

روينا أنه لا تحل لسيدها بملك اليمين إذا اشتراها بعد أن طلقها ثلاثا :  عن عثمان ،  وزيد بن ثابت .

وصح عن جابر بن عبد الله ،  وعن علي بن أبي طالب أنه كره ذلك ،  وصح عن مسروق والنخعي ،  وعبيدة السلماني ،  والشعبي ،  وابن المسيب ،  وسليمان بن يسار .

قال أبو محمد :  ولا يحل للسيد أن يرى من عورتها شيئا إلا ما يرى من حريمته ،  ولا أن يتلذذ بها ،  لقول الله عز وجل {  فلا تحل له من بعد حتى تنكح زوجا غيره }

فعم تعالى ولم يخص ،  بخلاف الكتابية ،  والحائض ،  والصائمة فرضا ،  والمحرمة ،  لأن هؤلاء إنما حرم نكاحهن فقط – وهو الوطء – وبالله تعالى التوفيق .

 :  المسألة الخامسة :  نكاح المحلل .

قال ابن حزم – رحمه الله تعالى - :

فلو رغب المطلق ثلاثا إلى من يتزوجها ويطأها ليحلها له فذلك جائز إذا تزوجها بغير شرط لذلك في نفس عقدة لنكاحه إياها ،  فإذا تزوجها فهو بالخيار إن شاء طلقها ،  وإن شاء أمسكها فإن طلقها حلت للأول ،  فلو شرط في عقد نكاحها أنه يطلقها إذا وطئها ،  فهو عقد فاسد مفسوخ أبدا ولا تحل له به ،  ولا فرق بين هذا وبين ما ذكرنا قبل في كل نكاح فاسد .

قال أبو محمد :  وقال بعض القائلين :  لا تكون حلالا إلا بنكاح رغبة لا ينوي به تحليلها للذي طلقها .

واحتجوا في ذلك بأثر رويناه من طريق أحمد بن شعيب نا عمرو بن منصور نا أبو نعيم – هو الفضل بن دكين – عن سفيان الثوري عن أبي قيس – هو عبد الرحمن بن ثروان – عن هزيل بن شرحبيل عن عبد الله بن مسعود قال :  ولعن رسول الله صلى الله عليه وسلم الواشمة والمستوشمة ،  والواصلة والموصولة ،  وآكل الربا ومؤكله ،  والمحل ،  والمحلل له وهذا خبر لا يصح في هذا الباب سواه ،  ثم آثار بمعناه إلا أنها هالكة .

قال أبو محمد :  اختلف الناس في المحلل الآثم الملعون ،  والمحلل له الآثم الملعون ،  من هما ؟

فروينا من طريق وكيع عن سفيان الثوري عن المسيب بن رافع عن قبيصة بن جابر قال :  قال عمر بن الخطاب :  لا أوتى بمحل ولا بمحلل له إلا رجمته .

وذهب آخرون إلى إجازة ذلك .

كما روينا من طريق عبد الرزاق عن هشام – هو ابن حسان عن محمد بن سيرين قال :  أرسلت امرأة إلى رجل فزوجته نفسها ليحلها لزوجها ؟  فأمره عمر ابن الخطاب أن يقيم عليها ،  ولا يطلقها ،  وأوعده أن يعاقبه إن طلقها .

ومن طريق عبد الرزاق عن معمر هشام بن عروة عن أبيه أنه كان لا يرى بأسا بالتحليل إذا لم يعلم أحد الزوجين .

وقال الليث بن سعد :  إن تزوجها ثم فارقها لترجع إلى زوجها ولم يعلم المطلق ولا هي بذلك وإنما كان ذلك منه احتسابا ؟  فلا بأس بأن ترجع إلى الأول ،  فإن بين الثاني ذلك للأول بعد دخوله بها لم يضره ذلك .

وهو قول سالم بن عبد الله بن عمر ،  والقاسم بن محمد بن أبي بكر .

وصح عن عطاء فيمن نكح امرأة عامدا محللا ثم رغب فيها فأمسكها ؟  قال :  لا بأس بذلك .

وروينا عن الشعبي :  لا بأس بالتحليل إذا لم يأمر به الزوج وبه يقول الشافعي ،  وأبو ثور .

قالا جميعا :  المحلل – الذي يفسد نكاحه – هو الذي يعقد عليه في نفس عقد النكاح أنه إنما يتزوجها ليحلها ثم يطلقها فأما من لم يشترط ذلك عليه عقد النكاح فهو عقد صحيح لا داخلة فيه ،  سواء شرط ذلك عليه قبل العقد أو لم يشترط – نوى ذلك في نفسه أو لم ينوه - ؟  قال أبو ثور :  هو مأجور .

ونحن نقول :  إن الملعون هو الذي يعقد نكاحه معلنا بذلك فقط وأما الخبر عن رسول الله صلى الله عليه وسلم بأنه لعن المحلل والمحلل له ،  فنعم ،  كل ما قاله عليه الصلاة والسلام فهو حق ،  إلا أننا وجميع خصومنا لا نختلف في أن هذا اللفظ منه عليه الصلاة والسلام ليس عموما لكل محل ،  ولكل محلل له ،  ولو كان ذلك – وأعوذ بالله – وقد أعاذنا الله تعالى من ذلك للعن كل واهب وكل موهوب له ،  وكل بائع وكل بائع له ،  وكل ناكح وكل منكح ،  لأن هؤلاء كلهم محلون لشيء كان حراما ومحلل لهم أشياء كانت حراما عليهم ،  هذا ما لا شك فيه .

فصح يقينا أنه عليه الصلاة والسلام إنما أراد بعض المحلين وبعض المحلل لهم ،  فإذا هذا كالشمس وضوحا ويقينا لا يمكن سواه ،  فلا يحل لمسلم أن ينسب إليه عليه الصلاة والسلام أنه أراد أمر كذا إلا بيقين من نص وارد لا شك فيه ،  وإلا فهو كاذب على رسول الله صلى الله عليه وسلم ومقول له ما لم يقله ،  ومخبر عنه بالباطل ،  فإذا هذا كله يقين ،  فالمحلل الملعون والمحلل له كذلك :

إنما هما بلا شك من أحل حراما لغيره بلا نص .

ثم نظرنا هل يدخل في ذلك من تزوج وفي نيته أن يحلها لمطلقها ثلاثا ،  أم لا يدخل ؟

فوجدنا كل من يتزوج مطلقة ثلاثا فإنه بوطئه لها محل والمطلق محلل له – نوى ذلك أن لم ينوه – فبطل أن يكون داخلا في هذا الوعيد ،  لأنه حتى إن اشترط ذلك عليه قبل العقد فهو لغو من القول ولم ينعقد النكاح إلا صحيحا بريا من كل شرط بل كما أمر الله عز وجل .

وأما بنيته لذلك فقد قلنا فيها الآن ما كفى .

والعجب أن المخالفين لنا يقولون فيمن تزوج امرأة وفي نيته أن لا يمسكها إلا شهرا ثم يطلقها ،  إلا أنه لم يذكر ذلك في عقد النكاح ،  فإنه نكاح صحيح لا داخلة فيه ،  وهو مخير إن شاء طلقها وإن شاء أمسكها ،  وأنه لو ذكر ذلك في نفس العقد لكان عقدا فاسدا مفسوخا .

فأي فرق بين ما أجازوه ،  وبين ما منعوا منه ،  وليس هذا قياسا لأحد الناكحين على صاحبه لكنه محله باب واحد يبين حكمه قول رسول الله صلى الله عليه وسلم الذي قد ذكرنا بإسناده ( ( عفي لأمتي عما حدثت به أنفسها ) ) ما لم يخرج ذلك بقول أو عمل ،  لا سيما وقد جاء في ذلك الخبر الثابت عنه عليه الصلاة والسلام من قوله للتي طلقها رفاعة القرظي وتزوجها عبد الرحمن بن الزبير ( ( أتريدين أن ترجعي إلى رفاعة ؟  لا حتى يذوق عسيلتك وتذوقي عسيلته ) ) أو كما قال عليه الصلاة والسلام ،  فلم يجعل عليه الصلاة والسلام إرادتها الرجوع إلى الذي طلقها ثلاثا مانعا من رجوعها إذا وطئها الثاني فصح بذلك قولنا ،  وبقي قولهم وتأويلهم عاريا من كل برهان ودعوى لا حجة على صحتها .

وصح أن المحلل الملعون هو الذي يتزوجها ببيان أنه إنما يتزوجها ليحلها ثم يطلقها ،  ويعقدان النكاح على هذا ،  فهذا حرام مفسوخ أبدا ،  لأنهما تشارطا شرطا يلتزمانه ليس في كتاب الله تعالى إباحة التزامه ،  وقد قال عليه الصلاة والسلام ( كل شرط ليس في كتاب الله فهو باطل ) وصح أن كل عقد نكاح أو غيره عقد على أن لا صحة له إلا بصحة ما لا صحة له فهو باطل لا صحة له .  وبالله تعالى نتأيد .

وقد بينا قبل أنه عليه الصلاة والسلام لم يرد كل محلل ،  وهذا نكاح رغبة في تحليلها للمسلم كما أمر الله عز وجل {  حتى تنكح زوجا غيره } وهو زوج غيره بلا شك .

وكما بين عليه الصلاة والسلام حتى يذوق كل واحد منهما عسيلة الآخر فهو إذا وطئها قد ذاق كل واحد عسيلة الآخر .

 :  المسألة السادسة :  طلاق الزوج الثاني هل يهدم طلاق الزوج الأول ؟

قال ابن حزم – رحمه الله تعالى - :

ومن الرجعة من طلق امرأته تطليقة أو تطليقتين فاعتدت ثم تزوجت زوجا وطئها في فرجها ،  ثم مات عنها ،  أو طلقها ،  ثم راجعها الذي كان طلقها ثم طلقها :  لم تحل له إلا حتى تنكح زوجا آخر يطأها في فرجها ،  إن كان طلقها قبل ذلك طلقتين ،  فإن كان إنما طلقها طلقة واحدة فإنه تبقى له فيها طلقة هي الثالثة .

كما روينا من طريق عبد الرزاق عن ابن جريج أخبرني يحي بن سعيد الأنصاري عن سعيد ابن المسيب :  أن أبا هريرة قال :  فيمن طلق امرأته طلقة فاعتدت ،  ثم تزوجت ثم طلقها الثاني فتزوجها الأول فطلقها طلقتين :  أنها قد حرمت عليه .

ووافقه على ذلك علي بن أبي طالب ،  وأبي بن كعب رضي الله عنه .

ومن طريق عبد الرزاق عن مالك ،  وسفيان بن عيينة ،  كلاهما عن الزهري قال :  سمعت سعيد ابن المسيب ،  وحميد بن عبد الرحمن ،  وعبيد الله بن عبد الله بن عقبة ،  وسليمان بن يسار كلهم قال :  سمعت أبا هريرة يقول :  سمعت عمر يقول :  أيما امرأة طلقها زوجها طلقة أو طلقتين ثم تزوجت غيره فمات ،  أو طلقها ،  ثم تزوجها الأول فإنها على ما بقي من طلاقه لها .

ومن طريق حماد بن سلمة عن حميد عن الحسن عن عمران بن الحصين مثله .

وصح أيضا عن ابن عمر في أحد قوليه ،  عن حماد بن سلمة عن عبيد الله بن عمر عن نافع عنه .

وروي أيضا عن عبد الله بن عمرو بن العاص ،  ونفر من الصحابة رضي الله عنهم وهو قول الحسن ،  وابن أبي ليلى ،  وسفيان الثوري ،  والحسن بن حي ،  ومحمد ابن الحسن ،  ومالك ،  والشافعي ،  وأبي سليمان وأصحابهم .

وقالت طائفة إن الذي تزوجها بعد طلاق الأول قد هدم طلاقه كما يهدم الثلاث فإنه يهدم ما دونها .

فنظرنا فيما احتج به أهل هذه المقالة ؟

فلم نجد لهم أكثر من أن قالوا :  إننا لم نختلف أن نكاح زوج آخر يهدم الثلاث ،  ولا شك في أنه إذا هدمها فإنه قد هدم الواحدة من جملتها ،  والأثنتين من جملتها ومن المحال أن يهدمها أو مجموعة فقط ،  ولا تحرم بالطلقتين ولا بالواحدة بهدمه .

والحجة في ذلك قول الله تعالى {  فإن طلقها – يعني في الثالثة – {  فلا تحل له من بعد حتى تنكح زوجا غيره } – يعني في الثالثة – فلا يجوز تعدي حدود الله تعالى والقياس كله باطل .  وبالله تعالى التوفيق ."
2,231,"قال تعالى :  {  وإذا طلقتم النساء فبلغن أجلهن فأمسكوهن بمعروف أو سرحوهن بمعروف ولا تمسكوهن ضرارا لتعتدوا ومن يفعل ذلك فقد ظلم نفسه ولا تتخذوا آيات الله هزوا واذكروا نعمت الله عليكم وما أنزل عليكم من الكتاب والحكمة يعظكم به واتقوا الله واعلموا أن الله بكل شيء عليم }

وفيها مسألة واحدة .

 :  المسألة :  بم تكون الرجعة ؟

قال أبو محمد – رحمه الله تعالى - :

فإن وطئها لم يكن بذلك مراجعا لها حتى يلفظ بالرجعة ويشهد ،  ويعلمها بذلك قبل تمام عدتها فإن راجع ولم يشهد ،  فليس مراجعا لقوله تعالى {  فإذا بلغن أجلهن فأمسكوهن بمعروف أو فارقوهن بمعروف وأشهدوا ذوى عدل منكم } .

فرق عز وجل بين المراجعة ،  والطلاق ،  والإشهاد ،  فلا يجوز إفراد بعض ذلك عن بعض وكان من طلق ولم يشهد ذوي عدل ،  أو راجع ولم يشهد ذوي عدل ،  متعديا لحدود الله تعالى .

قال أبو محمد :  لم يأت – بأن الجماع رجعة – قرآن ولا سنة .

ولا خلاف في أن الرجعة بالكلام رجعة ،  فلا يكون رجعة إلا بما صح أنه رجعة وقال تعالى {  فأمسكوهن بمعروف } والمعروف ما عرف به في نفس الممسك الراد ،  ولا يعرف ذلك إلا بالكلام .  وبالله تعالى التوفيق ."
2,233,"قال تعالى :  {  والوالدات يرضعن أولادهن حولين كاملين لمن أراد أن يتم الرضاعة وعلى المولود له رزقهن وكسوتهن بالمعروف لا تكلف نفس إلا وسعها لا تضار والدة بولدها ولا مولود له بولده وعلى الوارث مثل ذلك فإن أراد فصالا عن تراض منهما وتشاور فلا جناح عليهما وإن أردتم أن تسترضعوا أولادكم فلا جناح عليكم إذا سلمتم ما آتيتم بالمعروف واتقوا الله واعلموا أن الله بما تعملون بصير } وفيها تسع مسائل .

 :  المسألة الأولى :  هل يجب على الأم إرضاع ولدها ؟

قال ابن حزم – رحمه الله تعالى - :

والواجب على كل والدة – حرة كانت أو أمة – في عصمة زوج أو في ملك سيد ،  أو كانت خلوا منهما – لحق ولدها بالذي تولد من مائة أو لم يلحق – أن ترضع ولدها أحبت أم كرهت ،  ولو أنها بنت الخليفة وتجبر على ذلك ،  إلا أن تكون مطلقة .

فإن كانت مطلقة لم تجبر على إرضاع ولدها من الذي طلقها إلا أن تشاء هي ذلك ،  فلها ذلك ،  أحب أبوه أم كره ،  أحب الذي تزوجها بعده أم كره .

فإذا أرادت هي أن تسترضع له غيرها وأبى الوالد :  لم يكن لها ذلك ،  وأجبرت على إرضاعه – قبل غير ثديها أو لم يقبل غير ثديها – إلا أن لا يكون لها لبن ،  أو كان لبنها يضر به :  فعلى الوالد حينئذ أن يسترضع لولده غيرها .

فإن لم يقبل في كل ذلك إلا ثدي أمه :  أجبرت على إرضاعه إن كان لها لبن لا يضر به .

قال أبو محمد :  برهان كل ما ذكرناه منصوص في قول الله عز وجل {  وَالْوَالِدَاتُ يُرْضِعْنَ أَوْلادَهُنَّ حَوْلَيْنِ كَامِلَيْنِ لِمَنْ أَرَادَ أَنْ يُتِمَّ الرَّضَاعَةَ وَعَلَى الْمَوْلُودِ لَهُ رِزْقُهُنَّ وَكِسْوَتُهُنَّ بِالْمَعْرُوفِ لا تُكَلَّفُ نَفْسٌ إِلاَّ وُسْعَهَا لا تُضَارَّ وَالِدَةٌ بِوَلَدِهَا وَلا مَوْلُودٌ لَهُ بِوَلَدِهِ وَعَلَى الْوَارِثِ مِثْلُ ذَلِكَ فَإِنْ أَرَادَا فِصَالا عَنْ تَرَاضٍ مِنْهُمَا وَتَشَاوُرٍ فَلا جُنَاحَ عَلَيْهِمَا وَإِنْ أَرَدْتُمْ أَنْ تَسْتَرْضِعُوا أَوْلادَكُمْ فَلا جُنَاحَ عَلَيْكُمْ إِذَا سَلَّمْتُمْ مَا آَتَيْتُمْ بِالْمَعْرُوفِ وَاتَّقُوا اللَّهَ وَاعْلَمُوا أَنَّ اللَّهَ بِمَا تَعْمَلُونَ بَصِيرٌ } ثم قال – رحمه الله تعالى - :

أما قولنا أول المسألة :  الواجب على كل حرة أو أمة في عصمة زوج كانت أو ملك سيد أو خلو منهما لحق ولدها بالذي تولد من مائه أو لم يلحق أن ترضع ولدها أحبت أم كرهت ولو أنها بنت الخليفة وتجبر على ذلك فلقول الله تعالى {  وَالْوَالِدَاتُ يُرْضِعْنَ أَوْلادَهُنَّ حَوْلَيْنِ كَامِلَيْنِ لِمَنْ أَرَادَ أَنْ يُتِمَّ الرَّضَاعَةَ } وهذا عموم لا يحل لأحد أن يخص منه شيئا إلا ما خصه نص ثابت وإلا فهو كذب على الله تعالى .

فإن قيل هذا خبر لا أمر ؟

قلنا :  هذا أشد عليكم ،  إذ أخبر عز وجل بذلك ،  فمخالف خبره ساع في تكذيب ما أخبر الله عز وجل وفي هذا ما فيه .

وهذا قول ابن أبي ليلى ،  والحسن بن حيى ،  وأبي ثور ،  وأبي سليمان ،  وأصحابنا .

 :  المسألة الثانية :  مقدار مدة الحمل .

قال ابن حزم – رحمه الله تعالى - :

ولا يجوز أن يكون حمل أكثر من تسعة أشهر ،  لقول الله تعالى {  وحمله وفصاله ثلاثون شهرا } وقال تعالى {  والوالدات يرضعن أولادهن حولين كاملين لمن أراد أن يتم الرضاعة } .

فمن ادعى أن حملا وفصلا يكون في أكثر من ثلاثين شهرا فقد قال الباطل والمحال ورد كلام الله عز وجل جهارا .

وممن رُوي عنه مثل قولنا :  عمر بن الخطاب رضي الله عنه .

كما روينا من طريق عبد الرزاق عن ابن جريج أخبرني يحي بن سعيد الأنصاري أنه سمع سعيد بن المسيب يقول قال عمر بن الخطاب :  أيما رجل طلق امرأته فحاضت حيضة أو حيضتين ثم قعدت فلتجلس تسعة أشهر حتى يستبين حملها ،  فإن لم يستبن حملها في تسعة أشهر فلتعتد بعد التسعة الأشهر ثلاثة أشهر عدة التي قد قعدت عن المحيض .

قال أبو محمد :  فهذا عمر لا يرى الحمل أكثر من تسعة أشهر وهو قول محمد بن عبد الله بن عبد الحكم ،  ،  وأبى سليمان ،  وأصحابنا .

قال علي :  إلا أن الولد قد يموت في بطن أمه فيتمادى بلا عناية حتى تلقيه متقطعا في سنين فإن صح هذا فإنه حمل صحيح لا تنقضي عدتها إلا بوضعه كله إلا أنه لا يوقف له ميراث ولا يلحق أصلا ،  لأنه لا سبيل إلى أن يولد حيا ،  ولو سعت عند تيقن ذلك في إسقاطه بدواء لكان مباحا ،  لأنه ميت بلا شك .  وبالله تعالى التوفيق .

 :  المسألة الثالثة :  رضاع الكبير .

قال ابن حزم – رحمه الله تعالى - :

ورضاع الكبير محرم – ولو أنه شيخ يحرم – كما يحرم رضاع الصغير ولا فرق ؟

قال أبو محمد :  قالت طائفة إرضاع الكبير والصغير يحرم كما ورد عن أبي موسى وإن كان قد رجع عنه .

فمن طريق عبد الرحمن بن مهدي عن سفيان الثوري عن أبي حصين عن أبي عطية الوادعي أن رجلا مص من ثدي امرأته فدخل اللبن في حلقه فسأل أبا موسى الأشعري عن ذلك فقال له أبو موسى :  حرمت عليك امرأتك ،  ثم سأل ابن مسعود ذلك ،  قال أبو عطية – ونحن عنده – فقام ابن مسعود وقمنا معه حتى أتى أبا موسى الأشعري فقال :  أرضيعا ترى هذا ؟  إنما الرضاع ما أنبت اللحم والعظم .  فقال أبو موسى :  لا تسألوني عن شيء ما دام هذا الحَبر بين أظهركم .

ومن طريق عبد الرزاق نا ابن جريج أخبرني عبد الكريم :  أن سالم ابن أبي الجعد مولى الأشجعي أخبره أن أباه أخبره أنه سأل علي بن أبي طالب فقال :  إني أردت أن أتزوج امرأة وقد سقتني من لبنها وأنا كبير تداويت به ؟  فقال علي :  لا تنكحها ونهاه عنها .

ومن طريق مالك عن ابن شهاب أنه سئل عن رضاع الكبير ؟  فقال أخبرني عروة بن الزبير بحديث أمر رسول الله صلى الله عليه وسلم سهلة بنت سهيل بأن ترضع سالما مولى أبي حذيفة خمس رضعات وهو كبير ففعلت فكانت تراه ابنا لها ،  قال عروة :  فأخذت بذلك عائشة أم المؤمنين فيمن كانت تحب أن يدخل عليها من الرجال فكانت تأمر أختها أم كلثوم ،  وبنات أخيها يرضعن من أحبت أن يدخل عليها من الرجال .

ومن طريق عبد الرزاق نا ابن جريج قال :  سمعت عطاء بن أبي رباح وسأله رجل فقال :  سقتني امرأة من لبنها بعد ما كنت كبيرا أفأنكحها ؟  قال عطاء :  لا ،  قال ابن جريج فقلت له :  وذلك رأيك ؟  قال :  نعم ،  كانت عائشة رضي الله عنها تأمر بذلك بنات أخيها .  وهو قول الليث بن سعد .

ومن عجائب الدنيا قول بعض المفتونين :  لما قال الله تعالى {  والوالدات يرضعن أولادهن حولين كاملين } دل ذلك على أن ههنا حولين ناقصين وأشار إلى عددها بالشمس .

قال أبو محمد :  فجمع هذا القول مخالفة الله عز وجل ،  ومكابرة الحس :

أما مخالفة الله عز وجل فإنه يقول {  إن عدة الشهور عند الله اثنا عشرا شهرا في كتاب الله يوم خلق السموات والأرض منها أربعة حرم ذلك الدين القيم } .

فنص تعالى على أن عدة الشهور عنده هي التي منها أربعة حُرم ،  وأنه في كتاب الله يوم خلق السموات والأرض ،  وأن ذلك هو الدين القيم ولا يمكن أن تكون الأشهر الحُرم إلا في الأشهر العربية القمرية فمن خالف ذلك فقد خالف الدين القيم ،  ونسب إلى الله تعالى الكذب من أنه أمر أن يراعى عدد الحولين بالعجمية .

وأما مكابرة العيان – فإنه ليس بين الحولين الأعجميين المعدودين بالشمس وقطعهما للفلك وبين الحولين العربيين المعدودين بالقمر إلا اثنان وعشرون يوما ،  فالزيادة على ذلك إلى تمام شهرين لا ندري من أين أتت ،  والقطع بالتحريم والتحليل في دين الله عز وجل بمثل هذا لا يحل .

وأما من حد ذلك بما كان في المهد – فكلام أيضا لا تقوم بصحته حجة لا من قرآن ،  ولا من سنة ،  ولا من إجماع ،  ولا من قياس ،  ولا من رواية ضعيفة فسقط هذا القول .

وأما من حد ذلك بما كان في الصغر – فإن الصغر يتمادى إلى بلوغ الحلم ،  لأنه قبل ذلك لا تلزمه الحدود ،  ولا الفرائض وهذا حد لا يوجبه قرآن ولا سنة .

وأما من حد ذلك بالفطام – فإنهم احتجوا بقول الله عز وجل {  فإن أرادا فصالا عن تراض منهما وتشاور فلا جناح عليهما } .

قال أبو محمد :  وهذا لا حجة لهم فيه في التحريم إذ ليس للتحريم في هذه الآية ذكر ،  ولا في تراضيهما بالفصال تحريم ،  لأن يرتضع الولد بعد ذلك ،  إنما فيها انقطاع النفقة الواجبة على الأب في الرضاع ،  وليس بانقطاع حاجة الصبي إلى الرضاع ينقطع التحريم برضاعة – إن رضع – إذ لم يأت بذلك قرآن ،  ولا سنة ،  فنظرنا فيمن راعى الحولين فوجدناهم يحتجون بقول الله تعالى {  وحمله وفصاله ثلاثون شهرا } وبقوله تعالى {  والوالدات يرضعن أولادهن حولين كاملين لمن أراد أن يتم الرضاعة } وبقول الله تعالى {  حملته أمه وهنا على وهن وفصاله في عامين } .

فقالوا :  قد قطع الله عز وجل أن فصال الرضيع في عامين ،  وأن رضاعه حولان كاملان ،  لمن أراد أن يتم الرضاعة .

قالوا :  فلا رضاع بعد الحولين أصلا ،  لأن الرضاعة قد تمت ،  وإذا انقطع الرضاع انقطع حكمه من التحريم ،  وغير ذلك .

قال أبو محمد :  صدق الله تعالى وعلينا الوقوف عند ما حد عز وجل ،  ولو يأت نص غير هذا لكان في هذه النصوص متعلق ،  لكن جاء في ذلك :  ما روينا من طريق مسلم نا عمرو الناقد وابن أبي عمر ،  قالا جميعا :  نا سفيان عن عيينة عن عبد الرحمن بن القاسم بن محمد بن أبي بكر عن أبيه عن عائشة أم المؤمنين قال :  جاءت سهلة بنت سهيل إلى النبي صلى الله عليه وسلم فقالت :  يا رسول الله إني أرى في وجه أبي حذيفة من دخول سالم وهو حليفة ؟  فقال رسول الله صلى الله عليه وسلم  "" أرضعيه ""  ،  فقالت :  وكيف أرضعه وهو رجل كبير ؟  فتبسم رسول الله صلى الله عليه وسلم وقال :   "" قد علمت أنه رجل كبير ؟  ""  .

ومن طريق مسلم نا إسحاق بن إبراهيم هو ابن راهويه ومحمد بن أبي عمر – واللفظ له – قال :  نا عبد الوهاب الثقفي عن أيوب – هو السختياني – عن ابن أبي مليكة عن القاسم بن محمد بن أبي بكر عن عائشة أم المؤمنين :  أن سالما مولى أبي حذيفة كان مع أبي حذيفة وأهله في بيتهم فأتت – يعني سهله بنت سهيل – إلى النبي صلى الله عليه وسلم فقالت :  إن سالما قد بلغ ما بلغ الرجال ،  وعقل ما عقلوا ،  وإنه يدخل علينا ،  وإني أظن أن في نفس أبي حذيفة من ذلك شيئا ؟  فقال لها النبي صلى الله عليه وسلم  "" أرضعيه تحرمي عليه ويذهب الذي في نفس أبي حذيفة ""  .

ومن طريق مسلم نا محمد بن المثنى نا محمد بن جعفر غندر نا شعبة عن حميد بن نافع عن زينب بنت أم سلمة ،  قالت :  قالت أم سلمة لعائشة رضي الله عنها :  إنه يدخل عليك الغلام الأيفع الذي ما أحب أن يدخل علي ؟  قالت عائشة :  أما لك في رسول الله صلى الله عليه وسلم أسوة حسنة ؟  إن امرأة أبي حذيفة قالت :  يا رسول الله إن سالما يدخل علي – وهو رجل – وفي نفس أبي حذيفة منه شيء ؟  فقال رسول الله صلى الله عليه وسلم :   "" أرضعيه حتى يدخل عليك ""  .

ومن طريق عبد الرزاق عن معمر عن الزهري عن عروة بن الزبير عن عائشة أم المؤمنين قالت :  جاءت سهلة بنت سهيل بن عمرو إلى النبي صلى الله عليه وسلم فقالت :  إن سالما كان يدعى ابن أبي حذيفة ،  وإن الله قد أنزل في كتابه {  ادعوهم لآبائهم } وكان يدخل علي وأنا فُضُل ونحن في منزل ضيق ؟  فقال لها النبي صلى الله عليه وسلم :   "" أرضعي سالما تحرمي عليه ""  .

قال الزهري :  قال بعض أزواج رسول الله صلى الله عليه وسلم :  لا ندري لعل هذه كانت رخصة لسالم خاصة .

قال الزهري :  فكانت عائشة تفتي بأنه يحرم الرضاع بعد الفصال حتى ماتت .

قال أبو محمد :  فهذه الأخبار ترفع الإشكال ،  وتبين مراد الله عز وجل في الآيات المذكورة أن الرضاعة التي تتم بتمام الحولين ،  أو بتراضي الأبوين قبل الحولين ،  إذا رأيا في ذلك صلاحا للرضيع أنها هي الموجبة للنفقة على المرضعة ،  والتي يجبر عليها الأبوان أحبا أم كرها .

ولعمري لقد كان في الآية كفاية في هذا ،  لأنه تعالى قال :  {  والوالدات يرضعن أولادهن حولين كاملين لمن أراد أن يتم الرضاعة وعلى المولود له رزقهن وكسوتهن بالمعروف } فأمر تعالى الوالدات بإرضاع المولود عامين وليس في هذا تحريم الرضاعة بعد ذلك ،  ولا أن التحريم ينقطع بتمام الحولين وكان قول الله تعالى {  وأمهاتكم اللاتي أرضعناكم وأخواتكم من الرضاعة } ولم يقل تعالى في حولين ولا في وقت دون وقت زائدا على الآيات الأخر ،  وعموما لا يجوز تخصيصه إلا بنص يبين أنه مخصص له لا بظن ولا بمحتمل لا بيان فيه .

وكانت هذه الآثار قد جاءت مجيء التوتر رواها نساء رسول الله صلى الله عليه وسلم كما أوردنا ،  وسهلة بنت سهيل من المهاجرات وزينت بنت أم سلمة .

ورواه من التابعين القاسم بن محمد ،  وعروة بن الزبير ،  وحميد بن نافع ،  ورواه عن هؤلاء الزهري ،  وابن أبي مليكة ،  وعبد الرحمن بن القاسم ،  ويحي بن سعيد الأنصاري ،  وربيعة .  ورواه عن هؤلاء أيوب السختياني ،  وسفيان الثوري ،  وسفيان بن عيينة ،  وشعبة ،  ومالك ،  وابن جريج ،  وشعيب بن أبي حمزة ،  ويونس بن يزيد ،  وجعفر بن ربيعة ،  وسليمان بن بلال ،  ومعمر وغيرهم .

ورواه عن هؤلاء الناس :  الجماء الغفير ،  فهو نقل كافة لا يختلف مؤالف ولا مخالف في صحته فلم يبق من الاعتراض إلا أن يقول قائل :  هو خاص لسالم كما قال بعض أزواج رسول الله صلى الله عليه وسلم فليعلم من تعلق بهذا أنه ظن ممن ظن ذلك منهن رضي الله عنهن وهكذا جاء في الحديث أنهن قلن :  ما نرى هذا إلا خاصا لسالم ،  وما ندري لعله رخصة لسالم ،  فإذا هو بلا شك ،  فإن الظن لا يعارض بالسنن قال تعالى {  إن الظن لا يغني من الحق شيئا } .

وشتان بين احتجاج أم سلمة – رضي الله عنها – باختيارها وبين احتجاج عائشة – رضي الله عنها – بالسنة الثابته وقولها لها :  أما لك في رسول الله أسوة حسنة ؟  وسكوت أم سلمة ينبئ برجوعها إلى الحق عن احتياطها .

ومن أعجب العجائب أن المخالفين لنا ههنا يقولون :  إن المرسل كالمسند .

وقد روينا من طريق عبد الرزاق عن معمر أن أزواج النبي صلى الله عليه وسلم إذا أرضعن الكبير دخل عليهن فكان ذلك لهن خاصة .

وقال آخرون :  هذا منسوخ بنسخ التبني .

وقال أبو محمد :  وهذا باطل بيقين ،  لأنه لا يحل لأحد أن يقول في نص ثابت :  هذا منسوخ ،  إلا بنص ثابت مبين غير محتمل ،  فكيف وقوله سهلة – رضي الله عنها – لرسول الله صلى الله عليه وسلم :  كيف أرضعه وهو رجل كبير ؟  بيان جلي لأنه بعد نزول الآيات المذكورات وباليقين ندري أنه لو كان خاصة لسالم ،  أو في التبني الذي نسخ لبينه عليه الصلاة والسلام كما بين لأبي بُردة في الجذعة إذ قال له :  تجزئك ولا تجزئ أحدا بعدك .

وقال بعض من لا يخاف الله تعالى فيما يطلق به لسانه :  كيف يحل للكبير أن يرضع ثدي امرأة أجنبية ؟

قال أبو محمد :  هذا اعتراض مجرد على رسول الله صلى الله عليه وسلم الذي أمر بذلك ونعوذ بالله من عدم الحياء وقلة الدين .

قال أبو محمد :  وقول رسول الله صلى الله عليه وسلم  "" إنما الرضاعة من المجاعة ""  ،  حجة لما بينه لأن للكبير من الرضاعة في طرد المجاعة نحو ما للصغير ،  فهو عموم لكل رضاع إذا بلغ خمس رضعات كما أمر رسول الله صلى الله عليه وسلم .

قال علي :  فصح أن عائشة – رضي الله عنها – كان يدخل عليها الكبير إذا أرضعته – في حال كبره – أخت من أخواتها الرضاع المحرم .

ونحن نشهد بشهادة الله عز وجل ونقطع بأنه تعالى لم يكن ليبيح سر رسول الله صلى الله عليه وسلم ينتهكه من لا يحل له مع قوله تعالى {  والله يعصمك من الناس } .

فنحن نوقن ونبت بأن رضاع الكبير يقع به التحريم ،  وليس في امتناع سائرهن من أن يدخل عليهن بهذه الرضاعة شيء ينكر ،  لأنه مباح لهن أن يدخل عليهن من يحل له الدخول عليهن .  وبالله تعالى التوفيق .

 :  المسألة الرابعة :  الصفات المشروطة في الحضانة .

قال ابن حزم – رحمه الله تعالى - :

الأم أحق بحضانة الولد الصغير والابنة الصغيرة حتى يبلغا المحيض أو الاحتلام ،  أو الإنبات مع التمييز ،  وصحة الجسم ،  سواء كانت أمة أو حرة ،  تزوجت أو لم تتزوج ،  رحل الأب عن ذلك البلد أو لم يرحل ،  والجدة أم .

فإن لم تكن الأم مأمونة في دينها ودنياها نظر للصغير أو الصغيرة بالأحوط في دينهما ثم دنياهم ،  فحيثما كانت الحياطة لهما في كلا الوجهين هنالك عند الأب ،  أو الأخ ،  أو الأخت أو العمة أو الخالة ،  أو العم ،  أو الخال – وذو الرحم أولى من غيرهم بكل حال ،  والدين مغلب على الدنيا .

فإن استووا في صلاح الحال فالأم والجدة ،  ثم الأب والجد ،  ثم الأخ والأخت ،  ثم الأقرب فالأقرب .

والأم الكافرة أحق بالصغيرين مدة الرضاع ،  فإذا بلغا من السن والاستغناء ومبلغ الفهم فلا حضانة لكافرة ولا لفاسقة .

برهان ذلك :  قول الله عز وجل {  وأولوا الأرحام بعضهم أولى ببعض في كتاب الله } فأما الأم فإنه في يدها ،  لأنه في بطنها ثم حجرها مدة الرضاع بنص قول الله تعالى {  والوالدات يرضعن أولادهن حولين كاملين } .

فلا يجوز نقله أو نقلها عن موضع جعلها الله تعالى فيه بغير نص ،  ولم يأت نص صحيح قط بأن الأم إن تزوجت يسقط حقها في الحضانة ،  ولا بأن الأب إن رحل عن ذلك البلد سقط حق الأم في الحضانة .

روينا من طريق مسلم نا قتيبة بن سعيد ،  وزهير بن حرب قالا جميعا :  نا جرير بن حازم عن عمارة بن القعقاع ،  عن أبي زرعة عن أبي هريرة قال :  قال رجل :  ( يا رسول الله من أحق الناس بحسن صحابتي ؟  قال :   "" أمك ""  ،  قال :  ثم من ؟  قال :   "" أمك ""  ،  قال ثم من ؟  قال :   "" أمك ""  قال ثم من ؟  قال :   "" أبوك ""  .

ومن طريق مسلم نا أبو كريب محمد بن العلاء الهمداني نا ابن فضيل عن أبيه عن عمارة بن القعقاع عن أبي زرعة عن أبي هريرة قال :  قال رجل :  يا رسول الله من أحق الناس بحسن الصحبة ؟  قال :   "" أمك ،  ثم أمك ،  ثم أمك ،  ثم أباك ،  ثم أدناك أدناك ""  فهذا نص جلي على إيجاب الحضانة ،  لأنها صحبة ،  وأما تقديم الدين فلقول الله تعالى {  وتعاونوا على البر والتقوى ولا تعاونوا على الإثم والعدوان } وقوله تعالى {  كونوا قوامين بالقسط } وقوله تعالى {  وذروا ظاهر الإثم وباطنه } فمن ترك الصغير والصغيرة يدربان على سماع الكفر ،  ويتمرنان على جحد نبوة رسول الله صلى الله عليه وسلم وعلى ترك الصلاة .

 .  .  . وقال – رحمة الله تعالى - :

وأما مدة الرضاع فلا نبالي عن ذلك لقول الله تعالى {  والوالدات يرضعن أولادهن حولين كاملين } ولأن الصغيرين في هذه السن ومن زاد عليها – بعام أو عامين – لا فهم لهما ،  ولا معرفة بما يشاهدان ،  فلا ضرر عليهما في ذلك .

فإن كانت الأم مأمونة في دينها والأب كذلك :  فهي أحق من الأب لقول رسول الله صلى الله عليه وسلم الذي ذكرنا ،  ثم الجدة كالأم ،  فإن لم تكن مأمونة لا الأم ،  ولا الجدة في دينهما ،  أو تزوجت غير مأمون في دنيه ،  وكان الأب مأمونا :  فالأب أولى ،  ثم الجد .

فإن كان أحدهما أحوط للصغير في دنياه :  فهو أولى ،  فإن كان أحدهما أحوط في دينه ،  والآخر أحوط في دنياه :  فالحضانة لذي الدين لما ذكرنا قبل ولقول الله تعالى {  أنما الحياة الدنيا لعب ولهو وزينة وتفاخر بينكم وتكاثر في الأموال والأولاد كمثل غيث أعجب الكفار نباته ثم يهيج فتراه مصفرا ثم يكون حطاما } .

وتفسير الحياطة في الدنيا :  أن يكون أحدهم أشد رفاهية في عيشه ومطعمه ،  وملبسه ،  ومرقده ،  وخدمته ،  وبره ،  وإكرامه ،  والاهتمام به ،  فهذا فيه إحسان إلى الصغير والصغيرة ،  فوجب أن يراعى بعد الدين ،  لقوله تعالى :  {  وبالوالدين إحسانا وذي القربى } .

وروينا من طريق وكيع عن الحسن بن عقبة عن سعيد بن الحارث قال :  اختصم خال وعم إلى شريح في صبي فقضى به للعم ،  فقال الخال :  أنا أنفق عليه من مالي فدفعه إليه شريح وهذا نص قولنا .

 .  .  . ثم قال – رحمه الله تعالى - :

وأما قولنا أن الأمة والحرة سواء – فلأن القرآن والسنة لم يأت في أحدهما نص في التفريق بينهما فالحكم فيما لا نص فيه شرع لم يأذن به الله تعالى .

وأما قولنا – سواء رحل الأب أو لم يرحل – فلأنه لم يأت نص قرآن ولا سنة بسقوط حضانة الأم من أجل رحيل الأب فهو شرع باطل ممن قال به ،  وتخصيص للقرآن والسنن التي أوردنا ،  ومخالف لهما بالرأي الفاسد وسوء نظر للصغيرين ،  وإضرار بهما في تكليف الحل والترحال والإزالة عن الأم والجدة وهذا ظلم لا خفاء به ،  وجور لا شك فيه .

وأما قولنا – إنه لا يسقط حق الأم في الحضانة بزواجها إذا كانت مأمونة وكان الذي تزوجها مأمونا – فالنصوص التي ذكرنا ولم يخص عليه الصلاة والسلام زواجها من غير زواجها .

ولما روينا من طريق البخاري نا يعقوب بن إبراهيم بن كثير نا ابن عليه نا عبد العزيز عن أنس بن مالك قال :  قدم رسول الله صلى الله عليه وسلم المدينة ليس له خادم فأخذ أبو طلحة بيدي فانطلق بي إلى رسول الله صلى الله عليه وسلم فقال :  يا رسول الله إن أنسا غلام كيس فليخدمك ؟  قال :  فخدمته في السفر والحضر وذكر الخبر ،  فهذا أنس في حضانة أمه ،  ولها زوج وهو أبو طلحة بعلم رسول الله صلى الله عليه وسلم .

ولا فرق في النظر والحياطة بين الربيب زوج الأم والربيبة زوجة الأب ،  بل في الأغلب الربيب أشفق وأقل ضررا من الربيبة وإنما يراعى في كل ذلك الدين ثم صلاح الدنيا فقط .

 :  المسألة الخامسة :  رأيه التفسيري في قوله تعالى {  وعلى المولود له رزقهن وكسوتهن } .

قال ابن حزم – رحمه الله تعالى - :

فإن كانت في عصمة الأب بزواج صحيح أو ملك يمين صحيح فعلى الوالد نفقتها وكسوتها كما كان قبل ذلك ولا مزيد فلقول الله عز وجل {  وعلى المولود له رزقهن وكسوتهن } .

وإن كانت في غير عصمته أو كانت أم ولد فأعتقها أو منفسخة النكاح بعد صحته بغير طلاق لكن بما ذكرنا قبل أن النكاح ينفسخ به بعد صحته أو موطوءة بعقد فاسد بجهل يلحق فيه الولد بوالده ،  أو طلقها طلاقا رجعيا وهو رضيع فلها في كل ذلك على والده النفقة والكسوة بالمعروف فقط وهو للمطلقة مدة عدتها .

فإن كان فقيرا كلفت إرضاع الولد ولا شيء لها على الأب الفقير فإن غاب وله مال اتبع بالنفقة والكسوة متى قدر عليه أو على مال له .

وكذلك إن امتنع وله مال لقول الله عز وجل {  وعلى المولود له رزقهن وكسوتهن } وإذا أوجب الله تعالى ذلك لها فهو دين عليه إن كان له مال فإن لم يكن له مال فلقول الله تعالى {  لا يكلف الله نفسا إلا ما آتاها } .

وإذا لم يكلف شيئا فلا يجوز أن يتبع إن أيسر بما لم يكلفه قط ،  لكن إن أيسر والرضاع متماد كلف من حيث يوسر .

ثم قال – رحمه الله تعالى - :

وكل ما ذكرنا أنه يجب على الوالد في الرضاع من أجر أو كسوة أو نفقة ،  وهي الرزق ،  - فهو واجب عليه – كان للرضيع مال أو لم يكن ،  صغيرة كانت أو لم تكن ،  زوجها أبوها أو لم يكن ،  بخلاف النفقة على الفطيم أو الفطيمة ،  فلأن الله عز وجل أوجب كل ما ذكرنا ،  ولم يستثن إن كان للرضيع مال ولا إن كانت صغيرة ولها زوج {  وما كان ربك نسيا } .

 :  المسألة السادسة :  المراد بالوارث .

قال ابن حزم – رحمه الله تعالى - :

قال الله عز وجل {  وعلى المولود له رزقهن وكسوتهن بالمعروف لا تكلف نفس إلا وسعها لا تضار والدة بولدها ولا مولود له بولده وعلى الوارث مثل ذلك } .

قال بعضهم :  من هو هذا الوارث ؟  أهو وارث الأب الميت ،  أم وارث الذي تجب له النفقة ؟  قلنا هذا تعسف وتكلف يأثم السائل عنه ،  لأنه لا ذكر لوالد المنفق عليه في الآية إنما قال {  لا تضار والدة بولدها ولا مولود له بولده وعلى الوارث مثل ذلك .

ففي الوارث ضمير هو أنه يقتضي موروثا ولا بد ،  والضمير راجع إلى الذي له الحكم والذي منع أبوه من المضارة به هو الولد بلا شك .

 :  المسألة السابعة :  ما الذي يجب على الوارث ؟

قال ابن حزم – رحمه الله تعالى - :

إن مات الأب فكل ما يجب على الوالد من نفقة أو كسوة أو أجرة فهو على وارث الرضيع ،  إن كان له وارث على عددهم لا على قدر موارثيهم منه لو مات – والأم من جملتهم إن كانت ترثه إن مات – سواء كان للرضيع أو المرضعة ما لم يكن بخلاف نفقتهما وكسوتهما بعد الفطام .

فلقول الله تعالى {  وعلى المولود له رزقهن وكسوتهن بالمعروف لا تكلف نفس إلا وسعها لا تضار والدة بولدها ولا مولود له بولده وعلى الوارث مثل ذلك } .

فإن قيل إنما على الوارث أن لا يضار ،  وقد روي ذلك عن ابن عباس من طريق فيها أشعث بن سوار وهو ضعيف ؟

ثم قال :  فإن لم يكن له وارث فرضاعه على الأم وارثة كانت أو غير وارثة – لا شيء لها من أجل ذلك في مال الرضيع – إن كان له مال بخلاف نفقته إن كان له مال فلقول الله عز وجل {  لا تضار والدة بولدها } ولقوله تعالى {  والوالدات يرضعن أولادهن حولين كاملين } .

قلنا :  نعم ،  ومن المضار ترك الرضيع يضيع ،  وكيف وقوله تعالى {  مثل ذلك } لا يختلف أهل العلم باللغة العربية التي بها خاطبنا الله عز وجل في أن ذلك إشارة إلى الأبعد لا إلى الأقرب فصح أنه إشارة إلى الرزق والكسوة يقينا .

 :  المسألة الثامنة :  نفقة الأقارب .

قال ابن حزم – رحمه الله تعالى - :

فرض على كل أحد من الرجال والنساء الكبار والصغار أن يبدأ بما لا بد له منه ،  ولا غنى عنه به ،  من نفقة وكسوة على حسب حاله ،  وماله ،  ثم بعد ذلك يجبر كل أحد على النفقة على من لا مال له ولا عمل بيده مما يقوم منه على نفسه :  من أبويه ،  وأجداده ،  وجداته ،  وإن علوا – وعلى البنين والبنات وبنيهم – وإن سفلوا – والإخوة والأخوات والزوجات :  كل هؤلاء يسوي بينهم في إيجاب النفقة عليهم ،  ولا يقدم منهم أحد على أحد- قل ما بيده بعد موته أو كثر – لكن يتواسون فيه ،  فإن لم يفضل له عن نفقة نفسه شيء لم يكلف أن يشركه في ذلك أحد مما ذكرنا ،  فإن فضل عن هؤلاء – بعد كسوتهم ونفقتهم – شيء أجبر على النفقة على ذوي رحمة المحرمة وموروثة ،  إن كان من ذكرنا لا شيء لهم ،  ولا عمل بأيديهم تقوم مؤنتهم منه وهم الأعمام ،  والعمات - وإن علوا – والأخوال والخالات – وإن علوا – بنوا الإخوة وإن سفلوا .

وقال – رحمه الله تعالى - :

وقالت طائفة :  بمثل قولنا كما روينا من طريق عبد الرزاق عن ابن جريج قال أخبرني عمرو بن شعيب أن سعيد بن المسيب أخبره أن عمر بن الخطاب رضي الله عنه وقف بني عم منفوس كلالة بالنفقة عليه .

ومن طريق إسماعيل بن إسحاق نا علي – هو ابن المديني – نا سفيان بن عيينة عن ابن جريج عن عمرو بن شعيب عن سعيد بن المسيب :  أن عمر بن الخطاب رضي الله عنه حبس عصبة صبي أن ينفقوا عليه الرجال دون النساء .

ومن طريق إسماعيل بن إسحاق القاضي نا أبو بكر بن أبي شيبة نا حميد بن عبد الرحمن – هو الرؤاسي – عن الحسن – هو ابن حي – عن مطرف – هو ابن طريف – عن إسماعيل – هو ابن عليه – عن الحسن البصري عن زيد بن ثابت قال :  إذا كان عم وأم ؟  فعلى العم بقدر ميراثه وعلى الأم بقدر ميراثها .

ومن طريق عبد الرزاق عن معمر عن أيوب السختياني ،  عن محمد ابن سيرين أن عبد الله بن عتبة بن مسعود جعل نفقة الصبي من ماله وقال لوارثه :  أما إنه لو لم يكن له مال أخذناك بنفقته ألا ترى أنه تعالى يقول {  وعلى الوارث مثل ذلك } ،  .

ومن طريق إٍسماعيل نا مسدد عبد الله بن يزيد المقري نا حيوة بن شريح عن جعفر بن ربيعة أن قصبية بن ذؤيب قال في قول الله تعالى {  وعلى الوارث مثل ذلك } قال :  رضاع الصبي

نا أحمد بن عمر بن أنس نا أبو ذر الهروي نا عبد الله بن أحمد بن حمويه نا إبراهيم ابن خزيم نا عبد الله بن حميد نا روح – هو ابن عبادة – عن هشام بن حسان عن الحسن البصري قال :  نفقة الصبي إذا لم يكن له مال على وارثه ،  قال الله عز وجل {  وعلى الوارث مثل ذلك } ،  .

وبه إلى روح بن عبادة عن ابن جريج قلت :  لعطاء أيُجبر وارث الصبي وإن كره بأجرة مرضعته إذا لم يكن للصبي مال ؟  فقال أفتدعه يموت .

ومن طريق عبد الرزاق عن ابن جريج قلت لعطاء :  {  وعلى الوارث مثل ذلك } فقال عطاء :  هو وارث المولود ،  عليه مثل ذلك ،  أي مثل ما ذكر .

ومن طريق إسماعيل نا مسدد عن يحي – هو ابن سعيد القطان – عن أشعث – هو ابن عبد الملك الحمراني – عن الحسن البصري في قوله تعالى {  وعلى الوارث مثل ذلك } قال :  النفقة .

ومن طريق إسماعيل بن إسحاق نا محمد بن أبي بكر – هو المقدمي – ثنا حسام بن إبراهيم عن إبراهيم الصائغ أنه سأل عطاء عن يتيم له عصبة أغنياء أيجبرون على أن ينفقوا عليه ؟

قال عطاء :  نعم ،  ينفقوا عليه بقدر ما كانوا يرثونه لو مات وترك مالا .

ومن طريق عبد بن حميد أرنا سعيد بن عامر عن هشام الدستوائي عن حماد بن أبي سليمان عن إبراهيم النخعي قال :  يجبر الرجل إذا كان موسرا على نفقة أخيه إذا كان معسرا .

أنا عبد الله بن ربيع نا عبد الله بن محمد بن عثمان نا أحمد بن خالد نا علي بن عبد العزيز الحجاج بن المنهال نا أبو عوانة عن منصور بن المعتمر عن إبراهيم النخعي قال :  كان أصحابنا يقولون :  إذا كان المال كثيرا فينفق على الصغير من نصيبه يعني من الميراث وإن كان المال قليلا انفق على الصغير من جميع المال .

ومن طريق إسماعيل بن إسحاق نا مسدد نا هشيم نا منصور عن قتادة قال :  يجبر كل إنسان منهم بقدر ما يرث يعني في النفقة على الموروث .

وبه إلى إسماعيل نا عبد الواحد بن غياث نا أبو عوانة عن إسماعيل بن سالم عن الشعبي قال :  قال الله تعالى {  وعلى الوارث مثل ذلك } قال :  رضاع الصغير .

ومن طريق إسماعيل بن إسحاق نا علي بن عبد الله هو ابن المديني نا سفيان بن عيينة عن ابن أبي نجيح عن مجاهد :  {  وعلى الوارث مثل ذلك } على الوارث مثل ما على أبيه أن يسترضع له .

ومن طريق الحجاج بن المنهال نا أبو عوانة عن منصور بن المعتمر عن إبراهيم النخعي عن شريح القاضي أنه قال في رضاع الصبي يموت أبوه :  أنه من جميع المال .

من طريق ابن وهب عن الليث بن سعد عن خالد بن يزيد أن زيد بن أسلم قال في قوله تعالى {  وعلى الوارث مثل ذلك } قال :  هو ولي الميت .

قال أبو محمد :  فهؤلاء ،  عمر بن الخطاب ،  وزيد بن ثابت لا يعرف لهما من الصحابة رضي الله عنهم مخالف ومن التابعين :  عبد الله بن عتبة بن مسعود ،  وقبيصة بن ذؤيب ،  والحسن البصري ،  وعطاء بن أبي رباح ،  وإبراهيم النخعي ،  وأصحاب ابن مسعود ،  وقتادة ،  والشعبي ،  ومجاهد ،  وشريح ،  وزيد بن أسلم .  وهو قول الضحاك بن مزاحم ،  وسفيان الثوري ،  وعبد الرزاق .  .  .  . وقال – رحمه الله تعالى – وقولنا هو قول جمهور السلف ،  فوجدنا الله تعالى يقول {  وآت ذا القربى حقه والمسكين وابن السبيل } .

والخبر الذي رويناه قبل من طريق أحمد بن شعيب عن قتيبة عن الليث بن سعد عن أبي الزبير عن جابر قال :  قال رسول الله صلى الله عليه وسلم :   "" ابدأ بنفسك فتصدق عليها فإن فضل شيء فلأهلك ،  فإن فضل عن أهلك شيء فلذي قرابتك ،  فإن فضل عن ذي قرابتك فهكذا وهكذا ""  .

فأوجب الله عز وجل حقا لذ القربى ،  وللمساكين ،  وابن السبيل ،  وأوجب رسول الله صلى الله عليه وسلم العطية للأقارب فإن قال المخالف :  حقه الصلة ،  وترك القطيعة ؟

قلنا :  نعم ،  هذا حقه ،  والصلة :  هي أن لا يدعه يسأل ويتكفف ،  أو يموت جوعا أو بردا أو ضياعا ،  أو يضحي للشمس أو المطر والريح والبرد ،  وهو ذو فضلة من مال هو عنها في غنى ،  وليس في القطيعة شيء أكثر من أن يدعه كما ذكرنا .

وقال – رحمه الله تعالى - :  ثم وجدنا ما رويناه من طريق أبي بكر بن أبي شيبة ثنا عبد الله بن نمير نا يزيد بن زياد بن أبي الجعد نا أبو صفرة جامع بن شداد عن طارق بن عبد الله المحاربي قال :  ( دخلنا المدينة فإذا رسول الله صلى الله عليه وسلم قائم على المنبر يخطب الناس وهو يقول :   "" يا أيها الناس يد المعطي العليا وابدأ يمن تعول :  أمك ،  وأباك ،  وأختك ،  ثم أدناك أدناك ""  .

وهذه أخبار صحاح من رواية الثقات ،  فأخبر عليه الصلاة والسلام أمرا بأن يبدأ بمن يعول ،  وهم :  الأبوان ،  والإخوة ،  فصح يقينا أن هؤلاء مبدُّون مع الولد والزوجة .

وقد بينا قبل أن كل جدة ( ( أم ) ) وكل جد ( ( أب ) ) ،  وكل ابن ابنة وابن ( ( ابن ) ) ،  وابنة ابن وابنة ( ( ابنة ) ) كلهم ابن وابنة فصح ما قلنا .

وأن بعد هؤلاء :  الأدنى الأدني ،  وفي هؤلاء يدخل كل ذي رحم محرمة ،  من عم وعمة ،  وخال وخالة وابن أخت وبنت أخت ،  وابن أخ وابنة أخ :  يقينا .

ثم وجدنا قول الله عز وجل {  وعلى المولود له رزقهن وكسوتهن بالمعروف لا تكلف نفس إلا وسعها لا تضار والدة بولدها ولا مولود له بولده وعلى الوارث مثل ذلك } .

فصح بهذا أن النفقة على الوارث مع ذوي الرحم المحرمة .

 :  المسألة التاسعة :  رأيه التفسيري في قوله تعالى {  فإن أراد فصالا عن تراض منهما وتشاور فلا جناح عليهما }

قال ابن حزم – رحمه الله تعالى - :

فإن كان له أب أو أم فأراد الأب فصاله دون رأي الأم ،  أو أرادت الأم فصاله دون رأي الأب فليس ذلك لمن أراده منهما قبل تمام الحولين كان في الفصال ضرر بالصغير أو لم يكن .

فإن أرادا جميعا فصاله قبل الحولين فإن كان لا ضرر في ذلك على الرضيع فلهما ذلك .

فإن كان في ذلك ضرر على الرضيع لمرض به ،  أو لضعف بنيته أو لأنه لا يقبل الطعام :  لم يجز لهما ذلك .

فلقول الله تعالى {  والوالدات يرضعن أولادهن حولين كاملين لمن أراد أن يتم الرضاعة } ،  ولقوله تعالى {  فإن أرادا فصالا عن تراض منهما وتشاور فلا جناح عليهما } .

وأما مراعاة ضرر الرضيع فلما ذكرنا من قوله تعالى {  لا تضار والدة بولدها ولا مولود له بولده } .

فإن أرادت الأم أو الأب التمادي على إرضاع الرضيع بعد الحولين فلهما ذلك ،  فلأنه لم يأت نص بالمنع من ذلك ،  ولا بأن هذا من حقوق زوج إن كان لها ،  وهو صلة لابنها وقد أوجب الله تعالى صلة الرحم فليس لأحد منعها مما أوجبه الله تعالى عليها للثابت عن رسول الله صلى الله عليه وسلم ولا طاعة في معصية ."
2,234,"قال تعالى :  {  والذين يتوفون منكم ويذرون أزواجا يتربصن بأنفسهن أربعة أشهر وعشرا فإذا بلغن أجلهن فلا جناح عليكم فيما فعلن في أنفسهن بالمعروف والله بما تعملون خبير } وفيها أربع مسائل .

 :  المسألة الأولى :  مدة العدة هل هي بالليالي أم بالأيام ؟

قال ابن حزم – رحمه الله تعالى - :

فإن ابتدأت بالعدة من أول ليلة من الشهر مشت :  أربعة أهلة وعشر ليال من الهلال الخامس فإذا طلع الفجر من اليوم العاشر :  فقد تمت عدتها وحلت للأزواج لأنه قد قال تعالى {  وعشرا } فهو لفظ تأنيث ،  فهو لليالي ،  ولو أراد الأيام لقال :  وعشرة وإن بدأت بالعدة قبل ذلك أو بعده فعدتها مائة ليلة وست وعشرون ليلة بما بينها من الأيام فقط ،  لقول رسول الله صلى الله عليه وسلم :   "" الشهر تسعة وعشرون ""  ،  ولا يجوز أن يحال بين أيام شهر واحد بما ليس منه هذا محال بلا شك وبالله تعالى التوفيق .

 :  المسألة الثانية :  من هي المعتدة ؟

قال ابن حزم – رحمه الله تعالى - :

وعدة الوفاة والإحداد :  فيها يلزم الصغيرة – ولو في المهد – وكذلك المجنونة وهو قول مالك ،  والشافعي .

وقال أبو حنيفة :  عليها العدة ،  ولا إحداد عليها قال :  لأنها غير مخاطبة .

قال أبو محمد :  إن كان ذلك عنده حجة مسقطه للإحداد فينبغي أن يسقط بذلك عنها العدة لأن الله عز وجل يقول {  والذين يتوفون منكم ويذرون أزواجا يتربصن بأنفسهن أربعة أشهر وعشرا } والصغيرة غير مخاطبة وكذلك المجنونة ولا تتربص بنفسها .

وأما نحن ،  فحجتنا في ذلك :

ما رويناه من طريق البخاري نا عبد الله بن يوسف أنا مالك عن عبد الله بن أبي بكر بن محمد بن عمرو بن حزم عن حميد بن نافع عن زينب بنت أبي سلمة أنها أخبرته أنها سمعت أم سلمة أم المؤمنين تقول :  ( قالت امرأة يا رسول الله إن ابنتي توفي عنها زوجها ،  وقد اشتكت عينها أفنكحلها ؟  فقال رسول الله صلى الله عليه وسلم :   "" لا ،  لا ،  إنما هي أربعة أشهر وعشر وذكرت الخبر ""  .

فلم يخص عليه الصلاة والسلام كبيرة من صغيرة ،  ولا عاقلة من مجنونة ،  ولا خاطبها ،  بل خاطب غيرها فيها ،  فهو عموم زائد على ما في القرآن .

والإحداد واجب على الذمية لقول الله تعالى {  وأن أحكم بينهم بما أنزل الله } وبقوله تعالى {  وقاتلوهم حتى لا تكون فتنة ويكون الدين لله } والدين الحكم ،  فواجب أن يحكم عليهم بحكم الإسلام ،  وهو لازم لهم ،  وبتركهم إياه استحقوا الخلود ومن قال :  إنه لا يلزمهم دين الإسلام :  فقد فارق الإسلام .

ويلزم الإحداد الأمة المتوفي عنها زوجها كالحرة .

 :  المسألة الثالثة :  سكن المحدة .

قال ابن حزم – رحمه الله تعالى - :

وتعتد المتوفي عنها والمطلقة ثلاثا ،  وآخر ثلاث ،  والمعتقة تختار فراق زوجها :  حيث أحببن ولا سكن لهن لا على المطلق ،  ولا على ورثة الميت ،  ولا على الذي اختارت فراقه ،  ولا نفقة .

ولهن أن يحججن في عدتهن ،  وأن يرحلن حيث شئن .

وقال وأما المتوفي عنها :

فروينا من طريق حماد بن سلمة أنا قيس هو ابن عباد – عن عطاء بن أبي رباح عن عائشة – أم المؤمنين – أنها حجت بأختها أم كلثوم امرأة طلحة بن عبيد الله في عدتها في الفتنة .

ومن طريق عبد الرزاق عن معمر عن الزهري عن عروة بن الزبير عن عائشة أم المؤمنين :  أنها كانت تفتي المتوفي عنها زوجها بالخروج في عدتها ،  وخرجت بأختها أم المؤمنين حين قتل عنها طلحة بن عبيد الله بن عبد الله إلى مكة في عمرة .

ومن طريق عبد الرزاق نا ابن جريج أخبرني عطاء عن ابن عباس أنه قال :  إنما قال الله تعالى تعتد :  {  أربعة أشهر وعشرا } ولم يقل :  تعتد في بيتها ،  فلتعتد حيث شاءت .

ومن طريق إسماعيل بن إسحاق القاضي نا علي بن عبد الله – هو ابن المديني – نا سفيان بن عيينة عن ابن جريج عن عطاء قال :  سمعت ابن عباس يقول :  {  والذين يتوفون منكم ويذرون أزواجا يتربصن بأنفسهن أربعة أشهر وعشرا } ولم يقل يعتددن في بيوتهن ،  تعتد حيث شاءت ،  وقال سفيان :  قاله لنا ابن جريج كما أخبرنا هذا يبين أن عطاء سمعه من ابن عباس .

ومن طريق عبد الرزاق نا ابن جريج أخبرني أبو الزبير أنه سمع جابر بن عبد الله يقول :  تعتد المتوفي عنها زوجها حيث شاءت .

ومن طريق عبد الرزاق نا سفيان الثوري عن إسماعيل بن أبي خالد عن الشعبي أن علي بن أبي طالب كان يرحل المتوفي عنهن في عدتهن .

ومن طريق عبد الرزاق عن ابن جريج عن عطاء قال :  لا يضر المتوفي عنها أين اعتدت .

وقد ذكرناه قبل هذا الباب عن الحسن .

ومن طريق إسماعيل بن إسحاق نا علي بن عبد الله – هو المديني – نا سفيان بن عيينة عن عمرو بن دينار عن عطاء وأبي الشعثاء جابر بن زيد ،  قالا جميعا :  المتوفي عنها تخرج في عدتها حيث شاءت

ومن طريق إسماعيل بن إسحاق نا أبو بكر بن أبي شيبة نا عبد الوهاب الثقفي عن حبيب المعلم قال :  سألت عطاء عن المطلقة ثلاثا والمتوفي عنها أيحجان في عدتهما ؟  قال نعم ،  وكان الحسن يقول مثل ذلك .

ومن طريق إسماعيل بن إسحاق نا أبو ثابت المدني نا ابن وهب أنا عمرو بن الحارث عن بكير الأِشج قال :  سألنا سالم بن عبد الله بن عمر عن المرأة يخرج بها زوجها إلى بلد فيتوفى الزوج ؟  فقال :  تعتد حيث توفي زوجها ،  أو ترجع إلى بيت زوجها حتى تنقضي عدتها ،  قال ابن وهب :  وأخبرني ابن لهيعة عن زيد بن أبي حبيب عن القاسم بن محمد بهذا .

قال ابن وهب :  وأخبرني ابن لهيعة عن حسين بن أبي حكيم أن امرأة مزاحم لما توفي عنها زوجها بخناصرة ،  سألت عمر بن عبد العزيز :  أأمكث حتى تنقضي عدتي ؟  فقال لها :  بل ألحقي بقرارك ودار أبيك فاعتدي فيها .

وبه يقول ابن وهب :  أنا يحي بن أيوب عن يحي بن سعيد الأنصاري أنه قال في رجل توفي بالإسكندرية ومعه امرأته وله بالفسطاط دار فقال :  إن أحبت أن تعتد حيث توفي زوجها فلتعتد وإن أحبت أن ترجع إلى دار زوجها وقراره بالفسطاط فتعتد فيها فلترجع ،  وبه يقول أبو سليمان وجميع أصحابنا .

 :  المسألة الرابعة :  متى تبدأ العدة ،  أمن وقت الطلاق أو الموت أم من وقت بلوغ الخبر ؟

قال ابن حزم – رحمه الله تعالى - :

وتعتد المطلقة غير الحامل ،  والحامل المتوفي عنها من حين يأتيها خبر الطلاق ،  وخبر الوفاة ،  وتعتد الحامل المتوفي عنها من حين موته فقط .

برهان ذلك قول الله عز وجل {  والذين يتوفون منكم ويذرون أزواجا يتربصن بأنفسهن أربعة أشهر وعشرا } وقوله تعالى {  والمطلقات يتربصن بأنفسهن ثلاثة قروء } وقال تعالى {  فعدتهن ثلاثة أشهر واللائي لا يحضن } فلا بد من أن يفضون إلى العدة من الوفاة والقروء ،  وعدة الأشهر بنية لها ،  وبتربص منهن وإلا فذلك عليهن باق .

وأما الحامل :  فإن الله تعالى يقول {  وأولات الأحمال أجلهن أن يضعن حملهن } فليس ههنا فعل أمرن بقصده والنية له ،  لكن المطلقة الحامل خرجت من ذلك مما ذكرنا قبل من أنه لا يكون طلاق الغائب أصلا حتى يبلغها فأغنى ذلك عن إعادته .

وبقيت المتوفي عنها على وضع الحمل إثر موت الزوج وبالله تعالى التوفيق ."
2,235,"قال تعالى :  {  وَلا جُنَاحَ عَلَيْكُمْ فِيمَا عَرَّضْتُمْ بِهِ مِنْ خِطْبَةِ النِّسَاءِ أَوْ أَكْنَنْتُمْ فِي أَنْفُسِكُمْ عَلِمَ اللَّهُ أَنَّكُمْ سَتَذْكُرُونَهُنَّ وَلَكِنْ لا تُوَاعِدُوهُنَّ سِرًّا إِلاَّ أَنْ تَقُولُوا قَوْلا مَعْرُوفًا وَلا تَعْزِمُوا عُقْدَةَ النِّكَاحِ حَتَّى يَبْلُغَ الْكِتَابُ أَجَلَهُ وَاعْلَمُوا أَنَّ اللَّهَ يَعْلَمُ مَا فِي أَنْفُسِكُمْ فَاحْذَرُوهُ وَاعْلَمُوا أَنَّ اللَّهَ غَفُورٌ حَلِيمٌ } وفيها مسألتان .

 :  المسألة الأولى :  التصريح والتعريض في خطبة المعتدة .

قال ابن حزم – رحمه الله تعالى - :

ولا يحل التصريح بخطبة امرأة في عدتها ،  وجائز أن يعرض لها بما تفهم منه أنه يريد نكاحها .

برهان ذلك :  قوله تعالى {  وَلا جُنَاحَ عَلَيْكُمْ فِيمَا عَرَّضْتُمْ بِهِ مِنْ خِطْبَةِ النِّسَاءِ أَوْ أَكْنَنْتُمْ فِي أَنْفُسِكُمْ عَلِمَ اللَّهُ أَنَّكُمْ سَتَذْكُرُونَهُنَّ وَلَكِنْ لا تُوَاعِدُوهُنَّ سِرًّا إِلاَّ أَنْ تَقُولُوا قَوْلا مَعْرُوفًا وَلا تَعْزِمُوا عُقْدَةَ النِّكَاحِ حَتَّى يَبْلُغَ الْكِتَابُ أَجَلَهُ وَاعْلَمُوا أَنَّ اللَّهَ يَعْلَمُ مَا فِي أَنْفُسِكُمْ فَاحْذَرُوهُ وَاعْلَمُوا أَنَّ اللَّهَ غَفُورٌ حَلِيمٌ } .

فأباح الله تعالى التعريض ومنع من المواعدة سرا .

قال أبو محمد :  ومن التعريض قول رسول الله صلى الله عليه وسلم لفاطمة بنت قيس :   "" إذا حللت فآذنيني ""  ،  .

وقد صح أيضا أنه عليه الصلاة والسلام قال :   "" لا تفوتيني بنفسك ""  ،  .

وروينا من طريق أبي داود نا قتيبة بن سعيد :  أن محمد بن جعفر حدثهم قال :  نا محمد بن عمرو عن أبي سلمة بن عبد الرحمن بن عوف عن فاطمة بنت قيس أن رسول الله صلى الله عليه وسلم  "" قال .  .  .  . الحديث ""  .

ومن التعريض ما رويناه عن ابن عباس أن يقول :  إني أريد الزواج – لوددت أن الله يسر لي امرأة صالحة -– ونحو هذا .

 :  المسألة الثانية :  رأيه التفسيري في قوله تعالى {  ولكن لا توعدوهن سرا }

قال ابن حزم – رحمه الله تعالى - :  قال الله تعالى {  ولكن لا تواعدوهن سرا إلا أن تقولوا قولا معروفا } والسر النكاح – والسر أيضا ضد الإعلان – وكلاهما ممنوع بنص الآية ،  ولا خلاف في هذا ،  ."
2,236,"قال تعالى :  {  لَا جُنَاحَ عَلَيْكُمْ إِنْ طَلَّقْتُمُ النِّسَاءَ مَا لَمْ تَمَسُّوهُنَّ أَوْ تَفْرِضُوا لَهُنَّ فَرِيضَةً وَمَتِّعُوهُنَّ عَلَى الْمُوسِعِ قَدَرُهُ وَعَلَى الْمُقْتِرِ قَدَرُهُ مَتَاعًا بِالْمَعْرُوفِ حَقًّا عَلَى الْمُحْسِنِينَ } وفيها مسألة واحدة .

 :  المسألة :  صحة النكاح من غير تسمية صداق .

قال ابن حزم – رحمه الله تعالى - :

والنكاح جائز بغير ذكر صداق ،  لكن بأن يسكت جملة فإن اشترط فيه أن لا صداق عليه فهو نكاح مفسوخ أبدا .

برهان ذلك :  قول الله عز وجل {  لا جناح عليكم إن طلقتم النساء ما لم تمسوهن أو تفرضوا لهن فريضة } فصحح الله عز وجل النكاح الذي لم يفرض فيه للمرأة شيء ،  إذ صحح فيه الطلاق والطلاق لا يصح إلا بعد صحة النكاح وأما لو اشترط فيه أن لا صداق فهو مفسوخ ،  لقول رسول الله صلى الله عليه وسلم  "" كل شرط ليس في كتاب الله عز وجل فهو باطل ""  .

وهذا ليس في كتاب الله عز وجل فهو باطل .

بل في كتاب الله عز وجل إبطاله ،  قال تعالى {  وآتوا النساء صدقاتهن نحلة } فإذ هو باطل فالنكاح المذكور لم تنعقد صحته إلا على تصحيح ما لا يصح ،  فهو نكاح لا صحة له .  وبالله تعالى التوفيق ."
2,237,"قال تعالى {  وَإِنْ طَلَّقْتُمُوهُنَّ مِنْ قَبْلِ أَنْ تَمَسُّوهُنَّ وَقَدْ فَرَضْتُمْ لَهُنَّ فَرِيضَةً فَنِصْفُ مَا فَرَضْتُمْ إِلَّا أَنْ يَعْفُونَ أَوْ يَعْفُوَ الَّذِي بِيَدِهِ عُقْدَةُ النِّكَاحِ وَأَنْ تَعْفُوا أَقْرَبُ لِلتَّقْوَى وَلا تَنْسَوُا الْفَضْلَ بَيْنَكُمْ إِنَّ اللَّهَ بِمَا تَعْمَلُونَ بَصِيرٌ } .

وفيها أربع مسائل .

 :  المسألة الأولى :  تنصيف المهر وإن لم يذكر في العقد .

قال ابن حزم – رحمه الله تعالى - :

ومن طلق قبل أن يدخل بها فله نصف الصداق الذي سمى لها ،  وسواء كان تزوجها بصداق مسمى في نفس العقد أو تراضيا عليه بعد ذلك أو لم يتراضيا ،  فقضى لها بمهر مثلها .

برهان ذلك قول الله عز وجل {  وإن طلقتموهن من قبل أن تمسوهن وقد فرضتم لهن فريضة فنصف ما فرضتم } .

 .  .  . ثم قال – رحمه الله تعالى - :

فأما الاختلاف في الفرق بين كون الصداق مفروضا في العقد ،  وبين تراضيهما بعد العقد ،  أو الحكم لها به عليه .

فإن أبا حنيفة وأصحابه قالوا :  ( ( إنما يقضى لها بنصف الصداق إذا كان الصداق مفروضا لها في نفس العقد ،  وأما إن تراضيا عليه بعد ذلك ،  أو اختلفا فيه فحكم عليه بمهر مثلها ؟  فها هنا إن طلقها قبل الدخول فلا شيء لها إلا المتعة ) ) .

وقال مالك ،  والشافعي ،  وأبو سليمان وأصحابهم :  لها النصف في كل ذلك .

قال أبو محمد :  وبهذا نأخذ لأن قول الله تعالى {  فنصف ما فرضتم } عموم لكل صداق في نكاح صحيح فرضه الناكح في العقد أو بعده ،  ولم يقل عز وجل :  فنصف ما فرضتم في نفس العقد ،  والزائد لهذا الحكم مخطئ مبطل متعد لحدود الله .

وأما الذي فرض عليه الحاكم صداق مثلها ،  فإنه وإن كان قد أبى من الواجب عليه في ذلك فحكم الله تعالى عليه يقول {  وآتوا النساء صدقاتهن نحلة } موجب عليه أن يفرض لها أحد وجهين ،  لا بد من أحدهما ضرورة :  إما ما رضيت ،  وإما مهر مثلها .  فأيهما لزمه برضاه أو بحكم حق فقد فرضه لها ،  إذ عقد نكاحها يقينا في علم الله عز وجل ،  وقد وجب لها في ماله .

وما نعلم لمن خالف هذا حجة أصلا .

ونحن نشهد بشهادة الله تعالى أن الله تعالى لو أراد بقوله {  فنصف ما فرضتم } في نفس العقد خاصة لبينة لنا ولم يهمله حتى يبينه لنا أبو حنيفة ،  وما هنالك .

 :  المسألة الثانية :  الخلوة الصحيحة هل توجب المهر ؟

قال ابن حزم – رحمه الله تعالى - :

ومن طلق امرأته قبل أن يدخل بها فلها نصف الصداق الذي سمى لها ،  وكذلك لو دخل بها ولم يطأها ،  طال مقامه معها أو لم يطل ،  برهان ذلك قول الله عز وجل {  وإن طلقتموهن من قبل أن تمسوهن وقد فرضتم لهن فريضة فنصف ما فرضتم } .

وكما رويناه من طريق وكيع عن الحسن بن صالح بن حي عن فراس عن عامر الشعبي عن ابن مسعود قال :  لها النصف وإن جلس بين رجليها .

ومن طريق سعيد بن منصور ثنا هشيم أنا ليث هو ابن أبي سليم عن طاؤس عن ابن عباس أنه كان يقول في رجل دخلت عليه امرأته ثم طلقها ،  فزعم أنه لم يمسها عليه نصف الصداق .

ومن طريق عبد الرزاق عن ابن جريج اخبرني ليث عن طاووس عن ابن عباس قال :  لا يجب الصداق وافيا حتى يجامعها وله نصفه .

ومن طريق أبي عبيد نا هشيم أنا المغيرة بن مقسم عن الشعبي عن شريح قال :  لم أسمع الله عز وجل ذكر في كتابه بابا ولا سترا إذا زعم أنه لم يمسها فلها نصف الصداق .

ومن طريق سعيد بن منصور نا إسماعيل بن أبي خالد عن الشعبي أن عمرو بن نافع طلق امرأته وكانت قد أدخلت عليه ،  فزعم أنه لم يقربها ،  وزعمت أنه قربها ،  فخاصمته إلى شريح ،  فقضى شريح بيمين عمرو( ( بالله الذي لا إله إلا هو ما قربتها ) ) وقضي عليه لها بنصف الصداق .

قال أبو محمد :  كانت هذه المطلقة بنت يحي بن الجزار .

ومن طريق أبي عبيد نا معاذ – هو ابن معاد العنبري – عن عبد الله بن عون عن محمد بن سيرين أنه كان لا يرى إغلاق الباب ولا إرخاء الستر شيئا .

ومن طريق وكيع عن زكريا – هو ابن أبي زائدة – عن الشعبي أنه قال :  لها نصف – يعني التي دخل بها – ولم يقل :  أنه مسها .  ومن طريق عبد الرزاق عن ابن جريج عن ابن طاووس عن أبيه قال :  لا يجب الصداق وافيا حتى يجامعها ،  وإن أغلق عليها الباب قلت له :  فإذا وجب الصداق وجبت العدة ،  قال :  ويقول أحد غير ذلك ؟

ومن طريق حماد بن سلمة عن محمد بن إسحاق عن مكحول قال :  لا يجب الصداق والعدة إلا بالملامسة البينة :  تزوج رجل جارية فأراد سفرا فأتاها في بيتها مخلية ليس عندها أحد من أهلها فأخذها فعالجها ،  فمنعت نفسها ،  فصب الماء ولم يفترعها ،  فساغ الماء فيها ،  فاستمر بها الحمل فثقلت بغلام ،  فرفع ذلك إلى عمر بن الخطاب ،  فبعث إلى زوجها فسأله ؟  فصدقها ،  فعند ذلك قال عمر :  من أغلق الباب أو أرخى الستر فقد وجب الصداق ،  وكملت العدة .

قال أبو محمد :  وهو قول الشافعي ،  وأبي ثور ،  وأبي سليمان وأصحابهم .

 .  .  . ثم قال – رحمه الله تعالى - :

وأما من تعلق بأنها لو حملت لحق ولم تحد فلا حجة لهم في هذا لأنه لم يدخل بها أصلا ،  ولا عرف أنه خلا بها لكن كان إجتماعه بها سرا ممكن ،  فحملت ،  فالولد لا حق ولا حد في ذلك أصلا ،  لأنها فراش له حلالا مذ يقع العقد ،  لا معنى للدخول في ذلك أصلا .

وقد تحمل من غير إيلاج ،  لكن بتشفير بين الشفرين فقط وكل هذا لا يسمى مسا فإن تعلقوا بمن جاء ذلك عنه من الصحابة رضي الله عنهم ،  فلا حجة في أحد دون رسول الله صلى الله عليه وسلم .

وقد اختلفوا فوجب الرد عند التنازع إلى القرآن والسنة فوجد القرآن لم يوجب لها بعدم الوطء إلا نصف الصداق .  وبالله تعالى التوفيق .

 :  المسألة الثالثة :  لا حد للصداق .

قال ابن حزم – رحمه الله تعالى - :

وجائز أن يكون صداقا كل ماله نصف قل أو كثر ولو أنه حبة بر أو حبة شعير أو غير ذلك .

وكذلك كل عمل حلال موصوف ،  كتعليم شيء من القرآن أو من العلم أو البناء أو الخياطة أو غير ذلك إذا تراضيا بذلك .

 .  .  . ثم قال – رحمه الله تعالى - :  وأعجب شيء قول بعضهم :  إن الله عز وجل عظم أمر الصداق ،  فلا يجوز أن يكون قليلا ؟  فقلنا :  هذا العجب حقا ،  إنما عظم الله تعالى أمر الصداق في إيجاب أدائه ،  وتحريم أخذه بغير رضاها ،  وهذا موجود في كل حق ،  قال الله تعالى {  فمن يعمل مثقال ذرة خيرا يره ومن يعمل مثقال ذرة شرا يره } .

وقد صح عنه عليه الصلاة والسلام  "" اتقوا النار ولو بشق تمرة ""  ولا عظيم أعظم من اتقاء النار .

 .  .  . ثم قال – رحمه الله تعالى - :  والبرهان على صحة قولنا :

قال الله عز وجل {  وآتوا النساء صدقاتهن نحلة } وقال تعالى {  وآتوهن أجورهن بالمعروف } وقال تعالى {  وإن طلقتموهن من قبل أن تمسوهن وقد فرضتم لهن فريضة فنصف ما فرضتم } فلم يذكر الله عز وجل في شيء من كتابه الصداق فجعل فيه حدا بل حمله إجمالا {  وما كان ربك نسيا } ،  ونحن نشهد بشهادة الله عز وجل {  في الحياة الدنيا ويوم يقوم الأشهاد } أن الله عز وجل لو أراد أن يجعل للصداق حدا لا يكون أقل منه لما أهمله ولا أغفله .

والسنة الثابتة عن رسول الله صلى الله عليه وسلم كما روينا من طريق البخاري :  نا عبد الله بن يوسف أنا مالك بن أنس ،  وعبد العزيز بن أبي حازم عن أبيه عن سهل بن سعد قال :  جاءت امرأة إلى رسول الله صلى الله عليه وسلم فذكر الحديث ،  وفيه  "" فقام الرجل فقال :  زوجنّيها إن لم يكن لك بها حاجة ؟  قال :  هل عندك شيء تصدقها ؟  قال :  ما عندي إلا إزاري ،  فقال رسول الله صلى الله عليه وسلم إن أعطيتها إياه جلست لا إزار لك فالتمس شيئا ؟  قال ما أجد شيئا ،  قال :  ألتمس ولو خاتما من حديد ؟  فالتمس فلم يجد شيئا ،  فقال :  أمعك من القرآن شيء ؟  قال :  نعم سورة كذا وسورة كذا ،  قال :  قد زوجناكها بما معك من القرآن ""  .

ومن طريق البخاري نا يحي نا وكيع عن سفيان الثوري عن أبي حازم عن سهل بن سعد :  أن رسول الله صلى الله عليه وسلم قال لرجل  "" تزوج ولو بخاتم من حديد ""  .

ومن طريق مسلم نا أبو بكر بن أبي شيبة نا الحسن بن علي عن زائدة عن أبي حازم عن سهل ابن سعد قال ( ( جاءت امرأة إلى رسول الله صلى الله عليه وسلم فقالت :  يا رسول الله قد وهبت نفسي لك فاصنع في ما شئت ؟  فقال له شاب عنده :  يا رسول الله إن لم يكن لك بها حاجة فزوجنيها ؟  قال :   "" وعندك شيء تعطيها إياه ""  ؟  قال :  ما أعلمه ،  قال :   "" فانطلق فاطلب فلعلك تجد شيئا ،  ولو خاتما من حديد ؟  ""  فأتاه فقال :  ما وجدت شيئا إلا إزاري هذا .  قال :  "" إزارك هذا إن أعطيتها إياه لم يبق عليك شيء ،  قال :  أتقرأ أم القرآن ""  ؟  قال :  نعم ،  قال  "" فانطلق فقد زوجتكها فعلمها من القرآن ""  .

نا حُمام بن أحمد القاضي نا عبد الله بن محمد بن علي الباجي نا عبد الله بن يونس المرادي نا بقي بن مخلد نا أبو بكر بن أبي شيبة نا الحسين بن علي – هو الجعفي – عن زائدة عن أبي حازم عن سهل بن سعد الساعدي أن النبي صلى الله عليه وسلم زوج رجلا من امرأة على أن يعملها سورة من القرآن .

قال أبو محمد :  والحديث مشهور ومنقول نقل التواتر من طريق الثقات رويناه أيضا من طريق يعقوب بن عبد الرحمن القاري وعبد العزيز بن محمد الدراوردي ،  وسفيان بن عيينة ،  وحماد بن زيد ومعمر ،  ومحمد بن مطرف ،  وفضيل بن سليمان ،  وغيرهم كلهم عن أبي حازم عن سهل بن سعد عن رسول الله صلى الله عليه وسلم .

قال أبو محمد :  وقال بقولنا طائفة من السلف :

روينا من طريق وكيع عن سفيان الثوري عن إسماعيل عن عمرو بن دينار عن ابن عباس قال :  لو رضيت بسواك من أراك لكان مهرا .

ومن طريق وكيع عن الحسن بن صالح بن حي عن أبي هارون العبدي عن أبي سعيد الخدري أنه قال :  ( ( ليس على أحد جناح أن يتزوج بقليل ماله أو كثيره إذا استشهدوا وتراضوا ) ) .

وروي عن عبد الرحمن بن مهدي عن صالح بن رومان عن أبي الزبير عن جابر بن عبد الله قال :  ( ( من أعطى في صداق امرأة ملء حفنة من سويق أو تمر فقد استحل ) ) .

ومن طريق عبد الرزاق عن سفيان الثوري عن حميد عن أنس بن مالك أن عبد الرحمن بن عوف قال لرسول الله صلى الله عليه وسلم تزوجت امرأة من الأنصار .  فقال له رسول الله صلى الله عليه وسلم  "" كم سقت إليها ؟  ""  قال :  وزن نواة من ذهب .  فقال له رسول الله صلى الله عليه وسلم  "" أو لم ولو بشاة ""  .

قال عبد الرزاق :  فأخبرني إسماعيل بن عبد الله عن حميد عن أنس قال :  وذلك دانقان من ذهب .

قال أبو محمد :  الدانق :  سدس الدرهم الطبري – وهو الأندلسي – فالدانقان وزن ثلث درهم أندلسي ،  وهو سدس المثقال من الذهب ،  وهذا خبر مسند صحيح .

ومن طريق عبد الرزاق عن ابن جريج عن عطاء :  أنه قال في الصداق :  أدنى ما يكفي خاتمه ،  أو ثوب يرسله .

قال ابن جريج ،  وقال عمرو بن دينار ،  وعبد الكريم :  أدنى الصداق ما تراضوا به .

ومن طريق عبد الرزاق عن سفيان بن عيينة عن أيوب بن موسى عن يزيد بن قسيط قال :  سمعت سعيد بن المسيب يقول :  لو أصدقها سوطا حلت له .

نا محمد بن سعيد نبات نا أحمد بن عبد البصير نا قاسم بن أصبغ نا محمد بن عبد السلام الخشني نا محمد بن المثنى نا أبو أحمد الزبيري نا عبد العزيز بن أبي راواد عن سعيد بن المسيب أنه زوج ابنته ابن أخيه ،  فقيل له :  أصدق ؟  فقال درهمين .

ومن طريق سعيد بن منصور نا هشيم أنا يونس بن عبيد عن الحسن أنه كان يقول في الصداق :  هو على ما تراضوا عليه من قليل أو كثير ،  ولا يؤقت شيئا .

قال سعيد :  ونا خالد بن عبد الله – هو الطحان – عن يونس بن عبيد عن الحسن قال :  ما تراضوا به عليه فهو صداق .

ومن طريق سحنون عن عبد الله بن وهب أخبرني عثمان بن الحكم عن يحي بن سعيد الأنصاري أنه قال :  يحل المرأة ما رضيت به من قليل أو كثير .

قال ابن وهب :  وأخبرني رجال من أهل العلم عن عبد الرحمن بن القاسم بن محمد بن أبي بكر وابن قسيط ،  وربيعة بن أبي عبد الرحمن أنه يجوز من الصداق درهم .

قال أبو محمد :  وهو قول سفيان الثوري ،  والأوزاعي ،  والحسن بن حي ،  والليث بن سعد ،  وابن أبي ليلى ،  وابن وهب صاحب مالك ،  والشافعي ،  وأحمد بن حنبل ،  وإسحاق وأبي ثور ،  وأبي سليمان وأصحابهم ،  وجملة أصحاب الحديث ممن سلف وخلف .  وبالله تعالى التوفيق .

 :  المسألة الرابعة :  من الذي بيده عقد النكاح ؟

قال ابن حزم – رحمه الله تعالى - :

ولا يحل لأب البكر – صغيرة كانت أو كبيرة – أو الثيب ،  ولا لغيره من سائر القرابة أو غيرهم :  حكم في شيء من صداق الابنة أو القريبة ،  ولا لأحد ممن ذكرنا أن يهبه ،  ولا شيئا منه ،  لا للزوج طلق أو أمسك ،  ولا لغيره ،  فإن فعلوا شيئا من ذلك فهو مفسوخ باطل مردود أبدا .

ولها أن تهب صداقها أو نصف لمن شاءت ،  ولا اعتراض لأب ولا لزوج في ذلك ،  هذا إذا كانت بالغة عاقلة وبقي لها بعده غنى وإلا فلا .

ومعنى قوله عز وجل {  فنصف ما فرضتم إلا أن يعفون أو يعفوا الذي بيده عقدة النكاح } إنما هو أن المرأة إذا طلقها زوجها قبل أن يطأها وقد كان سمى لها صداقا رضيته فلها نصف صداقها الذي سمى لها إلا أن تعفو هي فلا تأخذ من زوجها شيئا منه وتهب له النصف الواجب لها ،  أو يعفو الزوج فيعطيها الجميع ،  فأيهما فعل ذلك فهو أقرب للتقوى ،  وهذا مكان اختلف فيه السلف :

فقالت طائفة :  الذي بيده عقدة النكاح هو الزوج كما قلنا :

رويناه من طريق الحجاج بن المنهال نا جرير بن حازم سمعت عيسى بن عاصم يقول :  سمعت شريحا :  يقول :  سألني علي بن أبي طالب رضي الله عنه عن {  الذي بيده عقدة النكاح } فقلت :  هو الولي ،  فقال علي :  بل هو الزوج .

ومن طريق حماد بن سلمة عن علي بن زيد عن عمار بن أبي عمار عن ابن عباس قال :  هو الزوج .

ومن طريق عبد الرزاق عن معمر عن صالح بن كيسان :  أن نافع بن جبير بن مطعم تزوج امرأة فطلقها قبل أن يبني بها فأكمل لها الصداق وتأول قول الله عز وجل {  الذي بيده عقدة النكاح } يعني الزوج .

ومن طريق عبد الرزاق عن معمر عن أيوب السختياني عن محمد ابن سيرين عن شريح قال :  هو الزوج .

نا أحمد بن عمر العذري نا مكي بن عيسون نا أحمد بن عبد الله بن زريق نا أحمد بن عمرو بن جابر نا محمد بن حماد الطهراني نا عبد الرزاق عن قتادة ،  وابن أبي نجيح ،  قال قتادة :  عن سعيد بن المسيب ومجاهد :  {  الذي بيده عقدة النكاح } هو الزوج .

وقال مجاهد وطاووس :  وأهل المدينة :  هو الولي ،  قال فأخبرتهم بقول سعيد بن جبير فرجعوا عن قولهم .

ومن طريق ابن أبي شيبة حدثني عبد الوهاب بن عبد المجيد الثقفي نا عبيد الله بن عمر عن نافع مولى ابن عمر أنه قال {  الذي بيده عقدة النكاح } الزوج .

ومن طريق الحجاج بن المنهال نا أبو عوانة عن أبي بشر- هو جعفر بن إياس بن أبي وحشية – عن سعيد بن جبير قال {  الذي بيده عقدة النكاح } هو الزوج .

ومن طريق إسماعيل بن إسحاق القاضي نا إبراهيم بن حمزة نا عبد العزيز بن محمد الدراوردي عن عمير مولى غفيرة أنه سمع محمد بن كعب القرظي يقول :  الذي بيده عقدة النكاح هو الزوج .

ومن طريق إسماعيل نا محمد بن أبي بكر المقدمي نا معتمر بن سليمان التيمي عن ليث عن عطاء بن أبي رباح الذي بيده عقدة النكاح هو الزوج .

ومن طريق قاسم بن أصبغ نا محمد بن عبد السلام الخشني نا محمد بن المثنى نا عبد الأعلى نا سعيد بن أبي عروبة عن قتادة قال :  الذي بيده عقدة النكاح هو الزوج .

ومن طريق إسماعيل نا علي بن المديني نا سفيان بن عيينة عن ابن شبرمة قال :  هو الزوج .

وهو قول الأوزاعي ،  وسفيان الثوري ،  والليث بن سعد ،  وأبي حنيفة ،  والشافعي ،  وأبي ثور .  وأبي سليمان وأصحابهم .

 .  .  . ثم قال – رحمه الله تعالى - :

ثم نظرنا فوجدنا الأولياء قسمين :

أحدهما :  من ذكرنا من أب البكر ،  وسيد الأمة ،  فكان حظ هذين في كون عقدة النكاح بأيديهما كحظ الزوج في كون النكاح بيده سواء وسواء ،  وقد يسقط حكم الأب في البكر بأن يكون كافر – وهي مؤمنة أو هو مؤمن وهي كافرة أو بأن يكون مجنونا – ويسقط أيضا حكم السيد في أمته بأن يكون صغيرا أو مجنونا .

والقسم الثاني :  سائر الأولياء الذين لا يلتفت إليهم ،  لكن إن أبوا إخراج الأمر عن أيديهم وعقد السلطان نكاحها ،  فهؤلاء حظ الزوج في كون عقدة النكاح بيده أكمل من حظ الأولياء المذكورين فوجدنا أمر الأولياء مضطربا كما ترى ،  ثم إنها هو العقد فقط ثم لا شيء بأيديهم جملة من عقدة النكاح ،  بل هي إلى زوج إن شاء أمضاها وإن شاء حلها بالطلاق .

ووجدنا أمر الزوج ثابتا في أن عقدة كل نكاح بيده ،  ولا تصح إلا بإرادته بكل حال ،  ولا تحل إلا بإرادته ،  فكان أحق بإطلاق هذه الصفة عليه بلا شك .

ثم البرهان القاطع قول الله تعالى {  ولا تكسب كل نفس إلا عليها } وقول رسول الله صلى الله عليه وسلم  "" إن دمائكم عليكم حرام ""  فكان عفو الولي عن مال وليه كسبا على غيره فهو باطل ،  وحكما في مال غيره فهو حرام ،  فصح أنه الزوج الذي يفعل في مال نفسه ما أحب من عفو أو يقضي بحقه .  وبالله تعالى التوفيق ."
2,238,"قال تعالى :  {  حافظوا على الصلوات والصلاة الوسطى وقوموا لله قانتين } .

وفيها ثلاث مسائل .

 :  المسألة الأولى :  المراد بالصلاة الوسطى .

قال ابن حزم – رحمه الله تعالى – والصلاة الوسطى :  هي العصر .

قال علي :  فوجب طلب مراد الله تعالى بالصلاة الوسطى من بيان رسول الله صلى الله عليه وسلم لا من غيره .

قال تعالى {  لتبين للناس ما نزل إليهم } .

فنظرنا في ذلك :  فوجدنا ما حدثناه عبد الرحمن بن عبد الله ثنا إبراهيم بن أحمد ثنا الفربري ثنا البخاري ثنا عبد الله بن محمد – هو المسندي – وعبد الرحمن ثنا يحي بن سعيد – هو القطان – وقال المسندي :  ثنا يزيد ،  ثم اتفق يزيد ويحي قالا :  أنا هشام – هو ابن حسان – عن محمد ابن سيرين عن عبيدة السلماني عن علي قال :  قال رسول الله صلى الله عليه وسلم يوم الخندق  "" شغلونا عن الصلاة الوسطى حتى غابت الشمس ،  ملأ الله قبورهم وبيوتهم أو أجوافهم نارا ""  .

حدثنا عبد الله بن يوسف ثنا أحمد بن فتح ثنا عبد الوهاب بن عيسى ثنا أحمد بن محمد ثنا أحمد بن علي ثنا مسلم بن الحجاج ثنا محمد بن المثنى ثنا محمد بن جعفر وابن أبي عدي قالا ثنا شعبة قال :  سمعت قتادة عن أبي حسان – هو مسلم الأجرد – عن عبيدة السلماني عن علي قال :  قال رسول الله صلى الله عليه وسلم يوم الأحزاب  "" شغلونا عن الصلاة الوسطى حتى آبت الشمس ،  ملأ الله بيوتهم وقبورهم نارا ""  هذا لفظ ابن أبي عدي ،  ولفظ محمد بن جعفر ( قبورهم أو بيوتهم أو بطونهم نارا ) .

حدثنا يحي بن عبد الرحمن بن مسعود ثنا أحمد بن دحيم ثنا إبراهيم بن حماد ثنا إسماعيل ابن إسحاق ثنا محمد بن أبي بكر المقدمي ثنا يحي بن سعيد القطان وعبد الرحمن بن مهدي ثنا سفيان ،  عن عاصم بن أبي النجود عن زر بن حبيش قال قلت لعبيدة سل عليا عن الصلاة الوسطى ،  فسأله :  فقال كنا نراها صلاة الفجر ،  حتى سمعت رسول الله صلى الله عليه وسلم يقول يوم الأحزاب  "" شغلونا عن الصلاة الوسطى صلاة العصر ،  ملأ الله قلوبهم وأجوافهم أو بيوتهم نارا ""  .

قال علي :  وقد روينا أيضا من طريق حماد بن زيد عن عاصم بن بهدلة عن زر عن علي بن أبي طالب عن النبي صلى الله عليه وسلم .

رويناه أيضا من طريق مسلم عن أبي بكر بن أبي شيبة ،  وزهير بن حرب وأبي كريب قالوا :  ثنا أبو معاوية عن الأعمش عن أبي الضحى عن شُتَير بن شكَلَ عن علي عن النبي صلى الله عليه وسلم .

وشُتير تابعي ثقة ،  وأبوه أحد الصحابة ،  وقد سمعه شُتير عن علي ورويناه أيضا من طرق .  فهذه آثار متظاهرة لا يسع الخروج عنها .

 .  .  . ثم قال – رحمه الله تعالى - :

وروينا خبر أم سلمة من طريق وكيع عن داود بن قيس عن عبد الله بن رافع :  أن أم سلمة أم المؤمنين كتبت مصحفا فقالت :  أكتب {  حافظوا على الصلوات والصلاة الوسطى وقوموا لله قانتين } صلاة العصر ،  هكذا بلا واو .

أما خبر ابن عباس فرويناه من طريق وكيع عن شعبة عن أبي إسحاق السبيعي عن هبيرة بن يريم قال :  سمعت ابن عباس رضي الله عنه يقول :  سمعت ابن عباس رضي الله عنه يقول :  {  حافظوا على الصلوات والصلاة الوسطى وقوموا لله قانتين } صلاة العصر هكذا بلا واو .

وأما خبر أبي بن كعب فرويناه من طريق إسماعيل بن إسحاق عن محمد بن أبي بكر عن مجلوب أبي جعفر عن خالد الحذاء عن أبي قلابة قال في قراءة أبي بن كعب صلاة العصر .

وأما خبر عائشة رضي الله عنها فإننا روينا من طريق عبد الرحمن ابن مهدي عن أبي سهل محمد بن عمرو الأنصاري ،  عن [ القاسم بن محمد بن أبي بكر ] عن عائشة أم المؤمنين – رضي الله عنها – قالت :  الصلاة الوسطى :  صلاة العصر .

فهذه أصح الرواية عن عائشة رضي الله عنها ،  أبو سهل محمد بن عمرو الأنصاري ثقة ،  روى عنه ابن مهدي ووكيع ،  ومعمر وعبد الله بن المبارك وغيرهم .

فبطل التعلق بشيء مما ذكرنا قبل ،  إذ ليس بعض ما روي عن هؤلاء المذكورين بأولى من بعض والواجب الرجوع إلى ما صح عن رسول الله صلى الله عليه وسلم في ذلك ،  وقد ذكرنا أنه لم يصح عنه عليه الصلاة والسلام إلا أن الصلاة الوسطى :  صلاة العصر ؟

فإن قيل :  فكيف تصنعون في هذه الروايات التي أوردت عن حفصة ،  وعائشة ،  وأم سلمة ،  وأبي ،  وابن عباس :  التي فيها ( ( وصلاة العصر ) ) والتي فيها ( ( صلاة العصر ) ) عنهم بلا واو حاشا حفصة ،  وكيف تقولون في القراءة بهذه ،  وهي لا تحل القراءة بها اليوم ؟

فجوابنا – وبالله تعالى التوفيق – أن الذي يظن من اختلاف الرواية في ذلك فليس اختلافا ،  بل المعنى في ذلك مع ( ( الواو ) ) ومع إسقاطها سواء ،  وهو أن تعطف الصفة على الصفة ،  لا يجوز غير ذلك .

كما قال تعالى {  ولكن رسول الله وخاتم النبيين } ،  فرسول الله هو خاتم النبيين وكما تقول :  أكرم إخوانك وأبا زيد الكريم والحسيب أخا محمد .

فأبو زيد هو الحسيب ،  وهو أخو محمد .

فقوله ( ( وصلاة العصر ) ) بيان للصلاة الوسطى فهي الوسطى وهي صلاة العصر .

وأما قوله عليه الصلاة والسلام  "" شغلونا عن الصلاة الوسطى صلاة العصر ""  فلا يحتمل تأويلا أصلا ،  فوجب بذلك حمل قوله عليه الصلاة والسلام  "" والصلاة الوسطى وصلاة العصر ""  على أنها عطف صفة على صفة ولا بد .

ويبين أيضا صحة هذا التأويل عنهم ما قد أوردناه عنهم أنفسهم من قولهم ( ( والصلاة الوسطى صلاة العصر ) ) ،  وصحت الرواية عن عائشة رضي الله عنها بأنها العصر ،  وهي التي روت نزول الآية {  وصلاة العصر } فصح أنها عرفت أنها صفة لصلاة العصر ،  وهي سمعت النبي صلى الله عليه وسلم يتلوها كذلك وبهذا ارتفع الاضطراب عنهم ،  وتتفق أقوالهم ،  ويصح كل ما روي عن رسول الله صلى الله عليه وسلم في ذلك ،  وينتفي عنه الاختلاف ،  وحاشا لله أن يأتي اضطراب عن رسول الله صلى الله عليه وسلم .

أما القراءة بهذه الزيادة فلا تحل ،  ومعاذ الله أن تزيد أمهات المؤمنين ،  وأبي وابن عباس في القرآن ما ليس فيه ؟  والقول في هذا :  هو أن تلك اللفظة كانت منزلة ثم نسخ لفظها .

كما حدثنا حمام ثنا ابن مفرج ثنا ابن الأعرابي ثنا الدبري ثنا عبد الرزاق ثنا ابن جريج أخبرني عبد الملك بن عبد الرحمن عن أمه أم حميد بنت عبد الرحمن قالت :  سألت عائشة أم المؤمنين عن الصلاة الوسطى ؟  فقالت :  كنا نقرؤها في الحرف الأول على عهد رسول الله صلى الله عليه وسلم {  حافظوا على الصلوات والصلاة الوسطى –وصلاة العصر- وقوموا لله قانتين } .

حدثنا عبد الله بن يوسف ثنا أحمد بن فتح ثنا عبد الوهاب بن عيسى ثنا أحمد بن محمد ثنا أحمد بن علي ثنا مسلم بن الحجاج ثنا إسحاق بن إبراهيم – هو ابن راهوية – أنا يحي بن آدم ثنا الفضيل بن مرزوق عن شفيق بن عقبة عن البراء بن عازب قال :  نزلت هذه الآية {  حافظوا على الصلوات والصلاة الوسطى } فقرأناها ما شاء الله ثم نسخها الله تعالى فنزلت {  حافظوا على الصلوات والصلاة الوسطى } فقال رجل كان جالسا عند شفيق له :  هي إذا صلاة العصر ،  فقال البراء قد أخبرتك كيف نزلت ؟  وكيف نسخها الله تعالى ؟  والله أعلم .

قال علي :  فصح نسخ هذه اللفظة ،  وبقي حكمها كآية الرجم وبالله تعالى التوفيق .

وقد يثبتها من ذكرنا من أمهات المؤمنين على معنى التفسير والله أعلم .

قال علي :  وقال من السلف بهذا طائفة :

كما روينا من طريق يحي بن سعيد القطان عن سليمان التيمي عن ( أبي صالح السمان ) ،  عن أبي هريرة رضي الله عنه أنه قال الصلاة الوسطى صلاة العصر .

ومن طريق إسماعيل بن إسحاق ثنا علي بن عبد الله – هو ابن المديني – ثنا بشر ابن المفضل ثنا عبد الله بن عثمان عن عبد الرحمن بن نافع :  أن أبا هريرة رضي الله عنه سئل عن الصلاة الوسطى فقال للذي سأله :  ألست تقرأ القرآن ؟  قال :  بلى ،  قال :  فإني سأقرأ عليك بهذا القرآن حتى تفهمها قال الله تعالى {  أقم الصلاة لدلوك الشمس إلى غسق الليل } المغرب .

وقال تعالى {  ومن بعد صلاة العشاء } العتمة .

وقال تعالى {  وقرآن الفجر إن قرآن الفجر كان مشهودا } الصلاة .

ثم قال تعالى {  حافظوا على الصلوات والصلاة الوسطى } هي العصر ،  هي العصر .

وعن الزهري عن سالم بن عبد الله بن عمر عن أبيه :  أنه كان يرى الصلاة الوسطى :  صلاة العصر .

وعن يحي بن سعيد القطان عن سليمان التيمي عن قتادة عن أبي أيوب – هو يحي بن يزيد المراغي عن عائشة أم المؤمنين قالت :  الصلاة الوسطى صلاة العصر .

وعن القاسم بن محمد عنها مثل ذلك .

وعن سفيان بن عيينة عن مسعر بن كدام عن سلمة بن كهيل عن أبي الأحوص عن علي ابن أبي طالب في الصلاة الوسطى ؟  قال :  هي التي فرط فيها ابن داود ،  يعني صلاة العصر .

وعن يحي بن سعيد القطان عن أبي حيان يحي بن سعيد التيمي حدثني أبي :  أن سائلا سأل عليا :  أي الصلوات يا أمير المؤمنين الوسطى ؟  وقد نادى مناديه لصلاة العصر فقال :  هي هذه

قال علي :  لا يصح عن علي ،  ولا عن عائشة :  غير هذا أصلا وقد روينا قبل عن أم سلمة أم المؤمنين ،  وابن عباس ،  وأبي بن كعب ،  ورُوي أيضا عن أبي أيوب الأنصاري .

وعن يونس بن عبيد عن الحسن البصري قال :  الصلاة الوسطى :  صلاة العصر .

عن أبي هلال عن قتادة قال :  الصلاة الوسطى :  صلاة العصر .

وعن معمر بن الزهري قال :  الصلاة الوسطى :  صلاة العصر .

وعن معمر عن أيوب السختياني عن محمد بن سيرين عن عبيدة السلماني قال :  الصلاة الوسطى :  صلاة العصر .

وهو قول سفيان الثوري ،  وأبي حنيفة ،  والشافعي ،  وأحمد بن حنبل ،  وداود وجميع أصحابهم ،  وهو قول إسحاق بن راهوية ،  وجمهور أصحاب الحديث .

وقد رويناه أيضا مسندا إلى النبي صلى الله عليه وسلم من طريق ابن مسعود ،  وسمرة .

 :  المسألة الثانية :  القيام فرض في الفرائض .

وأما صلاة الفرض فلا يحل لأحد أن يصليها إلا واقفا إلا لعذر :  من مرض ،  أو خوف من عدو ظالم ،  أو من حيوان ،  أو نحو ذلك ،  أو ضعف عن القيام كما كان في سفينة ،  أو من صلى مؤتما بإمام مريض ،  أو معذورا فصلى قاعدا ،  فإن هؤلاء يصلون قعودا ،  فإن لم يقدر الإمام على القعود ولا القيام :  صلى مضطجعا وصلوا كلهم خلفه مضطجعين ولا بد ،  وإن كان في كلا الوجهين مذكر – يسمع الناس تكبير الإمام – صلى إن شاء قائما إلى جنب الإمام وإن شاء صلى كما يصلي إمامه .

فأما الخائف ،  والمريض ،  فلقول الله تعالى {  لا يكلف الله نفسا إلا وسعها }

ولقوله تعالى {  يريد الله بكم اليسر ولا يريد بكم العسر }

ولقوله تعالى {  وقوموا لله قانتين }

فأوجب الله تعالى القيام إلا عمن أسقطه عنه النص ،  وهذا في الخائف والمريض ،  إجماع .

مع أنه عليه الصلاة والسلام قد صلى الفريضة قاعدا لمرض كان به ولوث برجله .

قال أبو سليمان وأصحابنا :  يؤم المريض قاعدا الأصحاء ،  ولا يصلون وراءه إلا قعودا كلهم ولا بد ؟

قال علي :  وبهذا نأخذ إلا فيمن يصلي إلى جنب الإمام يذكر الناس ويعلمهم تكبير الإمام ،  فإنه مخير بين أن يصلي قاعدا وبين أن يصلي قائما .

قال علي :  فنظرنا هل جاء في هذا عن رسول الله صلى الله عليه وسلم بيان ؟

فوجدنا ما حدثناه عبد الرحمن بن عبد الله ثنا إبراهيم بن أحمد عن الفربري ثنا البخاري ثنا عبد الله بن يوسف ثنا مالك عن ابن شهاب عن أنس أن رسول الله صلى الله عليه وسلم قال  "" إنما جعل الإمام ليؤتم به ""  وذكر كلامه عليه الصلاة والسلام وفيه وإذا صلى جالسا فصلوا جلوسا أجمعون ""  .

حدثنا عبد الله بن يوسف ثنا أحمد بن فتح ثنا عبد الوهاب بن عيسى ثنا أحمد بن محمد ثنا أحمد بن علي ثنا مسلم بن الحجاج ثنا قتيبة بن سعيد ثنا المغيرة الخزامي عن أبي الزناد عن الأعرج عن أبي هريرة أن رسول الله صلى الله عليه وسلم قال "" إنما جعل الإمام ليؤتم به ،  فلا تختلفوا عليه ،  فإذا كبر فكبروا ،  وإذا ركع فاركعوا ،  وإذا قال :  سمع الله لمن حمده ؟  فقولوا :  اللهم ربنا لك الحمد وإذا سجد فاسجدوا ،  وإذا صلى جالسا فصلوا جلوسا أجمعون ""  .

وبه إلى مسلم :  حدثنا أبو بكر بن أبي شيبة وأبو الربيع الزهراني وأبو كريب هو محمد ابن العلا ومحمد بن عبد الله بن نمير ،  قال أبو بكر واللفظ له :  ثنا عبيدة ابن سليمان ،  وقال أبو الربيع ثنا حماد بن زيد ،  وقال أبو كريب :  ثنا عبد الله بن نمير وقال محمد بن عبد الله :  ثنا أبي ،  ثم اتفقوا كلهم :  عن هشام بن عروة عن أبيه عن عائشة بن عروة عن أبيه عن عائشة رضي الله عنها قالت :  ( ( اشتكى رسول الله صلى الله عليه وسلم ،  فدخل عليه أناس من أصحابه يعودونه ،  فصلى رسول الله صلى الله عليه وسلم جالسا فصلوا بصلاته قياما ،  فأشار إليهم ،  أن اجلسوا ،  فجلسوا فلما انصرف قال :   "" إنما جعل الإمام ليؤتم به ،  فإذا ركع فاركعوا ،  وإذا رفع فارفعوا ،  وإذا صلى جالسا فصلوا جلوسا ""  .

وروينا أيضا من طريق الليث بن سعد عن أبي الزبير عن جابر ( ( اشتكى رسول الله صلى الله عليه وسلم فصلينا وراءه وهو قاعد ،  وأبو بكر يسمع الناس تكبيره ،  فالتفت إلينا فرأنا قياما ،  فأشار إلينا فقعدنا فصلينا بصلاته قعودا ،  فلما سلم قال :  إن كدتم آنفا تفعلون فعل فارس والروم ،  يقومون على ملوكهم وهو قعود ؟  فلا تفعلوا وأتموا بأئمتكم إن صلى قائما فصلوا قياما ،  وإن صلى قاعدا فصلوا قعودا ) ) .

ورواه أيضا قيس بن أبي حاتم ،  وهمام بن منبه ،  وأبو علقمة ،  وأبو يونس كلهم عن أبي هريرة رضي الله عنه .

ورويناه أيضا من طريق سالم بن عبد الله بن عمر عن أبيه وعن عبيد الله بن عبد الله بن عتبة عن ابن عباس ،  وعائشة رضي الله عنها ،  ومن طريق الأسود عنها .

فصار نقل تواتر ،  فوجب للعلم ،  فلم يجز لأحد خلاف ذلك .

ثم رجعنا إلى قول الشافعي ،  وأبي حنيفة ،  فوجدناهم يدعون أن أمر رسول الله صلى لله عليه وسلم بالصلاة جلوسا خلف الإمام الجالس لعذر ،  أو مرض ،  منسوخ ،  فسألناهم :  بماذا ؟

فذكروا ما حدثناه عبد الله بن يوسف ثنا أحمد بن فتح ثنا عبد الوهاب بن عيسى ثنا أحمد بن محمد ثنا أحمد بن علي ثنا مسلم بن حجاج ثنا أحمد بن عبد الله بن يونس ثنا زائدة ثنا موسى بن أبي عائشة عن عبيد الله بن عبد الله عن عتبة قال :  دخلت على عائشة أم المؤمنين فسألتها عن مرض رسول الله صلى الله عليه وسلم فذكرت الخبر ،  وفيه عهده صلى الله عليه وسلم إلى أبي بكر بالصلاة وأن أبا بكر صلى بالناس تلك الأيام ( ( ثم إن رسول الله صلى الله عليه وسلم وجد من نفسه خفة فخرج بين رجلين ،  أحدهما العباس لصلاة الظهر ،  وأبو بكر يصلي بالناس ،  فلما رآه أبو بكر ذهب ليتأخر ،  فأومأ إليه النبي صلى الله عليه وسلم أن لا يتأخر وقال لهما :   "" أجلساني إلى جنبه ،  فأجلساه إلى جنب أبي بكر وكان أبو بكر يصلي وهو قائم بصلاة رسول الله صلى الله عليه وسلم والناس يصلون بصلاة أبي بكر والنبي صلى الله عليه وسلم قاعد فذكر عبيد الله بن عبد الله أنه عرض هذا الحديث على ابن عباس فلم ينكر منه شيئا .

وبه إلى مسلم حدثنا يحي بن يحي ثنا أبو معاوية عن الأعشى عن إبراهيم النخعي عن الأسود عن عائشة قالت :  ( ( ولما ثقل رسول الله صلى الله عليه وسلم قال :   "" مروا أبا بكر فليصل بالناس ""  فذكرت الحديث وفيه ( ( فلما دخل أبو بكر في الصلاة وجد النبي صلى الله عليه وسلم من نفسه خفة فقام يهادي بين رجلين ،  ورجلاه تخطان في الأرض ،  فلما دخل المسجد سمع أبو بكر حسه فذهب يتأخر فأومأ إليه رسول الله صلى الله عليه وسلم أقم مكانك فجاء رسول الله صلى الله عليه وسلم حتى جلس عن يسار أبي بكر .

قالت عائشة :  فكان رسول الله صلى الله عليه وسلم يصل بالناس جالسا ،  وأبو بكر قائما ،  يقتدي أبو بكر بصلاة النبي صلى الله عليه وسلم ويقتدي الناس بصلاة أبي بكر ،  وبه إلى مسلم :  حدثنا منجاب بن الحارث التميمي أنا ابن مسهر – هو علي – عن الأعمش عن إبراهيم عن الأسود ،  عن عائشة رضي الله عنها ،  فذكرت هذا الحديث وفيه ( ( كان رسول الله صلى الله عليه وسلم يصلي بالناس ،  وأبو بكر يسمعهم التكبير .

قال علي :  فنظرنا في هذا الخبر ،  فلم نجد فيه لا نصا ولا دليلا على ما أدعوه من نسخ الأمر بأن يصلي الأصحاء قعودا خلف الإمام المصلي قاعدا لعذر ،  إذ ليس فيه بيان ولا إشارة بأن الناس صلوا خلفه عليه الصلاة والسلام قياما ،  حاشا أبا بكر المسمع الناس تكبيره فقط ،  فلم تجز مخالفة يقين أمره عليه الصلاة والسلام بالنقل المتواتر بأن يصلي الناس جلوسا :  لظن كاذب لا يصح أبدا بل لا يحل البتة أن يظن بالصحابة رضي الله عنهم مخالفة أمره عليه الصلاة والسلام .

فكيف وفي نص لفظ الحديث دليل على أنهم لم يصلوا إلا قعودا وذلك لأن فيه :  أن الناس كانوا يقتدون بصلاة أبي بكر ،  وبالضرورة ندري أنهم لو كانوا قياما وأبو بكر قائما لما اقتدى بصلاته إلا الصف الأول فقط ،  وأما سائر الصفوف فلا ،  لأنهم كانوا لا يرونه ،  لأن الصف الأول يحجبهم عنه ،  والصفوف خلفه عليه الصلاة والسام كانت مرصوصة لا متنابذة ولا منقطعة ،  فإذا نص الخبر ولفظه :  أنهم كانوا يقتدون بصلاة أبي بكر ،  فهذا خبر عن جميعهم .

فصح أنهم كانوا في حال يرونه كلهم ،  فيصح لهم الاقتداء بصلاته ،  ولا يكون ذلك البتة إلا في حال قعودهم ،  ولا يجوز تخصيص لفظ الخبر ولا حمله على المجاز إلا بنص جلي .

ثم لو كان في الحديث نصا :  أنهم صلوا قياما – وهذا لا يوجد أبدا – لما كان فيه دليل على النسخ البتة ،  بل كان يكون حينئذ إباحة فقط ،  وبيان أن ذلك الأمر المتقدم ندب لا مزيد كما قلنا في المذكر إنه جائز له أن يصلى قاعدا أو قائما ،  وفي الصف إن شاء أو إلى جنب الإمام .

قال علي :  وبمثل قولنا يقول جمهور السلف رضي الله عنهم .

كما روينا من طريق وكيع عن إسماعيل بن أبي خالد عن قيس بن أبي حازم عن أبي هريرة أنه قال :  الإمام أمين ،  فإن صلى قائما فصلوا قياما ،  وإن صلى قاعدا فصلوا قعودا .

ومن طريق حماد بن سلمة ثنا يحي بن سعيد الأنصاري عن أبي الزبير قال :  إن جابر بن عبد الله كان به وجع فصلى بأصحابه قاعدا وأصحابه قعودا .

وعن عبد الرزاق عن سفيان بن عيينة عن هشام بن عروة عن أبيه أن أسيد بن الحضير اشتكى فكان يؤم قومه جالسا .

قال ابن عيينة :  وأخبروني إسماعيل بن أبي خالد عن قيس بن أبي حازم أخبرني قيس بن أبي حازم أخبرني قيس بن قهد الأنصاري ( ( أن إماما لهم اشتكى على عهد رسول الله صلى الله عليه وسلم فكان يؤمنا جالسا ونحن جلوسا ) ) .

وروينا عن عطاء :  أنه أمر الأصحاء بالصلاة خلف القاعد .

وعن عبد الرزاق :  ما رأيت الناس إلا على أن الإمام إذا صلى قاعدا صلى خلفه قعودا ،  قال :  وهي السنة عن غير واحد .

وروينا عن عباس بن عبد العظيم العنبري قال :  سمعت عفان بن مسلم قال :  أتينا حماد بن زيد يوما وقد صلوا الصبح ،  فقال إنا أحيينا اليوم سنة من سنن رسول الله صلى الله عليه وسلم .  قلنا :  ما هي يا أبا ٍإسماعيل ؟  قال :  كان إمامنا مريضا ،  فصلى بنا جالسا فصلينا خلفه جلوسا .

أما المريض خلف الصحيح ،  فإن الصحيح يصلي قائما ،  والمريض يأتم به جالسا أو مضطجعا لأن رسول الله صلى الله عليه وسلم في آخر صلاة صلاها مع الناس في جماعة صلى قاعدا خلف أبي بكر وأبو بكر قائم وذلك بعد أمره عليه الصلاة والسلام بأن لا يختلف على الإمام ؟

ولقول الله تعالى {  لا يكلف الله نفسا إلا وسعها } ولقوله عليه الصلاة والسلام  "" إذا أمرتكم بأمر فأتوا منه ما استطعتم ""  وبالله تعالى التوفيق .

 :  المسألة الثالثة :  معنى القنوت .

قال ابن حزم – رحمه الله تعالى - :

وفرض عليه أن لا يضحك ولا يتبسم عمدا ،  فإن فعل بطلت صلاته ،  وإن سها بذلك فسجود السهو فقط .

أما القهقهة فإجماع ،  وأما التبسم فإن الله تعالى يقول {  وقوموا لله قانتين } والقنوت الخشوع والتبسم ضحك ،  قال الله تعالى {  فتبسم ضاحكا من قولها } .

ومن ضحك في صلاته فلم يخشع ،  ومن لم يخشع فلم يصل كما مر .

وروينا عن محمد بن سيرين ،  أنه سئل عن التبسم في الصلاة ؟  فتلا هذه الآية ،  وقال :  لا أعلم التبسم إلا ضحكا .

ومن طريق القاسم بن محمد بن أبي بكر :  أنه أمر أصحابه بإعادة الصلاة من الضحك .

قال علي :  إنما فرق بين القهقهة والتبسم من يقول بالاستحسان .

فيفرق بين العمل الكثير والقليل ،  وهذا باطل ،  وفرق لا دليل عليه إلا الدعوى ؟  ولا يخلو الضحك من أن يكون مباحا في الصلاة أو محرما في الصلاة ؟

فإن كان محرما فقليله وكثيره سواء في التحريم .

وإن كان مباحا فقليله وكثيره سواء في الإباحية .  وبالله تعالى التوفيق ."
2,240,"قال تعالى :  {  والذين يتوفون منكم ويذرون أزواجا وصية لأزواجهم متاعا إلى الحول غير إخراج } وفيها مسألة واحدة

 :  المسألة :  هل الآية محكمة أم منسوخة ؟

قال ابن حزم – رحمه الله تعالى - :

النسخ لا يجوز إلا في الكلام الذي معناه الأمر أو النهي ،  فإذا ورد الكلام لفظه لفظ الخبر ومعناه معنى الأمر ؟

جاز النسخ فيه مثل قوله تعالى {  والذين يتوفون منكم ويذرون أزواجا وصية لأزواجهم متاعا إلى الحول غير إخراج } .

وقال – رحمه الله تعالى - :

ولا يضر كون الآية المنسوخة – في ترتيب المصحف في الخط والتلاوة – متقدمة في أول السورة أو في سورة متقدمة في الترتيب ،  وتكون الناسخة لها في السورة أو في سورة متأخرة في الترتيب ،  لأن القرآن لم ترتب آياته وسوره على حسب نزول ذلك ،  ولكن كما شاء ذو الجلال والإكرام منزله ،  لا إله إلا الله ،  ومرتبه الذي لم يكل ترتيبه إلى أحد دونه .

فأول ما نزل من القرآن {  اقْرَأْ بِاسْمِ رَبِّكَ الَّذِي خَلَقَ * خَلَقَ الْإِنْسَانَ مِنْ عَلَقٍ * اقْرَأْ وَرَبُّكَ الْأَكْرَمُ * الَّذِي عَلَّمَ بِالْقَلَمِ * عَلَّمَ الْإِنْسَانَ مَا لَمْ يَعْلَمْ } ثم {  يَأَيُّهَا الْمُدَّثِّرُ * قُمْ فَأَنْذِرْ * وَرَبَّكَ فَكَبِّرْ * وَثِيَابَكَ فَطَهِّرْ * وَالرُّجْزَ فَاهْجُرْ } وهما متأخرتان قرب آخر المصحف في الخط والتلاوة .

وآخر ما نزل آية الكلالة في سورة النساء ،  وسورة براءة وهما في صدر المصحف في الخط والتلاوة فلا يجوز مراعاة رتبة التأليف في معرفة الناسخ والمنسوخ البتة .

وقد نسخ لله عز وجل قوله تعالى {  والذين يتوفون منكم ويذرون أزواجا وصية لأزواجهم متاعا إلى الحول غير إخراج } بقوله تعالى {  والذين يتوفون منكم ويذرون أزواجا يتربصن بأنفسهن أربعة أشهر وعشرا } بإجماع الأمة كلها والناسخة في المصحف في الخط والتلاوة والترتيب والتأليف قبل المنسوخة ،  وفي هذا كفاية ،  وبالله تعالى التوفيق ."
2,241,"قال تعالى :  {  وللمطلقات متاع بالمعروف حقا على المتقين } وفيها ثلاث مسائل .

 :  المسألة الأولى :  هل الآية محكمة أم منسوخة ؟

قال ابن حزم – رحمه الله تعالى - :

غلط قوم فظنوا قوله تعالى {  إن طلقتم النساء ما لم تمسوهن أو تفرضوا لهن فريضة ومتعوهن على الموسع قدره } معارضا لقوله تعالى {  وللمطلقات متاع بالمعروف } .

والآية الأولى بعض هذه وداخلة في جملتها .

ثم قال – رحمه الله تعالى - :

فإن ذكروا :  ما رويناه من طريق وكيع عن شعبة عن قتادة عن سعيد بن المسيب نسخت هذه الآية {  وإن طلقتموهن من قبل أن تمسوهن وقد فرضتم } ،  .

التي بعدها {  وللمطلقات متاع بالمعروف } ،

قلنا :  لا يصدق أحد على إبطال حكم آية منزلة إلا بخبر ثابت عن رسول الله صلى الله عليه وسلم فكيف وليس في الآية التي ذكر شيء يخالف التي زعم أنها نخستها ؟  فكلتاهما حق .

 :  المسألة الثانية : حكم المتعة .

قال ابن حزم – رحمه الله تعالى - :

والمتعة فرض على كل مطلق واحدة أو اثنتين أو ثلاثا ،  أو أخر ثلاث ،  وطئها أو لم يطأها ،  فُرِض لها صداقها أو لم يفرض لها شيء :  أن يمتعها ،  وكذلك المفتدية أيضا ويجبره الحاكم على ذلك أحب أم كره .

ولا متعة على من انفسخ نكاحه منها بغير طلاق ولا يسقط التمتع عن المطلق مراجعته إياها في العدة ولا موته ولا موتها ،  والمتعة لها أو لورثتها من رأس ماله يضرب بها مع الغرماء .

برهان ذلك قول الله تعالى {  وللمطلقات متاع بالمعروف حقا على المتقين } فعم عز وجل كل مطلقة ولم يخص ،  وأوجبه حقا على كل متق يخاف الله تعالى .

قال أبو محمد :  كل مسلم هو على أديم الأرض فهو بقوله لا إله إلا الله محمد رسول الله من جملة المتقين بقوله ذلك وإيمانه ،  ومن جملة المحسنين ولله تعالى أن يخلده في النار إن لم يسلم .

فكل مسلم في العالم فهو محسن متق ،  من المحسنين المتقين ،  ولم يقع اسم – محسن ،  ولا متق – إلا على من يحسن ويتقي في كل أفعاله :  لم يكن في الأرض محسن ،  ولا متق بعد رسول الله صلى الله عليه وسلم إذ لا بد لكل من دونه من تقصير وإساءة لم يكن فيها من المحسنين ،  ولا من المتقين .

فكان على هذا يكون كلام الله تعالى {  حقا على المحسنين } ،  {  حقا على المتقين } فارغا ولغوا وباطلا ،  وهذا لا يحل لأحد أن يعتقده ولا فرق بين قوله تعالى {  من المحسنين } و{  من المتقين } وبين قوله تعالى {  من المسلمين } و{  من المؤمنين } والمعنى في كل ذلك واحد ولا فرق .

قال أبو محمد :

وطائفة قالت كقولنا كما روينا من طريق ابن وهب عن يحي بن أيوب عن موسى بن أيوب الغافقي عن أياس بن عامر :  أنه سمع علي بن أبي طالب يقول :  لكل مطلقة متعة .

ومن طريق ابن وهب عن مالك عن الزهري قال :  لكل مطلقة متعة .

ومن طريق ابن وهب عن يونس بن يزيد قال :  سئل ابن شهاب عن المُمَلَّكة والمُخيَّرة ؟  فقال ابن شهاب :  كل مطلقة في الأرض لها متاع .

ومن طريق عبد الرزاق عن معمر عن الزهري ،  قال :  للمختلعة المتعة التي جمعت ،  والتي لم تجمع سواء .

ومن طريق حماد بن زيد عن أيوب السختياني عن سعيد بن جبير قال :  لكل مطلقة متعة وتلا {  وللمطلقات متاع بالمعروف حقا على المتقين } ،

ومن طريق عبد الرزاق عن معمر عن أبي قلابة ،  قال :  لكل مطلقة متعة .

ومن طريق عبد الرزاق نا ابن جريج عن عطاء ،  قال :  لكل امرأة اختلعت نفسها من زوجها فلها المتعة .

ومن طريق عبد الرزاق عن سفيان الثوري عن حماد بن أبي سليمان عن إبراهيم النخعي قال :  للمختلعة المتعة .

ومن طريق سعيد بن منصور نا هشيم أنا يونس بن عبيد عن الحسن قال :  لكل مطلقة متاع .

ومن طريق عبد الرزاق عن سفيان الثوري ،  قال :  للمملوكة ،  واليهودية ،  والنصرانية :  المتعة إذا طلقت ،  .

 :  المسألة الثالثة :  مقدار المتعة .

قال ابن حزم – رحمه الله تعالى – وأما مقدار المتعة .

فروينا من طريق عبد الرزاق عن ابن جريج عن موسى بن عقبة عن نافع أن ابن عمر قال :  أدنى ما أراه يجزي في المتعة ثلاثون درهما .

ومن طريق وكيع عن سفيان الثوري عن إسماعيل بن أمية عن عكرمة عن ابن عباس قال :  أعلى المتعة :  الخادم ،  ودون ذلك النفقة والكسوة .

ومن طريق وكيع عن سفيان الثوري عن عمرو بن عبيد عن الحسن في المتعة للمطلقة قال :  ليس فيها شيء مؤقت يمتعها على قدر الميسرة .

ومن طريق عبد الرزاق عن ابن جريج عن عطاء قال :  لا أعلم للمتعة وقتا قال الله تعالى {  ومتعوهن على الموسع قدره وعلى المقتر قدره } ،  .

 .  .  . ثم قال – رحمه الله تعالى - :

لو أن الله تعالى وكل المتعة إلى الممتع لوقفنا عند أمره عز وجل وألزمناه ذلك ؟  كما يفعل في إيتاء المكاتب من مال المكاتب لكنه تعالى على قدر اليسار والإقتار ،  فلزمنا أن نجعل متعة الموسع غير متعة المقتر ولا بد .

ولم نجد في ذلك عن رسول الله صلى الله عليه وسلم حدا وجب ذلك على المعروف عند المخاطبين بذلك فوجب بهذا الرجوع إلى ما صح عن الصحابة رضي الله عنهم في ذلك ،  كما فعلنا في جزاء الصيد فما كان هو المعروف عندهم في المتعة ،  فهو الذي أراد الله عز وجل بلا شك ،  إذ لا بد لما أمر الله تعالى به من بيان ،  فقد كان فيهم رضي الله عنه الموسع المتناهي ،  كعبد الرحمن بن عوف ،  وغيره ،  وكان ابن عباس ،  وابن عمر موسرين دون عبد الرحمن .

ومما يبين وجوب الرجوع إلى ما رآه الصحابة رضي الله عنهم أنه متعة بالمعروف كما قلنا في النفقة والكسوة إذ قال الله تعالى {  لينفق ذو سعة من سعته ومن قدر عليه رزقه فلينفق مما آتاه الله لا يكلف الله نفسا إلا ما آتاها } .

وقد وافقنا المخالفون على هذا .  وكلا النصين واجب إتباعه .

وما نا محمد بن سعيد بن نبات نا ابن مفرج نا عبد الله بن جعفر بن الورد نا يحي بن أيوب ابن بادي العلاف نا يحي بن بكير نا الليث بن سعد عن عبد الله بن يزيد مولى الأسود عن أبي سلمة بن عبد الرحمن بن عوف عن فاطمة بنت بنت قيس نفسها قالت :  طلقني أبو عمرو بن حفص البتة ثم خرج إلى اليمن ووكل بها عياش بن أبي ربيعة فأرسل إليها عياش بعض النفقة ،  فسخطتها ؟

فقال لها عياش :  مالك علينا نفقة ولا سكنى هذا رسول الله صلى الله عليه وسلم فسليه ؟  فسألت رسول الله صلى الله عليه وسلم عما قال ؟  فقال لها رسول الله صلى الله عليه وسلم  "" ليس لك نفقة ولا مسكن ،  ولكن متاع بالمعروف ،  وأخرجي عنهم وذكرت باقي الخبر .  .  .  .

فهذا غاية البيان إن المتعة مردودة إلى ما كان معروفا عندهم يومئذ فقد ذكرنا قول ابن عمر وابن عباس .

وروينا من طريق سعيد بن منصور نا عبد الرحمن بن زياد نا شعبة عن سعد بن إبراهيم ابن عبد الرحمن بن عوف قال :  سمعت حميد بن عبد الرحمن بن عوف يحدث عن أمه – هي أم كلثوم بنت عقبة من المهاجرات الفواضل لها صحبة – أنها قالت :  كأني انظر إلى جارية سواء حممها عبد الرحمن بن عوف امرأته أم أبي سلمة حين طلقها في مرضه .

قال سعيد بن منصور :  نا هشيم نا مغيرة عن إبراهيم قال :  العرب تسمي المتعة التحميم فقد اتفق ابن عباس ،  وعبد الرحمن ،  بحضرة الصحابة رضي الله عنهم لا يعرف لهما في ذلك مخالف من الصحابة رضي الله عنهم – على أن متعة الموسر المتناهي – خادمة سوداء ،  فإن زاد على ذلك فهو محسن كما فعل الحسن بن علي وغيره ،  فإن كانت غير مطيقة للخدمة فليست خادما ،  فعلى هذا المقدار يجبر الموسر إذا أبي أكثر من ذلك .

وأما المتوسط فيجبر على ثلاثين درهما أو قيمتها ،  إذ لم يأت عن أحد من الصحابة رضي الله عنهم أقل من ذلك كما روينا آنفا عن ابن عباس وابن عمر إذ رأيا ذلك هو المعروف .

وأما المقتر ،  فأقلهم من لا يجد قوت يومه ،  أو لا يجد زيادة على ذلك ،  فهذا لا يكلف حينئذ شيئا ،  لكنها دين عليه فإذا وجد زيادة على قوته كلف أن يعطيها ما تنتفع به – ولو في أكلة يوم – كما أمر الله عز وجل ويقول {  وعلى المقتر قدره } وبالله تعالى التوفيق ."
2,249,"قال تعالى :  {  فَلَمَّا فَصَلَ طَالُوتُ بِالْجُنُودِ قَالَ إِنَّ اللَّهَ مُبْتَلِيكُمْ بِنَهَرٍ فَمَنْ شَرِبَ مِنْهُ فَلَيْسَ مِنِّي وَمَنْ لَمْ يَطْعَمْهُ فَإِنَّهُ مِنِّي إِلَّا مَنِ اغْتَرَفَ غُرْفَةً بِيَدِهِ فَشَرِبُوا مِنْهُ إِلَّا قَلِيلًا مِنْهُمْ فَلَمَّا جَاوَزَهُ هُوَ وَالَّذِينَ آَمَنُوا مَعَهُ قَالُوا لَا طَاقَةَ لَنَا الْيَوْمَ بِجَالُوتَ وَجُنُودِهِ قَالَ الَّذِينَ يَظُنُّونَ أَنَّهُمْ مُلَاقُو اللَّهِ كَمْ مِنْ فِئَةٍ قَلِيلَةٍ غَلَبَتْ فِئَةً كَثِيرَةً بِإِذْنِ اللَّهِ وَاللَّهُ مَعَ الصَّابِرِينَ } وفيها مسألة واحدة .

 :  المسألة الأولى :  هل يسمي الماء طعاما ؟

قال ابن حزم – رحمه الله تعالى - :

إنما اسم الطعام في اللغة التي خاطبنا رسول الله صلى الله عليه وسلم لا يطلق هذا إلا على القمح وحده ،  وإنما يطلق على غيره بإضافة .

وقد قال الله تعالى {  وطعام الذين أوتوا الكتاب حل لكم وطعامكم حل لهم } فأراد الله عز وجل الذبائح لا ما يأكلون فإنهم يأكلون الميتة والدم والخنزير ،  ولم يحل لنا شيء من ذلك قط .

وقال الله تعالى {  إن الله مبتليكم بنهر فمن شرب منه فليس مني ومن لم يطعمه فإنه مني }

فذكر تعالى الطعم في الماء بإضافة ،  ولا يسمى الماء طعاما .

وقال لقيط بن يعمر الإيادي في الشعر له مشهور :

لا يطعم النوم إلا ريث يبعثه *** هم يكاد جواه يحطم الضلعا

فأضاف الطعم إلى النوم والنوم ليس طعاما بلا شك .

وقد ذكرنا قول [ عبد الله بن معمر ] وكان طعامنا يومئذ الشعير فذكر الطعام في الشعير في إضافة لا إطلاق .

وقد ذكرنا من طريق أبي سعيد الخدري قوله :  كنا نخرج على عهد رسول الله صلى الله عليه وسلم صدقة الفطر :  صاعا من طعام ،  صاعا من شعير ،  صاعا من تمر ،  صاعا من أقط .

فلم يطلق الطعام إلا على القمح وحده ،  لا على الشعير ولا غيره .

وروينا من طريق الحجاج بن المنهال نا يزيد بن إبراهيم نا محمد بن سيرين قال عُرض على عبد الله بن عتبة بن مسعود زيتا له ؟  فقلت له :  إن أصحاب الزيت قلما يستوفون حتى يبيعون فقال :  إنما سمى الطعام .

أي إنما أمر بالبيع بعد الاستيفاء في الطعام ،  فلم ير الزيت طعاما .

وأبي سعيد الخدري ،  وعبد الله بن عتبة بن مسعود :  حجتان في اللغة قاطعتان ،  لا سيما وعبد الله هذلي ،  فبيلته مجاورة للحرم ،  فلغتهم لغة قريش .

وممن قال بقولنا :  إن الطعام بإطلاق هو القمح وحده :  أبو ثور .

 :  المسألة الثانية :  رأيه التفسيري في قوله تعالى {  كم من فئة قليلة غلبت فئة كثيرة }

قال ابن حزم – رحمه الله تعالى –

قال تعالى {  الآن خفف الله عنكم وعلم أن فيكم ضعفا } .

 .  .  . والعجب ممن يقول :  إن هذه الآية مبيحة لهروب واحد أمام ثلاثة ،  فليت شعري من أين وقع لهم ذلك ؟

وهل في الآية التي ذكروا فرارا أو تولية دبر بوجه من الوجوه ؟  أو إشارة إليه ودليل عليه ؟  ما في الآية شيء من ذلك البتة ،  وإنما إخبار عن الغلبة فقط ،  بشرط الصبر وتبشير بالنصر مع الثبات .

 .  .  . ثم قال – رحمه الله تعالى –

وأما نحن فلو رأينا في الآيات المذكورة ذكر إباحة فرار لقلنا به ،  ولسلمنا لأمر ربنا ،  ولكنا لم نجد فيها لإباحة الفرار أثرا ولا دليلا بوجه من الوجوه ،  وإنما وجدنا فيها أننا إن صبرنا غلب المائة منا المائتين ،  وصدق الله عز وجل ،  فليس ما يمنع أن يكون أقل من مائة أو أكثر من مائة يغلبون العشرة آلاف منهم وأقل وأكثر .

كما قال تعالى{  كم من فئة قليلة غلبت فئة كثيرة بإذن الله والله مع الصابرين } .

وهذا كله إخبار عن فعل الله تعالى ونصره عز وجل لمن صبر منا فتلك الآية التي فيها أن المائة تغلب المائتين هي إخبار عن بعض ما في الآية فيها أن المائة تغلب الألف وهاتان الآيتان معا هما إخبار عن بعض ما في الآية التي فيها {  غلبت فئة كثيرة } فلم يخص في هذه الآية عددا من عدد ،  بل عم عموما تاما ،  ."
2,253,"قال تعالى :  {  تِلْكَ الرُّسُلُ فَضَّلْنَا بَعْضَهُمْ عَلَى بَعْضٍ مِنْهُمْ مَنْ كَلَّمَ اللَّهُ وَرَفَعَ بَعْضَهُمْ دَرَجَاتٍ وَآَتَيْنَا عِيسَى ابْنَ مَرْيَمَ الْبَيِّنَاتِ وَأَيَّدْنَاهُ بِرُوحِ الْقُدُسِ وَلَوْ شَاءَ اللَّهُ مَا اقْتَتَلَ الَّذِينَ مِنْ بَعْدِهِمْ مِنْ بَعْدِ مَا جَاءَتْهُمُ الْبَيِّنَاتُ وَلَكِنِ اخْتَلَفُوا فَمِنْهُمْ مَنْ آَمَنَ وَمِنْهُمْ مَنْ كَفَرَ وَلَوْ شَاءَ اللَّهُ مَا اقْتَتَلُوا وَلَكِنَّ اللَّهَ يَفْعَلُ مَا يُرِيدُ }

وفيها ثلاث مسائل .

 :  المسألة الأولى :  المفاضلة بين الأنبياء والرسل .

قال ابن حزم – رحمه الله تعالى –

وصح أن نساءه عليه الصلاة والسلام أفضل النساء جملة ،  حاشا اللواتي خصهن الله تعالى بالنبوة كأم إسحاق ،  وأم موسى ،  وأم عيسى عليه السلام وقد نص الله تعالى على هذا بقوله الصادق {  يا مريم إن الله اصطفاك وطهرك واصطفاك على نساء العالمين } ولا خلاف بين المسلمين في أن جميع الأنبياء صلى الله عليهم أجمعين أن كل نبي منهم أفضل ممن ليس نبيا من سائر الناس ،  ومن خالف هذا فقد كفر .

فإن اعترض معترض بقول النبي صلى الله عليه وسلم  "" كمل من الرجال كثير ولم يكمل من النساء إلا مريم بنت عمران وامرأة فرعون ""  فإن هذا الكمال إنما هو الرسالة والنبوة التي تفرد بها الرجال وشاركهم بعض النساء النبوة وقد يتفاضلون أيضا فيكون بعض الأنبياء أفضل من بعض ويكون بعض الرسل أكمل من بعض قال تعالى {  تلك الرسل فضلنا بعضهم على بعض منهم من كلم الله ورفع بعضهم درجات } فإنما ذكر في هذا الخبر من بلغ غاية الكمال في طبقته ولم يتقدمه منهم أحد وبالله تعالى التوفيق .

فإن قيل قد قال رسول الله صلى الله عليه وسلم  "" لا تفاضلوا بين الأنبياء ""   "" ولا تفضلوني على يونس بن متى ""  .

قلنا :  نعم ،  قال ذلك عليه الصلاة والسلام قبل أن يوحى إليه بأن الله تعالى فضل بعضهم على بعض ،  وأنه سيد ولد آدم ،  وهذا هو الحق أن لا يفضل أحد على أحد إلا بنص ،  ومن الباطل المحال أنه يخبره الله تعالى بأنه فضل بعضهم على بعض ،  ثم ينص هو عليه الصلاة والسلام ،  عن المفاضلة بينهم فيخالف ربه تعالى .

هذا ما لا يظنه مسلم .

 :  المسألة الثانية :  إثبات صفة الكلام لله عز وجل .

قال ابن حزم – رحمه الله تعالى - :

إن الله تعالى كلم موسى عليه السلام ومن شاء من رسله قال تعالى {  وكلم الله موسى تكليما } وقال تعالى {  إني اصطفيتك على الناس برسالاتي وبكلامي } وقال تعالى {  تِلْكَ الرُّسُلُ فَضَّلْنَا بَعْضَهُمْ عَلَى بَعْضٍ مِنْهُمْ مَنْ كَلَّمَ اللَّهُ وَرَفَعَ بَعْضَهُمْ دَرَجَاتٍ وَآَتَيْنَا عِيسَى ابْنَ مَرْيَمَ الْبَيِّنَاتِ وَأَيَّدْنَاهُ بِرُوحِ الْقُدُسِ وَلَوْ شَاءَ اللَّهُ مَا اقْتَتَلَ الَّذِينَ مِنْ بَعْدِهِمْ مِنْ بَعْدِ مَا جَاءَتْهُمُ الْبَيِّنَاتُ وَلَكِنِ اخْتَلَفُوا فَمِنْهُمْ مَنْ آَمَنَ وَمِنْهُمْ مَنْ كَفَرَ وَلَوْ شَاءَ اللَّهُ مَا اقْتَتَلُوا وَلَكِنَّ اللَّهَ يَفْعَلُ مَا يُرِيدُ } ،  .

 :  المسألة الثالثة :  رأيه التفسيري في قوله تعالى {  ولو شاء الله ما اقتتلوا } .

قال ابن حزم – رحمه الله تعالى - :

قال الله تعالى {  في قلوبهم مرض فزادهم الله مرضا } .

فليت شعري إذ زادهم الله مرضا أتراه لم يشأ ،  ولا أراد ما فعل من زيادة المرض في قلوبهم ،  وهو الشك في الكفر ؟  وكيف يفعل الله ما لا يريد أن يفعل ؟  وهل هذا إلا إلحاد مجرد ممن قاله ؟  وقال تعالى {  ولو شاء الله ما اقتتل الذين من بعدهم من بعد ما جاءتهم البينات ولكن اختلفوا فمنهم من آمن ومنهم من كفر ولو شاء الله ما اقتتلوا ولكن الله يفعل ما يريد } فنص تعالى على أنه لو شاء لم يقتتلوا ،  فوجب ضرورة أنه شاء وأراد أن يقتتلوا ،  وفي قتال المقتتلين ضلال بلا شك ،  فقط شاء الله تعالى كون الضلال ووجوده بنص كلامه تعالى ،  وقال عز وجل {  ومن يرد الله فتنته فلن تملك له من الله شيئا } .

فنص تعالى على أنه أراد فتنة المفتتنين ،  وهم كفار ،  وكفرهم الذين لم يملك لهم رسول الله صلى الله عليه وسلم من الله شيئا ،  فهذا نص على أن نعمة الله تعالى أراد كون الكفر من الكفار ."
2,255,"قال تعالى :  {  اللَّهُ لا إِلَهَ إِلاَّ هُوَ الْحَيُّ الْقَيُّومُ لَا تَأْخُذُهُ سِنَةٌ وَلَا نَوْمٌ لَهُ مَا فِي السَّمَاوَاتِ وَمَا فِي الْأَرْضِ مَنْ ذَا الَّذِي يَشْفَعُ عِنْدَهُ إِلَّا بِإِذْنِهِ يَعْلَمُ مَا بَيْنَ أَيْدِيهِمْ وَمَا خَلْفَهُمْ وَلَا يُحِيطُونَ بِشَيْءٍ مِنْ عِلْمِهِ إِلَّا بِمَا شَاءَ وَسِعَ كُرْسِيُّهُ السَّمَاوَاتِ وَالْأَرْضَ وَلَا يَئُودُهُ حِفْظُهُمَا وَهُوَ الْعَلِيُّ الْعَظِيمُ } وفيها ثلاث مسائل .

 :  المسألة الأولى :  إثبات الشفاعة .

قال ابن حزم – رحمه الله تعالى - :

والشفاعة حق ،  يخرج الله عز وجل بها من النار من فاضت سيئاته وكبائره على حسناته .  كما صح عن النبي صلى الله عليه وسلم وهي مرتبة خص الله بها عبده ورسوله محمد صلى الله عليه وسلم كما جاء عنه  "" أن لكل نبي دعوة وأنه عليه الصلاة والسلام اختبأ دعوته شفاعة لأمته ""  .

وقد صح أيضا عنه عليه الصلاة والسلام  "" أن للنبيين والصالحين شفاعة خاصة ""  .

إلا أن الشفاعة العامة له صلى الله عليه وسلم فقط .

 .  .  .  . ثم قال – رحمه الله تعالى –

اختلف الناس في الشفاعة فأنكرها قوم ،  واحتجوا بقول الله تعالى {  فما تنفعهم شفاعة الشافعين } .

ويقول تعالى {  واتقوا يوما لا تجزي نفس عن نفس شيئا ولا يقبل منها شفاعة } ويقول تعالى {  من قبل أن يأتي يوم لا بيع فيه ولا خلة ولا شفاعة } ويقول تعالى {  فما لنا من شافعين ولا صديق حميم } .

قال أبو محمد :  من يؤمن بالشفاعة أنه لا يجوز الاقتصار على بعض القرآن دون بعض ،  ولا على بعض السنن دون بعض ،  ولا على القرآن دون بيان رسول الله صلى الله عليه وسلم الذي قال له ربه عز وجل {  لتبين للناس ما نزل إليهم } .

وقد نص الله تعالى على صحة الشفاعة في القرآن فقال تعالى {  لا يملكون الشفاعة إلا من اتخذ عند الرحمن عهدا } فأوجب الله تعالى الشفاعة إلا من اتخذ عنده عهدا بالشفاعة ونفاها عن سواه فقد اتخذ محمد صلى الله عليه وسلم عهدا بالشفاعة وصحت بذلك الأخبار المتواترة ،  المتناصرة ،  بنقل الكواف لها قال تعالى {  يومئذ لا تنفع الشفاعة إلا من أذن له الرحمن ورضي له قولا } .

وقال تعالى {  ولا تنفع الشفاعة عنده إلا لمن أذن له } .

فنص تعالى على أن الشفاعة يوم القيامة تنفع عنده عز وجل ممن أذن له فيها ،  ورضي قوله ،  ولا أحد من الناس تنفع عنده بذلك من محمد صلى الله عليه وسلم ،  لأنه أفضل ولد آدم عليه السلام .

وقال تعالى {  من ذا الذي يشفع عنده إلا بإذنه } وقال {  وكم من ملك في السموات لا تغني شفاعتهم شيئا إلا من بعد أن يأذن الله لمن يشاء ويرضى } .

فقد صحت الشفاعة بنص القرآن الذي لا يأتيه الباطل من بين يديه ولا من خلفه فصح يقينا أن الشفاعة التي أبطلها الله عز وجل ،  هي غير الشفاعة التي أثبتها عز وجل ،  وإذ لا شك في ذلك فالشفاعة التي أبطل عز وجل هي الشفاعة للكفار الذين هم مخلدون في النار .

 :  المسألة الثانية :  معنى قوله تعالى {  ولا يحيطون بشيء من علمه إلا بما شاء } .

قال ابن حزم – رحمه الله تعالى - :

أن كلام الله تعالى واجب أن يحمل على ظاهره ،  ولا يحال عن ظاهره البتة إلا أن يأتي نص أو إجماع أو ضرورة حس على أن شيئا منه ليس على ظاهره ،  وأنه قد نقل عن ظاهره إلى معنى آخر ،  فالانقياد واجب علينا لما أوجبه من ذلك النص أو الإجماع أو الضرورة ،  لأن كلام الله تعالى وأخباره لا تختلف والإجماع لا يأتي إلا بحق ،  والله تعالى لا يقول إلا الحق ،  كل ما أبطله برهان ضروري فليس بحق ،  فإذ هذا كما قلنا .

وقد ثبت أن علم الله تعالى ليس عرضا ولا جسما أصلا لا محمولا فيه ،  ولا في غيره ،  ولا هو شيء غير الباري تعالى فالبضرورة نعلم أن معنى قوله تعالى {  ولا يحيطون بشيء من علمه } إنما المراد العلم المخلوق الذي أعطاه الله عباده وهو عرض في العالمين من عباده محمول فيهم ،  وهو مضاف إليه عز وجل بمعنى الملك ،  وهذا لا شك فيه ،  لأنه لا علم لنا إلا ما علمنا .

قال الله تعالى {  وما أوتيتم من العلم إلا قليلا } يريد الله تعالى ،  ما خلق من العلوم وبثها في عباده كما قال الخضر لموسى عليهما السلام ( ( إني على علم من الله لا تعلمه أنت ،  وأنت على علم من الله لا أعلمه أنا ،  وما نقص علمي وعلمك من علم الله إلا كما نقص هذا العصفور من البحر ) ) .

قال أبو محمد :  فهذه إضافة الملك كما بينا ،  وإنما أضيف العلم ها هنا إلى الله تعالى إضافة ملك كما قال تعالى {  هذا خلق الله } .

وكما قال تعالى في عيسى عليه السلام :  إنه روح الله وهذا كله إضافة الملك ،  فهذا معنى قوله تعالى {  ولا يحيطون بشيء من علمه إلا بما شاء } .

وقد نفى الله تعالى الإحاطة من الخلق به فقال عز وجل {  ولا يحيطون به علما } .

قال أبو محمد :  ويخرج أيضا على ظاهر أحسن خروج دون تأويل ولا تكلف فيكون معنى قوله تعالى {  ولا يحيطون بشيء من علمه إلا بما شاء } أي من العلم بالله تعالى ،  وهذا حق لا شك فيه لأننا لا نحيط من العلم به تعالى إلا ما علمنا .  قال تعالى {  ولا يحيطون به علما } فيكون معنى ( ( من علمه ) ) أي معرفته .

 :  المسألة الثالثة :  رأيه التفسيري في قوله تعالى {  وسع كرسيه السموات والأرض } .

قال ابن حزم – رحمه الله تعالى - :

قال الله عز وجل {  سبع سموات طباقا } .

وقال تعالى {  ولقد خلقنا فوقكم سبع طرائق } .

هكذا قام البرهان من قبل كسوف الشمس والقمر وبعض الدراري لبعض على أنها سبع سماوات وعلى أنها طرائق .

وقوله {  طرائق } يقتضي متطرقا فيها ،  وقال تعالى {  وسع كرسيبه السموات والأرض } .

وهذا نص ما قام عليه البرهان من انطباق بعضها على بعض ،  وإحاطة الكرسي بالسبع السموات والأرض ،  وقال رسول الله صلى الله عليه وسلم  "" فاسألوا الله الفردوس الأعلى ،  فإنه وسط الجنة وأعلى الجنة وفوق ذلك عرش الرحمن ""  ،  ."
2,256,"قال تعالى :  {  لا إكراه في الدين قد تبين الرشد من الغي فمن يكفر بالطاغوت ويؤمن بالله فقد استمسك بالعروة الوثقى لا انفصام لها والله سميع عليم }

وفيها مسألتان .

 :  المسألة الأولى :  هل الآية محكمة أم منسوخة ؟

قال ابن حزم – رحمه الله تعالى - :

قوله تعالى {  لا إكراه في الدين } مخصوص بالنصوص الثابتة أن رسول الله صلى الله عليه وسلم أكره غير أهل الكتاب على الإسلام أو السيف وأيضا فإن الأمة كلها مجمعة على إكراه المرتد على الإسلام والقوم الذي أخبر عز وجل أنهم أوتوا الكتاب ،  ثم أمر تعالى بقتالهم حتى يعطوا الجزية عن يد ،  قد ماتوا وحدث غيرهم ،  والحس يشهد بأن هؤلاء الذين هم أبناء أولئك ليسوا الذين أوتوا التوراة والإنجيل والصحف والزبور ،  بل هم غيرهم بلا شك ،  فإنما أقروا بإقرار النبي صلى الله عليه وسلم لمن تناسل منهم ،  وأمر بذلك ،  فمن توالد منهم فقط ،  لا نص فيه فهو داخل في قوله تعالى {  فاقتلوا المشركين حيث وجدتموهم وخذوهم واحصروهم واقعدوا لهم كل مرصد فإن تابوا وأقاموا الصلاة وآتوا الزكاة فخلوا سبيلهم } .

وهذا بيّن والله تعالى الموفق لا إله إلا هو .

قال – رحمه الله تعالى - :

قال الله تعالى {  لا إكراه في الدين } فصح أن هذه الآية ليست على ظاهرها وإنما هي فيمن نهانا الله تعالى أن نكرهه ،  وهم أهل الكتاب خاصة .

 :  المسألة الأولى :  رأيه التفسيري في قوله تعالى {  قد تبين الرشد من الغي } .

قال ابن حزم – رحمه الله تعالى - :

قال الله تعالى {  لا إكراه في الدين قد تبين الرشد من الغي } فنص تعالى على أن الرشد قد تبين من الغي عموما .

وحجة الله تعالى قد قامت واستبانت لكل من بلغته النذارة من مؤمن وكافر وبر وفاجر .

قال تعالى {  لا إكراه في الدين قد تبين الرشد من الغي }

وقال تعالى {  ليهلك من هلك عن بينة ويحيى من حي عن بينة } ،  ."
2,260,"قال تعالى :  {  وَإِذْ قَالَ إِبْرَاهِيمُ رَبِّ أَرِنِي كَيْفَ تُحْيِي الْمَوْتَى قَالَ أَوَلَمْ تُؤْمِنْ قَالَ بَلَى وَلَكِنْ لِيَطْمَئِنَّ قَلْبِي قَالَ فَخُذْ أَرْبَعَةً مِنَ الطَّيْرِ فَصُرْهُنَّ إِلَيْكَ ثُمَّ اجْعَلْ عَلَى كُلِّ جَبَلٍ مِنْهُنَّ جُزْءًا ثُمَّ ادْعُهُنَّ يَأْتِينَكَ سَعْيًا وَاعْلَمْ أَنَّ اللَّهَ عَزِيزٌ حَكِيمٌ }

وفيها مسألة واحدة :

 :  المسألة :  رأيه التفسيري في قوله تعالى {  وإذ قال إبراهيم رب أرني كيف تحي الموتى }

قال ابن حزم – رحمه الله تعالى - :

أما قوله تعالى {  رب أرني كيف تحي الموتى قال أولم تؤمن قال بلى ولكن ليطمئن قلبي }

فلن يقرره ربُنا عز وجل وهو يشك في إيمان إبراهيم عبده وخليله ورسوله عليه السلام تعالى الله عن ذلك .

ولكن تقريرا للإيمان في قلبه ،  وإن لم ير كيفية إحياء الموتى ،  فأخبر عليه السلام عن نفسه أنه مؤمن مصدق وإنما أراد أن يرى الكيفية فقط ويعتبر بذلك ،  وما شك إبراهيم عليه السلام في أن الله سبحانه وتعالى يحي الموتى ،  وإنما أراد أن يرى الهيئة .

 .  .  . وما روي عن النبي صلى الله عليه وسلم في قوله تعالى  "" نحن أحق بالشك من إبراهيم ""  .

فمن ظن أن النبي صلى الله عليه وسلم شك قط في قدرة ربه عز وجل على إحياء الموتى فقد كفر ،  وهذا الحديث حجة لنا على نفي الشك عن إبراهيم عليه السلام ،  أي لو كان هذا الكلام من إبراهيم عليه السلام شكا لكان من لم يشاهد من القدرة ما شاهد إبراهيم عليه السلام أحق بالشك ،  فإذا كان من لم يشاهد من القدرة ما شاهد إبراهيم غير شاك ،  فإبراهيم عليه السلام أبعد من الشك ."
2,264,"قال تعالى :  {  يَا أَيُّهَا الَّذِينَ آَمَنُوا لَا تُبْطِلُوا صَدَقَاتِكُمْ بِالْمَنِّ وَالْأَذَى كَالَّذِي يُنْفِقُ مَالَهُ رِئَاءَ النَّاسِ وَلَا يُؤْمِنُ بِاللَّهِ وَالْيَوْمِ الْآَخِرِ فَمَثَلُهُ كَمَثَلِ صَفْوَانٍ عَلَيْهِ تُرَابٌ فَأَصَابَهُ وَابِلٌ فَتَرَكَهُ صَلْدًا لَا يَقْدِرُونَ عَلَى شَيْءٍ مِمَّا كَسَبُوا وَاللَّهُ لَا يَهْدِي الْقَوْمَ الْكَافِرِينَ } وفيها مسألة واحدة .

 :  المسألة :  حكم المن .

قال ابن حزم – رحمه الله تعالى - :

ولا يحل لأحد أن يمن بما فعل من خير إلا من كثر إحسانه وعومل بالمساءة ،  فله أن يعدد إحسانه ،  قال تعالى {  لا تبطلوا صدقاتكم بالمن والأذى } .

روينا من طريق شعبة سمعت سليمان – هو الأعمش – عن سليمان بن مسهر عن خرشة بن الحر عن أبي ذر قال رسول الله صلى الله عليه وسلم  "" ثلاثة لا يكلمهم الله يوم القيامة ولا ينظر إليهم ولا يزكيهم ولهم عذاب أليم :  المنان بما أعطى ،  والمسبل إزاره ،  والمنفق سلعته بالحلف الكاذبة ""  .

ومن طريق مسلم نا سريج بن يونس نا إسماعيل بن جعفر عن عمرو بن يحي بن عمارة عن عباد بن تميم عن عبد الله بن زيد لما فتح رسول الله صلى الله عليه وسلم حنينا قسم الغنائم فأعطى المؤلفة قلوبهم فبلغه أن الأنصار يحبون لأن يصيبوا ما أصاب الناس فقام رسول الله صلى الله عليه وسلم فخطبهم فقال :  يا معشر الأنصار ألم أجدكم ضلالا فهداكم الله بي ،  وعالة فأغناكم الله بي ،  ومتفرقين فجمعكم الله بي ؟  ويقولون :  الله ورسوله أمن ؟  فقال آلا تجيبونني أما إنكم لو شئتم أن تقولوا كذا ،  وكان من الأمر كذا – أشياء ذكر عمرو أنه لا يحفضونها .

فهذا موضع إباحة تعديد الإحسان .  وبالله تعالى التوفيق ."
2,267,"قال تعالى :  {  يَا أَيُّهَا الَّذِينَ آَمَنُوا أَنْفِقُوا مِنْ طَيِّبَاتِ مَا كَسَبْتُمْ وَمِمَّا أَخْرَجْنَا لَكُمْ مِنَ الْأَرْضِ وَلَا تَيَمَّمُوا الْخَبِيثَ مِنْهُ تُنْفِقُونَ وَلَسْتُمْ بِآَخِذِيهِ إِلَّا أَنْ تُغْمِضُوا فِيهِ وَاعْلَمُوا أَنَّ اللَّهَ غَنِيٌّ حَمِيدٌ }

وفيها مسألة واحدة .

 :  المسألة :  المراد بالخبيث .

قال ابن حزم – رحمه الله تعالى - :

والقول في زكاة التمر ،  أي تمر أخرج أجزأه ،  سواء من جنس تمره ،  أو من غير جنسه ،  أدنى من تمره أو أعلى ،  ما لم يكن رديئا كما ذكرنا ،  أو معفونا ،  أو متآكلا ،  أو الجُعْرور ،  أو لون الحبيق ،  فلا يجزئ إخراج شيء من ذلك أصلا ،  سواء كان تمره كله من هذين النوعين ،  أو من غيرهما ،  وعليه أن يأتي بتمر سالم غير رديء ،  ولا من هذين اللونين .

برهان ذلك قوله تعالى {  ولا تيمموا الخبيث منه تنفقون ولستم بآخذيه إلا أن تغمضوا فيه } .

حدثنا حمام ثنا عباس بن أصبغ ثنا محمد بن عبد الملك بن أيمن ثنا إسماعيل بن إسحاق القاضي ثنا أبو الوليد الطيالسي ثنا سليمان بن كثير ثنا الزهري عن أبي أمامة بن سهل بن حنيف عن أبيه ( أن رسول الله صلى الله عليه وسلم نهى عن لونين من التمر :  الجعرور ،  ولون الحبيق ،  وكان الناس يتيممون شرار ثمارهم ،  فيخرجونها في الصدقة ،  فنهوا عن ذلك ونزلت الآية ( ولا تيمموا الخبيث منه تنفقون } ،  .

حدثنا محمد بن سعيد بن نبات ثنا أحمد بن عبد البصير ثنا قاسم ابن أصبغ ثنا محمد بن عبد السلام الخشني ثنا محمد بن المثنى ثنا مؤمل بن إسماعيل الحميري ثنا سفيان الثوري ثنا إسماعيل السدي عن أبي مالك عن البراء بن عازب قال ( ( كانوا يجيئون في الصدقة بأدنى طعامهم ،  وأدنى تمرهم فنزلت الآية {  يأيها الذين آمنوا أنفقوا من طيبات ما كسبتم ومما أخرجنا لكم من الأرض ولا تيمموا الخبيث منه تنفقون ولستم بآخذيه إلا أن تغمضوا فيه } ،  .

فإن قال قائل :  الخبيث لا يكون إلا حراما .

قلنا :  نعم ،  وهذا المنهي عن إخراجه في الصدقة هو حرام فيها ،  فهو خبيث فيها لا في غيرها ،  ولا ينكر كون الشيء طاعة في وجه معصية في وجه آخر ،  كالأكل للصائم عند غروب الشمس ،  وهو طاعة لله تعالى طيب حلال ،  ولو أكله في صلاة المغرب لأكل حراما عليه خبيثا في تلك الحال ،  كذلك الميتة ولحم الخنزير ،  هما حرامان خبيثان لغير المضطر ،  وهما للمضطر غير المتجانف لإثم حلالان طيبان غير خبيثين ،  وهكذا أكثر الأشياء في الشرائع .

حدثنا عبد الله بن ربيع ثنا عمر بن عبد الملك ثنا محمد بن أبي بكر ثنا أبو داود ثنا محمد بن يحي ابن فارس ثنا سعيد بن سليمان ثنا عباد عن سفيان بن حسين عن الزهري عن أبي أمامة بن سهل ابن حنيف عن أبيه قال ( نهى رسول الله صلى الله عليه وسلم عن الجعرور ،  ولون ابن حبيق أن يأخذا في الصدقة ) .

قال الزهري :  ( ( لونين من تمر المدينة ) ) .  ."
2,271,"قال تعالى :  {  إن تبدوا الصدقات فنعما هي وإن تخفوها وتؤتوها الفقراء فهو خير لكم ويكفر عنكم من سيئاتكم والله بما تعملون خبير } .

وفيها مسألة واحدة .

 :  المسألة :  هل الأفضل إخفاء الصدقة أو إظهارها ؟

قال أبو محمد – رحمه الله تعالى - :

إظهار الصدقة – الفرض والتطوع – من غير أن ينوي بذلك رياء :  حسن ،  وإخفاء ذلك أفضل ،  وهو قول أصحابنا .

وقال مالك :  إعلان الفرض أفضل .

قال أبو محمد :  وهذا فرق لا برهان على صحته .

قال الله تعالى {  إن تبدوا الصدقات فنعما هي وإن تخفوها وتؤتوها الفقراء فهو خير لكم } .

فإن قالوا نقيس ذلك على صلاة الفرض ؟

قلنا :  القياس كله باطل ،  فإن قلتم :  هو حق ،  فأذنوا للزكاة كما يؤذن للصلاة ،  ومن الصلاة غير الفرض ما يعلن بها كالعيدين ،  والكسوف ،  وركعتين دخول المسجد ،  فقيسوا صدقة التطوع على ذلك ."
2,272,"قال تعالى :  {  ليس عليك هداهم ولكن الله يهدي من يشاء وما تنفقوا من خير فلأنفسكم وما تنفقون إلا ابتغاء وجه الله وما تنفقوا من خير يوف إليكم وأنتم لا تظلمون } .

وفيها مسألة واحدة .

 :  المسألة :  أنواع الهداية .

قال ابن حزم – رحمه الله تعالى - :

إن الهدى في اللغة العربية من الأسماء المشتركة ،  فهي التي يقع الإسم فيها على مسميين مختلفين بنوعيهما فصاعدا ،  فالهدى يكون بمعنى الدلالة ،  نقول هديت فلانا الطريق بمعنى أريته إياه ،  وأوقفته عليه ،  وأعلمته إياه سواء سلكه أو تركه .

وتقول :  فلان هاد الطريق ،  أي هو دليل فيه ،  فهذا هو الهدى الذي هدى الله تعالى ثمود وجميع الجن والملائكة وجميع الأنس كافرهم ومؤمنهم لأنه تعالى دلهم على الطاعات والمعاصي وعرفهم ما يسخط مما يرضي .

فهذا معنى ،  ويكون الهدى بمعنى التوفيق والعون على الخير ،  والتيسير له وخلقه لقبول الخير في النفوس ،  فهذا هو الذي أعطاه الله عز وجل الملائكة كلهم ،  والمهتدين من الإنس والجن ،  ومنعه الكفار من الطائفتين والفاسقين فيما فسقوا فيه ،  ولو أعطاهم إياه تعالى لما كفروا ولا فسقوا .  وبالله تعالى التوفيق .

ثم قال – رحمه الله تعالى - :

وأيضا فإن الله تعالى قال لرسوله صلى الله عليه وسلم {  ليس عليك هداهم ولكن الله يهدي من يشاء } وقال تعالى {  وإنك لتهدي إلى صراط مستقيم } صراط الله ،  فصح يقينا أن الهدى الواجب على النبي صلى الله عليه وسلم هو الدلالة وتعليم الدين وهو غير الهدى الذي ليس هو عليه ،  وإنما هو على الله تعالى وحده ."
2,273,"قال تعالى :  {  للفقراء الذين أحصروا في سبيل الله لا يستطيعون ضربا في الأرض يحسبهم الجاهل أغنياء من التعفف تعرفهم بسيماهم لا يسألون الناس إلحاقا وما تنفقوا من خير فإن الله به عليم }

وفيها مسألة واحدة .

 :  المسألة :  المراد بالإحصار .

قال ابن حزم – رحمه الله تعالى - :

اختلف الصحابة ومن بعدهم في الإحصار :

فروينا من طريق وكيع نا سفيان الثوري عن موسى بن عقبة عن نافع عن ابن عمر قال :  لا إحصار إلا من عدو .

ومن طريق مسلم نا إسحاق بن إبراهيم – هو ابن راهوية – أنا عيسى ابن يونس نا زكرينا – هو ابن أبي زائدة – عن أبي إسحاق السبيعي عن البراء بن عازب قال :  ( ( لما أحضر النبي صلى الله عليه وسلم عند البيت صالحه أهل مكة على أن يدخلها فيبقى بها ثلاثا ولا يدخلها إلا بجلبان السلاح السيف وقرابه ،  ولا يخرج بأحد معه من أهلها ،  ولا يمنع أحدا يمكث ممن كان معه ) ) .

فسمى البراء منع العدو :  إحصارا .

وروينا عن إبراهيم النخعي :  الإحصار من الخوف والمرض ،  والكسر .

ومن طريق ابن جريج عن عطاء قال :  الإحصار من كل شيء يحبسه .

وأما الحصر :  فروينا عن مجاهد عن ابن مسعود أنه قال :  الحصر :  المرض ،  والكسر وشبهه ومن طريق ابن جريج عن ابن طاووس عن أبيه عن ابن عباس قال :  لا حصر إلا من حبسه عدو .

وعن طاووس قال :  لا حصر الآن ،  وقد ذهب الحصر .

وعن هشام بن عروة عن أبيه قال :  الحصر ما حبسه من حابس من وجع أو خوف ،  أو ابتغاء ضالة . وعن معمر عن الزهري قال :  الحصر ما منعه من وجع ،  أو عدو حتى يفوته الحج .

وفرق قوم بين الإحصار والحصر :

فروينا عن الكسائي قال :  ما كان من المرض فإنه يقال فيفه أحصر ،  فهو محصر ،  وما كان من حبس قيل حصر .

وقال أبو عبيد :  قال أبو عبيدة :  ما كان من مرض ،  أو ذهاب نفقة ،  قيل فيه أحصر فهو محصر ،  وما كان من حبس .  قيل :  حصر :  وبه يقول أبو عبيد .

قال أبو محمد :  هذا لا معنى له ،  قول الله تعالى هو الحجة في اللغة والشريعة قال الله تعالى {  فإن أحصرتم فما استيسر من الهدي } وإنما نزلت هذه الآية في أمر الحديبية إذ منع الكفار رسول الله صلى الله عليه وسلم من إتمام عمرته ،  وسمى الله تعالى منع العدو إحصارا .

وكذلك قال البراء بن عازب ،  وابن عمر ،  وإبراهيم النخعي ،  وهم في اللغة فوق أبي عبيدة ،  وأبي عبيد ،  والكسائي .

قال الله تعالى {  للفقراء الذين أحصروا في سبيل الله لا يستطيعون ضربا في الأرض يحسبهم الجاهل أغنياء من التعفف تعرفهم بسيماهم لا يسألون الناس إلحاقا } فهذا هو منع العدو لا شك ،  لأن المهاجرين إنما منعهم من الضرب في الأرض الكفار بلا شك ،  وبين ذلك بقوله {  في سبيل الله } .

فصح أن الإحصار والحصر بمعنى واحد ،  وأنهما إسمان يقعان على كل مانع من عدو ،  أو مرض ،  أو غير ذلك أي شيء كان ."
2,275,"قال تعالى :  {  الَّذِينَ يَأْكُلُونَ الرِّبَا لَا يَقُومُونَ إِلَّا كَمَا يَقُومُ الَّذِي يَتَخَبَّطُهُ الشَّيْطَانُ مِنَ الْمَسِّ ذَلِكَ بِأَنَّهُمْ قَالُوا إِنَّمَا الْبَيْعُ مِثْلُ الرِّبَا وَأَحَلَّ اللَّهُ الْبَيْعَ وَحَرَّمَ الرِّبَا فَمَنْ جَاءَهُ مَوْعِظَةٌ مِنْ رَبِّهِ فَانْتَهَى فَلَهُ مَا سَلَفَ وَأَمْرُهُ إِلَى اللَّهِ وَمَنْ عَادَ فَأُولَئِكَ أَصْحَابُ النَّارِ هُمْ فِيهَا خَالِدُونَ } وفيها مسألتان .

 :  المسألة الأولى :  حكم الربا وفيم يكون .

قال ابن حزم – رحمه الله تعالى - :

الربا من أكبر الكبائر قال تعالى {  الذين يأكلون الربا لا يقومون إلا كما يقوم الذي يتخبطه الشيطان من المس ذلك بأنهم قالوا إنما البيع مثل الربا وأحل الله البيع وحرم الربا } .

وقال تعالى {  يأيها الذين آمنوا اتقوا الله وذروا ما بقي من الربا إن كنتم مؤمنين * فإن لم تفعلوا فأذنوا بحرب من الله ورسوله } .

ومن طريق مسلم نا هارون بن سعيد الأيلي نا ابن وهب أخبرني سليمان بن بلال عن ثور بن زيد عن أبي الغيث عن أبي هريرة أن رسول الله صلى الله عليه وسلم قال :   "" اجتنبوا السبع الموبقات ""  ،  قيل :  ما هن يا رسول الله ؟  قال :   "" الشرك بالله ،  والسحر ،  وقتل النفس التي حرم الله إلا بالحق ،  وأكل مال اليتيم ،  وأكل الربا ،  والتولي يوم الزحف ،  وقذف المحصنات الغافلات المؤمنات ""  .

ومن طريق مسلم نا عثمان بن أبي شيبة نا جرير- هوابن عبد الحميد – عن المغيرة بن مقسم نا إبراهيم – هو النخعي – عن علقمة بن قيس عن ابن مسعود قال :  ( لعن رسول الله صلى الله عليه وسلم آكل الربا وموكله ) .

والربا لا يكون إلا في بيع ،  أو قرض ،  أو سلم ،  وهذا ما لا خلاف فيه من أحد ،  لأنه لم تأت النصوص إلا بذلك ،  ولا حرام إلا ما فعل تحريمه قال تعالى {  خلق لكم ما في الأرض جميعا } وقال تعالى {  وأحل الله البيع وحرم الربا } ،  وقال تعالى {  وقد فصل لكم ما حرم عليكم } .

والربا لا يجوز في البيع والسلم إلا في ستة أشياء فقط :  في التمر ،  والقمح ،  والشعير ،  والملح ،  والذهب والفضة ،  وهو في القرض في كل شيء فلا يحل إقراض شيء ليرد إليك أقل أو أكثر ،  ولا نوع آخر أصلا ،  لكن مثل ما أقرضت في نوعه ومقداره وهذا إجماع مقطوع به .

وكذلك الذي ذكرنا من وقوع الربا في الأنواع الستة المذكورة في البيع والسلم ،  فهو إجماع مقطوع به ،  وما عدا الأنواع المذكورة مختلف فيه ،  أيقع فيه الربا أم لا ؟

قال أبو محمد :  فإذا أحل الله تعالى البيع وحرم الربا فواجب طلب معرفته ليجتنب قال تعالى {  وقد فصل لكم ما حرم عليكم إلا ما اضطرتم إليه } .

فصح أن ما فصل لنا بيانه على لسان رسوله عليه الصلاة والسلام من الربا ،  أو من الحرام ،  فهو ربا وحرام ،  وما لم يفصل لنا تحريمه فهو حلال ،  لأنه لو جاز أن يكون في الشريعة شيء حرمه الله تعالى ثم لم يفصله لنا ولا يبينه رسوله عليه الصلاة والسلام لكان تعالى كاذبا في قوله تعالى {  وقد فضل لكم ما حرم عليكم } وهذا كفر صريح متيقن ممن أجازه .

وممن قال لا ربا إلا في الأصناف المذكورة :  طاووس ،  وقتادة ،  وعثمان البتي ،  وأبو سليمان ،  وجميع أصحابنا .

 :  المسألة الثانية :  تأثير الشيطان في المصروع .

قال ابن حزم – رحمه الله تعالى - :

ذهبت طائفة من الناس إلى أن الجن يدخلون في أجسام المصابين ،  وذهب قوم إلى أنهم يؤثرون هذه الآثار على وجه ما غير الدخول .

واحتجت الطائفة الأولى بالحديث الذي يروي ( ( أن الشيطان يجري من ابن آدم مجرى الدم ) ) ولا حجة لهم في هذا لأن المعهود في كلام العرب أن يقال جريت من فلان مجرى الدم ،  وإذا جن عليه جنونه واتصل هواه بهواه واثقا في المودة كما الشاعر :

وقد كنت أجرى في حشاهن مرة *** كجري معين الماء في قصب الآس

فإنما أراد لصوق هواه بقلوبهن ومداخلته لأهوائهن ،  وقد أخبر الله عز وجل أن الشيطان من نار السموم ولا يجوز مداخلته جسم الإنسان إلا على طريق المجاورة .

وقد قال الله تعالى {  الذي يتخبطه الشيطان من المس } فأخبر الله عز وجل ذلك إنما هو على سبيل المماسة ،  على حسب ما قلنا .

وقال الله عز وجل حكاية عن أيوب عليه السلام {  أني مسنى الشيطان بنصب وعذاب * اركض برجلك هذا مغتسل بارد وشراب } وقد يجعل الله عز وجل آله للشياطين تستثير بها الطبيعة استثارة ما فيتولد بها الصراع ويجلب بها الوسوسة كالذي تشاهده من استثارة الطبائع واهتياجها بالكلمة المسموعة وبالحالة يشرف عليها الإنسان فتحليه عن رضى إلى غضب ،  وعن تورع إلى ملام ،  وعن انبساط إلى انقباض ،  وما أشبه ذلك .  والله أعلم بالصواب وإليه المرجع والمآب ."
2,280,"قال تعالى :  {  وإن كان ذو عسرة فنظرة إلى ميسرة وأن تصدقوا خير لكم إن كنتم تعلمون } وفيها مسألة واحدة .

 :  المسألة :  حكم الآية .

قال ابن حزم – رحمه الله تعالى - :

كل من صار حرا بعتق ،  أو كان ابن حر من أمة له ،  أو بأن حملت به حرة ،  أو بأن أعتقت أمه وهي حامل به ،  ولم يستثنه المعتق ،  فإن الحرية قد حصلت له ،  فلا تبطل عليه ،  ولا عمن تناسل منه ذكرا أو أثنى مع هذه السبل من الولادة التي ذكرنا أبدا ،  لا بأن يرتد ،  ولا بأن ترتد ولا بأن يسبى ،  ولا بأن يرتد أبوه أو جده وإن بعد ،  أو جدته وإن بعدت ،  ولا بلحاق بأرض الحرب من أحد أجداده ،  أو جداته أو منه أو منها ،  ولا بإقراره برق ،  ولا بدين ،  ولا ببيعه نفسه ،  ولا بوجه من الوجوه أبدا لأنه لم يوجب ذلك قرآن ولا سنة .

وقد جاء أثر بأن الحر كان يباع في الدين في صدر الإسلام .

إلى أن أنزل الله تعالى {  وإن كان ذو عسرة فنظرة إلى ميسرة } وبالله تعالى التوفيق .

ثم قال :  - رحمه الله تعالى - :

وروينا عن زرازة بن أوفى القاضي أنه باع حرا في دين ،  وروينا أيضا عن الشافعي من طريق غريبة وقد كان ذلك في صدر الإسلام ثم نسخ بقوله تعالى {  فنظرة إلى ميسرة } ."
2,282,"قال تعالى :  {  يَا أَيُّهَا الَّذِينَ آَمَنُوا إِذَا تَدَايَنْتُمْ بِدَيْنٍ إِلَى أَجَلٍ مُسَمًّى فَاكْتُبُوهُ وَلْيَكْتُبْ بَيْنَكُمْ كَاتِبٌ بِالْعَدْلِ وَلَا يَأْبَ كَاتِبٌ أَنْ يَكْتُبَ كَمَا عَلَّمَهُ اللَّهُ فَلْيَكْتُبْ وَلْيُمْلِلِ الَّذِي عَلَيْهِ الْحَقُّ وَلْيَتَّقِ اللَّهَ رَبَّهُ وَلَا يَبْخَسْ مِنْهُ شَيْئًا فَإِنْ كَانَ الَّذِي عَلَيْهِ الْحَقُّ سَفِيهًا أَوْ ضَعِيفًا أَوْ لَا يَسْتَطِيعُ أَنْ يُمِلَّ هُوَ فَلْيُمْلِلْ وَلِيُّهُ بِالْعَدْلِ وَاسْتَشْهِدُوا شَهِيدَيْنِ مِنْ رِجَالِكُمْ فَإِنْ لَمْ يَكُونَا رَجُلَيْنِ فَرَجُلٌ وَامْرَأَتَانِ مِمَّنْ تَرْضَوْنَ مِنَ الشُّهَدَاءِ أَنْ تَضِلَّ إِحْدَاهُمَا فَتُذَكِّرَ إِحْدَاهُمَا الْأُخْرَى وَلَا يَأْبَ الشُّهَدَاءُ إِذَا مَا دُعُوا وَلَا تَسْأَمُوا أَنْ تَكْتُبُوهُ صَغِيرًا أَوْ كَبِيرًا إِلَى أَجَلِهِ ذَلِكُمْ أَقْسَطُ عِنْدَ اللَّهِ وَأَقْوَمُ لِلشَّهَادَةِ وَأَدْنَى أَلَّا تَرْتَابُوا إِلَّا أَنْ تَكُونَ تِجَارَةً حَاضِرَةً تُدِيرُونَهَا بَيْنَكُمْ فَلَيْسَ عَلَيْكُمْ جُنَاحٌ أَلَّا تَكْتُبُوهَا وَأَشْهِدُوا إِذَا تَبَايَعْتُمْ وَلَا يُضَارَّ كَاتِبٌ وَلَا شَهِيدٌ وَإِنْ تَفْعَلُوا فَإِنَّهُ فُسُوقٌ بِكُمْ وَاتَّقُوا اللَّهَ وَيُعَلِّمُكُمُ اللَّهُ وَاللَّهُ بِكُلِّ شَيْءٍ عَلِيمٌ } وفيها ثمان مسائل .

 :  المسألة الأولى :  القرض وفيما يكون .

قال ابن حزم – رحمه الله تعالى - :

القرض فعل خير ،  وهي أن تعطي إنسانا شيئا بعينه من مالك تدفعه إليه ليرد عليك مثله إما حالا في ذمته وإما إلى أجل مسمى ،  هذا مجمع عليه .

وقال تعالى {  إذا تداينتم بدين إلى أجل مسمى فاكتبوه } .

ثم قال – رحمه الله تعالى - :

والقرض جائز في كل ما يحل تملكه وتمليكه بهبة أو غيرها – سواء جاز بيعه أو لم يجز – لأن القرض هو غير البيع ،  لأن البيع لا يجوز إلا بثمن ويجوز بغير نوع ما بعت .

والقرض جائز في الجواري ،  والعبيد ،  والدواب ،  والدور ،  والأراضين ،  وغير ذلك لعموم قوله تعالى {  إذا تداينتم بدين إلى أجل مسمى } فعم تعالى ولم يخص ،  فلا يجوز التخصيص في ذلك بالرأي الفاسد بغير قرآن ولا سنة .

وقولنا في هذا هو قول المزني ،  وأبي سليمان ،  ومحمد بن جرير ،  وأصحابنا .

ثم نقول لهم :  فإذا وطئها ثم ردها فكان ماذا ؟  وطئها بحق نص القرآن قال تعالى {  والذين هم لفروجهم حافظون * إلا على أزواجهم أو ما ملكت أيمانهم فإنهم غير ملومين * فمن ابتغى وراء ذلك فأولئك هم العادون } .  ثم إن ردها بحق ،  لأنه أدى ما عليه فانتقلت من حق إلى حق .

وأما قولهم إنه فرج معار :  فكذب وباطل ،  لأن العارية لا يزال عنها ملك المعير ،  فحرام على غيره وطؤها ،  لأنه ملك يمين غيره ،  وأما المستقرضة فهي ملك يمين المستقرض فهي له حلال ،  وهو مخير بين أن يردها ،  أو يمسكها أو يرد غيرها ،  وليست العارية كذلك .  وبالله تعالى التوفيق .

 :  المسألة الثانية :  حكم الكتابة والإشهاد في الآية ؟

قال ابن حزم – رحمه الله تعالى - :

وفرض على متبايعين – لما قل أو كثر – أن يشهدا على تبايعهما رجلين ،  أو رجلا وامرأتان من العدول ،  فإن لم يجدا عدولا سقط فرض الإشهاد كما ذكرنا ،  فإن لم يشهدا – وهما يقدران على الإشهاد – فقد عصيا الله عز وجل ،  والبيع تام ،  فإن كان البيع بثمن – إلى أجل مسمى – ففرض عليهما مع الإشهاد المذكور أن يكتباه ،  فإن لم يكتباه ،  فقد عصيا الله عز وجل والبيع تام .

فإن لم يقدرا على كاتب فقد سقط عنهما فرض الكتاب .

برهان ذلك قول الله تعالى {  يَا أَيُّهَا الَّذِينَ آَمَنُوا إِذَا تَدَايَنْتُمْ بِدَيْنٍ إِلَى أَجَلٍ مُسَمًّى فَاكْتُبُوهُ وَلْيَكْتُبْ بَيْنَكُمْ كَاتِبٌ بِالْعَدْلِ وَلَا يَأْبَ كَاتِبٌ أَنْ يَكْتُبَ كَمَا عَلَّمَهُ اللَّهُ فَلْيَكْتُبْ وَلْيُمْلِلِ الَّذِي عَلَيْهِ الْحَقُّ وَلْيَتَّقِ اللَّهَ رَبَّهُ وَلَا يَبْخَسْ مِنْهُ شَيْئًا فَإِنْ كَانَ الَّذِي عَلَيْهِ الْحَقُّ سَفِيهًا أَوْ ضَعِيفًا أَوْ لَا يَسْتَطِيعُ أَنْ يُمِلَّ هُوَ فَلْيُمْلِلْ وَلِيُّهُ بِالْعَدْلِ وَاسْتَشْهِدُوا شَهِيدَيْنِ مِنْ رِجَالِكُمْ فَإِنْ لَمْ يَكُونَا رَجُلَيْنِ فَرَجُلٌ وَامْرَأَتَانِ مِمَّنْ تَرْضَوْنَ مِنَ الشُّهَدَاءِ أَنْ تَضِلَّ إِحْدَاهُمَا فَتُذَكِّرَ إِحْدَاهُمَا الْأُخْرَى وَلَا يَأْبَ الشُّهَدَاءُ إِذَا مَا دُعُوا وَلَا تَسْأَمُوا أَنْ تَكْتُبُوهُ صَغِيرًا أَوْ كَبِيرًا إِلَى أَجَلِهِ ذَلِكُمْ أَقْسَطُ عِنْدَ اللَّهِ وَأَقْوَمُ لِلشَّهَادَةِ وَأَدْنَى أَلَّا تَرْتَابُوا إِلَّا أَنْ تَكُونَ تِجَارَةً حَاضِرَةً تُدِيرُونَهَا بَيْنَكُمْ فَلَيْسَ عَلَيْكُمْ جُنَاحٌ أَلَّا تَكْتُبُوهَا وَأَشْهِدُوا إِذَا تَبَايَعْتُمْ وَلَا يُضَارَّ كَاتِبٌ وَلَا شَهِيدٌ وَإِنْ تَفْعَلُوا فَإِنَّهُ فُسُوقٌ بِكُمْ وَاتَّقُوا اللَّهَ وَيُعَلِّمُكُمُ اللَّهُ وَاللَّهُ بِكُلِّ شَيْءٍ عَلِيمٌ } .

قال أبو محمد :  فهذه أوامر مغلظة مؤكدة لا تحتمل تأويلا أمر بالكتاب في المداينة إلى أجل مسمى وبالإشهاد في ذلك في التجارة المدارة ،  كما أمر الشهداء أن لا يأبوا أمرا مستويا ،  فمن أين صار عند هؤلاء القوم أحد الأوامر فرضا والآخر هملا ؟

وأخبر تعالى أن الكاتب إن ضار – ولا شك في أن امتناعه من الكتاب مضارة ،  وأن امتناع الشاهد من الشهادة إذ دعى – فسوق .

ثم أكد تعالى أشد تأكيد ونهانا أن نسأم كتاب ما أمرنا بكتابته صغيرا كان أو كبيرا ،  وأخبر تعالى أن ذلك أقسط عند الله وأقوم للشهادة وأدنى من أن نرتاب وأسقط الجناح في ترك الكتاب خاصة دون الإشهاد في التجارة المدارة ،  ولم يسقط الجناح في ترك الكتاب فيما كان دينا إلى أجل مسمى .

وبهذا جاءت السنة :  كما روينا من طريق غندر عن شعبة عن فراس الخارفي عن الشعبي عن أبي بردة ابن أبي موسى الأشعري عن أبيه قال :  ثلاثة يدعون الله تعالى فلا يستجاب لهم ،  وذكر فيهم :  رجل كان له على رجل دين فلم يشهد عليه وقد أسنده معاذ بن المثنى عن أبيه عن شعبة عن فراس عن الشعبي عن أبي بردة عن أبيه عن النبي صلى الله عليه وسلم .

ومن طريق إسماعيل بن إسحاق القاضي نا علي بن عبد الله – هو ابن المديني – أخبرنا المؤمل بن إٍسماعيل نا سفيان الثوري عن ليث بن أبي سليم عن مجاهد في قول الله تعالى {  وأشهدوا إذا تبايعتم } قال مجاهد :  كان ابن عمر إذا باع بنقد أشهد ،  وإذا باع بنسيئة كتب وأشهد ومن طريق إسماعيل نا علي بن عبد الله نا حسان بن إبراهيم الكرماني نا إبراهيم – هو ابن ميمون الصائغ – عن عطاء بن أبي رباح قال :  تشهد على كل شيء تشتريه وتبيعه ولو كان بدرهم أو بنصف درهم أو أقل فإن الله تعالى يقول {  وأشهدوا إذا تبايعتم } ،  .

نا أبو سعيد الفتى نا محمد بن علي الأدفوي نا أحمد بن محمد بن إسماعيل بن النحاس النحوي نا جعفر بن مجاشع نا إبراهيم بن إٍسحاق نا شجاع نا هشيم عن المغيرة بن مقسم عن إبراهيم النخعي قال :  أشهد إذا بعت ،  وإذا اشتريت ،  ولو على دستجة بقل ،  .

قال ابن النحاس ،  وقال محمد بن جرير الطبري :  لا يحل لمسلم إذا باع واشترى إلا أن يشهد وإلا كان مخالفا لكتاب الله عز وجل وهكذا إن كان إلى أجل فعليه أن يكتب ويشهد إذا وجد كاتبا وهو قول جابر بن زيد ،  وغيره .

ومن طريق إسماعيل بن إسحاق نا يحي بن خلف نا أبو عاصم – هو الضحاك بن مخلد - عن عيسى نا ابن أبي نجيح عن مجاهد في قول الله تعالى {  ولا يأب كاتب } .

قال :  أوجب على الكاتب أن يكتب .

وكل هذا قول أبي سليمان ،  وأصحابنا .

 :  المسألة الثالثة :  المراد بالسفيه في الآية .

قال ابن حزم – رحمه الله تعالى - :

أما قوله تعالى {  ولا تؤتوا السفهاء أموالكم } وقوله تعالى {  فإن كان الذي عليه الحق سفيها أو ضعيفا } .

فإن السفه :  في لغة العرب التي ينزل بها القرآن ،  وبها خوطبنا ،  لا يقع إلا على ثلاثة معان لا رابع لها أصلا :

أحدها :  البذاء والسب باللسان ،  وهم لا يختلفون أن من هذه صفته لا يحجر عليه في ماله ،  فسقط الكلام في هذا الوجه .

والوجه الثاني :  الكفر ،  قال الله تعالى {  وإذا قيل لهم آمنوا كما آمن الناس قالوا أنؤمن كما آمن السفهاء } وقال تعالى حاكيا عن موسى عليه السلام أنه قال لله تعالى {  أتهلكنا بما فعل السفهاء منا } يعني كفرة بني إسرائيل ،  وقال تعالى {  سيقول السفهاء من الناس وما ولاهم عن قبلتهم التي كانوا عليها } .

وقال تعالى {  ومن يرغب عن ملة إبراهيم إلا من سفه نفسه } .

وقال تعالى حاكيا عن مؤمني الجن الذين صدقهم ورضي عنهم قولهم {  وأنه كان يقول سفيهنا على الله شططا } .

فهذا معنى ثاني ،  ولا خلاف منهم ،  ولا منا في أن الكفار لا يمنعون أموالهم ،  وأن معاملتهم في البيع والشراء وهباتهم جائز كل ذلك ،  وأن قوله تعالى {  ولا تؤتوا السفهاء أموالكم } وقوله تعالى {  فإن كان الذي عليه الحق سفيها أو ضعيفا } لم يرد به الله تعالى قط الكفار ،  ولا ذوي البذاء في ألسنتهم .

والمعنى الثالث :  هو عدم العقل للمخاطبة كالمجانين والصبيان فقط وهؤلاء بإجماع منا ومنهم هم اللذين أراد الله تعالى في الآيتين ،  وأن أهل هذه الصفة لا تؤتون أموالهم لكن يكسون فيها ويرزقون ويرفق بهم في الكلام ،  ولا يقبل إقرارهم ،  لكن يقر عنهم وليهم الناظر لهم ،  فصح هذا بيقين .

فمن قال :  إن من يغبن في البيع ولا يحسن حفظ ماله – وإن كان عاقلا مخاطبا بالدين مميزا له – داخل في ( ( إسم السفه ) ) المذكور في الآيتين ،  فقد قال الباطل وقال على الله تعالى مالا علم له به ،  وقفا مالا علم له به ،  ومالا برهان له على صحته ،  وهذا كله حرام لا يحل القول به .

قال تعالى {  وأن تقولوا على الله ما لا تعلمون } ،  وقال تعالى {  فإن كان الذي عليه الحق سفيها أو ضعيفا } .

فإذ لا برهان لهم فليسوا صادقين فيه بلا شدة فصح أن الآيتين موافقتان لقولنا مخالفتان لقولهم وما سمى الله تعالى قط في قرآن ولا رسوله صلى الله عليه وسلم ولا العربي الجاهل بكسب ماله أو المغبون في البيع :  سفيها ،  ( ( السفيه ) ) الذي ذكر في الآية هو الذي لا عقل له لجنونه ،  والضعيف الذي لا قوة له قال تعالى {  ثم جعل من بعد قوة ضعفا } .

والذي لا يستطيع أن يمل :  هو من به آفة في لسانه تمنعه كخرس ونحو ذلك .

ولا يجوز أن يفسر كلام الله تعالى إلا بكلامه ،  أو بكلام رسوله صلى الله عليه وسلم ،  أو بلغة العرب التي أخبر الله تعالى :  أنه أنزل بها القرآن ،  وباليقين الذي لا شك فيه أنه مراد الله تعالى ،  فهذه طريق النجاة ،  وأما بالظنون ،  ومالا برهان عليه ،  فمعاذ الله من هذا .

 :  المسألة الرابعة :  شهادة العبد .

قال ابن حزم – رحمه الله تعالى - :

وشهادة العبد والأمة مقبولة في كل شيء لسيدهما ولغيره كشهادة الحر والحرة ولا فرق .

وأجازت طائفة شهادة في كل شيء كالحر :  كما روينا من طريق ابن أبي شيبة نا حفص بن غياث النخعي عن أشعث عن الشعبي قال :  قال شريح :  لا تجوز شهادة العبد ،  فقال علي :  لكنا نجيزها ،  فكان شريح بعد ذلك يجيزها إلا لسيده .

وبه إلى ابن أبي شيبة نا حفص بن غياث عن المختار بن فلفل قال :  سألت أنس بن مالك عن شهادة العبد ؟  فقال :  جائزة .

ومن طريق وكيع نا سفيان الثوري عن عمار الدُهْني قال :  شهدت شريحا شهد عنده عبد على دار فأجاز شهادته فقيل :  إنه عبد ؟  فقال شريح :  كلنا عبيد وإماء .

ومن طريق عبد الله بن أحمد بن حنبل نا أبي نا عبد الرحمن بن مهدي نا حماد بن زيد عن يحي بن عتيق عن محمد بن سيرين :  أنه كان لا يرى بشهادة المملوك بأسا إذا كان عدلا .

ومن طريق ابن الجهم عن إسماعيل بن إسحاق القاضي نا عارم بن الفضل نا عبد الله بن المبارك عن يعقوب عن عطاء بن أبي رباح قال :  شهادة العبد ،  والمرأة جائزة في النكاح والطلاق .

كتب إلي عبد الله بن عبد الواحد عن الحسن بن عبد الواحد قال :  نا أبو مسلم الكاتب نا عبد الله بن أحمد بن المغلس نا عبد الله بن أحمد بن حنبل نا أبي نا عفان بن مسلم قال :  نا حماد بن سلمة قال :  سئل إياس بن معاوية عن شهادة العبد ؟  قال :  أنا أرد شهادة عبد العزيز بن صهيب !  على الإنكار لردها .

قال أبو محمد :  وهو قول زراردة بن أوفى ،  وعثمان البتى ،  وأبي ثور ،  وأحمد بن حنبل وإسحاق بن راهوية ،  وأبي سليمان وأصحابهم .

وأحد قولي ابن شبرمة .

قال أبو محمد :

أما قول مجاهد ومن تبعه :  شهيدين من رجالكم من الأحرار ،  فباطل عالم وتخصيص لكلام الله تعالى بلا برهان ،  وبالضرورة يدري كل ذي حس سليم !  أن العبيد رجال من رجالنا ،  وأن الإماء نساء من نسائنا .

قال تعالى {  نساؤكم حرث لكم } ،  فدخل في ذلك – لا خلاف – الحرائر والإماء فظهر فساد هذا القول ،  وإنما خاطب الله تعالى في أول الآية الذين آمنوا والعبيد بلا خلاف منهم فهم في جملة المخاطبين بالمداينة ،  والإشهاد ،  والشهادة .

واحتج بعضهم بقول الله تعالى {  عبدا مملوكا لا يقدر على شيء } .

قال أبو محمد :  تحريف كلام الله تعالى عن مواضعه مهلك في الدنيا والآخرة ،  ولم يقل تعالى :  إن كل عبد فهو لا يقدر على شيء ،  إنما ضرب الله تعالى المثل بعبد من عباده هذه صفته وقد توجد هذه الصفة في كثير من الأحرار ومن نسب غير هذا إلى الله تعالى فقد كذب عليه جهارا ،  وأتى بأكبر الكبائر ،  لأن الله تعالى لا يقول إلا حقا .

وبالمشاهدة نعرف كثيرا من العبيد أقدر على الأشياء من كثير من الأحرار .

ونقول لهم :  هل يلزم العبيد الصلاة ،  والصيام ،  والطهارة ،  ويحرم من المآكل ،  والمشارب والفروج وكل ما يحرم على الأحرار .

فمن قولهم :  نعم ،  فقد أكذبوا أنفسهم ،  وشهدوا بأنهم لا يقدرون على أشياء كثيرة ،  فبطل تعلقهم وتمويههم بهذه الآية .

وقالوا :  {  ولا يأب الشهداء إذا ما دعوا } .

قالوا :  والعبد لا يقدر على آداء الشهادة ،  لأنه مكلف خدمة سيده ؟

فقلنا :  كذب من قال هذا بل هو قادر على أداء الشهادة كما يقدر على الصلاة ،  وعلى النهوض إلى من يتعلم منه ما يلزمه من الدين .

ولو سقط من العبد القيام بالشهادة لشغله بخدمة سيده لسقط أيضا عن الحرة ذات الزوج لشغلها بملازمة زوجها .  وقال بعضهم :  العبد سلعة وكيف تشهد السلعة ؟

فقلنا :  فكان ماذا ؟  تشهد السلعة ،  كما يلزم السلعة الصلاة والصيام ،  والقول بالحق ،  وما نعلم لهم في هذه المسألة متعلقا ،  لا بقرآن ،  ولا بسنة ،  ولا رواية صحيحة ولا سقيمة ،  ولا نظر ،  ولا معقول ولا قياس ،  إلا بتخاليط في غاية الفساد ،  وأهذار باردة .

قال أبو محمد :  وكل نص في قرآن أو سنة في شيء من أحكام الشهادات فكلها شاهدة بصحة قولنا ،  إذ لو أراد الله تعالى ورسوله عليه الصلاة والسلام تخصيص عبد من حر في ذلك لكان مقدورا عليه {  وما كان ربك نسيا } .

قال تعالى :  {  ممن ترضون من الشهداء }

وقال تعالى {  إن الذين آمنوا وعملوا الصالحات أولئك هم خير البرية جزاؤهم * عند ربهم جنات عدن تجري من تحتها الأنهار خالدين فيها أبدا رضي الله عنهم ورضوا عنه } فلم يختلف مسلمان قط في أن هذا خير يدخل فيه العبيد والإماء ،  كدخول الأحرار والحرائر ،  وحرام على كل أحد أن لا يرضى عمن أخبر الله تعالى أنه قد رضي عنه ،  فإذا قد رضي الله عن العبد المؤمن العامل بالصالحات ،  ففرض علينا أن نرضى عنه ،  وإذا فرض علينا أن نرضى عنه فرض علينا قبول شهادته .

وأما من ردها لسيده فإن قال :  قد يجبره سيده على الشهادة له ؟

قلنا :  لو كان هذا مانعا من قبول العبد لسيده لكان مانعا من قبول أحد المسلمين للإمام إذا شهد له ،  لأن الإمام أقدر على رعيته من السيد على عبده ،  لأن العبد تعديه جميع الحكام على سيده إذا تظلم منه ويحولون بينه وبين أذاه ،  ولا يقدر أحد على أن يحول بين الإمام والرجل من رعيته ،  فظهر فساد قول مخالفينا .  والحمد لله رب العالمين .

 :  المسألة الخامسة :  شهادة المميز الذي لم يبلغ .

قال ابن حزم – رحمه الله تعالى - :

ولا تقبل شهادة من لم يبلغ من الصبيان ،  لا ذكورهم ولا إناثهم ،  ولا بعضهم على بعض ،  ولا على غيرهم ،  لا في نفس ولا في جراحة ،  ولا في مال ،  ولا يحل الحكم بشيء من ذلك ،  لا قبل افتراقهم ولا بعد افتراقهم .

قال أبو محمد :

وقالت طائفة :  لا تقبل شهادتهم في شيء أصلا ،  كما ذكرنا عن عمر وعن عثمان في الصغير يشهد فترد شهادته ،  ثم يبلغ فيشهد بتلك الشهادة أنها لا تقبل .

وصح عن ابن عباس من طريق ابن أبي مليكة :  لا تقبل شهادة الصبيان في شيء .

وعن عطاء :  لا تجوز شهادة الغلمان حتى يكبروا ،  وعن القاسم بن محمد ،  والنخعي مثل قول عطاء .

وعن الحسن :  لا تقبل شهادة الغلمان على الغلمان .

وعن ابن سيرين :  لا تقبل شهادتهم حتى يبلغوا .

وعن الشعبي وشريح :  أنهما كانا يقبلانها إذا ثبتوا عليها حتى يبلغوا .

وعن عبد الرزاق عن ابن جريج عن الزهري في غلمان شهد بعضهم على بعض بكسر يد صبي منهم ؟  فقال :  لم تكن شهادة الغلماء فيما مضى من الزمان تقبل .  وأول من قضى بذلك مروان

قال أبو محمد :

وبمثل قولنا يقول مكحول ،  وسفيان الثوري ،  وابن شبرمة ،  وإسحاق ابن راهوية وأبو عبيدة ،  وأبو حنيفة ،  والشافعي ،  وأحمد بن حنبل ،  وأبو سليمان وجميع أصحابنا .

قال علي :  لم نجد لمن أجاز شهادة الصبيان حجة أصلا ،  لا من القرآن ولا من السنة ،  ولا رواية سقيمة ،  ولا قياس ،  ولا نظر ،  ولا احتياط ،  بل هو متناقض ،  لأنهم فرقوا بين شهادتهم على كبير أو لكبير ،  وبين شهادتهم على صغير أو لصغير ؟  .

وقد اختلف الصحابة في ذلك ،  وحجة من قال بقولنا هو قول الله تعالى {  وأشهدوا ذوى عدل منكم } وقال تعالى {  ممن ترضون من الشهداء }

وليس الصبيان ذوي عدل ولا يرضاهم ،  وقال رسول الله صلى الله عليه وسلم  "" رفع القلم عن ثلاثة فذكر الصبي حتى يبلغ ""  ،  وليس من العجب أكثر من رد شهادة عبد فاضل ،  صالح ،  عدل ،  رضي ،  وتقبل شهادة صبيين لا عقل لهما ،  ولا دين ،  وفي هذا كفاية وبالله تعالى التوفيق .

 :  المسألة السادسة :  شهادة النساء .

قال ابن حزم – رحمه الله تعالى - :

قال الله تعالى {  واستشهدوا شهيدين من رجالكم } بيان جلي على أن المراد بذلك الرجال والنساء معا ،  لأنه لا يجوز في اللغة أن يخاطب الرجال فقط ،  بأن يقال لهم :  {  من رجالكم } وإنما كان يقال من أنفسكم .

فإن قالوا :  قد تيقنا أن الرجال مرادون بالخطاب الوارد بلفظ الذكور ،  ولم نوقن ذلك في النساء ،  فالتوقف فيهن واجب .

قيل له :  قد تيقنا أن رسول الله صلى الله عليه وسلم مبعوث إليهن كما هو إلى الرجال وإن الشريعة التي هي الإسلام لازمة لهن كلزومها للرجال .

وأيقنا أن الخطاب بالعبادات والأحكام متوجه إليهن ،  كتوجهه إلى الرجال إلا ما خصهن أو خص الرجال منهن دلي ،  وكل هذا يوجب ألا يفرد الرجال دونهن بشيء قد صح اشتراك الجميع فيها إلا بنص أو إجماع .

قال أبو محمد :

ولا يجوز أن يقبل في الزنى أقل من أربعة رجال عدول مسلمين ،  أو مكان كل رجل امرأتان مسلمتان عدلتان ،  فيكون ثلاثة رجال وامرأتين ،  أو رجلين وأربع نسوة ،  أو رجلا واحد وست نسوة ،  أو ثمان نسوة فقط .

ولا يقبل في سائر الحقوق كلها من الحدود والدماء ،  وما فيه القصاص والنكاح والطلاق والرجعة ،  والأموال ،  إلا رجلان مسلمان عدلان ،  أو رجل وامرأتان كذلك ،  أو أربع نسوة كذلك – ويقبل في كل ذلك – حاشا الحدود – رجل واحد عدل أو امرأتان كذلك مع يمين الطالب .

ويقبل من الرضاع وحدة امرأة واحدة عدلة أو رجل واحد عدل .

فأما وجوب قبول أربعة في الزنى فبنص القرآن ،  ولا خلاف فيه قال تعالى {  والذين يرمون المحصنات ثم لم يأتوا بأربعة شهداء فاجلدوهم ثمانين جلدة } .

وأما قبول رجلين في سائر الحقوق كلها ،  أو رجل وامرأتان في الديون المؤجلة فإن الله تعالى قال {  إذا تداينتم بدين إلى أجل مسمى } إلى قوله تعالى {  واستشهدوا شهيدين من رجالكم فإن لم يكونا رجلين فرجل وامرأتان ممن ترضون من الشهداء } وقال تعالى {  إذا طلقتم النساء فطلقوهن لعدتهن } إلى قوله تعالى {  فأمسكوهن بمعروف أو فارقوهن بمعروف وأشهدوا ذوى عدل منكم } .

قال أبو محمد :

كان حجة من لم ير قبول النساء منفردات ،  ولا قبول امرأة مع رجل إلا في الديون المؤجلة فقط ،  أن قالوا :  أمر الله تعالى في الزنى بقبول أربعة وفي الديون المؤجلة برجلين ،  أو رجل وامرأتين ،  وفي الوصية في السفر باثنين من المسلمين ،  أو باثنين من غير المسلمين يحلفان مع شهادتهما وفي الطلاق والرجعة بذوي عدل منا ،  وقال رسول الله صلى الله عليه وسلم في التداعي ،  في أرض :  ( شاهداك أو يمينه ليس لك إلا ذلك ) ،  فلم يذكر الله تعالى ولا رسوله عليه الصلاة والسلام عدد الشهود وصفتهم إلا في هذه النصوص فقط ،  فوجب الوقوف عندها ،  وأن لا نتعدى ،  وأن لا يقبل فيما عدا ذلك إلا ما اتفق المسلمون على قبوله .

قال أبو محمد :

إن وجه الكلام والصدع بالحق :  هو أن الله تعالى أمرنا عند التبايع بالإشهاد ،  فقال تعالى {  وأشهدوا إذا تبايعتم } ،  وأمرنا إذا تداينا بدين مؤجل أن نكتبه ،  وأن نشهد شهيدين من رجالنا ،  أو رجلا وامرأتين مرضعتين .

وأمرنا عند الطلاق والمراجعة بإشهاد ذوي عدل منا .

ووجدنا عليه الصلاة والسلام قال :  ما رويناه من طريق مسلم بن الحجاج نا محمد بن رمح أنا الليث – هو ابن سعد – عن الهادي عن عبد الله بن دينار عن عبد الله بن عمر عن رسول الله صلى الله عليه وسلم أنه قال في حديث  "" فشهادة امرأتين تعدل شهادة رجل ""  .

ومن طريق البخاري نا سعيد بن أبي مريم أنا محمد بن جعفر أخبرني زيد – هو ابن أسلم – عن عياض بن عبد الله أبي سعيد الخدري :  أن رسول الله صلى الله عليه وسلم قال في حديث :  (  "" أليس شهادة المرأة مثل نصف شهادة الرجل ""  ؟  قلنا :  بلى يا رسول الله ) .

فقطع عليه الصلاة والسلام – بأن شهادة امرأتين تعدل شهادة رجل – فوجب ضرورة ،  أنه لا يقبل حيث يقبل رجل لو شهد إلا امرأتان ،  وهكذا ما زاد .

وصح أنه لا يجوز قبول رجل واحد ،  ولا امرأة واحدة إلا في الهلال فقط وفي الرضاع .

لما رويناه من طريق عبد الله بن ربيع نا محمد بن أبان البلخي ويعقوب بن إبراهيم ،  قالا جميعا :  نا إسماعيل بن إبراهيم – هو ابن عليه – عن أيوب بن أبي مريم عن عقبة بن الحارث قال ابن أبي مليكة :  وقد سمعته من عقبة بن الحارث ،  ولكني لحديث عبيد أحفظ ،  قال :  تزوجت امرأة فجاءت امرأة سوداء فقالت :  إني قد أرضعتكما ؟  فأتيت رسول الله صلى الله عليه وسلم فقلت :  يا رسول الله إني تزوجت امرأة ،  فجاءت امرأة سوداء فقالت إني قد أرضعتكما – وهي كاذبة – فأعرض عني ،  فأتيته من قبل وجهه فقلت :  إنها كاذبة ،  فقال :   "" كيف بها وقد زعمت أنها أرضعتكما ؟  دعها عنك ""  .

وبضرورة العقل يدري كل أحد :  أنه لا فرق بين امرأة وبين رجل ،  وبين رجلين ،  وبين امرأتين ،  وبين أربعة رجال ،  وبين أربع نسوة ،  في جواز تعمد الكذب ،  والتواطؤ عليهم ،  وكذلك الغفلة ولو حينا إلى هذا ،  لكان النفس أطيب على شهادة ثماني نسوة منها على شهادة أربعة رجال .

وهذا كله لا معنى له ،  إنما هو القرآن والسنة ولا مزيد .

وأما من احتج بتخصيص ما لا يجوز أن ينظر إليه الرجال فباطل ،  وما يحل للمرأة من النظر إلى عورة المرأة إلا كالذي يحل للرجل من ذلك ،  ولا يجوز ذلك إلا عند الشهادة أو بالضرورة ،  كنظرهم إلى عورة الزانيين ،  والرجال والنساء في ذلك سواء .  وبالله تعالى التوفيق .

 :  المسألة السابعة :  النهي عن الإباية عند الدعوة للتحمل أم للأداء ؟

قال ابن حزم – رحمه الله تعالى - :

قال الله تعالى {  ولا يأب الشهداء إذا ما دعوا } .

فهذا على عمومه إذا دعوا للشهادة ،  أو دعوا لأدائها ولا يجوز تخصيص شيء من ذلك بغير نص ،  فيكون من فعل ذلك قائلا على الله تعالى ما لا علم له به .

 :  المسألة الثامنة :  أداء الشهادة فرض على كل من علمها .

قال ابن حزم – رحمه الله تعالى - :

وأداء الشهادة فرض على كل من علمها ،  إلا أن يكون عليه حرج في ذلك لبعد مشقة ،  أو لتضييع مال أو لضعف في جسمه ،  فليعلنها فقط .

قال أبو محمد :

قال الله تعالى {  وأقيموا الشهادة } .

وقال تعالى {  ومن أظلم ممن كتم شهادة عنده من الله } .

وقال تعالى {  ولا تكتموا الشهادة ومن يكتمها فإنه آثم قلبه } .

وقال تعالى {  ولا يأب الشهداء إذا ما دعوا } .

ووجدنا ما روينا من طريق مسلم نا قتيبة بن سعد نا ليث – هو ابن سعد – عن عقيل عن الزهري عن سالم بن عبد الله بن عمر عن أبيه أن رسول الله صلى الله عليه وسلم قال  "" المسلم أخو المسلم لا يظلمه ولا يسلمه ،  ومن كان في حاجة أخيه كان الله في حاجته ،  ومن فرج عن مسلم كربة فرج الله بها عنه كربة من كرب يوم القيامة ،  ومن ستر مسلما ستره الله يوم القيامة ""  .

قال أبو محمد – رحمه الله - :

فوجب استعمال هذه النصوص كلها ،  فنظرنا في ذلك :  فوجدنا العمل في جميعها – الذي لا يحل لأحد غيره – لا يخلو من أحد وجهين :  إما أن يخص عموم الآيات المذكورة بالخبر المذكور وإما أن يخص عموم الخبر المذكور بالآيات المذكورات ،  إذ لا يمكن البتة غير هذا ولابد من أحد العملين فإن خصصنا عموم الآيات بالخبر كان القول في ذلك أن القيام بالشهادات كلها ،  والإعلان بها فرض ،  إلا ما كان منها ستر المسلم في حد من الحدود ،  فالأفضل الستر ،  وإن خصصنا عموم الخبر بالآيات كان القول في ذلك أن الستر على المسلم حسن ،  وإلا ما كان من أداء الشهادات فإنه واجب .

فنظرنا :  أي العملين هو الذي يقوم البرهان على صحته فيؤخذ به ،  إذ لا يحل أخذ أحدهما مطارفة دون الآخر ،  ولا يجوز أن يكونا جميعا ،  بل الحق في أحدهما بلا شك .

فنظرنا في ذلك – بعون الله تعالى – فوجدنا الستر على المسلم الذي قدمنا إليه في الحديث لا يخلو من أحد وجهين لا ثالث لهما :

إما يستره ويستر عليه في ظلم يطلب به المسلم ،  فهذا فرض واجب ،  وليس هذا مندوبا إليه بل هو كالصلاة والزكاة .

وإما أن يكون من الذنب يصيبه المسلم ما بينه وبين ربه تعالى ،  ولم يقل أحد من أهل الإسلام بإباحة الستر على مسلم في ظُلم ظلم به مسلما ،  كمن أخذ مال مسلم بحرابة وأطلع عليه إنسان أو غصبه امرأته أو سرق حرا وما أشبه ،  فهذا فرض على كل مسلم أن يقوم به حتى يرد الظلامات الى أهلها .

فنظرنا في الحديث المذكور فوجدناه ندبا لا حتما ،  وفضيلة لا فرضا ،  فكان الظاهر منه أن للإنسان أن يستر على المسلم يراه على حد بهذا الخبر ،  ما لم يُسأل من تلك الشهادة نفسها ،  فإن سئل عنها فلرض عليه إقامتها وأن لا يكتمها ،  فإن كتمها حينئذ فهو عاص لله تعالى .

وصح بهذ اتفاق الخبر مع الآيات ،  وأن إقامة الشهادة لله تعالى وتحريم كتمانها ،  وكون المرء ظالما بذلك ،  فإنما هو إذا دعي فقط ،  لا إذا لم يدع ،  كما قال تعالى {  ولا يأب الشهداء إذا ما دعوا } ،  ."
2,283,"قال تعالى :  {  وإن كنتم على سفر ولم تجدوا كاتبا فرهان مقبوضة فإن أمن بعضكم بعضا فليؤد الذي أؤتمن أمانته وليتق الله ربه ولا تكتموا الشهادة ومن يكتمها فإنه آثم قلبه والله بما تعملون عليم }

وفيها ثلاث مسائل :

 :  المسألة الأولى :  الرهن في الحضر .

قال ابن حزم – رحمه الله تعالى - :

ولا يجوز اشتراط الرهن إلا في البيع إلى أجل مسمى في السفر أو في السلم إلى أجل مسمى في السفر خاصة ،  أو في القرض إلى أجل مسمى في السفر خاصة مع عدم الكاتب في كلا الوجهين .

برهان ذلك :

أن اشتراط الرهن شرط وقد قال رسول الله صلى الله عليه وسلم  "" كل شرط ليس في كتاب الله فهو باطل وإن كان مائة شرط من اشترط شرطا ليس في كتاب الله فليس له ""  .

وقال تعالى {  إذا تداينتم بدين إلى أجل مسمى فاكتبوه } إلى قوله تعالى :  {  وإن كنتم على سفر ولم تجدوا كاتبا فرهان مقبوضة } فهاهنا يجوز اشتراط الرهن حيث أجازه الله تعالى والدين إلى أجل مسمى لا يعدو أن يكون بيعا ،  أو سلما ،  أو قرضا .

فهذه الوجوه يجوز فيها اشتراط التأجيل لورود النصوص بوجوبه في السلم وجوازه في القرض ،  والبيع – ولا يجوز فيما عدا ذلك أصلا ،  لأنه لم يأت في شيء من المعاملات سوى ما ذكرنا نص بجواز اشتراط التأجيل ،  فهو شرط ليس في كتاب الله عز وجل فهو باطل .

وصح عن مجاهد أنه لا يجوز الرهن إلا في السفر .

وأما الحضر :  فلما روينا من طريق البخاري نا مسدد نا عبد الواحد حدثه الأعمش عن إبراهيم نا الأسود عن عائشة أم المؤمنين – رضي الله عنها – أن النبي صلى الله عليه وسلم  "" اشترى من يهودي طعاما إلى أجل ورهنه درعه ""  .

ومن طريق محمد بن المثنى حدثني عثمان بن عمر نا هشام بن حسان عن عكرمة عن ابن عباس قال :  والله لقد مات رسول الله صلى الله عليه وسلم وإن درعه لمرهونة عند رجل من اليهود بعشرين صاعا من شعير أخذها طعاما لأهله .

فإن قيل :  قد روي أنس أن النبي صلى الله عليه وسلم أخذ شعيرا من يهودي بالمدينة ورهنه درعه ؟  وليس فيه ذكر أجل ؟

قلنا :  ولا اشتراط الرهن ،  ونحن لا نمنع من الرهن بغير أن يشترط في العقد لأنه تطوع من الراهن حينئذ والتطوع بمالم ينه عنه حسن .

 :  المسألة الثانية :  ولاية العدل في قبض المرهون .

قال ابن حزم – رحمه الله تعالى - :

ولا يجوز الرهن إلا مقبوضا في نفس العقد لقول الله تعالى {  فرهان مقبوضة }

وقال قوم :  إن شرطه أن يجعل الرهن عند ثقة فهو جائز وهو قول إبراهيم النخعي ،  والشعبي وعطاء .

وبه يقول أبو حنيفة ،  ومالك ،  والشافعي ،  وقال آخرون :  لا يجوز هذا وليس هو قبضا كما روينا من طريق عبد الرزاق عن معمر وسفيان الثوري ،  قال معمر :  عن قتادة .

وقال سفيان عن أشعث عن الحكم ،  ثم اتفق قتادة والحكم على :  أن الرهن إذا كان على يدي عدل فليس مقبوضا ،  قال سفيان :  هو قول ابن أبي ليلى .

وبه قال أبو سليمان وأصحابنا .

وصح أيضا عن الحارث العُكلي من طريق هشيم عن المغيرة عنه .

قال أبو محمد :  إنما ذكر الله تعالى القبض في الرهن مع ذكره المتداينين في السفر إلى أجل عند عدم ،  وإنما أقبض رسول الله صلى الله عليه وسلم الدرع الذي له الدين فهو القبض الصحيح وأما قبض غير صاحب الدين فلم يأت به نص ولا إجماع ،  واشتراط أن يقبضه فلان لا صاحب الدين شرط ليس في كتاب الله تعالى فهو باطل .

 :  المسألة الثالثة :  رهن المشاع .

قال ابن حزم – رحمه الله تعالى - :

ورهن المرء حصته من الشيء مشاع مما ينقسم أو لا ينقسم عند الشريك فيه وعند غيره جائز .

لأن الله تعالى قال :  {  فرهان مقبوضة } ولم يخص تعالى من مقسوم {  وما كان ربك نسيا } .

وهو قول عثمان البتي ،  وابن أبي ليلي ،  ومالك ،  وعبيد الله بن الحسن ،  وسوار بن عبد الله ،  والشافعي ،  وأبي ثور ،  وأبي سليمان ،  وغيرهم ."
2,286,"قال تعالى :  {  لا يكلف الله نفسا إلا وسعها لها ما كسبت وعليها ما اكتبست ربنا لا تؤاخذنا إن نسينا أو أخطأنا ربنا ولا تحمل علينا إصرا كما حملته على الذين من قبلنا ربنا ولا تحملنا ما لا طاقة لنا به واعف عنا واغفر لنا وارحمنا أنت مولانا فانصرنا على القوم الكافرين } وفيها مسألتان .

 :  المسألة الأولى :  القدرة شرط التكليف .

قال ابن حزم – رحمه الله تعالى - :

وكل فرض كلفه الله تعالى الإنسان فإن قدر عليه لزمه ،  وإن عجز عن جميعه سقط عنه ،  وإن قوي على بعضه وعجز عن بعضه سقط عنه ما عجز عنه ولزمه ما قدر عليه منه سواء أقله أو أكثره .

برهان ذلك :  قول الله عز وجل {  لا يكلف الله نفسا إلا وسعها } وقول رسول الله صلى الله عليه وسلم  "" إذا أمرتكم بأمر فأتوا منه ما استطعتم ""  .

وبالله تعالى التوفيق .

 :  المسألة الثانية :  المراد بالإصر .

قال ابن حزم – رحمه الله تعالى - :

كل ما كلفنا الله تعالى فهو يسر وتخفيف بالإضافة إلى ما هو أشد مما حمله من كان قبلنا كما قال تعالى أمرا لنا أن ندعوه فنقول {  ولا تحمل علينا إصرا كما حملته على الذين من قبلنا ربنا ولا تحملنا ما لا طاقة لنا به } .

ونص تعالى أنه قد حمل من كان قبلنا الإصر وهو الثقل لا يطاق ،  وأمرنا أن ندعوه بألا يحمل ذلك علينا .

وكما نص تعالى أنه وضع بنبيه صلى الله علينا وسلم الإصر الذي كان عليهم ،  والأغلال التي كانوا يطوقونها ،  إذ يقول تعالى {  الذين يتبعون الرسول النبي الأمي الذي يجدونه مكتوبا عندهم في التوراة والإنجيل يأمرهم بالمعروف وينهاهم عن المنكر ويحل لهم الطيبات ويحرم عليهم الخبائث ويضع عنهم إصرهم والأغلال التي كانت عليهم } .

فهذا هو عين اليسر وعين التخفيف وإسقاط الحرج ،  وأن يقع ما كلفناه نحن مما كلفه بعض قوم موسى ،  من قتل أنفسهم بأيديهم ،  فكل شيء كلفناه يهون عند هذا وكذلك ما في شرائع اليهود من أنه خطر على ميت تنجس يوما إلى الليل ،  وسائر الثقائل التي كلفوا وحرم عليهم ،  وخفف عنا ذلك كله .  ولله الحمد والمنة ."
