surah_number,ayah_number,tafsir_text
40,1,{ (1) حم } قد سبق تأويله.  وفي المعاني عن الصادق عليه السلام وامّا { حم } فمعناه الحميد المجيد.  { (2) تَنْزِيلُ الْكِتَابِ مِنَ اللهِ الْعَزِيزِ الْعَلِيمِ }.  { (3) غَافِرِ الذَّنْبِ وَقَابِلِ التَّوْبِ شَدِيدِ الْعِقَابِ ذِى الطُّولِ } ذي الفضل بترك العقاب المستحقّ { لا إِله إِلاّ هُوَ } فيجب الإِقبال الكلّي على عبادته { إِلَيْهِ الْمَصِيرُ } فيجازي المطيع والعاصي.  { (4) مَا يُجَادِلُ فِى آيَاتِ اللهِ } بالطعن فيها وادحاض الحقّ { إِلاّ الَّذِينَ كَفَرُوا }.  في الاكمال عن النبيّ صلّى الله عليه وآله قال لعن المجادلون في دين الله على لسان سبعين نبيّاً ومن جادل في آيات الله فقد كفر ثمّ تلا هذه الآية.  وروي عنه صلّى الله عليه وآله انّ جدالاً في القرآن كفر وانّما نكر فجواز الجدال لحلّ عقده واستنباط حقائقه وقطع تشبّث اهل الزّيغ به وردّ مطاعنهم فيه { فَلاَ يَغْرُرْكَ تَقَلُّبُهُمُ فِى الْبِلاَدِ } بالتجارات المربحة فانّهم مأخوذون عن قريب بكفرهم اخذ من قبلهم.  { (5) كَذَّبَتْ قَبْلَهُمْ قَوْمُ نُوحٍ وَالأَحْزَابُ مِنْ بَعْدِهِمْ } والذين تحزّبوا على الرّسل وناصبوهم بعد قوم نوح كعاد وثمود { وَهَمَّتْ كُلُّ أُمَّةٍ } من هؤلاء { بِرَسُولِهِمْ لِيَأْخُذُوهُ } ليتمكّنوا من اصابته بما ارادوا من تعذيبه { وَجَادَلُوا بِالْبَاطِلِ } بما لا حقيقة له { لِيُدْحِضُوا بِهِ الْحَقَّ } ليزيلوه به { فَأَخَذْتُهُمْ } بالإِهلاك جزاء لهم { فَكَيْفَ كَانَ عِقَابِ } فانّكم تمرّون على ديارهم وترون أثره أو تتلون قصصهم في القرآن وهو تقرير فيه تعجيب.  { (6) وَكَذَلِكَ حَقَّتْ كَلِمَةُ رَبِّكَ عَلِى الَّذِينَ كَفَرُوا أَنَّهُمْ أَصْحَابُ النّارِ } القمّي عن الباقر عليه السلام يعني بني أُميّة.  { (7) الَّذِينَ يَحْمِلُونَ الْعَرْشَ وَمَنْ حَوْلَهُ يُسَبِّحُونَ بِحَمْدِ رَبِّهِمْ } يذكرون الله بمجامع الثّناء من صفات الجلال والإِكرام { وَيُؤْمِنُونَ بِهِ } اخبر عنهم بالإِيمان اظهاراً لفضله وتعظيماً لأهله { وَيَسْتَغْفِرُونَ لِلَّذِينَ آمَنُوا } في العيون عن الرضا عليه السلام للّذين آمنوا بولايتنا.  في الكافي عن الصادق عليه السلام انّ لله ملائكة يسقطون الذنوب عن ظهور شيعتنا كما يسقط الريح الورق في أوان سقُوطه وذلك قوله تعالى { الَّذِينَ يَحْمِلُونَ العرش } الآية قال استغفارهم والله لكم دون هذا الخلق رَبَّنَا يقولون ربّنا { وَسِعَتْ كُلَّ شَىْءٍ رَحْمَةً وَعِلْمًا فَاغْفِرْ لِلَّذِينَ تَابُوا وَاتَّبَعُوا سَبِيلَكَ وَقِهِمْ عَذَابَ الْجَحِيمِ }.  { (8) رَبَّنَا وَأَدْخِلْهُمْ جَنّاتِ عَدْنٍ الَّتِى وَعَدْتَّهُمْ وَمَنْ صَلَح مِنْ آبَائِهِمْ وَأَزْوَاجِهِمْ وَذُرِّيَّاتِهِمْ } ليتمّ سرورهم { إِنَّكَ أَنْتَ الْعَزِيزُ } الذي لا يمتنع عليه مقدور { الْحَكِيمُ } الذي لا يفعل الاّ ما تقتضيه حكمته ومن ذلك الوفاء بالوعد.  { (9) وَقِهِمْ السَّيِّئَاتِ وَمَنْ تَقِ السَّيِّئَاتِ يَوْمَئِذٍ فَقَدْ رَحِمْتَهُ وَذَلِكَ هُوَ الْفَوْزُ الْعَظِيمُ }.  القمّي الّذين يحملون العرش يعني رسول الله صلّى الله عليه وآله والأوصياء عليهم السلام من بعده يحملون علم الله ومن حوله يعني الملائكة الذين آمنوا يعني شيعة آل محمد صلوات الله عليهم للّذين تابوا من ولاية فلان وفلان وبني أُميّة واتّبعوا سبيلك اي ولاية وليّ الله { وَمَنْ صَلَحَ } يعني من تولّى عليّاً عليه السلام وذلك صلاحهم فقد رَحِمْتَهُ يعني يوم القيامة { وَذَلِكَ هُوَ الْفَوْزُ الْعَظِيمُ } لمن نجّاه الله من هؤلاء يعني ولاية فلان وفلان.  وفي الكافي مرفوعاً انّ الله عزّ وجلّ اعطى التّائبين ثلاث خصال لو اعطى خصلة منها جميع أهل السماوات والأرض لنجوا بها ثمّ تلا هذه الآية.
40,2,{ (1) حم } قد سبق تأويله.  وفي المعاني عن الصادق عليه السلام وامّا { حم } فمعناه الحميد المجيد.  { (2) تَنْزِيلُ الْكِتَابِ مِنَ اللهِ الْعَزِيزِ الْعَلِيمِ }.  { (3) غَافِرِ الذَّنْبِ وَقَابِلِ التَّوْبِ شَدِيدِ الْعِقَابِ ذِى الطُّولِ } ذي الفضل بترك العقاب المستحقّ { لا إِله إِلاّ هُوَ } فيجب الإِقبال الكلّي على عبادته { إِلَيْهِ الْمَصِيرُ } فيجازي المطيع والعاصي.  { (4) مَا يُجَادِلُ فِى آيَاتِ اللهِ } بالطعن فيها وادحاض الحقّ { إِلاّ الَّذِينَ كَفَرُوا }.  في الاكمال عن النبيّ صلّى الله عليه وآله قال لعن المجادلون في دين الله على لسان سبعين نبيّاً ومن جادل في آيات الله فقد كفر ثمّ تلا هذه الآية.  وروي عنه صلّى الله عليه وآله انّ جدالاً في القرآن كفر وانّما نكر فجواز الجدال لحلّ عقده واستنباط حقائقه وقطع تشبّث اهل الزّيغ به وردّ مطاعنهم فيه { فَلاَ يَغْرُرْكَ تَقَلُّبُهُمُ فِى الْبِلاَدِ } بالتجارات المربحة فانّهم مأخوذون عن قريب بكفرهم اخذ من قبلهم.  { (5) كَذَّبَتْ قَبْلَهُمْ قَوْمُ نُوحٍ وَالأَحْزَابُ مِنْ بَعْدِهِمْ } والذين تحزّبوا على الرّسل وناصبوهم بعد قوم نوح كعاد وثمود { وَهَمَّتْ كُلُّ أُمَّةٍ } من هؤلاء { بِرَسُولِهِمْ لِيَأْخُذُوهُ } ليتمكّنوا من اصابته بما ارادوا من تعذيبه { وَجَادَلُوا بِالْبَاطِلِ } بما لا حقيقة له { لِيُدْحِضُوا بِهِ الْحَقَّ } ليزيلوه به { فَأَخَذْتُهُمْ } بالإِهلاك جزاء لهم { فَكَيْفَ كَانَ عِقَابِ } فانّكم تمرّون على ديارهم وترون أثره أو تتلون قصصهم في القرآن وهو تقرير فيه تعجيب.  { (6) وَكَذَلِكَ حَقَّتْ كَلِمَةُ رَبِّكَ عَلِى الَّذِينَ كَفَرُوا أَنَّهُمْ أَصْحَابُ النّارِ } القمّي عن الباقر عليه السلام يعني بني أُميّة.  { (7) الَّذِينَ يَحْمِلُونَ الْعَرْشَ وَمَنْ حَوْلَهُ يُسَبِّحُونَ بِحَمْدِ رَبِّهِمْ } يذكرون الله بمجامع الثّناء من صفات الجلال والإِكرام { وَيُؤْمِنُونَ بِهِ } اخبر عنهم بالإِيمان اظهاراً لفضله وتعظيماً لأهله { وَيَسْتَغْفِرُونَ لِلَّذِينَ آمَنُوا } في العيون عن الرضا عليه السلام للّذين آمنوا بولايتنا.  في الكافي عن الصادق عليه السلام انّ لله ملائكة يسقطون الذنوب عن ظهور شيعتنا كما يسقط الريح الورق في أوان سقُوطه وذلك قوله تعالى { الَّذِينَ يَحْمِلُونَ العرش } الآية قال استغفارهم والله لكم دون هذا الخلق رَبَّنَا يقولون ربّنا { وَسِعَتْ كُلَّ شَىْءٍ رَحْمَةً وَعِلْمًا فَاغْفِرْ لِلَّذِينَ تَابُوا وَاتَّبَعُوا سَبِيلَكَ وَقِهِمْ عَذَابَ الْجَحِيمِ }.  { (8) رَبَّنَا وَأَدْخِلْهُمْ جَنّاتِ عَدْنٍ الَّتِى وَعَدْتَّهُمْ وَمَنْ صَلَح مِنْ آبَائِهِمْ وَأَزْوَاجِهِمْ وَذُرِّيَّاتِهِمْ } ليتمّ سرورهم { إِنَّكَ أَنْتَ الْعَزِيزُ } الذي لا يمتنع عليه مقدور { الْحَكِيمُ } الذي لا يفعل الاّ ما تقتضيه حكمته ومن ذلك الوفاء بالوعد.  { (9) وَقِهِمْ السَّيِّئَاتِ وَمَنْ تَقِ السَّيِّئَاتِ يَوْمَئِذٍ فَقَدْ رَحِمْتَهُ وَذَلِكَ هُوَ الْفَوْزُ الْعَظِيمُ }.  القمّي الّذين يحملون العرش يعني رسول الله صلّى الله عليه وآله والأوصياء عليهم السلام من بعده يحملون علم الله ومن حوله يعني الملائكة الذين آمنوا يعني شيعة آل محمد صلوات الله عليهم للّذين تابوا من ولاية فلان وفلان وبني أُميّة واتّبعوا سبيلك اي ولاية وليّ الله { وَمَنْ صَلَحَ } يعني من تولّى عليّاً عليه السلام وذلك صلاحهم فقد رَحِمْتَهُ يعني يوم القيامة { وَذَلِكَ هُوَ الْفَوْزُ الْعَظِيمُ } لمن نجّاه الله من هؤلاء يعني ولاية فلان وفلان.  وفي الكافي مرفوعاً انّ الله عزّ وجلّ اعطى التّائبين ثلاث خصال لو اعطى خصلة منها جميع أهل السماوات والأرض لنجوا بها ثمّ تلا هذه الآية.
40,3,{ (1) حم } قد سبق تأويله.  وفي المعاني عن الصادق عليه السلام وامّا { حم } فمعناه الحميد المجيد.  { (2) تَنْزِيلُ الْكِتَابِ مِنَ اللهِ الْعَزِيزِ الْعَلِيمِ }.  { (3) غَافِرِ الذَّنْبِ وَقَابِلِ التَّوْبِ شَدِيدِ الْعِقَابِ ذِى الطُّولِ } ذي الفضل بترك العقاب المستحقّ { لا إِله إِلاّ هُوَ } فيجب الإِقبال الكلّي على عبادته { إِلَيْهِ الْمَصِيرُ } فيجازي المطيع والعاصي.  { (4) مَا يُجَادِلُ فِى آيَاتِ اللهِ } بالطعن فيها وادحاض الحقّ { إِلاّ الَّذِينَ كَفَرُوا }.  في الاكمال عن النبيّ صلّى الله عليه وآله قال لعن المجادلون في دين الله على لسان سبعين نبيّاً ومن جادل في آيات الله فقد كفر ثمّ تلا هذه الآية.  وروي عنه صلّى الله عليه وآله انّ جدالاً في القرآن كفر وانّما نكر فجواز الجدال لحلّ عقده واستنباط حقائقه وقطع تشبّث اهل الزّيغ به وردّ مطاعنهم فيه { فَلاَ يَغْرُرْكَ تَقَلُّبُهُمُ فِى الْبِلاَدِ } بالتجارات المربحة فانّهم مأخوذون عن قريب بكفرهم اخذ من قبلهم.  { (5) كَذَّبَتْ قَبْلَهُمْ قَوْمُ نُوحٍ وَالأَحْزَابُ مِنْ بَعْدِهِمْ } والذين تحزّبوا على الرّسل وناصبوهم بعد قوم نوح كعاد وثمود { وَهَمَّتْ كُلُّ أُمَّةٍ } من هؤلاء { بِرَسُولِهِمْ لِيَأْخُذُوهُ } ليتمكّنوا من اصابته بما ارادوا من تعذيبه { وَجَادَلُوا بِالْبَاطِلِ } بما لا حقيقة له { لِيُدْحِضُوا بِهِ الْحَقَّ } ليزيلوه به { فَأَخَذْتُهُمْ } بالإِهلاك جزاء لهم { فَكَيْفَ كَانَ عِقَابِ } فانّكم تمرّون على ديارهم وترون أثره أو تتلون قصصهم في القرآن وهو تقرير فيه تعجيب.  { (6) وَكَذَلِكَ حَقَّتْ كَلِمَةُ رَبِّكَ عَلِى الَّذِينَ كَفَرُوا أَنَّهُمْ أَصْحَابُ النّارِ } القمّي عن الباقر عليه السلام يعني بني أُميّة.  { (7) الَّذِينَ يَحْمِلُونَ الْعَرْشَ وَمَنْ حَوْلَهُ يُسَبِّحُونَ بِحَمْدِ رَبِّهِمْ } يذكرون الله بمجامع الثّناء من صفات الجلال والإِكرام { وَيُؤْمِنُونَ بِهِ } اخبر عنهم بالإِيمان اظهاراً لفضله وتعظيماً لأهله { وَيَسْتَغْفِرُونَ لِلَّذِينَ آمَنُوا } في العيون عن الرضا عليه السلام للّذين آمنوا بولايتنا.  في الكافي عن الصادق عليه السلام انّ لله ملائكة يسقطون الذنوب عن ظهور شيعتنا كما يسقط الريح الورق في أوان سقُوطه وذلك قوله تعالى { الَّذِينَ يَحْمِلُونَ العرش } الآية قال استغفارهم والله لكم دون هذا الخلق رَبَّنَا يقولون ربّنا { وَسِعَتْ كُلَّ شَىْءٍ رَحْمَةً وَعِلْمًا فَاغْفِرْ لِلَّذِينَ تَابُوا وَاتَّبَعُوا سَبِيلَكَ وَقِهِمْ عَذَابَ الْجَحِيمِ }.  { (8) رَبَّنَا وَأَدْخِلْهُمْ جَنّاتِ عَدْنٍ الَّتِى وَعَدْتَّهُمْ وَمَنْ صَلَح مِنْ آبَائِهِمْ وَأَزْوَاجِهِمْ وَذُرِّيَّاتِهِمْ } ليتمّ سرورهم { إِنَّكَ أَنْتَ الْعَزِيزُ } الذي لا يمتنع عليه مقدور { الْحَكِيمُ } الذي لا يفعل الاّ ما تقتضيه حكمته ومن ذلك الوفاء بالوعد.  { (9) وَقِهِمْ السَّيِّئَاتِ وَمَنْ تَقِ السَّيِّئَاتِ يَوْمَئِذٍ فَقَدْ رَحِمْتَهُ وَذَلِكَ هُوَ الْفَوْزُ الْعَظِيمُ }.  القمّي الّذين يحملون العرش يعني رسول الله صلّى الله عليه وآله والأوصياء عليهم السلام من بعده يحملون علم الله ومن حوله يعني الملائكة الذين آمنوا يعني شيعة آل محمد صلوات الله عليهم للّذين تابوا من ولاية فلان وفلان وبني أُميّة واتّبعوا سبيلك اي ولاية وليّ الله { وَمَنْ صَلَحَ } يعني من تولّى عليّاً عليه السلام وذلك صلاحهم فقد رَحِمْتَهُ يعني يوم القيامة { وَذَلِكَ هُوَ الْفَوْزُ الْعَظِيمُ } لمن نجّاه الله من هؤلاء يعني ولاية فلان وفلان.  وفي الكافي مرفوعاً انّ الله عزّ وجلّ اعطى التّائبين ثلاث خصال لو اعطى خصلة منها جميع أهل السماوات والأرض لنجوا بها ثمّ تلا هذه الآية.
40,4,{ (1) حم } قد سبق تأويله.  وفي المعاني عن الصادق عليه السلام وامّا { حم } فمعناه الحميد المجيد.  { (2) تَنْزِيلُ الْكِتَابِ مِنَ اللهِ الْعَزِيزِ الْعَلِيمِ }.  { (3) غَافِرِ الذَّنْبِ وَقَابِلِ التَّوْبِ شَدِيدِ الْعِقَابِ ذِى الطُّولِ } ذي الفضل بترك العقاب المستحقّ { لا إِله إِلاّ هُوَ } فيجب الإِقبال الكلّي على عبادته { إِلَيْهِ الْمَصِيرُ } فيجازي المطيع والعاصي.  { (4) مَا يُجَادِلُ فِى آيَاتِ اللهِ } بالطعن فيها وادحاض الحقّ { إِلاّ الَّذِينَ كَفَرُوا }.  في الاكمال عن النبيّ صلّى الله عليه وآله قال لعن المجادلون في دين الله على لسان سبعين نبيّاً ومن جادل في آيات الله فقد كفر ثمّ تلا هذه الآية.  وروي عنه صلّى الله عليه وآله انّ جدالاً في القرآن كفر وانّما نكر فجواز الجدال لحلّ عقده واستنباط حقائقه وقطع تشبّث اهل الزّيغ به وردّ مطاعنهم فيه { فَلاَ يَغْرُرْكَ تَقَلُّبُهُمُ فِى الْبِلاَدِ } بالتجارات المربحة فانّهم مأخوذون عن قريب بكفرهم اخذ من قبلهم.  { (5) كَذَّبَتْ قَبْلَهُمْ قَوْمُ نُوحٍ وَالأَحْزَابُ مِنْ بَعْدِهِمْ } والذين تحزّبوا على الرّسل وناصبوهم بعد قوم نوح كعاد وثمود { وَهَمَّتْ كُلُّ أُمَّةٍ } من هؤلاء { بِرَسُولِهِمْ لِيَأْخُذُوهُ } ليتمكّنوا من اصابته بما ارادوا من تعذيبه { وَجَادَلُوا بِالْبَاطِلِ } بما لا حقيقة له { لِيُدْحِضُوا بِهِ الْحَقَّ } ليزيلوه به { فَأَخَذْتُهُمْ } بالإِهلاك جزاء لهم { فَكَيْفَ كَانَ عِقَابِ } فانّكم تمرّون على ديارهم وترون أثره أو تتلون قصصهم في القرآن وهو تقرير فيه تعجيب.  { (6) وَكَذَلِكَ حَقَّتْ كَلِمَةُ رَبِّكَ عَلِى الَّذِينَ كَفَرُوا أَنَّهُمْ أَصْحَابُ النّارِ } القمّي عن الباقر عليه السلام يعني بني أُميّة.  { (7) الَّذِينَ يَحْمِلُونَ الْعَرْشَ وَمَنْ حَوْلَهُ يُسَبِّحُونَ بِحَمْدِ رَبِّهِمْ } يذكرون الله بمجامع الثّناء من صفات الجلال والإِكرام { وَيُؤْمِنُونَ بِهِ } اخبر عنهم بالإِيمان اظهاراً لفضله وتعظيماً لأهله { وَيَسْتَغْفِرُونَ لِلَّذِينَ آمَنُوا } في العيون عن الرضا عليه السلام للّذين آمنوا بولايتنا.  في الكافي عن الصادق عليه السلام انّ لله ملائكة يسقطون الذنوب عن ظهور شيعتنا كما يسقط الريح الورق في أوان سقُوطه وذلك قوله تعالى { الَّذِينَ يَحْمِلُونَ العرش } الآية قال استغفارهم والله لكم دون هذا الخلق رَبَّنَا يقولون ربّنا { وَسِعَتْ كُلَّ شَىْءٍ رَحْمَةً وَعِلْمًا فَاغْفِرْ لِلَّذِينَ تَابُوا وَاتَّبَعُوا سَبِيلَكَ وَقِهِمْ عَذَابَ الْجَحِيمِ }.  { (8) رَبَّنَا وَأَدْخِلْهُمْ جَنّاتِ عَدْنٍ الَّتِى وَعَدْتَّهُمْ وَمَنْ صَلَح مِنْ آبَائِهِمْ وَأَزْوَاجِهِمْ وَذُرِّيَّاتِهِمْ } ليتمّ سرورهم { إِنَّكَ أَنْتَ الْعَزِيزُ } الذي لا يمتنع عليه مقدور { الْحَكِيمُ } الذي لا يفعل الاّ ما تقتضيه حكمته ومن ذلك الوفاء بالوعد.  { (9) وَقِهِمْ السَّيِّئَاتِ وَمَنْ تَقِ السَّيِّئَاتِ يَوْمَئِذٍ فَقَدْ رَحِمْتَهُ وَذَلِكَ هُوَ الْفَوْزُ الْعَظِيمُ }.  القمّي الّذين يحملون العرش يعني رسول الله صلّى الله عليه وآله والأوصياء عليهم السلام من بعده يحملون علم الله ومن حوله يعني الملائكة الذين آمنوا يعني شيعة آل محمد صلوات الله عليهم للّذين تابوا من ولاية فلان وفلان وبني أُميّة واتّبعوا سبيلك اي ولاية وليّ الله { وَمَنْ صَلَحَ } يعني من تولّى عليّاً عليه السلام وذلك صلاحهم فقد رَحِمْتَهُ يعني يوم القيامة { وَذَلِكَ هُوَ الْفَوْزُ الْعَظِيمُ } لمن نجّاه الله من هؤلاء يعني ولاية فلان وفلان.  وفي الكافي مرفوعاً انّ الله عزّ وجلّ اعطى التّائبين ثلاث خصال لو اعطى خصلة منها جميع أهل السماوات والأرض لنجوا بها ثمّ تلا هذه الآية.
40,5,{ (1) حم } قد سبق تأويله.  وفي المعاني عن الصادق عليه السلام وامّا { حم } فمعناه الحميد المجيد.  { (2) تَنْزِيلُ الْكِتَابِ مِنَ اللهِ الْعَزِيزِ الْعَلِيمِ }.  { (3) غَافِرِ الذَّنْبِ وَقَابِلِ التَّوْبِ شَدِيدِ الْعِقَابِ ذِى الطُّولِ } ذي الفضل بترك العقاب المستحقّ { لا إِله إِلاّ هُوَ } فيجب الإِقبال الكلّي على عبادته { إِلَيْهِ الْمَصِيرُ } فيجازي المطيع والعاصي.  { (4) مَا يُجَادِلُ فِى آيَاتِ اللهِ } بالطعن فيها وادحاض الحقّ { إِلاّ الَّذِينَ كَفَرُوا }.  في الاكمال عن النبيّ صلّى الله عليه وآله قال لعن المجادلون في دين الله على لسان سبعين نبيّاً ومن جادل في آيات الله فقد كفر ثمّ تلا هذه الآية.  وروي عنه صلّى الله عليه وآله انّ جدالاً في القرآن كفر وانّما نكر فجواز الجدال لحلّ عقده واستنباط حقائقه وقطع تشبّث اهل الزّيغ به وردّ مطاعنهم فيه { فَلاَ يَغْرُرْكَ تَقَلُّبُهُمُ فِى الْبِلاَدِ } بالتجارات المربحة فانّهم مأخوذون عن قريب بكفرهم اخذ من قبلهم.  { (5) كَذَّبَتْ قَبْلَهُمْ قَوْمُ نُوحٍ وَالأَحْزَابُ مِنْ بَعْدِهِمْ } والذين تحزّبوا على الرّسل وناصبوهم بعد قوم نوح كعاد وثمود { وَهَمَّتْ كُلُّ أُمَّةٍ } من هؤلاء { بِرَسُولِهِمْ لِيَأْخُذُوهُ } ليتمكّنوا من اصابته بما ارادوا من تعذيبه { وَجَادَلُوا بِالْبَاطِلِ } بما لا حقيقة له { لِيُدْحِضُوا بِهِ الْحَقَّ } ليزيلوه به { فَأَخَذْتُهُمْ } بالإِهلاك جزاء لهم { فَكَيْفَ كَانَ عِقَابِ } فانّكم تمرّون على ديارهم وترون أثره أو تتلون قصصهم في القرآن وهو تقرير فيه تعجيب.  { (6) وَكَذَلِكَ حَقَّتْ كَلِمَةُ رَبِّكَ عَلِى الَّذِينَ كَفَرُوا أَنَّهُمْ أَصْحَابُ النّارِ } القمّي عن الباقر عليه السلام يعني بني أُميّة.  { (7) الَّذِينَ يَحْمِلُونَ الْعَرْشَ وَمَنْ حَوْلَهُ يُسَبِّحُونَ بِحَمْدِ رَبِّهِمْ } يذكرون الله بمجامع الثّناء من صفات الجلال والإِكرام { وَيُؤْمِنُونَ بِهِ } اخبر عنهم بالإِيمان اظهاراً لفضله وتعظيماً لأهله { وَيَسْتَغْفِرُونَ لِلَّذِينَ آمَنُوا } في العيون عن الرضا عليه السلام للّذين آمنوا بولايتنا.  في الكافي عن الصادق عليه السلام انّ لله ملائكة يسقطون الذنوب عن ظهور شيعتنا كما يسقط الريح الورق في أوان سقُوطه وذلك قوله تعالى { الَّذِينَ يَحْمِلُونَ العرش } الآية قال استغفارهم والله لكم دون هذا الخلق رَبَّنَا يقولون ربّنا { وَسِعَتْ كُلَّ شَىْءٍ رَحْمَةً وَعِلْمًا فَاغْفِرْ لِلَّذِينَ تَابُوا وَاتَّبَعُوا سَبِيلَكَ وَقِهِمْ عَذَابَ الْجَحِيمِ }.  { (8) رَبَّنَا وَأَدْخِلْهُمْ جَنّاتِ عَدْنٍ الَّتِى وَعَدْتَّهُمْ وَمَنْ صَلَح مِنْ آبَائِهِمْ وَأَزْوَاجِهِمْ وَذُرِّيَّاتِهِمْ } ليتمّ سرورهم { إِنَّكَ أَنْتَ الْعَزِيزُ } الذي لا يمتنع عليه مقدور { الْحَكِيمُ } الذي لا يفعل الاّ ما تقتضيه حكمته ومن ذلك الوفاء بالوعد.  { (9) وَقِهِمْ السَّيِّئَاتِ وَمَنْ تَقِ السَّيِّئَاتِ يَوْمَئِذٍ فَقَدْ رَحِمْتَهُ وَذَلِكَ هُوَ الْفَوْزُ الْعَظِيمُ }.  القمّي الّذين يحملون العرش يعني رسول الله صلّى الله عليه وآله والأوصياء عليهم السلام من بعده يحملون علم الله ومن حوله يعني الملائكة الذين آمنوا يعني شيعة آل محمد صلوات الله عليهم للّذين تابوا من ولاية فلان وفلان وبني أُميّة واتّبعوا سبيلك اي ولاية وليّ الله { وَمَنْ صَلَحَ } يعني من تولّى عليّاً عليه السلام وذلك صلاحهم فقد رَحِمْتَهُ يعني يوم القيامة { وَذَلِكَ هُوَ الْفَوْزُ الْعَظِيمُ } لمن نجّاه الله من هؤلاء يعني ولاية فلان وفلان.  وفي الكافي مرفوعاً انّ الله عزّ وجلّ اعطى التّائبين ثلاث خصال لو اعطى خصلة منها جميع أهل السماوات والأرض لنجوا بها ثمّ تلا هذه الآية.
40,6,{ (1) حم } قد سبق تأويله.  وفي المعاني عن الصادق عليه السلام وامّا { حم } فمعناه الحميد المجيد.  { (2) تَنْزِيلُ الْكِتَابِ مِنَ اللهِ الْعَزِيزِ الْعَلِيمِ }.  { (3) غَافِرِ الذَّنْبِ وَقَابِلِ التَّوْبِ شَدِيدِ الْعِقَابِ ذِى الطُّولِ } ذي الفضل بترك العقاب المستحقّ { لا إِله إِلاّ هُوَ } فيجب الإِقبال الكلّي على عبادته { إِلَيْهِ الْمَصِيرُ } فيجازي المطيع والعاصي.  { (4) مَا يُجَادِلُ فِى آيَاتِ اللهِ } بالطعن فيها وادحاض الحقّ { إِلاّ الَّذِينَ كَفَرُوا }.  في الاكمال عن النبيّ صلّى الله عليه وآله قال لعن المجادلون في دين الله على لسان سبعين نبيّاً ومن جادل في آيات الله فقد كفر ثمّ تلا هذه الآية.  وروي عنه صلّى الله عليه وآله انّ جدالاً في القرآن كفر وانّما نكر فجواز الجدال لحلّ عقده واستنباط حقائقه وقطع تشبّث اهل الزّيغ به وردّ مطاعنهم فيه { فَلاَ يَغْرُرْكَ تَقَلُّبُهُمُ فِى الْبِلاَدِ } بالتجارات المربحة فانّهم مأخوذون عن قريب بكفرهم اخذ من قبلهم.  { (5) كَذَّبَتْ قَبْلَهُمْ قَوْمُ نُوحٍ وَالأَحْزَابُ مِنْ بَعْدِهِمْ } والذين تحزّبوا على الرّسل وناصبوهم بعد قوم نوح كعاد وثمود { وَهَمَّتْ كُلُّ أُمَّةٍ } من هؤلاء { بِرَسُولِهِمْ لِيَأْخُذُوهُ } ليتمكّنوا من اصابته بما ارادوا من تعذيبه { وَجَادَلُوا بِالْبَاطِلِ } بما لا حقيقة له { لِيُدْحِضُوا بِهِ الْحَقَّ } ليزيلوه به { فَأَخَذْتُهُمْ } بالإِهلاك جزاء لهم { فَكَيْفَ كَانَ عِقَابِ } فانّكم تمرّون على ديارهم وترون أثره أو تتلون قصصهم في القرآن وهو تقرير فيه تعجيب.  { (6) وَكَذَلِكَ حَقَّتْ كَلِمَةُ رَبِّكَ عَلِى الَّذِينَ كَفَرُوا أَنَّهُمْ أَصْحَابُ النّارِ } القمّي عن الباقر عليه السلام يعني بني أُميّة.  { (7) الَّذِينَ يَحْمِلُونَ الْعَرْشَ وَمَنْ حَوْلَهُ يُسَبِّحُونَ بِحَمْدِ رَبِّهِمْ } يذكرون الله بمجامع الثّناء من صفات الجلال والإِكرام { وَيُؤْمِنُونَ بِهِ } اخبر عنهم بالإِيمان اظهاراً لفضله وتعظيماً لأهله { وَيَسْتَغْفِرُونَ لِلَّذِينَ آمَنُوا } في العيون عن الرضا عليه السلام للّذين آمنوا بولايتنا.  في الكافي عن الصادق عليه السلام انّ لله ملائكة يسقطون الذنوب عن ظهور شيعتنا كما يسقط الريح الورق في أوان سقُوطه وذلك قوله تعالى { الَّذِينَ يَحْمِلُونَ العرش } الآية قال استغفارهم والله لكم دون هذا الخلق رَبَّنَا يقولون ربّنا { وَسِعَتْ كُلَّ شَىْءٍ رَحْمَةً وَعِلْمًا فَاغْفِرْ لِلَّذِينَ تَابُوا وَاتَّبَعُوا سَبِيلَكَ وَقِهِمْ عَذَابَ الْجَحِيمِ }.  { (8) رَبَّنَا وَأَدْخِلْهُمْ جَنّاتِ عَدْنٍ الَّتِى وَعَدْتَّهُمْ وَمَنْ صَلَح مِنْ آبَائِهِمْ وَأَزْوَاجِهِمْ وَذُرِّيَّاتِهِمْ } ليتمّ سرورهم { إِنَّكَ أَنْتَ الْعَزِيزُ } الذي لا يمتنع عليه مقدور { الْحَكِيمُ } الذي لا يفعل الاّ ما تقتضيه حكمته ومن ذلك الوفاء بالوعد.  { (9) وَقِهِمْ السَّيِّئَاتِ وَمَنْ تَقِ السَّيِّئَاتِ يَوْمَئِذٍ فَقَدْ رَحِمْتَهُ وَذَلِكَ هُوَ الْفَوْزُ الْعَظِيمُ }.  القمّي الّذين يحملون العرش يعني رسول الله صلّى الله عليه وآله والأوصياء عليهم السلام من بعده يحملون علم الله ومن حوله يعني الملائكة الذين آمنوا يعني شيعة آل محمد صلوات الله عليهم للّذين تابوا من ولاية فلان وفلان وبني أُميّة واتّبعوا سبيلك اي ولاية وليّ الله { وَمَنْ صَلَحَ } يعني من تولّى عليّاً عليه السلام وذلك صلاحهم فقد رَحِمْتَهُ يعني يوم القيامة { وَذَلِكَ هُوَ الْفَوْزُ الْعَظِيمُ } لمن نجّاه الله من هؤلاء يعني ولاية فلان وفلان.  وفي الكافي مرفوعاً انّ الله عزّ وجلّ اعطى التّائبين ثلاث خصال لو اعطى خصلة منها جميع أهل السماوات والأرض لنجوا بها ثمّ تلا هذه الآية.
40,7,{ (1) حم } قد سبق تأويله.  وفي المعاني عن الصادق عليه السلام وامّا { حم } فمعناه الحميد المجيد.  { (2) تَنْزِيلُ الْكِتَابِ مِنَ اللهِ الْعَزِيزِ الْعَلِيمِ }.  { (3) غَافِرِ الذَّنْبِ وَقَابِلِ التَّوْبِ شَدِيدِ الْعِقَابِ ذِى الطُّولِ } ذي الفضل بترك العقاب المستحقّ { لا إِله إِلاّ هُوَ } فيجب الإِقبال الكلّي على عبادته { إِلَيْهِ الْمَصِيرُ } فيجازي المطيع والعاصي.  { (4) مَا يُجَادِلُ فِى آيَاتِ اللهِ } بالطعن فيها وادحاض الحقّ { إِلاّ الَّذِينَ كَفَرُوا }.  في الاكمال عن النبيّ صلّى الله عليه وآله قال لعن المجادلون في دين الله على لسان سبعين نبيّاً ومن جادل في آيات الله فقد كفر ثمّ تلا هذه الآية.  وروي عنه صلّى الله عليه وآله انّ جدالاً في القرآن كفر وانّما نكر فجواز الجدال لحلّ عقده واستنباط حقائقه وقطع تشبّث اهل الزّيغ به وردّ مطاعنهم فيه { فَلاَ يَغْرُرْكَ تَقَلُّبُهُمُ فِى الْبِلاَدِ } بالتجارات المربحة فانّهم مأخوذون عن قريب بكفرهم اخذ من قبلهم.  { (5) كَذَّبَتْ قَبْلَهُمْ قَوْمُ نُوحٍ وَالأَحْزَابُ مِنْ بَعْدِهِمْ } والذين تحزّبوا على الرّسل وناصبوهم بعد قوم نوح كعاد وثمود { وَهَمَّتْ كُلُّ أُمَّةٍ } من هؤلاء { بِرَسُولِهِمْ لِيَأْخُذُوهُ } ليتمكّنوا من اصابته بما ارادوا من تعذيبه { وَجَادَلُوا بِالْبَاطِلِ } بما لا حقيقة له { لِيُدْحِضُوا بِهِ الْحَقَّ } ليزيلوه به { فَأَخَذْتُهُمْ } بالإِهلاك جزاء لهم { فَكَيْفَ كَانَ عِقَابِ } فانّكم تمرّون على ديارهم وترون أثره أو تتلون قصصهم في القرآن وهو تقرير فيه تعجيب.  { (6) وَكَذَلِكَ حَقَّتْ كَلِمَةُ رَبِّكَ عَلِى الَّذِينَ كَفَرُوا أَنَّهُمْ أَصْحَابُ النّارِ } القمّي عن الباقر عليه السلام يعني بني أُميّة.  { (7) الَّذِينَ يَحْمِلُونَ الْعَرْشَ وَمَنْ حَوْلَهُ يُسَبِّحُونَ بِحَمْدِ رَبِّهِمْ } يذكرون الله بمجامع الثّناء من صفات الجلال والإِكرام { وَيُؤْمِنُونَ بِهِ } اخبر عنهم بالإِيمان اظهاراً لفضله وتعظيماً لأهله { وَيَسْتَغْفِرُونَ لِلَّذِينَ آمَنُوا } في العيون عن الرضا عليه السلام للّذين آمنوا بولايتنا.  في الكافي عن الصادق عليه السلام انّ لله ملائكة يسقطون الذنوب عن ظهور شيعتنا كما يسقط الريح الورق في أوان سقُوطه وذلك قوله تعالى { الَّذِينَ يَحْمِلُونَ العرش } الآية قال استغفارهم والله لكم دون هذا الخلق رَبَّنَا يقولون ربّنا { وَسِعَتْ كُلَّ شَىْءٍ رَحْمَةً وَعِلْمًا فَاغْفِرْ لِلَّذِينَ تَابُوا وَاتَّبَعُوا سَبِيلَكَ وَقِهِمْ عَذَابَ الْجَحِيمِ }.  { (8) رَبَّنَا وَأَدْخِلْهُمْ جَنّاتِ عَدْنٍ الَّتِى وَعَدْتَّهُمْ وَمَنْ صَلَح مِنْ آبَائِهِمْ وَأَزْوَاجِهِمْ وَذُرِّيَّاتِهِمْ } ليتمّ سرورهم { إِنَّكَ أَنْتَ الْعَزِيزُ } الذي لا يمتنع عليه مقدور { الْحَكِيمُ } الذي لا يفعل الاّ ما تقتضيه حكمته ومن ذلك الوفاء بالوعد.  { (9) وَقِهِمْ السَّيِّئَاتِ وَمَنْ تَقِ السَّيِّئَاتِ يَوْمَئِذٍ فَقَدْ رَحِمْتَهُ وَذَلِكَ هُوَ الْفَوْزُ الْعَظِيمُ }.  القمّي الّذين يحملون العرش يعني رسول الله صلّى الله عليه وآله والأوصياء عليهم السلام من بعده يحملون علم الله ومن حوله يعني الملائكة الذين آمنوا يعني شيعة آل محمد صلوات الله عليهم للّذين تابوا من ولاية فلان وفلان وبني أُميّة واتّبعوا سبيلك اي ولاية وليّ الله { وَمَنْ صَلَحَ } يعني من تولّى عليّاً عليه السلام وذلك صلاحهم فقد رَحِمْتَهُ يعني يوم القيامة { وَذَلِكَ هُوَ الْفَوْزُ الْعَظِيمُ } لمن نجّاه الله من هؤلاء يعني ولاية فلان وفلان.  وفي الكافي مرفوعاً انّ الله عزّ وجلّ اعطى التّائبين ثلاث خصال لو اعطى خصلة منها جميع أهل السماوات والأرض لنجوا بها ثمّ تلا هذه الآية.
40,8,{ (1) حم } قد سبق تأويله.  وفي المعاني عن الصادق عليه السلام وامّا { حم } فمعناه الحميد المجيد.  { (2) تَنْزِيلُ الْكِتَابِ مِنَ اللهِ الْعَزِيزِ الْعَلِيمِ }.  { (3) غَافِرِ الذَّنْبِ وَقَابِلِ التَّوْبِ شَدِيدِ الْعِقَابِ ذِى الطُّولِ } ذي الفضل بترك العقاب المستحقّ { لا إِله إِلاّ هُوَ } فيجب الإِقبال الكلّي على عبادته { إِلَيْهِ الْمَصِيرُ } فيجازي المطيع والعاصي.  { (4) مَا يُجَادِلُ فِى آيَاتِ اللهِ } بالطعن فيها وادحاض الحقّ { إِلاّ الَّذِينَ كَفَرُوا }.  في الاكمال عن النبيّ صلّى الله عليه وآله قال لعن المجادلون في دين الله على لسان سبعين نبيّاً ومن جادل في آيات الله فقد كفر ثمّ تلا هذه الآية.  وروي عنه صلّى الله عليه وآله انّ جدالاً في القرآن كفر وانّما نكر فجواز الجدال لحلّ عقده واستنباط حقائقه وقطع تشبّث اهل الزّيغ به وردّ مطاعنهم فيه { فَلاَ يَغْرُرْكَ تَقَلُّبُهُمُ فِى الْبِلاَدِ } بالتجارات المربحة فانّهم مأخوذون عن قريب بكفرهم اخذ من قبلهم.  { (5) كَذَّبَتْ قَبْلَهُمْ قَوْمُ نُوحٍ وَالأَحْزَابُ مِنْ بَعْدِهِمْ } والذين تحزّبوا على الرّسل وناصبوهم بعد قوم نوح كعاد وثمود { وَهَمَّتْ كُلُّ أُمَّةٍ } من هؤلاء { بِرَسُولِهِمْ لِيَأْخُذُوهُ } ليتمكّنوا من اصابته بما ارادوا من تعذيبه { وَجَادَلُوا بِالْبَاطِلِ } بما لا حقيقة له { لِيُدْحِضُوا بِهِ الْحَقَّ } ليزيلوه به { فَأَخَذْتُهُمْ } بالإِهلاك جزاء لهم { فَكَيْفَ كَانَ عِقَابِ } فانّكم تمرّون على ديارهم وترون أثره أو تتلون قصصهم في القرآن وهو تقرير فيه تعجيب.  { (6) وَكَذَلِكَ حَقَّتْ كَلِمَةُ رَبِّكَ عَلِى الَّذِينَ كَفَرُوا أَنَّهُمْ أَصْحَابُ النّارِ } القمّي عن الباقر عليه السلام يعني بني أُميّة.  { (7) الَّذِينَ يَحْمِلُونَ الْعَرْشَ وَمَنْ حَوْلَهُ يُسَبِّحُونَ بِحَمْدِ رَبِّهِمْ } يذكرون الله بمجامع الثّناء من صفات الجلال والإِكرام { وَيُؤْمِنُونَ بِهِ } اخبر عنهم بالإِيمان اظهاراً لفضله وتعظيماً لأهله { وَيَسْتَغْفِرُونَ لِلَّذِينَ آمَنُوا } في العيون عن الرضا عليه السلام للّذين آمنوا بولايتنا.  في الكافي عن الصادق عليه السلام انّ لله ملائكة يسقطون الذنوب عن ظهور شيعتنا كما يسقط الريح الورق في أوان سقُوطه وذلك قوله تعالى { الَّذِينَ يَحْمِلُونَ العرش } الآية قال استغفارهم والله لكم دون هذا الخلق رَبَّنَا يقولون ربّنا { وَسِعَتْ كُلَّ شَىْءٍ رَحْمَةً وَعِلْمًا فَاغْفِرْ لِلَّذِينَ تَابُوا وَاتَّبَعُوا سَبِيلَكَ وَقِهِمْ عَذَابَ الْجَحِيمِ }.  { (8) رَبَّنَا وَأَدْخِلْهُمْ جَنّاتِ عَدْنٍ الَّتِى وَعَدْتَّهُمْ وَمَنْ صَلَح مِنْ آبَائِهِمْ وَأَزْوَاجِهِمْ وَذُرِّيَّاتِهِمْ } ليتمّ سرورهم { إِنَّكَ أَنْتَ الْعَزِيزُ } الذي لا يمتنع عليه مقدور { الْحَكِيمُ } الذي لا يفعل الاّ ما تقتضيه حكمته ومن ذلك الوفاء بالوعد.  { (9) وَقِهِمْ السَّيِّئَاتِ وَمَنْ تَقِ السَّيِّئَاتِ يَوْمَئِذٍ فَقَدْ رَحِمْتَهُ وَذَلِكَ هُوَ الْفَوْزُ الْعَظِيمُ }.  القمّي الّذين يحملون العرش يعني رسول الله صلّى الله عليه وآله والأوصياء عليهم السلام من بعده يحملون علم الله ومن حوله يعني الملائكة الذين آمنوا يعني شيعة آل محمد صلوات الله عليهم للّذين تابوا من ولاية فلان وفلان وبني أُميّة واتّبعوا سبيلك اي ولاية وليّ الله { وَمَنْ صَلَحَ } يعني من تولّى عليّاً عليه السلام وذلك صلاحهم فقد رَحِمْتَهُ يعني يوم القيامة { وَذَلِكَ هُوَ الْفَوْزُ الْعَظِيمُ } لمن نجّاه الله من هؤلاء يعني ولاية فلان وفلان.  وفي الكافي مرفوعاً انّ الله عزّ وجلّ اعطى التّائبين ثلاث خصال لو اعطى خصلة منها جميع أهل السماوات والأرض لنجوا بها ثمّ تلا هذه الآية.
40,9,{ (1) حم } قد سبق تأويله.  وفي المعاني عن الصادق عليه السلام وامّا { حم } فمعناه الحميد المجيد.  { (2) تَنْزِيلُ الْكِتَابِ مِنَ اللهِ الْعَزِيزِ الْعَلِيمِ }.  { (3) غَافِرِ الذَّنْبِ وَقَابِلِ التَّوْبِ شَدِيدِ الْعِقَابِ ذِى الطُّولِ } ذي الفضل بترك العقاب المستحقّ { لا إِله إِلاّ هُوَ } فيجب الإِقبال الكلّي على عبادته { إِلَيْهِ الْمَصِيرُ } فيجازي المطيع والعاصي.  { (4) مَا يُجَادِلُ فِى آيَاتِ اللهِ } بالطعن فيها وادحاض الحقّ { إِلاّ الَّذِينَ كَفَرُوا }.  في الاكمال عن النبيّ صلّى الله عليه وآله قال لعن المجادلون في دين الله على لسان سبعين نبيّاً ومن جادل في آيات الله فقد كفر ثمّ تلا هذه الآية.  وروي عنه صلّى الله عليه وآله انّ جدالاً في القرآن كفر وانّما نكر فجواز الجدال لحلّ عقده واستنباط حقائقه وقطع تشبّث اهل الزّيغ به وردّ مطاعنهم فيه { فَلاَ يَغْرُرْكَ تَقَلُّبُهُمُ فِى الْبِلاَدِ } بالتجارات المربحة فانّهم مأخوذون عن قريب بكفرهم اخذ من قبلهم.  { (5) كَذَّبَتْ قَبْلَهُمْ قَوْمُ نُوحٍ وَالأَحْزَابُ مِنْ بَعْدِهِمْ } والذين تحزّبوا على الرّسل وناصبوهم بعد قوم نوح كعاد وثمود { وَهَمَّتْ كُلُّ أُمَّةٍ } من هؤلاء { بِرَسُولِهِمْ لِيَأْخُذُوهُ } ليتمكّنوا من اصابته بما ارادوا من تعذيبه { وَجَادَلُوا بِالْبَاطِلِ } بما لا حقيقة له { لِيُدْحِضُوا بِهِ الْحَقَّ } ليزيلوه به { فَأَخَذْتُهُمْ } بالإِهلاك جزاء لهم { فَكَيْفَ كَانَ عِقَابِ } فانّكم تمرّون على ديارهم وترون أثره أو تتلون قصصهم في القرآن وهو تقرير فيه تعجيب.  { (6) وَكَذَلِكَ حَقَّتْ كَلِمَةُ رَبِّكَ عَلِى الَّذِينَ كَفَرُوا أَنَّهُمْ أَصْحَابُ النّارِ } القمّي عن الباقر عليه السلام يعني بني أُميّة.  { (7) الَّذِينَ يَحْمِلُونَ الْعَرْشَ وَمَنْ حَوْلَهُ يُسَبِّحُونَ بِحَمْدِ رَبِّهِمْ } يذكرون الله بمجامع الثّناء من صفات الجلال والإِكرام { وَيُؤْمِنُونَ بِهِ } اخبر عنهم بالإِيمان اظهاراً لفضله وتعظيماً لأهله { وَيَسْتَغْفِرُونَ لِلَّذِينَ آمَنُوا } في العيون عن الرضا عليه السلام للّذين آمنوا بولايتنا.  في الكافي عن الصادق عليه السلام انّ لله ملائكة يسقطون الذنوب عن ظهور شيعتنا كما يسقط الريح الورق في أوان سقُوطه وذلك قوله تعالى { الَّذِينَ يَحْمِلُونَ العرش } الآية قال استغفارهم والله لكم دون هذا الخلق رَبَّنَا يقولون ربّنا { وَسِعَتْ كُلَّ شَىْءٍ رَحْمَةً وَعِلْمًا فَاغْفِرْ لِلَّذِينَ تَابُوا وَاتَّبَعُوا سَبِيلَكَ وَقِهِمْ عَذَابَ الْجَحِيمِ }.  { (8) رَبَّنَا وَأَدْخِلْهُمْ جَنّاتِ عَدْنٍ الَّتِى وَعَدْتَّهُمْ وَمَنْ صَلَح مِنْ آبَائِهِمْ وَأَزْوَاجِهِمْ وَذُرِّيَّاتِهِمْ } ليتمّ سرورهم { إِنَّكَ أَنْتَ الْعَزِيزُ } الذي لا يمتنع عليه مقدور { الْحَكِيمُ } الذي لا يفعل الاّ ما تقتضيه حكمته ومن ذلك الوفاء بالوعد.  { (9) وَقِهِمْ السَّيِّئَاتِ وَمَنْ تَقِ السَّيِّئَاتِ يَوْمَئِذٍ فَقَدْ رَحِمْتَهُ وَذَلِكَ هُوَ الْفَوْزُ الْعَظِيمُ }.  القمّي الّذين يحملون العرش يعني رسول الله صلّى الله عليه وآله والأوصياء عليهم السلام من بعده يحملون علم الله ومن حوله يعني الملائكة الذين آمنوا يعني شيعة آل محمد صلوات الله عليهم للّذين تابوا من ولاية فلان وفلان وبني أُميّة واتّبعوا سبيلك اي ولاية وليّ الله { وَمَنْ صَلَحَ } يعني من تولّى عليّاً عليه السلام وذلك صلاحهم فقد رَحِمْتَهُ يعني يوم القيامة { وَذَلِكَ هُوَ الْفَوْزُ الْعَظِيمُ } لمن نجّاه الله من هؤلاء يعني ولاية فلان وفلان.  وفي الكافي مرفوعاً انّ الله عزّ وجلّ اعطى التّائبين ثلاث خصال لو اعطى خصلة منها جميع أهل السماوات والأرض لنجوا بها ثمّ تلا هذه الآية.
40,10,{ (10) إِنَّ الَّذِينَ كَفَرُوا يُنَادَوْنَ } يوم القيامة فيقال لهم { لَمَقْتُ اللهِ أَكْبَرُ مِنْ مَقْتِكُمْ أَنْفُسَكُمْ } اي لَمَقْتُ الله ايّاكم اكبر من مقتكم انفسكم الأمّارة بالسوء { إِذْ تَدْعُونَ إِلَى الإِيمَانِ فَتَكْفُرُونَ } القمّي انّ الذين كفروا يعني بني اميّة الى الإِيمان يعني الى ولاية عليّ عليه السلام.  { (11) قَالُوا رَبَّنَا أَمَتَّنَا اثْنَتَيْنِ وَأَحْيَيْتَنَا اثْنَتَيْنِ }.  القمّي عن الصادق عليه السلام ذلك في الرجعة.  أقولُ: لعلّ المراد انّ التّثنية انّما تتحقّق بالرجعة او يقولون ذلك في الرجعة بسبب الإِحياء والاماتة اللّتين في القبر للسّؤال { فَاعْتَرَفْنَا بِذُنُوبِنَا فَهَلْ إلَى خُرُوجٍ مِنْ سَبِيلٍ } فهل الى نوع خروج من العذاب من طريق فنسلكه وذلك إنّما يقولونه من فرط قنوطهم تعلّلاً وتحيّراً ولذلك اجيبوا بما اجيبوا.  { (12) ذَلِكُمْ } الّذي أنتم فيه { بِأَنَّه } بسبب أنّه { إِذَا دُعِىَ اللهُ وَحْدَهُ كَفَرْتُمْ } بالتوحيد { وَإِنْ يُشْرَكْ بِهِ تُؤْمِنُوا } بالإِشراك.  القمّي عن الصادق عليه السلام يقول اذا ذكر الله وحده بولاية من أمر الله بولايته كفرتم وان يشرك به من ليست له ولاية تؤمنوا بأنّ له ولاية.  وفي الكافي عنه عليه السلام اذا دعي الله وحده وأهل الولاية كفرتم { فَالحُكْمُ للهِ الْعَلِىِّ الْكَبِيرِ } من أن يشكر به ويُسوّى بغيره حيث حكم عليكم بالعذاب السرمد.  { (13) هُوَ الَّذِى يُرِيكُمْ آيَاتِهِ } الدّالة على التوحيد وسائر ما يجب أن يعلم { وَيُنَزِّلُ لَكُمْ مِنَ السَّمَاءِ رِزْقًا } اسباب رزق { وَمَا يَتَذَكَّرُ إِلاّ مَنْ يُنِيبُ } يرجع عن الانكار بالإِقبال عليها والتفكّر فيها.  { (14) فَادْعُوا اللهَ مُخْلِصِينَ لَهُ الدِّينَ } من الشرك { وَلَوْ كَرِهَ الْكَافِرُونَ } إخلاصكم وشق عليهم.  { (15) رَفِيعُ الدَّرَجَاتِ ذُو الْعَرْشِ يُلْقِى الرُّوحَ مِنْ أَمْرِهِ عَلَى مَنْ يَشَاءُ مِنْ } القمّي قال روح القدس وهو خاصّ برسول الله صلّى الله عليه وآله والأئمّة عليهم السلام { لِيُنْذِرَ يَوْمَ التَّلاَقِ } يوم القيامة.  في المعاني عن الصادق عليه السلام والقمّي قال يوم يلتقي أهل السماء وأهل الأرض.  { (16) يُوْمَ هُمْ بَارِزُونَ } خارجون من قبورهم لا يسترهم شيء { لاَ يَخْفَى عَلَى اللهِ مِنْهُمْ شَىْءٌ } من اعيانهم وأعمالهم واحوالهم { لِمَنِ الْمُلْكُ الْيَوْمَ للهِ الْوَاحِدِ الْقَهَّارِ } حكاية لما يسئل عنه ولما يجاب به بما دلّ عليه ظاهر الحال فيه من زوال الأسباب وارتفاع الوسايط وأمَا حقيقة الحال فناطقة بذلك دائماً.  { (17) الْيَوْمَ تُجْزَى كُلُّ نَفْسٍ بِمَا كَسَبَتْ لاَ ظُلْمَ الْيَوْمَ إِنَّ اللهَ سَرِيعُ الْحِسَابِ } اذ لا يشغله شأن عن شأن.  في التوحيد عن أمير المؤمنين عليه السلام في حديث تفسير الحروف قال والميم ملك الله يوم لا مالك غيره ويقول الله لمن الملك اليوم ثمّ تنطق ارواح أنبيائه ورسله وحججه فيقولون لله الواحد القهّار فيقول الله جلّ جلاله اليوم تجزى الآية. وفي نهج البلاغة وانّه سبحانه يعود بعد فناء الدنيا وحده لا شيء معه كما كان قبل ابتدائها كذلك يكون بعد فنائها بلا وقت ولا مكان ولا حين ولا زمان عدمت عند ذلك الآجال والأوقات وزالت السّنون والساعات فلا شيء الاّ الواحد القهّار الذي اليه مصير جميع الامور بلا قدرة منها كان ابتداء خلقها وبغير امتناع منها كان فناؤها ولو قدرت على الامتناع لدام بقاؤها وقد مضى حديث آخر في هذا المعنى في اواخر سورة الزمر.  والقمّي عن الصادق عليه السلام في حديث اماتة الله أهل الأرض وأهل السماء والملائكة قال ثمّ لبث مثل ما خلق الله الخلق ومثل ذلك كلّه واضعاف ذلك ثمّ يقول الله عزّ وجلّ { لِمَنِ الْمُلْكُ الْيَوْمَ } فيردّ على نفسه { للهِ الْوَاحِدِ الْقهّار } اين الجبّارون اين الذين ادّعوا مَعِىَ إِلهًا آخر اين المتكبّرون ونخوتهم ثمّ يبعث الخلق.
40,11,{ (10) إِنَّ الَّذِينَ كَفَرُوا يُنَادَوْنَ } يوم القيامة فيقال لهم { لَمَقْتُ اللهِ أَكْبَرُ مِنْ مَقْتِكُمْ أَنْفُسَكُمْ } اي لَمَقْتُ الله ايّاكم اكبر من مقتكم انفسكم الأمّارة بالسوء { إِذْ تَدْعُونَ إِلَى الإِيمَانِ فَتَكْفُرُونَ } القمّي انّ الذين كفروا يعني بني اميّة الى الإِيمان يعني الى ولاية عليّ عليه السلام.  { (11) قَالُوا رَبَّنَا أَمَتَّنَا اثْنَتَيْنِ وَأَحْيَيْتَنَا اثْنَتَيْنِ }.  القمّي عن الصادق عليه السلام ذلك في الرجعة.  أقولُ: لعلّ المراد انّ التّثنية انّما تتحقّق بالرجعة او يقولون ذلك في الرجعة بسبب الإِحياء والاماتة اللّتين في القبر للسّؤال { فَاعْتَرَفْنَا بِذُنُوبِنَا فَهَلْ إلَى خُرُوجٍ مِنْ سَبِيلٍ } فهل الى نوع خروج من العذاب من طريق فنسلكه وذلك إنّما يقولونه من فرط قنوطهم تعلّلاً وتحيّراً ولذلك اجيبوا بما اجيبوا.  { (12) ذَلِكُمْ } الّذي أنتم فيه { بِأَنَّه } بسبب أنّه { إِذَا دُعِىَ اللهُ وَحْدَهُ كَفَرْتُمْ } بالتوحيد { وَإِنْ يُشْرَكْ بِهِ تُؤْمِنُوا } بالإِشراك.  القمّي عن الصادق عليه السلام يقول اذا ذكر الله وحده بولاية من أمر الله بولايته كفرتم وان يشرك به من ليست له ولاية تؤمنوا بأنّ له ولاية.  وفي الكافي عنه عليه السلام اذا دعي الله وحده وأهل الولاية كفرتم { فَالحُكْمُ للهِ الْعَلِىِّ الْكَبِيرِ } من أن يشكر به ويُسوّى بغيره حيث حكم عليكم بالعذاب السرمد.  { (13) هُوَ الَّذِى يُرِيكُمْ آيَاتِهِ } الدّالة على التوحيد وسائر ما يجب أن يعلم { وَيُنَزِّلُ لَكُمْ مِنَ السَّمَاءِ رِزْقًا } اسباب رزق { وَمَا يَتَذَكَّرُ إِلاّ مَنْ يُنِيبُ } يرجع عن الانكار بالإِقبال عليها والتفكّر فيها.  { (14) فَادْعُوا اللهَ مُخْلِصِينَ لَهُ الدِّينَ } من الشرك { وَلَوْ كَرِهَ الْكَافِرُونَ } إخلاصكم وشق عليهم.  { (15) رَفِيعُ الدَّرَجَاتِ ذُو الْعَرْشِ يُلْقِى الرُّوحَ مِنْ أَمْرِهِ عَلَى مَنْ يَشَاءُ مِنْ } القمّي قال روح القدس وهو خاصّ برسول الله صلّى الله عليه وآله والأئمّة عليهم السلام { لِيُنْذِرَ يَوْمَ التَّلاَقِ } يوم القيامة.  في المعاني عن الصادق عليه السلام والقمّي قال يوم يلتقي أهل السماء وأهل الأرض.  { (16) يُوْمَ هُمْ بَارِزُونَ } خارجون من قبورهم لا يسترهم شيء { لاَ يَخْفَى عَلَى اللهِ مِنْهُمْ شَىْءٌ } من اعيانهم وأعمالهم واحوالهم { لِمَنِ الْمُلْكُ الْيَوْمَ للهِ الْوَاحِدِ الْقَهَّارِ } حكاية لما يسئل عنه ولما يجاب به بما دلّ عليه ظاهر الحال فيه من زوال الأسباب وارتفاع الوسايط وأمَا حقيقة الحال فناطقة بذلك دائماً.  { (17) الْيَوْمَ تُجْزَى كُلُّ نَفْسٍ بِمَا كَسَبَتْ لاَ ظُلْمَ الْيَوْمَ إِنَّ اللهَ سَرِيعُ الْحِسَابِ } اذ لا يشغله شأن عن شأن.  في التوحيد عن أمير المؤمنين عليه السلام في حديث تفسير الحروف قال والميم ملك الله يوم لا مالك غيره ويقول الله لمن الملك اليوم ثمّ تنطق ارواح أنبيائه ورسله وحججه فيقولون لله الواحد القهّار فيقول الله جلّ جلاله اليوم تجزى الآية. وفي نهج البلاغة وانّه سبحانه يعود بعد فناء الدنيا وحده لا شيء معه كما كان قبل ابتدائها كذلك يكون بعد فنائها بلا وقت ولا مكان ولا حين ولا زمان عدمت عند ذلك الآجال والأوقات وزالت السّنون والساعات فلا شيء الاّ الواحد القهّار الذي اليه مصير جميع الامور بلا قدرة منها كان ابتداء خلقها وبغير امتناع منها كان فناؤها ولو قدرت على الامتناع لدام بقاؤها وقد مضى حديث آخر في هذا المعنى في اواخر سورة الزمر.  والقمّي عن الصادق عليه السلام في حديث اماتة الله أهل الأرض وأهل السماء والملائكة قال ثمّ لبث مثل ما خلق الله الخلق ومثل ذلك كلّه واضعاف ذلك ثمّ يقول الله عزّ وجلّ { لِمَنِ الْمُلْكُ الْيَوْمَ } فيردّ على نفسه { للهِ الْوَاحِدِ الْقهّار } اين الجبّارون اين الذين ادّعوا مَعِىَ إِلهًا آخر اين المتكبّرون ونخوتهم ثمّ يبعث الخلق.
40,12,{ (10) إِنَّ الَّذِينَ كَفَرُوا يُنَادَوْنَ } يوم القيامة فيقال لهم { لَمَقْتُ اللهِ أَكْبَرُ مِنْ مَقْتِكُمْ أَنْفُسَكُمْ } اي لَمَقْتُ الله ايّاكم اكبر من مقتكم انفسكم الأمّارة بالسوء { إِذْ تَدْعُونَ إِلَى الإِيمَانِ فَتَكْفُرُونَ } القمّي انّ الذين كفروا يعني بني اميّة الى الإِيمان يعني الى ولاية عليّ عليه السلام.  { (11) قَالُوا رَبَّنَا أَمَتَّنَا اثْنَتَيْنِ وَأَحْيَيْتَنَا اثْنَتَيْنِ }.  القمّي عن الصادق عليه السلام ذلك في الرجعة.  أقولُ: لعلّ المراد انّ التّثنية انّما تتحقّق بالرجعة او يقولون ذلك في الرجعة بسبب الإِحياء والاماتة اللّتين في القبر للسّؤال { فَاعْتَرَفْنَا بِذُنُوبِنَا فَهَلْ إلَى خُرُوجٍ مِنْ سَبِيلٍ } فهل الى نوع خروج من العذاب من طريق فنسلكه وذلك إنّما يقولونه من فرط قنوطهم تعلّلاً وتحيّراً ولذلك اجيبوا بما اجيبوا.  { (12) ذَلِكُمْ } الّذي أنتم فيه { بِأَنَّه } بسبب أنّه { إِذَا دُعِىَ اللهُ وَحْدَهُ كَفَرْتُمْ } بالتوحيد { وَإِنْ يُشْرَكْ بِهِ تُؤْمِنُوا } بالإِشراك.  القمّي عن الصادق عليه السلام يقول اذا ذكر الله وحده بولاية من أمر الله بولايته كفرتم وان يشرك به من ليست له ولاية تؤمنوا بأنّ له ولاية.  وفي الكافي عنه عليه السلام اذا دعي الله وحده وأهل الولاية كفرتم { فَالحُكْمُ للهِ الْعَلِىِّ الْكَبِيرِ } من أن يشكر به ويُسوّى بغيره حيث حكم عليكم بالعذاب السرمد.  { (13) هُوَ الَّذِى يُرِيكُمْ آيَاتِهِ } الدّالة على التوحيد وسائر ما يجب أن يعلم { وَيُنَزِّلُ لَكُمْ مِنَ السَّمَاءِ رِزْقًا } اسباب رزق { وَمَا يَتَذَكَّرُ إِلاّ مَنْ يُنِيبُ } يرجع عن الانكار بالإِقبال عليها والتفكّر فيها.  { (14) فَادْعُوا اللهَ مُخْلِصِينَ لَهُ الدِّينَ } من الشرك { وَلَوْ كَرِهَ الْكَافِرُونَ } إخلاصكم وشق عليهم.  { (15) رَفِيعُ الدَّرَجَاتِ ذُو الْعَرْشِ يُلْقِى الرُّوحَ مِنْ أَمْرِهِ عَلَى مَنْ يَشَاءُ مِنْ } القمّي قال روح القدس وهو خاصّ برسول الله صلّى الله عليه وآله والأئمّة عليهم السلام { لِيُنْذِرَ يَوْمَ التَّلاَقِ } يوم القيامة.  في المعاني عن الصادق عليه السلام والقمّي قال يوم يلتقي أهل السماء وأهل الأرض.  { (16) يُوْمَ هُمْ بَارِزُونَ } خارجون من قبورهم لا يسترهم شيء { لاَ يَخْفَى عَلَى اللهِ مِنْهُمْ شَىْءٌ } من اعيانهم وأعمالهم واحوالهم { لِمَنِ الْمُلْكُ الْيَوْمَ للهِ الْوَاحِدِ الْقَهَّارِ } حكاية لما يسئل عنه ولما يجاب به بما دلّ عليه ظاهر الحال فيه من زوال الأسباب وارتفاع الوسايط وأمَا حقيقة الحال فناطقة بذلك دائماً.  { (17) الْيَوْمَ تُجْزَى كُلُّ نَفْسٍ بِمَا كَسَبَتْ لاَ ظُلْمَ الْيَوْمَ إِنَّ اللهَ سَرِيعُ الْحِسَابِ } اذ لا يشغله شأن عن شأن.  في التوحيد عن أمير المؤمنين عليه السلام في حديث تفسير الحروف قال والميم ملك الله يوم لا مالك غيره ويقول الله لمن الملك اليوم ثمّ تنطق ارواح أنبيائه ورسله وحججه فيقولون لله الواحد القهّار فيقول الله جلّ جلاله اليوم تجزى الآية. وفي نهج البلاغة وانّه سبحانه يعود بعد فناء الدنيا وحده لا شيء معه كما كان قبل ابتدائها كذلك يكون بعد فنائها بلا وقت ولا مكان ولا حين ولا زمان عدمت عند ذلك الآجال والأوقات وزالت السّنون والساعات فلا شيء الاّ الواحد القهّار الذي اليه مصير جميع الامور بلا قدرة منها كان ابتداء خلقها وبغير امتناع منها كان فناؤها ولو قدرت على الامتناع لدام بقاؤها وقد مضى حديث آخر في هذا المعنى في اواخر سورة الزمر.  والقمّي عن الصادق عليه السلام في حديث اماتة الله أهل الأرض وأهل السماء والملائكة قال ثمّ لبث مثل ما خلق الله الخلق ومثل ذلك كلّه واضعاف ذلك ثمّ يقول الله عزّ وجلّ { لِمَنِ الْمُلْكُ الْيَوْمَ } فيردّ على نفسه { للهِ الْوَاحِدِ الْقهّار } اين الجبّارون اين الذين ادّعوا مَعِىَ إِلهًا آخر اين المتكبّرون ونخوتهم ثمّ يبعث الخلق.
40,13,{ (10) إِنَّ الَّذِينَ كَفَرُوا يُنَادَوْنَ } يوم القيامة فيقال لهم { لَمَقْتُ اللهِ أَكْبَرُ مِنْ مَقْتِكُمْ أَنْفُسَكُمْ } اي لَمَقْتُ الله ايّاكم اكبر من مقتكم انفسكم الأمّارة بالسوء { إِذْ تَدْعُونَ إِلَى الإِيمَانِ فَتَكْفُرُونَ } القمّي انّ الذين كفروا يعني بني اميّة الى الإِيمان يعني الى ولاية عليّ عليه السلام.  { (11) قَالُوا رَبَّنَا أَمَتَّنَا اثْنَتَيْنِ وَأَحْيَيْتَنَا اثْنَتَيْنِ }.  القمّي عن الصادق عليه السلام ذلك في الرجعة.  أقولُ: لعلّ المراد انّ التّثنية انّما تتحقّق بالرجعة او يقولون ذلك في الرجعة بسبب الإِحياء والاماتة اللّتين في القبر للسّؤال { فَاعْتَرَفْنَا بِذُنُوبِنَا فَهَلْ إلَى خُرُوجٍ مِنْ سَبِيلٍ } فهل الى نوع خروج من العذاب من طريق فنسلكه وذلك إنّما يقولونه من فرط قنوطهم تعلّلاً وتحيّراً ولذلك اجيبوا بما اجيبوا.  { (12) ذَلِكُمْ } الّذي أنتم فيه { بِأَنَّه } بسبب أنّه { إِذَا دُعِىَ اللهُ وَحْدَهُ كَفَرْتُمْ } بالتوحيد { وَإِنْ يُشْرَكْ بِهِ تُؤْمِنُوا } بالإِشراك.  القمّي عن الصادق عليه السلام يقول اذا ذكر الله وحده بولاية من أمر الله بولايته كفرتم وان يشرك به من ليست له ولاية تؤمنوا بأنّ له ولاية.  وفي الكافي عنه عليه السلام اذا دعي الله وحده وأهل الولاية كفرتم { فَالحُكْمُ للهِ الْعَلِىِّ الْكَبِيرِ } من أن يشكر به ويُسوّى بغيره حيث حكم عليكم بالعذاب السرمد.  { (13) هُوَ الَّذِى يُرِيكُمْ آيَاتِهِ } الدّالة على التوحيد وسائر ما يجب أن يعلم { وَيُنَزِّلُ لَكُمْ مِنَ السَّمَاءِ رِزْقًا } اسباب رزق { وَمَا يَتَذَكَّرُ إِلاّ مَنْ يُنِيبُ } يرجع عن الانكار بالإِقبال عليها والتفكّر فيها.  { (14) فَادْعُوا اللهَ مُخْلِصِينَ لَهُ الدِّينَ } من الشرك { وَلَوْ كَرِهَ الْكَافِرُونَ } إخلاصكم وشق عليهم.  { (15) رَفِيعُ الدَّرَجَاتِ ذُو الْعَرْشِ يُلْقِى الرُّوحَ مِنْ أَمْرِهِ عَلَى مَنْ يَشَاءُ مِنْ } القمّي قال روح القدس وهو خاصّ برسول الله صلّى الله عليه وآله والأئمّة عليهم السلام { لِيُنْذِرَ يَوْمَ التَّلاَقِ } يوم القيامة.  في المعاني عن الصادق عليه السلام والقمّي قال يوم يلتقي أهل السماء وأهل الأرض.  { (16) يُوْمَ هُمْ بَارِزُونَ } خارجون من قبورهم لا يسترهم شيء { لاَ يَخْفَى عَلَى اللهِ مِنْهُمْ شَىْءٌ } من اعيانهم وأعمالهم واحوالهم { لِمَنِ الْمُلْكُ الْيَوْمَ للهِ الْوَاحِدِ الْقَهَّارِ } حكاية لما يسئل عنه ولما يجاب به بما دلّ عليه ظاهر الحال فيه من زوال الأسباب وارتفاع الوسايط وأمَا حقيقة الحال فناطقة بذلك دائماً.  { (17) الْيَوْمَ تُجْزَى كُلُّ نَفْسٍ بِمَا كَسَبَتْ لاَ ظُلْمَ الْيَوْمَ إِنَّ اللهَ سَرِيعُ الْحِسَابِ } اذ لا يشغله شأن عن شأن.  في التوحيد عن أمير المؤمنين عليه السلام في حديث تفسير الحروف قال والميم ملك الله يوم لا مالك غيره ويقول الله لمن الملك اليوم ثمّ تنطق ارواح أنبيائه ورسله وحججه فيقولون لله الواحد القهّار فيقول الله جلّ جلاله اليوم تجزى الآية. وفي نهج البلاغة وانّه سبحانه يعود بعد فناء الدنيا وحده لا شيء معه كما كان قبل ابتدائها كذلك يكون بعد فنائها بلا وقت ولا مكان ولا حين ولا زمان عدمت عند ذلك الآجال والأوقات وزالت السّنون والساعات فلا شيء الاّ الواحد القهّار الذي اليه مصير جميع الامور بلا قدرة منها كان ابتداء خلقها وبغير امتناع منها كان فناؤها ولو قدرت على الامتناع لدام بقاؤها وقد مضى حديث آخر في هذا المعنى في اواخر سورة الزمر.  والقمّي عن الصادق عليه السلام في حديث اماتة الله أهل الأرض وأهل السماء والملائكة قال ثمّ لبث مثل ما خلق الله الخلق ومثل ذلك كلّه واضعاف ذلك ثمّ يقول الله عزّ وجلّ { لِمَنِ الْمُلْكُ الْيَوْمَ } فيردّ على نفسه { للهِ الْوَاحِدِ الْقهّار } اين الجبّارون اين الذين ادّعوا مَعِىَ إِلهًا آخر اين المتكبّرون ونخوتهم ثمّ يبعث الخلق.
40,14,{ (10) إِنَّ الَّذِينَ كَفَرُوا يُنَادَوْنَ } يوم القيامة فيقال لهم { لَمَقْتُ اللهِ أَكْبَرُ مِنْ مَقْتِكُمْ أَنْفُسَكُمْ } اي لَمَقْتُ الله ايّاكم اكبر من مقتكم انفسكم الأمّارة بالسوء { إِذْ تَدْعُونَ إِلَى الإِيمَانِ فَتَكْفُرُونَ } القمّي انّ الذين كفروا يعني بني اميّة الى الإِيمان يعني الى ولاية عليّ عليه السلام.  { (11) قَالُوا رَبَّنَا أَمَتَّنَا اثْنَتَيْنِ وَأَحْيَيْتَنَا اثْنَتَيْنِ }.  القمّي عن الصادق عليه السلام ذلك في الرجعة.  أقولُ: لعلّ المراد انّ التّثنية انّما تتحقّق بالرجعة او يقولون ذلك في الرجعة بسبب الإِحياء والاماتة اللّتين في القبر للسّؤال { فَاعْتَرَفْنَا بِذُنُوبِنَا فَهَلْ إلَى خُرُوجٍ مِنْ سَبِيلٍ } فهل الى نوع خروج من العذاب من طريق فنسلكه وذلك إنّما يقولونه من فرط قنوطهم تعلّلاً وتحيّراً ولذلك اجيبوا بما اجيبوا.  { (12) ذَلِكُمْ } الّذي أنتم فيه { بِأَنَّه } بسبب أنّه { إِذَا دُعِىَ اللهُ وَحْدَهُ كَفَرْتُمْ } بالتوحيد { وَإِنْ يُشْرَكْ بِهِ تُؤْمِنُوا } بالإِشراك.  القمّي عن الصادق عليه السلام يقول اذا ذكر الله وحده بولاية من أمر الله بولايته كفرتم وان يشرك به من ليست له ولاية تؤمنوا بأنّ له ولاية.  وفي الكافي عنه عليه السلام اذا دعي الله وحده وأهل الولاية كفرتم { فَالحُكْمُ للهِ الْعَلِىِّ الْكَبِيرِ } من أن يشكر به ويُسوّى بغيره حيث حكم عليكم بالعذاب السرمد.  { (13) هُوَ الَّذِى يُرِيكُمْ آيَاتِهِ } الدّالة على التوحيد وسائر ما يجب أن يعلم { وَيُنَزِّلُ لَكُمْ مِنَ السَّمَاءِ رِزْقًا } اسباب رزق { وَمَا يَتَذَكَّرُ إِلاّ مَنْ يُنِيبُ } يرجع عن الانكار بالإِقبال عليها والتفكّر فيها.  { (14) فَادْعُوا اللهَ مُخْلِصِينَ لَهُ الدِّينَ } من الشرك { وَلَوْ كَرِهَ الْكَافِرُونَ } إخلاصكم وشق عليهم.  { (15) رَفِيعُ الدَّرَجَاتِ ذُو الْعَرْشِ يُلْقِى الرُّوحَ مِنْ أَمْرِهِ عَلَى مَنْ يَشَاءُ مِنْ } القمّي قال روح القدس وهو خاصّ برسول الله صلّى الله عليه وآله والأئمّة عليهم السلام { لِيُنْذِرَ يَوْمَ التَّلاَقِ } يوم القيامة.  في المعاني عن الصادق عليه السلام والقمّي قال يوم يلتقي أهل السماء وأهل الأرض.  { (16) يُوْمَ هُمْ بَارِزُونَ } خارجون من قبورهم لا يسترهم شيء { لاَ يَخْفَى عَلَى اللهِ مِنْهُمْ شَىْءٌ } من اعيانهم وأعمالهم واحوالهم { لِمَنِ الْمُلْكُ الْيَوْمَ للهِ الْوَاحِدِ الْقَهَّارِ } حكاية لما يسئل عنه ولما يجاب به بما دلّ عليه ظاهر الحال فيه من زوال الأسباب وارتفاع الوسايط وأمَا حقيقة الحال فناطقة بذلك دائماً.  { (17) الْيَوْمَ تُجْزَى كُلُّ نَفْسٍ بِمَا كَسَبَتْ لاَ ظُلْمَ الْيَوْمَ إِنَّ اللهَ سَرِيعُ الْحِسَابِ } اذ لا يشغله شأن عن شأن.  في التوحيد عن أمير المؤمنين عليه السلام في حديث تفسير الحروف قال والميم ملك الله يوم لا مالك غيره ويقول الله لمن الملك اليوم ثمّ تنطق ارواح أنبيائه ورسله وحججه فيقولون لله الواحد القهّار فيقول الله جلّ جلاله اليوم تجزى الآية. وفي نهج البلاغة وانّه سبحانه يعود بعد فناء الدنيا وحده لا شيء معه كما كان قبل ابتدائها كذلك يكون بعد فنائها بلا وقت ولا مكان ولا حين ولا زمان عدمت عند ذلك الآجال والأوقات وزالت السّنون والساعات فلا شيء الاّ الواحد القهّار الذي اليه مصير جميع الامور بلا قدرة منها كان ابتداء خلقها وبغير امتناع منها كان فناؤها ولو قدرت على الامتناع لدام بقاؤها وقد مضى حديث آخر في هذا المعنى في اواخر سورة الزمر.  والقمّي عن الصادق عليه السلام في حديث اماتة الله أهل الأرض وأهل السماء والملائكة قال ثمّ لبث مثل ما خلق الله الخلق ومثل ذلك كلّه واضعاف ذلك ثمّ يقول الله عزّ وجلّ { لِمَنِ الْمُلْكُ الْيَوْمَ } فيردّ على نفسه { للهِ الْوَاحِدِ الْقهّار } اين الجبّارون اين الذين ادّعوا مَعِىَ إِلهًا آخر اين المتكبّرون ونخوتهم ثمّ يبعث الخلق.
40,15,{ (10) إِنَّ الَّذِينَ كَفَرُوا يُنَادَوْنَ } يوم القيامة فيقال لهم { لَمَقْتُ اللهِ أَكْبَرُ مِنْ مَقْتِكُمْ أَنْفُسَكُمْ } اي لَمَقْتُ الله ايّاكم اكبر من مقتكم انفسكم الأمّارة بالسوء { إِذْ تَدْعُونَ إِلَى الإِيمَانِ فَتَكْفُرُونَ } القمّي انّ الذين كفروا يعني بني اميّة الى الإِيمان يعني الى ولاية عليّ عليه السلام.  { (11) قَالُوا رَبَّنَا أَمَتَّنَا اثْنَتَيْنِ وَأَحْيَيْتَنَا اثْنَتَيْنِ }.  القمّي عن الصادق عليه السلام ذلك في الرجعة.  أقولُ: لعلّ المراد انّ التّثنية انّما تتحقّق بالرجعة او يقولون ذلك في الرجعة بسبب الإِحياء والاماتة اللّتين في القبر للسّؤال { فَاعْتَرَفْنَا بِذُنُوبِنَا فَهَلْ إلَى خُرُوجٍ مِنْ سَبِيلٍ } فهل الى نوع خروج من العذاب من طريق فنسلكه وذلك إنّما يقولونه من فرط قنوطهم تعلّلاً وتحيّراً ولذلك اجيبوا بما اجيبوا.  { (12) ذَلِكُمْ } الّذي أنتم فيه { بِأَنَّه } بسبب أنّه { إِذَا دُعِىَ اللهُ وَحْدَهُ كَفَرْتُمْ } بالتوحيد { وَإِنْ يُشْرَكْ بِهِ تُؤْمِنُوا } بالإِشراك.  القمّي عن الصادق عليه السلام يقول اذا ذكر الله وحده بولاية من أمر الله بولايته كفرتم وان يشرك به من ليست له ولاية تؤمنوا بأنّ له ولاية.  وفي الكافي عنه عليه السلام اذا دعي الله وحده وأهل الولاية كفرتم { فَالحُكْمُ للهِ الْعَلِىِّ الْكَبِيرِ } من أن يشكر به ويُسوّى بغيره حيث حكم عليكم بالعذاب السرمد.  { (13) هُوَ الَّذِى يُرِيكُمْ آيَاتِهِ } الدّالة على التوحيد وسائر ما يجب أن يعلم { وَيُنَزِّلُ لَكُمْ مِنَ السَّمَاءِ رِزْقًا } اسباب رزق { وَمَا يَتَذَكَّرُ إِلاّ مَنْ يُنِيبُ } يرجع عن الانكار بالإِقبال عليها والتفكّر فيها.  { (14) فَادْعُوا اللهَ مُخْلِصِينَ لَهُ الدِّينَ } من الشرك { وَلَوْ كَرِهَ الْكَافِرُونَ } إخلاصكم وشق عليهم.  { (15) رَفِيعُ الدَّرَجَاتِ ذُو الْعَرْشِ يُلْقِى الرُّوحَ مِنْ أَمْرِهِ عَلَى مَنْ يَشَاءُ مِنْ } القمّي قال روح القدس وهو خاصّ برسول الله صلّى الله عليه وآله والأئمّة عليهم السلام { لِيُنْذِرَ يَوْمَ التَّلاَقِ } يوم القيامة.  في المعاني عن الصادق عليه السلام والقمّي قال يوم يلتقي أهل السماء وأهل الأرض.  { (16) يُوْمَ هُمْ بَارِزُونَ } خارجون من قبورهم لا يسترهم شيء { لاَ يَخْفَى عَلَى اللهِ مِنْهُمْ شَىْءٌ } من اعيانهم وأعمالهم واحوالهم { لِمَنِ الْمُلْكُ الْيَوْمَ للهِ الْوَاحِدِ الْقَهَّارِ } حكاية لما يسئل عنه ولما يجاب به بما دلّ عليه ظاهر الحال فيه من زوال الأسباب وارتفاع الوسايط وأمَا حقيقة الحال فناطقة بذلك دائماً.  { (17) الْيَوْمَ تُجْزَى كُلُّ نَفْسٍ بِمَا كَسَبَتْ لاَ ظُلْمَ الْيَوْمَ إِنَّ اللهَ سَرِيعُ الْحِسَابِ } اذ لا يشغله شأن عن شأن.  في التوحيد عن أمير المؤمنين عليه السلام في حديث تفسير الحروف قال والميم ملك الله يوم لا مالك غيره ويقول الله لمن الملك اليوم ثمّ تنطق ارواح أنبيائه ورسله وحججه فيقولون لله الواحد القهّار فيقول الله جلّ جلاله اليوم تجزى الآية. وفي نهج البلاغة وانّه سبحانه يعود بعد فناء الدنيا وحده لا شيء معه كما كان قبل ابتدائها كذلك يكون بعد فنائها بلا وقت ولا مكان ولا حين ولا زمان عدمت عند ذلك الآجال والأوقات وزالت السّنون والساعات فلا شيء الاّ الواحد القهّار الذي اليه مصير جميع الامور بلا قدرة منها كان ابتداء خلقها وبغير امتناع منها كان فناؤها ولو قدرت على الامتناع لدام بقاؤها وقد مضى حديث آخر في هذا المعنى في اواخر سورة الزمر.  والقمّي عن الصادق عليه السلام في حديث اماتة الله أهل الأرض وأهل السماء والملائكة قال ثمّ لبث مثل ما خلق الله الخلق ومثل ذلك كلّه واضعاف ذلك ثمّ يقول الله عزّ وجلّ { لِمَنِ الْمُلْكُ الْيَوْمَ } فيردّ على نفسه { للهِ الْوَاحِدِ الْقهّار } اين الجبّارون اين الذين ادّعوا مَعِىَ إِلهًا آخر اين المتكبّرون ونخوتهم ثمّ يبعث الخلق.
40,16,{ (10) إِنَّ الَّذِينَ كَفَرُوا يُنَادَوْنَ } يوم القيامة فيقال لهم { لَمَقْتُ اللهِ أَكْبَرُ مِنْ مَقْتِكُمْ أَنْفُسَكُمْ } اي لَمَقْتُ الله ايّاكم اكبر من مقتكم انفسكم الأمّارة بالسوء { إِذْ تَدْعُونَ إِلَى الإِيمَانِ فَتَكْفُرُونَ } القمّي انّ الذين كفروا يعني بني اميّة الى الإِيمان يعني الى ولاية عليّ عليه السلام.  { (11) قَالُوا رَبَّنَا أَمَتَّنَا اثْنَتَيْنِ وَأَحْيَيْتَنَا اثْنَتَيْنِ }.  القمّي عن الصادق عليه السلام ذلك في الرجعة.  أقولُ: لعلّ المراد انّ التّثنية انّما تتحقّق بالرجعة او يقولون ذلك في الرجعة بسبب الإِحياء والاماتة اللّتين في القبر للسّؤال { فَاعْتَرَفْنَا بِذُنُوبِنَا فَهَلْ إلَى خُرُوجٍ مِنْ سَبِيلٍ } فهل الى نوع خروج من العذاب من طريق فنسلكه وذلك إنّما يقولونه من فرط قنوطهم تعلّلاً وتحيّراً ولذلك اجيبوا بما اجيبوا.  { (12) ذَلِكُمْ } الّذي أنتم فيه { بِأَنَّه } بسبب أنّه { إِذَا دُعِىَ اللهُ وَحْدَهُ كَفَرْتُمْ } بالتوحيد { وَإِنْ يُشْرَكْ بِهِ تُؤْمِنُوا } بالإِشراك.  القمّي عن الصادق عليه السلام يقول اذا ذكر الله وحده بولاية من أمر الله بولايته كفرتم وان يشرك به من ليست له ولاية تؤمنوا بأنّ له ولاية.  وفي الكافي عنه عليه السلام اذا دعي الله وحده وأهل الولاية كفرتم { فَالحُكْمُ للهِ الْعَلِىِّ الْكَبِيرِ } من أن يشكر به ويُسوّى بغيره حيث حكم عليكم بالعذاب السرمد.  { (13) هُوَ الَّذِى يُرِيكُمْ آيَاتِهِ } الدّالة على التوحيد وسائر ما يجب أن يعلم { وَيُنَزِّلُ لَكُمْ مِنَ السَّمَاءِ رِزْقًا } اسباب رزق { وَمَا يَتَذَكَّرُ إِلاّ مَنْ يُنِيبُ } يرجع عن الانكار بالإِقبال عليها والتفكّر فيها.  { (14) فَادْعُوا اللهَ مُخْلِصِينَ لَهُ الدِّينَ } من الشرك { وَلَوْ كَرِهَ الْكَافِرُونَ } إخلاصكم وشق عليهم.  { (15) رَفِيعُ الدَّرَجَاتِ ذُو الْعَرْشِ يُلْقِى الرُّوحَ مِنْ أَمْرِهِ عَلَى مَنْ يَشَاءُ مِنْ } القمّي قال روح القدس وهو خاصّ برسول الله صلّى الله عليه وآله والأئمّة عليهم السلام { لِيُنْذِرَ يَوْمَ التَّلاَقِ } يوم القيامة.  في المعاني عن الصادق عليه السلام والقمّي قال يوم يلتقي أهل السماء وأهل الأرض.  { (16) يُوْمَ هُمْ بَارِزُونَ } خارجون من قبورهم لا يسترهم شيء { لاَ يَخْفَى عَلَى اللهِ مِنْهُمْ شَىْءٌ } من اعيانهم وأعمالهم واحوالهم { لِمَنِ الْمُلْكُ الْيَوْمَ للهِ الْوَاحِدِ الْقَهَّارِ } حكاية لما يسئل عنه ولما يجاب به بما دلّ عليه ظاهر الحال فيه من زوال الأسباب وارتفاع الوسايط وأمَا حقيقة الحال فناطقة بذلك دائماً.  { (17) الْيَوْمَ تُجْزَى كُلُّ نَفْسٍ بِمَا كَسَبَتْ لاَ ظُلْمَ الْيَوْمَ إِنَّ اللهَ سَرِيعُ الْحِسَابِ } اذ لا يشغله شأن عن شأن.  في التوحيد عن أمير المؤمنين عليه السلام في حديث تفسير الحروف قال والميم ملك الله يوم لا مالك غيره ويقول الله لمن الملك اليوم ثمّ تنطق ارواح أنبيائه ورسله وحججه فيقولون لله الواحد القهّار فيقول الله جلّ جلاله اليوم تجزى الآية. وفي نهج البلاغة وانّه سبحانه يعود بعد فناء الدنيا وحده لا شيء معه كما كان قبل ابتدائها كذلك يكون بعد فنائها بلا وقت ولا مكان ولا حين ولا زمان عدمت عند ذلك الآجال والأوقات وزالت السّنون والساعات فلا شيء الاّ الواحد القهّار الذي اليه مصير جميع الامور بلا قدرة منها كان ابتداء خلقها وبغير امتناع منها كان فناؤها ولو قدرت على الامتناع لدام بقاؤها وقد مضى حديث آخر في هذا المعنى في اواخر سورة الزمر.  والقمّي عن الصادق عليه السلام في حديث اماتة الله أهل الأرض وأهل السماء والملائكة قال ثمّ لبث مثل ما خلق الله الخلق ومثل ذلك كلّه واضعاف ذلك ثمّ يقول الله عزّ وجلّ { لِمَنِ الْمُلْكُ الْيَوْمَ } فيردّ على نفسه { للهِ الْوَاحِدِ الْقهّار } اين الجبّارون اين الذين ادّعوا مَعِىَ إِلهًا آخر اين المتكبّرون ونخوتهم ثمّ يبعث الخلق.
40,17,{ (10) إِنَّ الَّذِينَ كَفَرُوا يُنَادَوْنَ } يوم القيامة فيقال لهم { لَمَقْتُ اللهِ أَكْبَرُ مِنْ مَقْتِكُمْ أَنْفُسَكُمْ } اي لَمَقْتُ الله ايّاكم اكبر من مقتكم انفسكم الأمّارة بالسوء { إِذْ تَدْعُونَ إِلَى الإِيمَانِ فَتَكْفُرُونَ } القمّي انّ الذين كفروا يعني بني اميّة الى الإِيمان يعني الى ولاية عليّ عليه السلام.  { (11) قَالُوا رَبَّنَا أَمَتَّنَا اثْنَتَيْنِ وَأَحْيَيْتَنَا اثْنَتَيْنِ }.  القمّي عن الصادق عليه السلام ذلك في الرجعة.  أقولُ: لعلّ المراد انّ التّثنية انّما تتحقّق بالرجعة او يقولون ذلك في الرجعة بسبب الإِحياء والاماتة اللّتين في القبر للسّؤال { فَاعْتَرَفْنَا بِذُنُوبِنَا فَهَلْ إلَى خُرُوجٍ مِنْ سَبِيلٍ } فهل الى نوع خروج من العذاب من طريق فنسلكه وذلك إنّما يقولونه من فرط قنوطهم تعلّلاً وتحيّراً ولذلك اجيبوا بما اجيبوا.  { (12) ذَلِكُمْ } الّذي أنتم فيه { بِأَنَّه } بسبب أنّه { إِذَا دُعِىَ اللهُ وَحْدَهُ كَفَرْتُمْ } بالتوحيد { وَإِنْ يُشْرَكْ بِهِ تُؤْمِنُوا } بالإِشراك.  القمّي عن الصادق عليه السلام يقول اذا ذكر الله وحده بولاية من أمر الله بولايته كفرتم وان يشرك به من ليست له ولاية تؤمنوا بأنّ له ولاية.  وفي الكافي عنه عليه السلام اذا دعي الله وحده وأهل الولاية كفرتم { فَالحُكْمُ للهِ الْعَلِىِّ الْكَبِيرِ } من أن يشكر به ويُسوّى بغيره حيث حكم عليكم بالعذاب السرمد.  { (13) هُوَ الَّذِى يُرِيكُمْ آيَاتِهِ } الدّالة على التوحيد وسائر ما يجب أن يعلم { وَيُنَزِّلُ لَكُمْ مِنَ السَّمَاءِ رِزْقًا } اسباب رزق { وَمَا يَتَذَكَّرُ إِلاّ مَنْ يُنِيبُ } يرجع عن الانكار بالإِقبال عليها والتفكّر فيها.  { (14) فَادْعُوا اللهَ مُخْلِصِينَ لَهُ الدِّينَ } من الشرك { وَلَوْ كَرِهَ الْكَافِرُونَ } إخلاصكم وشق عليهم.  { (15) رَفِيعُ الدَّرَجَاتِ ذُو الْعَرْشِ يُلْقِى الرُّوحَ مِنْ أَمْرِهِ عَلَى مَنْ يَشَاءُ مِنْ } القمّي قال روح القدس وهو خاصّ برسول الله صلّى الله عليه وآله والأئمّة عليهم السلام { لِيُنْذِرَ يَوْمَ التَّلاَقِ } يوم القيامة.  في المعاني عن الصادق عليه السلام والقمّي قال يوم يلتقي أهل السماء وأهل الأرض.  { (16) يُوْمَ هُمْ بَارِزُونَ } خارجون من قبورهم لا يسترهم شيء { لاَ يَخْفَى عَلَى اللهِ مِنْهُمْ شَىْءٌ } من اعيانهم وأعمالهم واحوالهم { لِمَنِ الْمُلْكُ الْيَوْمَ للهِ الْوَاحِدِ الْقَهَّارِ } حكاية لما يسئل عنه ولما يجاب به بما دلّ عليه ظاهر الحال فيه من زوال الأسباب وارتفاع الوسايط وأمَا حقيقة الحال فناطقة بذلك دائماً.  { (17) الْيَوْمَ تُجْزَى كُلُّ نَفْسٍ بِمَا كَسَبَتْ لاَ ظُلْمَ الْيَوْمَ إِنَّ اللهَ سَرِيعُ الْحِسَابِ } اذ لا يشغله شأن عن شأن.  في التوحيد عن أمير المؤمنين عليه السلام في حديث تفسير الحروف قال والميم ملك الله يوم لا مالك غيره ويقول الله لمن الملك اليوم ثمّ تنطق ارواح أنبيائه ورسله وحججه فيقولون لله الواحد القهّار فيقول الله جلّ جلاله اليوم تجزى الآية. وفي نهج البلاغة وانّه سبحانه يعود بعد فناء الدنيا وحده لا شيء معه كما كان قبل ابتدائها كذلك يكون بعد فنائها بلا وقت ولا مكان ولا حين ولا زمان عدمت عند ذلك الآجال والأوقات وزالت السّنون والساعات فلا شيء الاّ الواحد القهّار الذي اليه مصير جميع الامور بلا قدرة منها كان ابتداء خلقها وبغير امتناع منها كان فناؤها ولو قدرت على الامتناع لدام بقاؤها وقد مضى حديث آخر في هذا المعنى في اواخر سورة الزمر.  والقمّي عن الصادق عليه السلام في حديث اماتة الله أهل الأرض وأهل السماء والملائكة قال ثمّ لبث مثل ما خلق الله الخلق ومثل ذلك كلّه واضعاف ذلك ثمّ يقول الله عزّ وجلّ { لِمَنِ الْمُلْكُ الْيَوْمَ } فيردّ على نفسه { للهِ الْوَاحِدِ الْقهّار } اين الجبّارون اين الذين ادّعوا مَعِىَ إِلهًا آخر اين المتكبّرون ونخوتهم ثمّ يبعث الخلق.
40,18,{ (18)وَأَنْذِرْهُمْ يَوْمَ الأزِفَةِ } اي القيامة سمّيت بها لازوفها اي قربها { إِذِ الْقُلُوبُ لَدَى الْحَنَاجِرِ } فانّها ترتفع عن اماكنها فتلتصق بحلوقهم فلا تعود فيتروّحوا ولا تخرج فيستريحوا { كَاظِمِينَ } على الغمّ القمّي قال مغمومين مكروبين { مَا لِلظّالِمِينَ مِنْ حَمِيمٍ } قريب مشفق { وَلاَ شَفِيعٍ يُطَاعُ } يشفع.  في التوحيد عن الباقر عليه السلام ما من مؤمن يرتكب ذنباً الاّ ساءه ذلك وندم عليه.  وقد قال النبيّ صلّى الله عليه وآله كفى بالنّدم توبة وقال من سرّته حسنته وساءته سيّئته فهو مؤمن فانّ من لم يندم على ذنب يرتكبه فليس بمؤمن ولم تجب له الشفاعة وكان ظالماً والله تعالى يقول { ما للظّالِمينَ مِنْ حَمِيمٍ وَلاَ شَفِيعٍ يُطَاعُ }.  { (19) يَعْلَمُ خَائِنَةَ الأَعْيُنِ } استراق النّظر.  في المعاني عن الصادق عليه السلام إنّه سئل عن معناها فقال ألم تر الى الرجل ينظر الى الشيء وكأنّه لا ينظر اليه فذلك خائنة الأعين.  وفي المجمع في حديث ابن أبي سرح فقال له عبّاد بن بشير يا رسول الله انّ عيني ما زالت في عينك انتظار أن تؤمي اليّ فأقتله فقال انّ الأنبياء لا يكون لهم خائنة الأعين { وَمَا تُخْفِى الصُّدُورُ } من الضمائر.  { (20) واللهُ يَقْضِى بِالْحَقِّ وَالَّذِينَ يَدْعُونَ مِنْ دُونِهِ } وقرئ بالتاء { لاَ يَقْضُونَ بِشَىْءٍ } تهكّم بهم { إِنَّ اللهَ هُوَ السَّمِيعُ الْبَصِيرُ } تقرير لعلمه بخائنة الأعين وقضائه بالحقّ ووعيد لهم على ما يقولون ويفعلون وتعريض بحال ما يدعون من دونه.  { (21) أَوَلَمْ يَسِيرُوا فِى الأَرْضِ فِيَنْظُرُوا كَيْفَ كَانَ عَاقِبَةُ الَّذِينَ كَانُوا مِنْ قَبْلِهِمْ } ما لحال الذين كذّبوا الرّسل قبلهم كعاد وثمود { كَانُوا هُمْ أَشَدَّ مِنْهُمْ قُوَّةً } قدرة وتمكّناً وقرئ منكم { وَآثَارًا فِى الأَرْضِ } مثل القلاع والمدائن الحصينة { فَأَخَذَهُمْ } بذنوبهم { وَمَا كَانَ لَهُمْ مِنَ اللهِ مِنْ وَاقٍ } يمنع العذاب عنهم.  { (22) ذَلِكَ } الأخذ { بِأَنَّهُمْ كَانَتْ تَأْتِيهِمْ رُسُلُهُمْ بِالْبَيِّنَاتِ فَكَفَرُوا فَأَخَذَهُمُ اللهُ إِنَّهُ قَوِىٌّ } متمكّن ممّا يريده غاية التمكّن { شَدِيدُ الْعِقَابِ } لا يؤبه بعقاب دون عقابه.  { (23) وَلَقَدْ أَرْسَلْنَا مُوسَى بِآيَاتِنَا } بالمعجزات { وَسُلْطَانٍ مُبِينٍ } وحجّة قاهرة ظاهرة.  { (24)إِلَى فِرْعَوْنَ وَهَامَانَ وَقَارُونَ فَقَالُوا سَاحِرٌ كَذّابٌ } يعنون موسى عليه السلام.  { (25) فَلَمّا جَاءَهُمْ بِالْحَقِّ مِنْ عِنْدِنَا قَالُوا اقْتُلُوا أَبْنَاءَ الَّذِينَ آمَنُوا مَعَهُ وَاسْتَحْيُوا نِسَاءَهُمْ } أي اعيدوا عليهم ما كنتم تفعلون بهم اوّلا كي يصدّوا عن مظاهرة موسى { وَمَا كَيْدُ الْكَافِرِينَ إِلاّ فِى ضَلاَلٍ } في ضياع.  { (26) وَقَالَ فِرْعَوْنُ ذَرُونِى أَقْتُلْ مُوسَى وَلْيَدْعُ رَبَّهُ } قاله تجلّداً وعدم مبالاة بدعائه قيل كانوا يكفّونه عن قتله ويقولون انّه ليس الذي تخافه بل هو ساحر ولو قتلته ظنّ انّك عجزت عن معارضته بالحجّة وتعلّله بذلك مع كونه سفّاكاً في اهون شيء دليل على انّه تيقّن انّه نبيّ فخاف من قتله أو ظنّ انّه لو حاوله لم يتيسّر له. في العلل عن الصادق عليه السلام انّه سئل عن هذه الآية ما كان يمنعه قال منعته رشدته ولا يقتل الانبياء ولا اولاد الانبياء الاّ اولاد الزنا { إِنِّى أَخَافُ } ان لم اقتله { أَنْ يُبَدِّلَ دِينَكُمْ } ان يغيّر ما انتم عليه من عبادته وعبادة الأصنام كقوله [الأعراف: 127] { أَوْ أَنْ يُظْهِرَ فِى الأَرْضِ الْفَسَادَ } ما يفسد دنياكم من التحارب والتهارج وقرئ بالواو على معنى الجمع وبفتح الياء والهاء ورفع الفساد.  { (27) وَقَالَ مُوسَى } اي لقومه لمّا سمع كلامه { إِنِّى عُذْتُ بِرَبِّى وَرَبِّكُمْ مِنْ كُلِّ مُتَكَبِّرٍ لاَ يُؤْمِنُ بِيَوْمِ الْحِسَابِ }.  { (28) وَقَالَ رَجُلٌ مُؤْمِنٌ مِنْ آلِ فِرْعَوْنَ } من اقربائه.  في العيون عن الرضا عليه السلام كان ابن خاله وفي خبر آخر كان ابن عمّه كما يأتي { يَكْتُمُ إِيمَانَهُ } القمّي قال كتم ايمانه ستّ مأة سنة.  وفي المجمع عن الصادق عليه السلام التقيّة من ديني ودين آبائي ولا دين لمن لا تقيّة له والتقيّة ترس الله في الأرض لأنّ مؤمن آل فرعون لو اظهر الإِسلام لقتل.  وفي المجالس عن النبيّ صلّى الله عليه وآله الصدّيقون ثلاثة وعدّ منهم حزقيل مؤمن آل فرعون وقد مرّ تمامه { أَتَقْتُلُونَ رَجُلاً } اتقصدون قتله { أَنْ يَقُولَ } لأن يقول { رَبِّى اللهُ } وحده { وَقَدْ جَاءَكُمْ بِالْبَيِّنَاتِ مِنْ رَبِّكُمْ } أضافه اليهم بعد ذكر البيّنات احتجاجاً عليهم واستدراجاً لهم الى الاعتراف به ثمّ أخذهم بالإِحتجاج من باب الإِحتياط { وَإِنْ يَكُ كَاذِبًا فَعَلَيْهِ كَذِبُهُ } لا يتخطّاه وبال كذبه فيحتاج في دفعه الى قتله { وَإِنْ يَكُ صَادِقًا يُصِبْكُمْ بَعْضُ الَّذِى يَعِدُكُمْ } فلا اقلّ من ان يصيبكم بعضه وفيه مبالغة في التحذير واظهار للانصاف وعدم التعصّب ولذلك قدّم كونه كاذباً { إِنَّ اللهَ لاَ يَهْدِى مَنْ هُوَ مُسْرِفٌ كَذّابٌ } قيل احتجاج ثالث ذو وجهين أحدهما انّه لو كان مسرفاً كذّاباً لما هداه الله الى البيّنات ولما عضده بتلك المعجزات وثانيهما انّ من خذله الله وأهلكه فلا حاجة لكم الى قتله ولعلّه اراد به المعنى الأوّل وخيّل اليهم الثاني لتلين شكيمتهم وعرّض به فرعون بأنّه مسرف كذّاب لا يهديه الله سبيل الصواب.
40,19,{ (18)وَأَنْذِرْهُمْ يَوْمَ الأزِفَةِ } اي القيامة سمّيت بها لازوفها اي قربها { إِذِ الْقُلُوبُ لَدَى الْحَنَاجِرِ } فانّها ترتفع عن اماكنها فتلتصق بحلوقهم فلا تعود فيتروّحوا ولا تخرج فيستريحوا { كَاظِمِينَ } على الغمّ القمّي قال مغمومين مكروبين { مَا لِلظّالِمِينَ مِنْ حَمِيمٍ } قريب مشفق { وَلاَ شَفِيعٍ يُطَاعُ } يشفع.  في التوحيد عن الباقر عليه السلام ما من مؤمن يرتكب ذنباً الاّ ساءه ذلك وندم عليه.  وقد قال النبيّ صلّى الله عليه وآله كفى بالنّدم توبة وقال من سرّته حسنته وساءته سيّئته فهو مؤمن فانّ من لم يندم على ذنب يرتكبه فليس بمؤمن ولم تجب له الشفاعة وكان ظالماً والله تعالى يقول { ما للظّالِمينَ مِنْ حَمِيمٍ وَلاَ شَفِيعٍ يُطَاعُ }.  { (19) يَعْلَمُ خَائِنَةَ الأَعْيُنِ } استراق النّظر.  في المعاني عن الصادق عليه السلام إنّه سئل عن معناها فقال ألم تر الى الرجل ينظر الى الشيء وكأنّه لا ينظر اليه فذلك خائنة الأعين.  وفي المجمع في حديث ابن أبي سرح فقال له عبّاد بن بشير يا رسول الله انّ عيني ما زالت في عينك انتظار أن تؤمي اليّ فأقتله فقال انّ الأنبياء لا يكون لهم خائنة الأعين { وَمَا تُخْفِى الصُّدُورُ } من الضمائر.  { (20) واللهُ يَقْضِى بِالْحَقِّ وَالَّذِينَ يَدْعُونَ مِنْ دُونِهِ } وقرئ بالتاء { لاَ يَقْضُونَ بِشَىْءٍ } تهكّم بهم { إِنَّ اللهَ هُوَ السَّمِيعُ الْبَصِيرُ } تقرير لعلمه بخائنة الأعين وقضائه بالحقّ ووعيد لهم على ما يقولون ويفعلون وتعريض بحال ما يدعون من دونه.  { (21) أَوَلَمْ يَسِيرُوا فِى الأَرْضِ فِيَنْظُرُوا كَيْفَ كَانَ عَاقِبَةُ الَّذِينَ كَانُوا مِنْ قَبْلِهِمْ } ما لحال الذين كذّبوا الرّسل قبلهم كعاد وثمود { كَانُوا هُمْ أَشَدَّ مِنْهُمْ قُوَّةً } قدرة وتمكّناً وقرئ منكم { وَآثَارًا فِى الأَرْضِ } مثل القلاع والمدائن الحصينة { فَأَخَذَهُمْ } بذنوبهم { وَمَا كَانَ لَهُمْ مِنَ اللهِ مِنْ وَاقٍ } يمنع العذاب عنهم.  { (22) ذَلِكَ } الأخذ { بِأَنَّهُمْ كَانَتْ تَأْتِيهِمْ رُسُلُهُمْ بِالْبَيِّنَاتِ فَكَفَرُوا فَأَخَذَهُمُ اللهُ إِنَّهُ قَوِىٌّ } متمكّن ممّا يريده غاية التمكّن { شَدِيدُ الْعِقَابِ } لا يؤبه بعقاب دون عقابه.  { (23) وَلَقَدْ أَرْسَلْنَا مُوسَى بِآيَاتِنَا } بالمعجزات { وَسُلْطَانٍ مُبِينٍ } وحجّة قاهرة ظاهرة.  { (24)إِلَى فِرْعَوْنَ وَهَامَانَ وَقَارُونَ فَقَالُوا سَاحِرٌ كَذّابٌ } يعنون موسى عليه السلام.  { (25) فَلَمّا جَاءَهُمْ بِالْحَقِّ مِنْ عِنْدِنَا قَالُوا اقْتُلُوا أَبْنَاءَ الَّذِينَ آمَنُوا مَعَهُ وَاسْتَحْيُوا نِسَاءَهُمْ } أي اعيدوا عليهم ما كنتم تفعلون بهم اوّلا كي يصدّوا عن مظاهرة موسى { وَمَا كَيْدُ الْكَافِرِينَ إِلاّ فِى ضَلاَلٍ } في ضياع.  { (26) وَقَالَ فِرْعَوْنُ ذَرُونِى أَقْتُلْ مُوسَى وَلْيَدْعُ رَبَّهُ } قاله تجلّداً وعدم مبالاة بدعائه قيل كانوا يكفّونه عن قتله ويقولون انّه ليس الذي تخافه بل هو ساحر ولو قتلته ظنّ انّك عجزت عن معارضته بالحجّة وتعلّله بذلك مع كونه سفّاكاً في اهون شيء دليل على انّه تيقّن انّه نبيّ فخاف من قتله أو ظنّ انّه لو حاوله لم يتيسّر له. في العلل عن الصادق عليه السلام انّه سئل عن هذه الآية ما كان يمنعه قال منعته رشدته ولا يقتل الانبياء ولا اولاد الانبياء الاّ اولاد الزنا { إِنِّى أَخَافُ } ان لم اقتله { أَنْ يُبَدِّلَ دِينَكُمْ } ان يغيّر ما انتم عليه من عبادته وعبادة الأصنام كقوله [الأعراف: 127] { أَوْ أَنْ يُظْهِرَ فِى الأَرْضِ الْفَسَادَ } ما يفسد دنياكم من التحارب والتهارج وقرئ بالواو على معنى الجمع وبفتح الياء والهاء ورفع الفساد.  { (27) وَقَالَ مُوسَى } اي لقومه لمّا سمع كلامه { إِنِّى عُذْتُ بِرَبِّى وَرَبِّكُمْ مِنْ كُلِّ مُتَكَبِّرٍ لاَ يُؤْمِنُ بِيَوْمِ الْحِسَابِ }.  { (28) وَقَالَ رَجُلٌ مُؤْمِنٌ مِنْ آلِ فِرْعَوْنَ } من اقربائه.  في العيون عن الرضا عليه السلام كان ابن خاله وفي خبر آخر كان ابن عمّه كما يأتي { يَكْتُمُ إِيمَانَهُ } القمّي قال كتم ايمانه ستّ مأة سنة.  وفي المجمع عن الصادق عليه السلام التقيّة من ديني ودين آبائي ولا دين لمن لا تقيّة له والتقيّة ترس الله في الأرض لأنّ مؤمن آل فرعون لو اظهر الإِسلام لقتل.  وفي المجالس عن النبيّ صلّى الله عليه وآله الصدّيقون ثلاثة وعدّ منهم حزقيل مؤمن آل فرعون وقد مرّ تمامه { أَتَقْتُلُونَ رَجُلاً } اتقصدون قتله { أَنْ يَقُولَ } لأن يقول { رَبِّى اللهُ } وحده { وَقَدْ جَاءَكُمْ بِالْبَيِّنَاتِ مِنْ رَبِّكُمْ } أضافه اليهم بعد ذكر البيّنات احتجاجاً عليهم واستدراجاً لهم الى الاعتراف به ثمّ أخذهم بالإِحتجاج من باب الإِحتياط { وَإِنْ يَكُ كَاذِبًا فَعَلَيْهِ كَذِبُهُ } لا يتخطّاه وبال كذبه فيحتاج في دفعه الى قتله { وَإِنْ يَكُ صَادِقًا يُصِبْكُمْ بَعْضُ الَّذِى يَعِدُكُمْ } فلا اقلّ من ان يصيبكم بعضه وفيه مبالغة في التحذير واظهار للانصاف وعدم التعصّب ولذلك قدّم كونه كاذباً { إِنَّ اللهَ لاَ يَهْدِى مَنْ هُوَ مُسْرِفٌ كَذّابٌ } قيل احتجاج ثالث ذو وجهين أحدهما انّه لو كان مسرفاً كذّاباً لما هداه الله الى البيّنات ولما عضده بتلك المعجزات وثانيهما انّ من خذله الله وأهلكه فلا حاجة لكم الى قتله ولعلّه اراد به المعنى الأوّل وخيّل اليهم الثاني لتلين شكيمتهم وعرّض به فرعون بأنّه مسرف كذّاب لا يهديه الله سبيل الصواب.
40,20,{ (18)وَأَنْذِرْهُمْ يَوْمَ الأزِفَةِ } اي القيامة سمّيت بها لازوفها اي قربها { إِذِ الْقُلُوبُ لَدَى الْحَنَاجِرِ } فانّها ترتفع عن اماكنها فتلتصق بحلوقهم فلا تعود فيتروّحوا ولا تخرج فيستريحوا { كَاظِمِينَ } على الغمّ القمّي قال مغمومين مكروبين { مَا لِلظّالِمِينَ مِنْ حَمِيمٍ } قريب مشفق { وَلاَ شَفِيعٍ يُطَاعُ } يشفع.  في التوحيد عن الباقر عليه السلام ما من مؤمن يرتكب ذنباً الاّ ساءه ذلك وندم عليه.  وقد قال النبيّ صلّى الله عليه وآله كفى بالنّدم توبة وقال من سرّته حسنته وساءته سيّئته فهو مؤمن فانّ من لم يندم على ذنب يرتكبه فليس بمؤمن ولم تجب له الشفاعة وكان ظالماً والله تعالى يقول { ما للظّالِمينَ مِنْ حَمِيمٍ وَلاَ شَفِيعٍ يُطَاعُ }.  { (19) يَعْلَمُ خَائِنَةَ الأَعْيُنِ } استراق النّظر.  في المعاني عن الصادق عليه السلام إنّه سئل عن معناها فقال ألم تر الى الرجل ينظر الى الشيء وكأنّه لا ينظر اليه فذلك خائنة الأعين.  وفي المجمع في حديث ابن أبي سرح فقال له عبّاد بن بشير يا رسول الله انّ عيني ما زالت في عينك انتظار أن تؤمي اليّ فأقتله فقال انّ الأنبياء لا يكون لهم خائنة الأعين { وَمَا تُخْفِى الصُّدُورُ } من الضمائر.  { (20) واللهُ يَقْضِى بِالْحَقِّ وَالَّذِينَ يَدْعُونَ مِنْ دُونِهِ } وقرئ بالتاء { لاَ يَقْضُونَ بِشَىْءٍ } تهكّم بهم { إِنَّ اللهَ هُوَ السَّمِيعُ الْبَصِيرُ } تقرير لعلمه بخائنة الأعين وقضائه بالحقّ ووعيد لهم على ما يقولون ويفعلون وتعريض بحال ما يدعون من دونه.  { (21) أَوَلَمْ يَسِيرُوا فِى الأَرْضِ فِيَنْظُرُوا كَيْفَ كَانَ عَاقِبَةُ الَّذِينَ كَانُوا مِنْ قَبْلِهِمْ } ما لحال الذين كذّبوا الرّسل قبلهم كعاد وثمود { كَانُوا هُمْ أَشَدَّ مِنْهُمْ قُوَّةً } قدرة وتمكّناً وقرئ منكم { وَآثَارًا فِى الأَرْضِ } مثل القلاع والمدائن الحصينة { فَأَخَذَهُمْ } بذنوبهم { وَمَا كَانَ لَهُمْ مِنَ اللهِ مِنْ وَاقٍ } يمنع العذاب عنهم.  { (22) ذَلِكَ } الأخذ { بِأَنَّهُمْ كَانَتْ تَأْتِيهِمْ رُسُلُهُمْ بِالْبَيِّنَاتِ فَكَفَرُوا فَأَخَذَهُمُ اللهُ إِنَّهُ قَوِىٌّ } متمكّن ممّا يريده غاية التمكّن { شَدِيدُ الْعِقَابِ } لا يؤبه بعقاب دون عقابه.  { (23) وَلَقَدْ أَرْسَلْنَا مُوسَى بِآيَاتِنَا } بالمعجزات { وَسُلْطَانٍ مُبِينٍ } وحجّة قاهرة ظاهرة.  { (24)إِلَى فِرْعَوْنَ وَهَامَانَ وَقَارُونَ فَقَالُوا سَاحِرٌ كَذّابٌ } يعنون موسى عليه السلام.  { (25) فَلَمّا جَاءَهُمْ بِالْحَقِّ مِنْ عِنْدِنَا قَالُوا اقْتُلُوا أَبْنَاءَ الَّذِينَ آمَنُوا مَعَهُ وَاسْتَحْيُوا نِسَاءَهُمْ } أي اعيدوا عليهم ما كنتم تفعلون بهم اوّلا كي يصدّوا عن مظاهرة موسى { وَمَا كَيْدُ الْكَافِرِينَ إِلاّ فِى ضَلاَلٍ } في ضياع.  { (26) وَقَالَ فِرْعَوْنُ ذَرُونِى أَقْتُلْ مُوسَى وَلْيَدْعُ رَبَّهُ } قاله تجلّداً وعدم مبالاة بدعائه قيل كانوا يكفّونه عن قتله ويقولون انّه ليس الذي تخافه بل هو ساحر ولو قتلته ظنّ انّك عجزت عن معارضته بالحجّة وتعلّله بذلك مع كونه سفّاكاً في اهون شيء دليل على انّه تيقّن انّه نبيّ فخاف من قتله أو ظنّ انّه لو حاوله لم يتيسّر له. في العلل عن الصادق عليه السلام انّه سئل عن هذه الآية ما كان يمنعه قال منعته رشدته ولا يقتل الانبياء ولا اولاد الانبياء الاّ اولاد الزنا { إِنِّى أَخَافُ } ان لم اقتله { أَنْ يُبَدِّلَ دِينَكُمْ } ان يغيّر ما انتم عليه من عبادته وعبادة الأصنام كقوله [الأعراف: 127] { أَوْ أَنْ يُظْهِرَ فِى الأَرْضِ الْفَسَادَ } ما يفسد دنياكم من التحارب والتهارج وقرئ بالواو على معنى الجمع وبفتح الياء والهاء ورفع الفساد.  { (27) وَقَالَ مُوسَى } اي لقومه لمّا سمع كلامه { إِنِّى عُذْتُ بِرَبِّى وَرَبِّكُمْ مِنْ كُلِّ مُتَكَبِّرٍ لاَ يُؤْمِنُ بِيَوْمِ الْحِسَابِ }.  { (28) وَقَالَ رَجُلٌ مُؤْمِنٌ مِنْ آلِ فِرْعَوْنَ } من اقربائه.  في العيون عن الرضا عليه السلام كان ابن خاله وفي خبر آخر كان ابن عمّه كما يأتي { يَكْتُمُ إِيمَانَهُ } القمّي قال كتم ايمانه ستّ مأة سنة.  وفي المجمع عن الصادق عليه السلام التقيّة من ديني ودين آبائي ولا دين لمن لا تقيّة له والتقيّة ترس الله في الأرض لأنّ مؤمن آل فرعون لو اظهر الإِسلام لقتل.  وفي المجالس عن النبيّ صلّى الله عليه وآله الصدّيقون ثلاثة وعدّ منهم حزقيل مؤمن آل فرعون وقد مرّ تمامه { أَتَقْتُلُونَ رَجُلاً } اتقصدون قتله { أَنْ يَقُولَ } لأن يقول { رَبِّى اللهُ } وحده { وَقَدْ جَاءَكُمْ بِالْبَيِّنَاتِ مِنْ رَبِّكُمْ } أضافه اليهم بعد ذكر البيّنات احتجاجاً عليهم واستدراجاً لهم الى الاعتراف به ثمّ أخذهم بالإِحتجاج من باب الإِحتياط { وَإِنْ يَكُ كَاذِبًا فَعَلَيْهِ كَذِبُهُ } لا يتخطّاه وبال كذبه فيحتاج في دفعه الى قتله { وَإِنْ يَكُ صَادِقًا يُصِبْكُمْ بَعْضُ الَّذِى يَعِدُكُمْ } فلا اقلّ من ان يصيبكم بعضه وفيه مبالغة في التحذير واظهار للانصاف وعدم التعصّب ولذلك قدّم كونه كاذباً { إِنَّ اللهَ لاَ يَهْدِى مَنْ هُوَ مُسْرِفٌ كَذّابٌ } قيل احتجاج ثالث ذو وجهين أحدهما انّه لو كان مسرفاً كذّاباً لما هداه الله الى البيّنات ولما عضده بتلك المعجزات وثانيهما انّ من خذله الله وأهلكه فلا حاجة لكم الى قتله ولعلّه اراد به المعنى الأوّل وخيّل اليهم الثاني لتلين شكيمتهم وعرّض به فرعون بأنّه مسرف كذّاب لا يهديه الله سبيل الصواب.
40,21,{ (18)وَأَنْذِرْهُمْ يَوْمَ الأزِفَةِ } اي القيامة سمّيت بها لازوفها اي قربها { إِذِ الْقُلُوبُ لَدَى الْحَنَاجِرِ } فانّها ترتفع عن اماكنها فتلتصق بحلوقهم فلا تعود فيتروّحوا ولا تخرج فيستريحوا { كَاظِمِينَ } على الغمّ القمّي قال مغمومين مكروبين { مَا لِلظّالِمِينَ مِنْ حَمِيمٍ } قريب مشفق { وَلاَ شَفِيعٍ يُطَاعُ } يشفع.  في التوحيد عن الباقر عليه السلام ما من مؤمن يرتكب ذنباً الاّ ساءه ذلك وندم عليه.  وقد قال النبيّ صلّى الله عليه وآله كفى بالنّدم توبة وقال من سرّته حسنته وساءته سيّئته فهو مؤمن فانّ من لم يندم على ذنب يرتكبه فليس بمؤمن ولم تجب له الشفاعة وكان ظالماً والله تعالى يقول { ما للظّالِمينَ مِنْ حَمِيمٍ وَلاَ شَفِيعٍ يُطَاعُ }.  { (19) يَعْلَمُ خَائِنَةَ الأَعْيُنِ } استراق النّظر.  في المعاني عن الصادق عليه السلام إنّه سئل عن معناها فقال ألم تر الى الرجل ينظر الى الشيء وكأنّه لا ينظر اليه فذلك خائنة الأعين.  وفي المجمع في حديث ابن أبي سرح فقال له عبّاد بن بشير يا رسول الله انّ عيني ما زالت في عينك انتظار أن تؤمي اليّ فأقتله فقال انّ الأنبياء لا يكون لهم خائنة الأعين { وَمَا تُخْفِى الصُّدُورُ } من الضمائر.  { (20) واللهُ يَقْضِى بِالْحَقِّ وَالَّذِينَ يَدْعُونَ مِنْ دُونِهِ } وقرئ بالتاء { لاَ يَقْضُونَ بِشَىْءٍ } تهكّم بهم { إِنَّ اللهَ هُوَ السَّمِيعُ الْبَصِيرُ } تقرير لعلمه بخائنة الأعين وقضائه بالحقّ ووعيد لهم على ما يقولون ويفعلون وتعريض بحال ما يدعون من دونه.  { (21) أَوَلَمْ يَسِيرُوا فِى الأَرْضِ فِيَنْظُرُوا كَيْفَ كَانَ عَاقِبَةُ الَّذِينَ كَانُوا مِنْ قَبْلِهِمْ } ما لحال الذين كذّبوا الرّسل قبلهم كعاد وثمود { كَانُوا هُمْ أَشَدَّ مِنْهُمْ قُوَّةً } قدرة وتمكّناً وقرئ منكم { وَآثَارًا فِى الأَرْضِ } مثل القلاع والمدائن الحصينة { فَأَخَذَهُمْ } بذنوبهم { وَمَا كَانَ لَهُمْ مِنَ اللهِ مِنْ وَاقٍ } يمنع العذاب عنهم.  { (22) ذَلِكَ } الأخذ { بِأَنَّهُمْ كَانَتْ تَأْتِيهِمْ رُسُلُهُمْ بِالْبَيِّنَاتِ فَكَفَرُوا فَأَخَذَهُمُ اللهُ إِنَّهُ قَوِىٌّ } متمكّن ممّا يريده غاية التمكّن { شَدِيدُ الْعِقَابِ } لا يؤبه بعقاب دون عقابه.  { (23) وَلَقَدْ أَرْسَلْنَا مُوسَى بِآيَاتِنَا } بالمعجزات { وَسُلْطَانٍ مُبِينٍ } وحجّة قاهرة ظاهرة.  { (24)إِلَى فِرْعَوْنَ وَهَامَانَ وَقَارُونَ فَقَالُوا سَاحِرٌ كَذّابٌ } يعنون موسى عليه السلام.  { (25) فَلَمّا جَاءَهُمْ بِالْحَقِّ مِنْ عِنْدِنَا قَالُوا اقْتُلُوا أَبْنَاءَ الَّذِينَ آمَنُوا مَعَهُ وَاسْتَحْيُوا نِسَاءَهُمْ } أي اعيدوا عليهم ما كنتم تفعلون بهم اوّلا كي يصدّوا عن مظاهرة موسى { وَمَا كَيْدُ الْكَافِرِينَ إِلاّ فِى ضَلاَلٍ } في ضياع.  { (26) وَقَالَ فِرْعَوْنُ ذَرُونِى أَقْتُلْ مُوسَى وَلْيَدْعُ رَبَّهُ } قاله تجلّداً وعدم مبالاة بدعائه قيل كانوا يكفّونه عن قتله ويقولون انّه ليس الذي تخافه بل هو ساحر ولو قتلته ظنّ انّك عجزت عن معارضته بالحجّة وتعلّله بذلك مع كونه سفّاكاً في اهون شيء دليل على انّه تيقّن انّه نبيّ فخاف من قتله أو ظنّ انّه لو حاوله لم يتيسّر له. في العلل عن الصادق عليه السلام انّه سئل عن هذه الآية ما كان يمنعه قال منعته رشدته ولا يقتل الانبياء ولا اولاد الانبياء الاّ اولاد الزنا { إِنِّى أَخَافُ } ان لم اقتله { أَنْ يُبَدِّلَ دِينَكُمْ } ان يغيّر ما انتم عليه من عبادته وعبادة الأصنام كقوله [الأعراف: 127] { أَوْ أَنْ يُظْهِرَ فِى الأَرْضِ الْفَسَادَ } ما يفسد دنياكم من التحارب والتهارج وقرئ بالواو على معنى الجمع وبفتح الياء والهاء ورفع الفساد.  { (27) وَقَالَ مُوسَى } اي لقومه لمّا سمع كلامه { إِنِّى عُذْتُ بِرَبِّى وَرَبِّكُمْ مِنْ كُلِّ مُتَكَبِّرٍ لاَ يُؤْمِنُ بِيَوْمِ الْحِسَابِ }.  { (28) وَقَالَ رَجُلٌ مُؤْمِنٌ مِنْ آلِ فِرْعَوْنَ } من اقربائه.  في العيون عن الرضا عليه السلام كان ابن خاله وفي خبر آخر كان ابن عمّه كما يأتي { يَكْتُمُ إِيمَانَهُ } القمّي قال كتم ايمانه ستّ مأة سنة.  وفي المجمع عن الصادق عليه السلام التقيّة من ديني ودين آبائي ولا دين لمن لا تقيّة له والتقيّة ترس الله في الأرض لأنّ مؤمن آل فرعون لو اظهر الإِسلام لقتل.  وفي المجالس عن النبيّ صلّى الله عليه وآله الصدّيقون ثلاثة وعدّ منهم حزقيل مؤمن آل فرعون وقد مرّ تمامه { أَتَقْتُلُونَ رَجُلاً } اتقصدون قتله { أَنْ يَقُولَ } لأن يقول { رَبِّى اللهُ } وحده { وَقَدْ جَاءَكُمْ بِالْبَيِّنَاتِ مِنْ رَبِّكُمْ } أضافه اليهم بعد ذكر البيّنات احتجاجاً عليهم واستدراجاً لهم الى الاعتراف به ثمّ أخذهم بالإِحتجاج من باب الإِحتياط { وَإِنْ يَكُ كَاذِبًا فَعَلَيْهِ كَذِبُهُ } لا يتخطّاه وبال كذبه فيحتاج في دفعه الى قتله { وَإِنْ يَكُ صَادِقًا يُصِبْكُمْ بَعْضُ الَّذِى يَعِدُكُمْ } فلا اقلّ من ان يصيبكم بعضه وفيه مبالغة في التحذير واظهار للانصاف وعدم التعصّب ولذلك قدّم كونه كاذباً { إِنَّ اللهَ لاَ يَهْدِى مَنْ هُوَ مُسْرِفٌ كَذّابٌ } قيل احتجاج ثالث ذو وجهين أحدهما انّه لو كان مسرفاً كذّاباً لما هداه الله الى البيّنات ولما عضده بتلك المعجزات وثانيهما انّ من خذله الله وأهلكه فلا حاجة لكم الى قتله ولعلّه اراد به المعنى الأوّل وخيّل اليهم الثاني لتلين شكيمتهم وعرّض به فرعون بأنّه مسرف كذّاب لا يهديه الله سبيل الصواب.
40,22,{ (18)وَأَنْذِرْهُمْ يَوْمَ الأزِفَةِ } اي القيامة سمّيت بها لازوفها اي قربها { إِذِ الْقُلُوبُ لَدَى الْحَنَاجِرِ } فانّها ترتفع عن اماكنها فتلتصق بحلوقهم فلا تعود فيتروّحوا ولا تخرج فيستريحوا { كَاظِمِينَ } على الغمّ القمّي قال مغمومين مكروبين { مَا لِلظّالِمِينَ مِنْ حَمِيمٍ } قريب مشفق { وَلاَ شَفِيعٍ يُطَاعُ } يشفع.  في التوحيد عن الباقر عليه السلام ما من مؤمن يرتكب ذنباً الاّ ساءه ذلك وندم عليه.  وقد قال النبيّ صلّى الله عليه وآله كفى بالنّدم توبة وقال من سرّته حسنته وساءته سيّئته فهو مؤمن فانّ من لم يندم على ذنب يرتكبه فليس بمؤمن ولم تجب له الشفاعة وكان ظالماً والله تعالى يقول { ما للظّالِمينَ مِنْ حَمِيمٍ وَلاَ شَفِيعٍ يُطَاعُ }.  { (19) يَعْلَمُ خَائِنَةَ الأَعْيُنِ } استراق النّظر.  في المعاني عن الصادق عليه السلام إنّه سئل عن معناها فقال ألم تر الى الرجل ينظر الى الشيء وكأنّه لا ينظر اليه فذلك خائنة الأعين.  وفي المجمع في حديث ابن أبي سرح فقال له عبّاد بن بشير يا رسول الله انّ عيني ما زالت في عينك انتظار أن تؤمي اليّ فأقتله فقال انّ الأنبياء لا يكون لهم خائنة الأعين { وَمَا تُخْفِى الصُّدُورُ } من الضمائر.  { (20) واللهُ يَقْضِى بِالْحَقِّ وَالَّذِينَ يَدْعُونَ مِنْ دُونِهِ } وقرئ بالتاء { لاَ يَقْضُونَ بِشَىْءٍ } تهكّم بهم { إِنَّ اللهَ هُوَ السَّمِيعُ الْبَصِيرُ } تقرير لعلمه بخائنة الأعين وقضائه بالحقّ ووعيد لهم على ما يقولون ويفعلون وتعريض بحال ما يدعون من دونه.  { (21) أَوَلَمْ يَسِيرُوا فِى الأَرْضِ فِيَنْظُرُوا كَيْفَ كَانَ عَاقِبَةُ الَّذِينَ كَانُوا مِنْ قَبْلِهِمْ } ما لحال الذين كذّبوا الرّسل قبلهم كعاد وثمود { كَانُوا هُمْ أَشَدَّ مِنْهُمْ قُوَّةً } قدرة وتمكّناً وقرئ منكم { وَآثَارًا فِى الأَرْضِ } مثل القلاع والمدائن الحصينة { فَأَخَذَهُمْ } بذنوبهم { وَمَا كَانَ لَهُمْ مِنَ اللهِ مِنْ وَاقٍ } يمنع العذاب عنهم.  { (22) ذَلِكَ } الأخذ { بِأَنَّهُمْ كَانَتْ تَأْتِيهِمْ رُسُلُهُمْ بِالْبَيِّنَاتِ فَكَفَرُوا فَأَخَذَهُمُ اللهُ إِنَّهُ قَوِىٌّ } متمكّن ممّا يريده غاية التمكّن { شَدِيدُ الْعِقَابِ } لا يؤبه بعقاب دون عقابه.  { (23) وَلَقَدْ أَرْسَلْنَا مُوسَى بِآيَاتِنَا } بالمعجزات { وَسُلْطَانٍ مُبِينٍ } وحجّة قاهرة ظاهرة.  { (24)إِلَى فِرْعَوْنَ وَهَامَانَ وَقَارُونَ فَقَالُوا سَاحِرٌ كَذّابٌ } يعنون موسى عليه السلام.  { (25) فَلَمّا جَاءَهُمْ بِالْحَقِّ مِنْ عِنْدِنَا قَالُوا اقْتُلُوا أَبْنَاءَ الَّذِينَ آمَنُوا مَعَهُ وَاسْتَحْيُوا نِسَاءَهُمْ } أي اعيدوا عليهم ما كنتم تفعلون بهم اوّلا كي يصدّوا عن مظاهرة موسى { وَمَا كَيْدُ الْكَافِرِينَ إِلاّ فِى ضَلاَلٍ } في ضياع.  { (26) وَقَالَ فِرْعَوْنُ ذَرُونِى أَقْتُلْ مُوسَى وَلْيَدْعُ رَبَّهُ } قاله تجلّداً وعدم مبالاة بدعائه قيل كانوا يكفّونه عن قتله ويقولون انّه ليس الذي تخافه بل هو ساحر ولو قتلته ظنّ انّك عجزت عن معارضته بالحجّة وتعلّله بذلك مع كونه سفّاكاً في اهون شيء دليل على انّه تيقّن انّه نبيّ فخاف من قتله أو ظنّ انّه لو حاوله لم يتيسّر له. في العلل عن الصادق عليه السلام انّه سئل عن هذه الآية ما كان يمنعه قال منعته رشدته ولا يقتل الانبياء ولا اولاد الانبياء الاّ اولاد الزنا { إِنِّى أَخَافُ } ان لم اقتله { أَنْ يُبَدِّلَ دِينَكُمْ } ان يغيّر ما انتم عليه من عبادته وعبادة الأصنام كقوله [الأعراف: 127] { أَوْ أَنْ يُظْهِرَ فِى الأَرْضِ الْفَسَادَ } ما يفسد دنياكم من التحارب والتهارج وقرئ بالواو على معنى الجمع وبفتح الياء والهاء ورفع الفساد.  { (27) وَقَالَ مُوسَى } اي لقومه لمّا سمع كلامه { إِنِّى عُذْتُ بِرَبِّى وَرَبِّكُمْ مِنْ كُلِّ مُتَكَبِّرٍ لاَ يُؤْمِنُ بِيَوْمِ الْحِسَابِ }.  { (28) وَقَالَ رَجُلٌ مُؤْمِنٌ مِنْ آلِ فِرْعَوْنَ } من اقربائه.  في العيون عن الرضا عليه السلام كان ابن خاله وفي خبر آخر كان ابن عمّه كما يأتي { يَكْتُمُ إِيمَانَهُ } القمّي قال كتم ايمانه ستّ مأة سنة.  وفي المجمع عن الصادق عليه السلام التقيّة من ديني ودين آبائي ولا دين لمن لا تقيّة له والتقيّة ترس الله في الأرض لأنّ مؤمن آل فرعون لو اظهر الإِسلام لقتل.  وفي المجالس عن النبيّ صلّى الله عليه وآله الصدّيقون ثلاثة وعدّ منهم حزقيل مؤمن آل فرعون وقد مرّ تمامه { أَتَقْتُلُونَ رَجُلاً } اتقصدون قتله { أَنْ يَقُولَ } لأن يقول { رَبِّى اللهُ } وحده { وَقَدْ جَاءَكُمْ بِالْبَيِّنَاتِ مِنْ رَبِّكُمْ } أضافه اليهم بعد ذكر البيّنات احتجاجاً عليهم واستدراجاً لهم الى الاعتراف به ثمّ أخذهم بالإِحتجاج من باب الإِحتياط { وَإِنْ يَكُ كَاذِبًا فَعَلَيْهِ كَذِبُهُ } لا يتخطّاه وبال كذبه فيحتاج في دفعه الى قتله { وَإِنْ يَكُ صَادِقًا يُصِبْكُمْ بَعْضُ الَّذِى يَعِدُكُمْ } فلا اقلّ من ان يصيبكم بعضه وفيه مبالغة في التحذير واظهار للانصاف وعدم التعصّب ولذلك قدّم كونه كاذباً { إِنَّ اللهَ لاَ يَهْدِى مَنْ هُوَ مُسْرِفٌ كَذّابٌ } قيل احتجاج ثالث ذو وجهين أحدهما انّه لو كان مسرفاً كذّاباً لما هداه الله الى البيّنات ولما عضده بتلك المعجزات وثانيهما انّ من خذله الله وأهلكه فلا حاجة لكم الى قتله ولعلّه اراد به المعنى الأوّل وخيّل اليهم الثاني لتلين شكيمتهم وعرّض به فرعون بأنّه مسرف كذّاب لا يهديه الله سبيل الصواب.
40,23,{ (18)وَأَنْذِرْهُمْ يَوْمَ الأزِفَةِ } اي القيامة سمّيت بها لازوفها اي قربها { إِذِ الْقُلُوبُ لَدَى الْحَنَاجِرِ } فانّها ترتفع عن اماكنها فتلتصق بحلوقهم فلا تعود فيتروّحوا ولا تخرج فيستريحوا { كَاظِمِينَ } على الغمّ القمّي قال مغمومين مكروبين { مَا لِلظّالِمِينَ مِنْ حَمِيمٍ } قريب مشفق { وَلاَ شَفِيعٍ يُطَاعُ } يشفع.  في التوحيد عن الباقر عليه السلام ما من مؤمن يرتكب ذنباً الاّ ساءه ذلك وندم عليه.  وقد قال النبيّ صلّى الله عليه وآله كفى بالنّدم توبة وقال من سرّته حسنته وساءته سيّئته فهو مؤمن فانّ من لم يندم على ذنب يرتكبه فليس بمؤمن ولم تجب له الشفاعة وكان ظالماً والله تعالى يقول { ما للظّالِمينَ مِنْ حَمِيمٍ وَلاَ شَفِيعٍ يُطَاعُ }.  { (19) يَعْلَمُ خَائِنَةَ الأَعْيُنِ } استراق النّظر.  في المعاني عن الصادق عليه السلام إنّه سئل عن معناها فقال ألم تر الى الرجل ينظر الى الشيء وكأنّه لا ينظر اليه فذلك خائنة الأعين.  وفي المجمع في حديث ابن أبي سرح فقال له عبّاد بن بشير يا رسول الله انّ عيني ما زالت في عينك انتظار أن تؤمي اليّ فأقتله فقال انّ الأنبياء لا يكون لهم خائنة الأعين { وَمَا تُخْفِى الصُّدُورُ } من الضمائر.  { (20) واللهُ يَقْضِى بِالْحَقِّ وَالَّذِينَ يَدْعُونَ مِنْ دُونِهِ } وقرئ بالتاء { لاَ يَقْضُونَ بِشَىْءٍ } تهكّم بهم { إِنَّ اللهَ هُوَ السَّمِيعُ الْبَصِيرُ } تقرير لعلمه بخائنة الأعين وقضائه بالحقّ ووعيد لهم على ما يقولون ويفعلون وتعريض بحال ما يدعون من دونه.  { (21) أَوَلَمْ يَسِيرُوا فِى الأَرْضِ فِيَنْظُرُوا كَيْفَ كَانَ عَاقِبَةُ الَّذِينَ كَانُوا مِنْ قَبْلِهِمْ } ما لحال الذين كذّبوا الرّسل قبلهم كعاد وثمود { كَانُوا هُمْ أَشَدَّ مِنْهُمْ قُوَّةً } قدرة وتمكّناً وقرئ منكم { وَآثَارًا فِى الأَرْضِ } مثل القلاع والمدائن الحصينة { فَأَخَذَهُمْ } بذنوبهم { وَمَا كَانَ لَهُمْ مِنَ اللهِ مِنْ وَاقٍ } يمنع العذاب عنهم.  { (22) ذَلِكَ } الأخذ { بِأَنَّهُمْ كَانَتْ تَأْتِيهِمْ رُسُلُهُمْ بِالْبَيِّنَاتِ فَكَفَرُوا فَأَخَذَهُمُ اللهُ إِنَّهُ قَوِىٌّ } متمكّن ممّا يريده غاية التمكّن { شَدِيدُ الْعِقَابِ } لا يؤبه بعقاب دون عقابه.  { (23) وَلَقَدْ أَرْسَلْنَا مُوسَى بِآيَاتِنَا } بالمعجزات { وَسُلْطَانٍ مُبِينٍ } وحجّة قاهرة ظاهرة.  { (24)إِلَى فِرْعَوْنَ وَهَامَانَ وَقَارُونَ فَقَالُوا سَاحِرٌ كَذّابٌ } يعنون موسى عليه السلام.  { (25) فَلَمّا جَاءَهُمْ بِالْحَقِّ مِنْ عِنْدِنَا قَالُوا اقْتُلُوا أَبْنَاءَ الَّذِينَ آمَنُوا مَعَهُ وَاسْتَحْيُوا نِسَاءَهُمْ } أي اعيدوا عليهم ما كنتم تفعلون بهم اوّلا كي يصدّوا عن مظاهرة موسى { وَمَا كَيْدُ الْكَافِرِينَ إِلاّ فِى ضَلاَلٍ } في ضياع.  { (26) وَقَالَ فِرْعَوْنُ ذَرُونِى أَقْتُلْ مُوسَى وَلْيَدْعُ رَبَّهُ } قاله تجلّداً وعدم مبالاة بدعائه قيل كانوا يكفّونه عن قتله ويقولون انّه ليس الذي تخافه بل هو ساحر ولو قتلته ظنّ انّك عجزت عن معارضته بالحجّة وتعلّله بذلك مع كونه سفّاكاً في اهون شيء دليل على انّه تيقّن انّه نبيّ فخاف من قتله أو ظنّ انّه لو حاوله لم يتيسّر له. في العلل عن الصادق عليه السلام انّه سئل عن هذه الآية ما كان يمنعه قال منعته رشدته ولا يقتل الانبياء ولا اولاد الانبياء الاّ اولاد الزنا { إِنِّى أَخَافُ } ان لم اقتله { أَنْ يُبَدِّلَ دِينَكُمْ } ان يغيّر ما انتم عليه من عبادته وعبادة الأصنام كقوله [الأعراف: 127] { أَوْ أَنْ يُظْهِرَ فِى الأَرْضِ الْفَسَادَ } ما يفسد دنياكم من التحارب والتهارج وقرئ بالواو على معنى الجمع وبفتح الياء والهاء ورفع الفساد.  { (27) وَقَالَ مُوسَى } اي لقومه لمّا سمع كلامه { إِنِّى عُذْتُ بِرَبِّى وَرَبِّكُمْ مِنْ كُلِّ مُتَكَبِّرٍ لاَ يُؤْمِنُ بِيَوْمِ الْحِسَابِ }.  { (28) وَقَالَ رَجُلٌ مُؤْمِنٌ مِنْ آلِ فِرْعَوْنَ } من اقربائه.  في العيون عن الرضا عليه السلام كان ابن خاله وفي خبر آخر كان ابن عمّه كما يأتي { يَكْتُمُ إِيمَانَهُ } القمّي قال كتم ايمانه ستّ مأة سنة.  وفي المجمع عن الصادق عليه السلام التقيّة من ديني ودين آبائي ولا دين لمن لا تقيّة له والتقيّة ترس الله في الأرض لأنّ مؤمن آل فرعون لو اظهر الإِسلام لقتل.  وفي المجالس عن النبيّ صلّى الله عليه وآله الصدّيقون ثلاثة وعدّ منهم حزقيل مؤمن آل فرعون وقد مرّ تمامه { أَتَقْتُلُونَ رَجُلاً } اتقصدون قتله { أَنْ يَقُولَ } لأن يقول { رَبِّى اللهُ } وحده { وَقَدْ جَاءَكُمْ بِالْبَيِّنَاتِ مِنْ رَبِّكُمْ } أضافه اليهم بعد ذكر البيّنات احتجاجاً عليهم واستدراجاً لهم الى الاعتراف به ثمّ أخذهم بالإِحتجاج من باب الإِحتياط { وَإِنْ يَكُ كَاذِبًا فَعَلَيْهِ كَذِبُهُ } لا يتخطّاه وبال كذبه فيحتاج في دفعه الى قتله { وَإِنْ يَكُ صَادِقًا يُصِبْكُمْ بَعْضُ الَّذِى يَعِدُكُمْ } فلا اقلّ من ان يصيبكم بعضه وفيه مبالغة في التحذير واظهار للانصاف وعدم التعصّب ولذلك قدّم كونه كاذباً { إِنَّ اللهَ لاَ يَهْدِى مَنْ هُوَ مُسْرِفٌ كَذّابٌ } قيل احتجاج ثالث ذو وجهين أحدهما انّه لو كان مسرفاً كذّاباً لما هداه الله الى البيّنات ولما عضده بتلك المعجزات وثانيهما انّ من خذله الله وأهلكه فلا حاجة لكم الى قتله ولعلّه اراد به المعنى الأوّل وخيّل اليهم الثاني لتلين شكيمتهم وعرّض به فرعون بأنّه مسرف كذّاب لا يهديه الله سبيل الصواب.
40,24,{ (18)وَأَنْذِرْهُمْ يَوْمَ الأزِفَةِ } اي القيامة سمّيت بها لازوفها اي قربها { إِذِ الْقُلُوبُ لَدَى الْحَنَاجِرِ } فانّها ترتفع عن اماكنها فتلتصق بحلوقهم فلا تعود فيتروّحوا ولا تخرج فيستريحوا { كَاظِمِينَ } على الغمّ القمّي قال مغمومين مكروبين { مَا لِلظّالِمِينَ مِنْ حَمِيمٍ } قريب مشفق { وَلاَ شَفِيعٍ يُطَاعُ } يشفع.  في التوحيد عن الباقر عليه السلام ما من مؤمن يرتكب ذنباً الاّ ساءه ذلك وندم عليه.  وقد قال النبيّ صلّى الله عليه وآله كفى بالنّدم توبة وقال من سرّته حسنته وساءته سيّئته فهو مؤمن فانّ من لم يندم على ذنب يرتكبه فليس بمؤمن ولم تجب له الشفاعة وكان ظالماً والله تعالى يقول { ما للظّالِمينَ مِنْ حَمِيمٍ وَلاَ شَفِيعٍ يُطَاعُ }.  { (19) يَعْلَمُ خَائِنَةَ الأَعْيُنِ } استراق النّظر.  في المعاني عن الصادق عليه السلام إنّه سئل عن معناها فقال ألم تر الى الرجل ينظر الى الشيء وكأنّه لا ينظر اليه فذلك خائنة الأعين.  وفي المجمع في حديث ابن أبي سرح فقال له عبّاد بن بشير يا رسول الله انّ عيني ما زالت في عينك انتظار أن تؤمي اليّ فأقتله فقال انّ الأنبياء لا يكون لهم خائنة الأعين { وَمَا تُخْفِى الصُّدُورُ } من الضمائر.  { (20) واللهُ يَقْضِى بِالْحَقِّ وَالَّذِينَ يَدْعُونَ مِنْ دُونِهِ } وقرئ بالتاء { لاَ يَقْضُونَ بِشَىْءٍ } تهكّم بهم { إِنَّ اللهَ هُوَ السَّمِيعُ الْبَصِيرُ } تقرير لعلمه بخائنة الأعين وقضائه بالحقّ ووعيد لهم على ما يقولون ويفعلون وتعريض بحال ما يدعون من دونه.  { (21) أَوَلَمْ يَسِيرُوا فِى الأَرْضِ فِيَنْظُرُوا كَيْفَ كَانَ عَاقِبَةُ الَّذِينَ كَانُوا مِنْ قَبْلِهِمْ } ما لحال الذين كذّبوا الرّسل قبلهم كعاد وثمود { كَانُوا هُمْ أَشَدَّ مِنْهُمْ قُوَّةً } قدرة وتمكّناً وقرئ منكم { وَآثَارًا فِى الأَرْضِ } مثل القلاع والمدائن الحصينة { فَأَخَذَهُمْ } بذنوبهم { وَمَا كَانَ لَهُمْ مِنَ اللهِ مِنْ وَاقٍ } يمنع العذاب عنهم.  { (22) ذَلِكَ } الأخذ { بِأَنَّهُمْ كَانَتْ تَأْتِيهِمْ رُسُلُهُمْ بِالْبَيِّنَاتِ فَكَفَرُوا فَأَخَذَهُمُ اللهُ إِنَّهُ قَوِىٌّ } متمكّن ممّا يريده غاية التمكّن { شَدِيدُ الْعِقَابِ } لا يؤبه بعقاب دون عقابه.  { (23) وَلَقَدْ أَرْسَلْنَا مُوسَى بِآيَاتِنَا } بالمعجزات { وَسُلْطَانٍ مُبِينٍ } وحجّة قاهرة ظاهرة.  { (24)إِلَى فِرْعَوْنَ وَهَامَانَ وَقَارُونَ فَقَالُوا سَاحِرٌ كَذّابٌ } يعنون موسى عليه السلام.  { (25) فَلَمّا جَاءَهُمْ بِالْحَقِّ مِنْ عِنْدِنَا قَالُوا اقْتُلُوا أَبْنَاءَ الَّذِينَ آمَنُوا مَعَهُ وَاسْتَحْيُوا نِسَاءَهُمْ } أي اعيدوا عليهم ما كنتم تفعلون بهم اوّلا كي يصدّوا عن مظاهرة موسى { وَمَا كَيْدُ الْكَافِرِينَ إِلاّ فِى ضَلاَلٍ } في ضياع.  { (26) وَقَالَ فِرْعَوْنُ ذَرُونِى أَقْتُلْ مُوسَى وَلْيَدْعُ رَبَّهُ } قاله تجلّداً وعدم مبالاة بدعائه قيل كانوا يكفّونه عن قتله ويقولون انّه ليس الذي تخافه بل هو ساحر ولو قتلته ظنّ انّك عجزت عن معارضته بالحجّة وتعلّله بذلك مع كونه سفّاكاً في اهون شيء دليل على انّه تيقّن انّه نبيّ فخاف من قتله أو ظنّ انّه لو حاوله لم يتيسّر له. في العلل عن الصادق عليه السلام انّه سئل عن هذه الآية ما كان يمنعه قال منعته رشدته ولا يقتل الانبياء ولا اولاد الانبياء الاّ اولاد الزنا { إِنِّى أَخَافُ } ان لم اقتله { أَنْ يُبَدِّلَ دِينَكُمْ } ان يغيّر ما انتم عليه من عبادته وعبادة الأصنام كقوله [الأعراف: 127] { أَوْ أَنْ يُظْهِرَ فِى الأَرْضِ الْفَسَادَ } ما يفسد دنياكم من التحارب والتهارج وقرئ بالواو على معنى الجمع وبفتح الياء والهاء ورفع الفساد.  { (27) وَقَالَ مُوسَى } اي لقومه لمّا سمع كلامه { إِنِّى عُذْتُ بِرَبِّى وَرَبِّكُمْ مِنْ كُلِّ مُتَكَبِّرٍ لاَ يُؤْمِنُ بِيَوْمِ الْحِسَابِ }.  { (28) وَقَالَ رَجُلٌ مُؤْمِنٌ مِنْ آلِ فِرْعَوْنَ } من اقربائه.  في العيون عن الرضا عليه السلام كان ابن خاله وفي خبر آخر كان ابن عمّه كما يأتي { يَكْتُمُ إِيمَانَهُ } القمّي قال كتم ايمانه ستّ مأة سنة.  وفي المجمع عن الصادق عليه السلام التقيّة من ديني ودين آبائي ولا دين لمن لا تقيّة له والتقيّة ترس الله في الأرض لأنّ مؤمن آل فرعون لو اظهر الإِسلام لقتل.  وفي المجالس عن النبيّ صلّى الله عليه وآله الصدّيقون ثلاثة وعدّ منهم حزقيل مؤمن آل فرعون وقد مرّ تمامه { أَتَقْتُلُونَ رَجُلاً } اتقصدون قتله { أَنْ يَقُولَ } لأن يقول { رَبِّى اللهُ } وحده { وَقَدْ جَاءَكُمْ بِالْبَيِّنَاتِ مِنْ رَبِّكُمْ } أضافه اليهم بعد ذكر البيّنات احتجاجاً عليهم واستدراجاً لهم الى الاعتراف به ثمّ أخذهم بالإِحتجاج من باب الإِحتياط { وَإِنْ يَكُ كَاذِبًا فَعَلَيْهِ كَذِبُهُ } لا يتخطّاه وبال كذبه فيحتاج في دفعه الى قتله { وَإِنْ يَكُ صَادِقًا يُصِبْكُمْ بَعْضُ الَّذِى يَعِدُكُمْ } فلا اقلّ من ان يصيبكم بعضه وفيه مبالغة في التحذير واظهار للانصاف وعدم التعصّب ولذلك قدّم كونه كاذباً { إِنَّ اللهَ لاَ يَهْدِى مَنْ هُوَ مُسْرِفٌ كَذّابٌ } قيل احتجاج ثالث ذو وجهين أحدهما انّه لو كان مسرفاً كذّاباً لما هداه الله الى البيّنات ولما عضده بتلك المعجزات وثانيهما انّ من خذله الله وأهلكه فلا حاجة لكم الى قتله ولعلّه اراد به المعنى الأوّل وخيّل اليهم الثاني لتلين شكيمتهم وعرّض به فرعون بأنّه مسرف كذّاب لا يهديه الله سبيل الصواب.
40,25,{ (18)وَأَنْذِرْهُمْ يَوْمَ الأزِفَةِ } اي القيامة سمّيت بها لازوفها اي قربها { إِذِ الْقُلُوبُ لَدَى الْحَنَاجِرِ } فانّها ترتفع عن اماكنها فتلتصق بحلوقهم فلا تعود فيتروّحوا ولا تخرج فيستريحوا { كَاظِمِينَ } على الغمّ القمّي قال مغمومين مكروبين { مَا لِلظّالِمِينَ مِنْ حَمِيمٍ } قريب مشفق { وَلاَ شَفِيعٍ يُطَاعُ } يشفع.  في التوحيد عن الباقر عليه السلام ما من مؤمن يرتكب ذنباً الاّ ساءه ذلك وندم عليه.  وقد قال النبيّ صلّى الله عليه وآله كفى بالنّدم توبة وقال من سرّته حسنته وساءته سيّئته فهو مؤمن فانّ من لم يندم على ذنب يرتكبه فليس بمؤمن ولم تجب له الشفاعة وكان ظالماً والله تعالى يقول { ما للظّالِمينَ مِنْ حَمِيمٍ وَلاَ شَفِيعٍ يُطَاعُ }.  { (19) يَعْلَمُ خَائِنَةَ الأَعْيُنِ } استراق النّظر.  في المعاني عن الصادق عليه السلام إنّه سئل عن معناها فقال ألم تر الى الرجل ينظر الى الشيء وكأنّه لا ينظر اليه فذلك خائنة الأعين.  وفي المجمع في حديث ابن أبي سرح فقال له عبّاد بن بشير يا رسول الله انّ عيني ما زالت في عينك انتظار أن تؤمي اليّ فأقتله فقال انّ الأنبياء لا يكون لهم خائنة الأعين { وَمَا تُخْفِى الصُّدُورُ } من الضمائر.  { (20) واللهُ يَقْضِى بِالْحَقِّ وَالَّذِينَ يَدْعُونَ مِنْ دُونِهِ } وقرئ بالتاء { لاَ يَقْضُونَ بِشَىْءٍ } تهكّم بهم { إِنَّ اللهَ هُوَ السَّمِيعُ الْبَصِيرُ } تقرير لعلمه بخائنة الأعين وقضائه بالحقّ ووعيد لهم على ما يقولون ويفعلون وتعريض بحال ما يدعون من دونه.  { (21) أَوَلَمْ يَسِيرُوا فِى الأَرْضِ فِيَنْظُرُوا كَيْفَ كَانَ عَاقِبَةُ الَّذِينَ كَانُوا مِنْ قَبْلِهِمْ } ما لحال الذين كذّبوا الرّسل قبلهم كعاد وثمود { كَانُوا هُمْ أَشَدَّ مِنْهُمْ قُوَّةً } قدرة وتمكّناً وقرئ منكم { وَآثَارًا فِى الأَرْضِ } مثل القلاع والمدائن الحصينة { فَأَخَذَهُمْ } بذنوبهم { وَمَا كَانَ لَهُمْ مِنَ اللهِ مِنْ وَاقٍ } يمنع العذاب عنهم.  { (22) ذَلِكَ } الأخذ { بِأَنَّهُمْ كَانَتْ تَأْتِيهِمْ رُسُلُهُمْ بِالْبَيِّنَاتِ فَكَفَرُوا فَأَخَذَهُمُ اللهُ إِنَّهُ قَوِىٌّ } متمكّن ممّا يريده غاية التمكّن { شَدِيدُ الْعِقَابِ } لا يؤبه بعقاب دون عقابه.  { (23) وَلَقَدْ أَرْسَلْنَا مُوسَى بِآيَاتِنَا } بالمعجزات { وَسُلْطَانٍ مُبِينٍ } وحجّة قاهرة ظاهرة.  { (24)إِلَى فِرْعَوْنَ وَهَامَانَ وَقَارُونَ فَقَالُوا سَاحِرٌ كَذّابٌ } يعنون موسى عليه السلام.  { (25) فَلَمّا جَاءَهُمْ بِالْحَقِّ مِنْ عِنْدِنَا قَالُوا اقْتُلُوا أَبْنَاءَ الَّذِينَ آمَنُوا مَعَهُ وَاسْتَحْيُوا نِسَاءَهُمْ } أي اعيدوا عليهم ما كنتم تفعلون بهم اوّلا كي يصدّوا عن مظاهرة موسى { وَمَا كَيْدُ الْكَافِرِينَ إِلاّ فِى ضَلاَلٍ } في ضياع.  { (26) وَقَالَ فِرْعَوْنُ ذَرُونِى أَقْتُلْ مُوسَى وَلْيَدْعُ رَبَّهُ } قاله تجلّداً وعدم مبالاة بدعائه قيل كانوا يكفّونه عن قتله ويقولون انّه ليس الذي تخافه بل هو ساحر ولو قتلته ظنّ انّك عجزت عن معارضته بالحجّة وتعلّله بذلك مع كونه سفّاكاً في اهون شيء دليل على انّه تيقّن انّه نبيّ فخاف من قتله أو ظنّ انّه لو حاوله لم يتيسّر له. في العلل عن الصادق عليه السلام انّه سئل عن هذه الآية ما كان يمنعه قال منعته رشدته ولا يقتل الانبياء ولا اولاد الانبياء الاّ اولاد الزنا { إِنِّى أَخَافُ } ان لم اقتله { أَنْ يُبَدِّلَ دِينَكُمْ } ان يغيّر ما انتم عليه من عبادته وعبادة الأصنام كقوله [الأعراف: 127] { أَوْ أَنْ يُظْهِرَ فِى الأَرْضِ الْفَسَادَ } ما يفسد دنياكم من التحارب والتهارج وقرئ بالواو على معنى الجمع وبفتح الياء والهاء ورفع الفساد.  { (27) وَقَالَ مُوسَى } اي لقومه لمّا سمع كلامه { إِنِّى عُذْتُ بِرَبِّى وَرَبِّكُمْ مِنْ كُلِّ مُتَكَبِّرٍ لاَ يُؤْمِنُ بِيَوْمِ الْحِسَابِ }.  { (28) وَقَالَ رَجُلٌ مُؤْمِنٌ مِنْ آلِ فِرْعَوْنَ } من اقربائه.  في العيون عن الرضا عليه السلام كان ابن خاله وفي خبر آخر كان ابن عمّه كما يأتي { يَكْتُمُ إِيمَانَهُ } القمّي قال كتم ايمانه ستّ مأة سنة.  وفي المجمع عن الصادق عليه السلام التقيّة من ديني ودين آبائي ولا دين لمن لا تقيّة له والتقيّة ترس الله في الأرض لأنّ مؤمن آل فرعون لو اظهر الإِسلام لقتل.  وفي المجالس عن النبيّ صلّى الله عليه وآله الصدّيقون ثلاثة وعدّ منهم حزقيل مؤمن آل فرعون وقد مرّ تمامه { أَتَقْتُلُونَ رَجُلاً } اتقصدون قتله { أَنْ يَقُولَ } لأن يقول { رَبِّى اللهُ } وحده { وَقَدْ جَاءَكُمْ بِالْبَيِّنَاتِ مِنْ رَبِّكُمْ } أضافه اليهم بعد ذكر البيّنات احتجاجاً عليهم واستدراجاً لهم الى الاعتراف به ثمّ أخذهم بالإِحتجاج من باب الإِحتياط { وَإِنْ يَكُ كَاذِبًا فَعَلَيْهِ كَذِبُهُ } لا يتخطّاه وبال كذبه فيحتاج في دفعه الى قتله { وَإِنْ يَكُ صَادِقًا يُصِبْكُمْ بَعْضُ الَّذِى يَعِدُكُمْ } فلا اقلّ من ان يصيبكم بعضه وفيه مبالغة في التحذير واظهار للانصاف وعدم التعصّب ولذلك قدّم كونه كاذباً { إِنَّ اللهَ لاَ يَهْدِى مَنْ هُوَ مُسْرِفٌ كَذّابٌ } قيل احتجاج ثالث ذو وجهين أحدهما انّه لو كان مسرفاً كذّاباً لما هداه الله الى البيّنات ولما عضده بتلك المعجزات وثانيهما انّ من خذله الله وأهلكه فلا حاجة لكم الى قتله ولعلّه اراد به المعنى الأوّل وخيّل اليهم الثاني لتلين شكيمتهم وعرّض به فرعون بأنّه مسرف كذّاب لا يهديه الله سبيل الصواب.
40,26,{ (18)وَأَنْذِرْهُمْ يَوْمَ الأزِفَةِ } اي القيامة سمّيت بها لازوفها اي قربها { إِذِ الْقُلُوبُ لَدَى الْحَنَاجِرِ } فانّها ترتفع عن اماكنها فتلتصق بحلوقهم فلا تعود فيتروّحوا ولا تخرج فيستريحوا { كَاظِمِينَ } على الغمّ القمّي قال مغمومين مكروبين { مَا لِلظّالِمِينَ مِنْ حَمِيمٍ } قريب مشفق { وَلاَ شَفِيعٍ يُطَاعُ } يشفع.  في التوحيد عن الباقر عليه السلام ما من مؤمن يرتكب ذنباً الاّ ساءه ذلك وندم عليه.  وقد قال النبيّ صلّى الله عليه وآله كفى بالنّدم توبة وقال من سرّته حسنته وساءته سيّئته فهو مؤمن فانّ من لم يندم على ذنب يرتكبه فليس بمؤمن ولم تجب له الشفاعة وكان ظالماً والله تعالى يقول { ما للظّالِمينَ مِنْ حَمِيمٍ وَلاَ شَفِيعٍ يُطَاعُ }.  { (19) يَعْلَمُ خَائِنَةَ الأَعْيُنِ } استراق النّظر.  في المعاني عن الصادق عليه السلام إنّه سئل عن معناها فقال ألم تر الى الرجل ينظر الى الشيء وكأنّه لا ينظر اليه فذلك خائنة الأعين.  وفي المجمع في حديث ابن أبي سرح فقال له عبّاد بن بشير يا رسول الله انّ عيني ما زالت في عينك انتظار أن تؤمي اليّ فأقتله فقال انّ الأنبياء لا يكون لهم خائنة الأعين { وَمَا تُخْفِى الصُّدُورُ } من الضمائر.  { (20) واللهُ يَقْضِى بِالْحَقِّ وَالَّذِينَ يَدْعُونَ مِنْ دُونِهِ } وقرئ بالتاء { لاَ يَقْضُونَ بِشَىْءٍ } تهكّم بهم { إِنَّ اللهَ هُوَ السَّمِيعُ الْبَصِيرُ } تقرير لعلمه بخائنة الأعين وقضائه بالحقّ ووعيد لهم على ما يقولون ويفعلون وتعريض بحال ما يدعون من دونه.  { (21) أَوَلَمْ يَسِيرُوا فِى الأَرْضِ فِيَنْظُرُوا كَيْفَ كَانَ عَاقِبَةُ الَّذِينَ كَانُوا مِنْ قَبْلِهِمْ } ما لحال الذين كذّبوا الرّسل قبلهم كعاد وثمود { كَانُوا هُمْ أَشَدَّ مِنْهُمْ قُوَّةً } قدرة وتمكّناً وقرئ منكم { وَآثَارًا فِى الأَرْضِ } مثل القلاع والمدائن الحصينة { فَأَخَذَهُمْ } بذنوبهم { وَمَا كَانَ لَهُمْ مِنَ اللهِ مِنْ وَاقٍ } يمنع العذاب عنهم.  { (22) ذَلِكَ } الأخذ { بِأَنَّهُمْ كَانَتْ تَأْتِيهِمْ رُسُلُهُمْ بِالْبَيِّنَاتِ فَكَفَرُوا فَأَخَذَهُمُ اللهُ إِنَّهُ قَوِىٌّ } متمكّن ممّا يريده غاية التمكّن { شَدِيدُ الْعِقَابِ } لا يؤبه بعقاب دون عقابه.  { (23) وَلَقَدْ أَرْسَلْنَا مُوسَى بِآيَاتِنَا } بالمعجزات { وَسُلْطَانٍ مُبِينٍ } وحجّة قاهرة ظاهرة.  { (24)إِلَى فِرْعَوْنَ وَهَامَانَ وَقَارُونَ فَقَالُوا سَاحِرٌ كَذّابٌ } يعنون موسى عليه السلام.  { (25) فَلَمّا جَاءَهُمْ بِالْحَقِّ مِنْ عِنْدِنَا قَالُوا اقْتُلُوا أَبْنَاءَ الَّذِينَ آمَنُوا مَعَهُ وَاسْتَحْيُوا نِسَاءَهُمْ } أي اعيدوا عليهم ما كنتم تفعلون بهم اوّلا كي يصدّوا عن مظاهرة موسى { وَمَا كَيْدُ الْكَافِرِينَ إِلاّ فِى ضَلاَلٍ } في ضياع.  { (26) وَقَالَ فِرْعَوْنُ ذَرُونِى أَقْتُلْ مُوسَى وَلْيَدْعُ رَبَّهُ } قاله تجلّداً وعدم مبالاة بدعائه قيل كانوا يكفّونه عن قتله ويقولون انّه ليس الذي تخافه بل هو ساحر ولو قتلته ظنّ انّك عجزت عن معارضته بالحجّة وتعلّله بذلك مع كونه سفّاكاً في اهون شيء دليل على انّه تيقّن انّه نبيّ فخاف من قتله أو ظنّ انّه لو حاوله لم يتيسّر له. في العلل عن الصادق عليه السلام انّه سئل عن هذه الآية ما كان يمنعه قال منعته رشدته ولا يقتل الانبياء ولا اولاد الانبياء الاّ اولاد الزنا { إِنِّى أَخَافُ } ان لم اقتله { أَنْ يُبَدِّلَ دِينَكُمْ } ان يغيّر ما انتم عليه من عبادته وعبادة الأصنام كقوله [الأعراف: 127] { أَوْ أَنْ يُظْهِرَ فِى الأَرْضِ الْفَسَادَ } ما يفسد دنياكم من التحارب والتهارج وقرئ بالواو على معنى الجمع وبفتح الياء والهاء ورفع الفساد.  { (27) وَقَالَ مُوسَى } اي لقومه لمّا سمع كلامه { إِنِّى عُذْتُ بِرَبِّى وَرَبِّكُمْ مِنْ كُلِّ مُتَكَبِّرٍ لاَ يُؤْمِنُ بِيَوْمِ الْحِسَابِ }.  { (28) وَقَالَ رَجُلٌ مُؤْمِنٌ مِنْ آلِ فِرْعَوْنَ } من اقربائه.  في العيون عن الرضا عليه السلام كان ابن خاله وفي خبر آخر كان ابن عمّه كما يأتي { يَكْتُمُ إِيمَانَهُ } القمّي قال كتم ايمانه ستّ مأة سنة.  وفي المجمع عن الصادق عليه السلام التقيّة من ديني ودين آبائي ولا دين لمن لا تقيّة له والتقيّة ترس الله في الأرض لأنّ مؤمن آل فرعون لو اظهر الإِسلام لقتل.  وفي المجالس عن النبيّ صلّى الله عليه وآله الصدّيقون ثلاثة وعدّ منهم حزقيل مؤمن آل فرعون وقد مرّ تمامه { أَتَقْتُلُونَ رَجُلاً } اتقصدون قتله { أَنْ يَقُولَ } لأن يقول { رَبِّى اللهُ } وحده { وَقَدْ جَاءَكُمْ بِالْبَيِّنَاتِ مِنْ رَبِّكُمْ } أضافه اليهم بعد ذكر البيّنات احتجاجاً عليهم واستدراجاً لهم الى الاعتراف به ثمّ أخذهم بالإِحتجاج من باب الإِحتياط { وَإِنْ يَكُ كَاذِبًا فَعَلَيْهِ كَذِبُهُ } لا يتخطّاه وبال كذبه فيحتاج في دفعه الى قتله { وَإِنْ يَكُ صَادِقًا يُصِبْكُمْ بَعْضُ الَّذِى يَعِدُكُمْ } فلا اقلّ من ان يصيبكم بعضه وفيه مبالغة في التحذير واظهار للانصاف وعدم التعصّب ولذلك قدّم كونه كاذباً { إِنَّ اللهَ لاَ يَهْدِى مَنْ هُوَ مُسْرِفٌ كَذّابٌ } قيل احتجاج ثالث ذو وجهين أحدهما انّه لو كان مسرفاً كذّاباً لما هداه الله الى البيّنات ولما عضده بتلك المعجزات وثانيهما انّ من خذله الله وأهلكه فلا حاجة لكم الى قتله ولعلّه اراد به المعنى الأوّل وخيّل اليهم الثاني لتلين شكيمتهم وعرّض به فرعون بأنّه مسرف كذّاب لا يهديه الله سبيل الصواب.
40,27,{ (18)وَأَنْذِرْهُمْ يَوْمَ الأزِفَةِ } اي القيامة سمّيت بها لازوفها اي قربها { إِذِ الْقُلُوبُ لَدَى الْحَنَاجِرِ } فانّها ترتفع عن اماكنها فتلتصق بحلوقهم فلا تعود فيتروّحوا ولا تخرج فيستريحوا { كَاظِمِينَ } على الغمّ القمّي قال مغمومين مكروبين { مَا لِلظّالِمِينَ مِنْ حَمِيمٍ } قريب مشفق { وَلاَ شَفِيعٍ يُطَاعُ } يشفع.  في التوحيد عن الباقر عليه السلام ما من مؤمن يرتكب ذنباً الاّ ساءه ذلك وندم عليه.  وقد قال النبيّ صلّى الله عليه وآله كفى بالنّدم توبة وقال من سرّته حسنته وساءته سيّئته فهو مؤمن فانّ من لم يندم على ذنب يرتكبه فليس بمؤمن ولم تجب له الشفاعة وكان ظالماً والله تعالى يقول { ما للظّالِمينَ مِنْ حَمِيمٍ وَلاَ شَفِيعٍ يُطَاعُ }.  { (19) يَعْلَمُ خَائِنَةَ الأَعْيُنِ } استراق النّظر.  في المعاني عن الصادق عليه السلام إنّه سئل عن معناها فقال ألم تر الى الرجل ينظر الى الشيء وكأنّه لا ينظر اليه فذلك خائنة الأعين.  وفي المجمع في حديث ابن أبي سرح فقال له عبّاد بن بشير يا رسول الله انّ عيني ما زالت في عينك انتظار أن تؤمي اليّ فأقتله فقال انّ الأنبياء لا يكون لهم خائنة الأعين { وَمَا تُخْفِى الصُّدُورُ } من الضمائر.  { (20) واللهُ يَقْضِى بِالْحَقِّ وَالَّذِينَ يَدْعُونَ مِنْ دُونِهِ } وقرئ بالتاء { لاَ يَقْضُونَ بِشَىْءٍ } تهكّم بهم { إِنَّ اللهَ هُوَ السَّمِيعُ الْبَصِيرُ } تقرير لعلمه بخائنة الأعين وقضائه بالحقّ ووعيد لهم على ما يقولون ويفعلون وتعريض بحال ما يدعون من دونه.  { (21) أَوَلَمْ يَسِيرُوا فِى الأَرْضِ فِيَنْظُرُوا كَيْفَ كَانَ عَاقِبَةُ الَّذِينَ كَانُوا مِنْ قَبْلِهِمْ } ما لحال الذين كذّبوا الرّسل قبلهم كعاد وثمود { كَانُوا هُمْ أَشَدَّ مِنْهُمْ قُوَّةً } قدرة وتمكّناً وقرئ منكم { وَآثَارًا فِى الأَرْضِ } مثل القلاع والمدائن الحصينة { فَأَخَذَهُمْ } بذنوبهم { وَمَا كَانَ لَهُمْ مِنَ اللهِ مِنْ وَاقٍ } يمنع العذاب عنهم.  { (22) ذَلِكَ } الأخذ { بِأَنَّهُمْ كَانَتْ تَأْتِيهِمْ رُسُلُهُمْ بِالْبَيِّنَاتِ فَكَفَرُوا فَأَخَذَهُمُ اللهُ إِنَّهُ قَوِىٌّ } متمكّن ممّا يريده غاية التمكّن { شَدِيدُ الْعِقَابِ } لا يؤبه بعقاب دون عقابه.  { (23) وَلَقَدْ أَرْسَلْنَا مُوسَى بِآيَاتِنَا } بالمعجزات { وَسُلْطَانٍ مُبِينٍ } وحجّة قاهرة ظاهرة.  { (24)إِلَى فِرْعَوْنَ وَهَامَانَ وَقَارُونَ فَقَالُوا سَاحِرٌ كَذّابٌ } يعنون موسى عليه السلام.  { (25) فَلَمّا جَاءَهُمْ بِالْحَقِّ مِنْ عِنْدِنَا قَالُوا اقْتُلُوا أَبْنَاءَ الَّذِينَ آمَنُوا مَعَهُ وَاسْتَحْيُوا نِسَاءَهُمْ } أي اعيدوا عليهم ما كنتم تفعلون بهم اوّلا كي يصدّوا عن مظاهرة موسى { وَمَا كَيْدُ الْكَافِرِينَ إِلاّ فِى ضَلاَلٍ } في ضياع.  { (26) وَقَالَ فِرْعَوْنُ ذَرُونِى أَقْتُلْ مُوسَى وَلْيَدْعُ رَبَّهُ } قاله تجلّداً وعدم مبالاة بدعائه قيل كانوا يكفّونه عن قتله ويقولون انّه ليس الذي تخافه بل هو ساحر ولو قتلته ظنّ انّك عجزت عن معارضته بالحجّة وتعلّله بذلك مع كونه سفّاكاً في اهون شيء دليل على انّه تيقّن انّه نبيّ فخاف من قتله أو ظنّ انّه لو حاوله لم يتيسّر له. في العلل عن الصادق عليه السلام انّه سئل عن هذه الآية ما كان يمنعه قال منعته رشدته ولا يقتل الانبياء ولا اولاد الانبياء الاّ اولاد الزنا { إِنِّى أَخَافُ } ان لم اقتله { أَنْ يُبَدِّلَ دِينَكُمْ } ان يغيّر ما انتم عليه من عبادته وعبادة الأصنام كقوله [الأعراف: 127] { أَوْ أَنْ يُظْهِرَ فِى الأَرْضِ الْفَسَادَ } ما يفسد دنياكم من التحارب والتهارج وقرئ بالواو على معنى الجمع وبفتح الياء والهاء ورفع الفساد.  { (27) وَقَالَ مُوسَى } اي لقومه لمّا سمع كلامه { إِنِّى عُذْتُ بِرَبِّى وَرَبِّكُمْ مِنْ كُلِّ مُتَكَبِّرٍ لاَ يُؤْمِنُ بِيَوْمِ الْحِسَابِ }.  { (28) وَقَالَ رَجُلٌ مُؤْمِنٌ مِنْ آلِ فِرْعَوْنَ } من اقربائه.  في العيون عن الرضا عليه السلام كان ابن خاله وفي خبر آخر كان ابن عمّه كما يأتي { يَكْتُمُ إِيمَانَهُ } القمّي قال كتم ايمانه ستّ مأة سنة.  وفي المجمع عن الصادق عليه السلام التقيّة من ديني ودين آبائي ولا دين لمن لا تقيّة له والتقيّة ترس الله في الأرض لأنّ مؤمن آل فرعون لو اظهر الإِسلام لقتل.  وفي المجالس عن النبيّ صلّى الله عليه وآله الصدّيقون ثلاثة وعدّ منهم حزقيل مؤمن آل فرعون وقد مرّ تمامه { أَتَقْتُلُونَ رَجُلاً } اتقصدون قتله { أَنْ يَقُولَ } لأن يقول { رَبِّى اللهُ } وحده { وَقَدْ جَاءَكُمْ بِالْبَيِّنَاتِ مِنْ رَبِّكُمْ } أضافه اليهم بعد ذكر البيّنات احتجاجاً عليهم واستدراجاً لهم الى الاعتراف به ثمّ أخذهم بالإِحتجاج من باب الإِحتياط { وَإِنْ يَكُ كَاذِبًا فَعَلَيْهِ كَذِبُهُ } لا يتخطّاه وبال كذبه فيحتاج في دفعه الى قتله { وَإِنْ يَكُ صَادِقًا يُصِبْكُمْ بَعْضُ الَّذِى يَعِدُكُمْ } فلا اقلّ من ان يصيبكم بعضه وفيه مبالغة في التحذير واظهار للانصاف وعدم التعصّب ولذلك قدّم كونه كاذباً { إِنَّ اللهَ لاَ يَهْدِى مَنْ هُوَ مُسْرِفٌ كَذّابٌ } قيل احتجاج ثالث ذو وجهين أحدهما انّه لو كان مسرفاً كذّاباً لما هداه الله الى البيّنات ولما عضده بتلك المعجزات وثانيهما انّ من خذله الله وأهلكه فلا حاجة لكم الى قتله ولعلّه اراد به المعنى الأوّل وخيّل اليهم الثاني لتلين شكيمتهم وعرّض به فرعون بأنّه مسرف كذّاب لا يهديه الله سبيل الصواب.
40,28,{ (18)وَأَنْذِرْهُمْ يَوْمَ الأزِفَةِ } اي القيامة سمّيت بها لازوفها اي قربها { إِذِ الْقُلُوبُ لَدَى الْحَنَاجِرِ } فانّها ترتفع عن اماكنها فتلتصق بحلوقهم فلا تعود فيتروّحوا ولا تخرج فيستريحوا { كَاظِمِينَ } على الغمّ القمّي قال مغمومين مكروبين { مَا لِلظّالِمِينَ مِنْ حَمِيمٍ } قريب مشفق { وَلاَ شَفِيعٍ يُطَاعُ } يشفع.  في التوحيد عن الباقر عليه السلام ما من مؤمن يرتكب ذنباً الاّ ساءه ذلك وندم عليه.  وقد قال النبيّ صلّى الله عليه وآله كفى بالنّدم توبة وقال من سرّته حسنته وساءته سيّئته فهو مؤمن فانّ من لم يندم على ذنب يرتكبه فليس بمؤمن ولم تجب له الشفاعة وكان ظالماً والله تعالى يقول { ما للظّالِمينَ مِنْ حَمِيمٍ وَلاَ شَفِيعٍ يُطَاعُ }.  { (19) يَعْلَمُ خَائِنَةَ الأَعْيُنِ } استراق النّظر.  في المعاني عن الصادق عليه السلام إنّه سئل عن معناها فقال ألم تر الى الرجل ينظر الى الشيء وكأنّه لا ينظر اليه فذلك خائنة الأعين.  وفي المجمع في حديث ابن أبي سرح فقال له عبّاد بن بشير يا رسول الله انّ عيني ما زالت في عينك انتظار أن تؤمي اليّ فأقتله فقال انّ الأنبياء لا يكون لهم خائنة الأعين { وَمَا تُخْفِى الصُّدُورُ } من الضمائر.  { (20) واللهُ يَقْضِى بِالْحَقِّ وَالَّذِينَ يَدْعُونَ مِنْ دُونِهِ } وقرئ بالتاء { لاَ يَقْضُونَ بِشَىْءٍ } تهكّم بهم { إِنَّ اللهَ هُوَ السَّمِيعُ الْبَصِيرُ } تقرير لعلمه بخائنة الأعين وقضائه بالحقّ ووعيد لهم على ما يقولون ويفعلون وتعريض بحال ما يدعون من دونه.  { (21) أَوَلَمْ يَسِيرُوا فِى الأَرْضِ فِيَنْظُرُوا كَيْفَ كَانَ عَاقِبَةُ الَّذِينَ كَانُوا مِنْ قَبْلِهِمْ } ما لحال الذين كذّبوا الرّسل قبلهم كعاد وثمود { كَانُوا هُمْ أَشَدَّ مِنْهُمْ قُوَّةً } قدرة وتمكّناً وقرئ منكم { وَآثَارًا فِى الأَرْضِ } مثل القلاع والمدائن الحصينة { فَأَخَذَهُمْ } بذنوبهم { وَمَا كَانَ لَهُمْ مِنَ اللهِ مِنْ وَاقٍ } يمنع العذاب عنهم.  { (22) ذَلِكَ } الأخذ { بِأَنَّهُمْ كَانَتْ تَأْتِيهِمْ رُسُلُهُمْ بِالْبَيِّنَاتِ فَكَفَرُوا فَأَخَذَهُمُ اللهُ إِنَّهُ قَوِىٌّ } متمكّن ممّا يريده غاية التمكّن { شَدِيدُ الْعِقَابِ } لا يؤبه بعقاب دون عقابه.  { (23) وَلَقَدْ أَرْسَلْنَا مُوسَى بِآيَاتِنَا } بالمعجزات { وَسُلْطَانٍ مُبِينٍ } وحجّة قاهرة ظاهرة.  { (24)إِلَى فِرْعَوْنَ وَهَامَانَ وَقَارُونَ فَقَالُوا سَاحِرٌ كَذّابٌ } يعنون موسى عليه السلام.  { (25) فَلَمّا جَاءَهُمْ بِالْحَقِّ مِنْ عِنْدِنَا قَالُوا اقْتُلُوا أَبْنَاءَ الَّذِينَ آمَنُوا مَعَهُ وَاسْتَحْيُوا نِسَاءَهُمْ } أي اعيدوا عليهم ما كنتم تفعلون بهم اوّلا كي يصدّوا عن مظاهرة موسى { وَمَا كَيْدُ الْكَافِرِينَ إِلاّ فِى ضَلاَلٍ } في ضياع.  { (26) وَقَالَ فِرْعَوْنُ ذَرُونِى أَقْتُلْ مُوسَى وَلْيَدْعُ رَبَّهُ } قاله تجلّداً وعدم مبالاة بدعائه قيل كانوا يكفّونه عن قتله ويقولون انّه ليس الذي تخافه بل هو ساحر ولو قتلته ظنّ انّك عجزت عن معارضته بالحجّة وتعلّله بذلك مع كونه سفّاكاً في اهون شيء دليل على انّه تيقّن انّه نبيّ فخاف من قتله أو ظنّ انّه لو حاوله لم يتيسّر له. في العلل عن الصادق عليه السلام انّه سئل عن هذه الآية ما كان يمنعه قال منعته رشدته ولا يقتل الانبياء ولا اولاد الانبياء الاّ اولاد الزنا { إِنِّى أَخَافُ } ان لم اقتله { أَنْ يُبَدِّلَ دِينَكُمْ } ان يغيّر ما انتم عليه من عبادته وعبادة الأصنام كقوله [الأعراف: 127] { أَوْ أَنْ يُظْهِرَ فِى الأَرْضِ الْفَسَادَ } ما يفسد دنياكم من التحارب والتهارج وقرئ بالواو على معنى الجمع وبفتح الياء والهاء ورفع الفساد.  { (27) وَقَالَ مُوسَى } اي لقومه لمّا سمع كلامه { إِنِّى عُذْتُ بِرَبِّى وَرَبِّكُمْ مِنْ كُلِّ مُتَكَبِّرٍ لاَ يُؤْمِنُ بِيَوْمِ الْحِسَابِ }.  { (28) وَقَالَ رَجُلٌ مُؤْمِنٌ مِنْ آلِ فِرْعَوْنَ } من اقربائه.  في العيون عن الرضا عليه السلام كان ابن خاله وفي خبر آخر كان ابن عمّه كما يأتي { يَكْتُمُ إِيمَانَهُ } القمّي قال كتم ايمانه ستّ مأة سنة.  وفي المجمع عن الصادق عليه السلام التقيّة من ديني ودين آبائي ولا دين لمن لا تقيّة له والتقيّة ترس الله في الأرض لأنّ مؤمن آل فرعون لو اظهر الإِسلام لقتل.  وفي المجالس عن النبيّ صلّى الله عليه وآله الصدّيقون ثلاثة وعدّ منهم حزقيل مؤمن آل فرعون وقد مرّ تمامه { أَتَقْتُلُونَ رَجُلاً } اتقصدون قتله { أَنْ يَقُولَ } لأن يقول { رَبِّى اللهُ } وحده { وَقَدْ جَاءَكُمْ بِالْبَيِّنَاتِ مِنْ رَبِّكُمْ } أضافه اليهم بعد ذكر البيّنات احتجاجاً عليهم واستدراجاً لهم الى الاعتراف به ثمّ أخذهم بالإِحتجاج من باب الإِحتياط { وَإِنْ يَكُ كَاذِبًا فَعَلَيْهِ كَذِبُهُ } لا يتخطّاه وبال كذبه فيحتاج في دفعه الى قتله { وَإِنْ يَكُ صَادِقًا يُصِبْكُمْ بَعْضُ الَّذِى يَعِدُكُمْ } فلا اقلّ من ان يصيبكم بعضه وفيه مبالغة في التحذير واظهار للانصاف وعدم التعصّب ولذلك قدّم كونه كاذباً { إِنَّ اللهَ لاَ يَهْدِى مَنْ هُوَ مُسْرِفٌ كَذّابٌ } قيل احتجاج ثالث ذو وجهين أحدهما انّه لو كان مسرفاً كذّاباً لما هداه الله الى البيّنات ولما عضده بتلك المعجزات وثانيهما انّ من خذله الله وأهلكه فلا حاجة لكم الى قتله ولعلّه اراد به المعنى الأوّل وخيّل اليهم الثاني لتلين شكيمتهم وعرّض به فرعون بأنّه مسرف كذّاب لا يهديه الله سبيل الصواب.
40,29,{ (29) يَا قَوْمِ لَكُمُ المُلْكُ اليَوْمَ ظَاهِرِينَ } غالبين عالين { فِى الأَرْضِ } أرض مصر { فَمَنْ يَنْصُرُنَا مِنْ بَأْسِ اللهِ إِنْ جَاءَنَا } اي فلا تفسدوا امركم ولا تتعرّضوا لبأس الله بقتله فانّه ان جاءنا لم يمنعنا منه أحد وانّما أدرج نفسه فيه ليريهم انّه معهم ومساهمهم فيما ينصح لهم { قَالَ فِرْعَوْنُ مَا أُرِيكُمْ } ما اشير عليكم { إِلاّ مَا أَرَى } واستصوبه من قتله { وَمَا أَهْدِيكُمْ إِلاّ سَبِيلَ الرَّشَادِ } طريق الصواب.  { (30) وَقَالَ الَّذِى آمَنَ يَا قَوْمِ إِنّى أَخَافُ عَلَيْكُمْ } في تكذيبه والتعرّض له { مِثْلَ يَوْمِ الأَحْزَابِ } مثل ايّام الامم الماضية المتحزّبة على الرسل يعني وقايعهم وجمع الأحزاب مع التفسير اغنى عن جميع اليوم.  { (31) مِثْلَ دَأْبِ قَوْمِ نُوحٍ وَعَادٍ وَثَمُودَ } مثل سنّة الله فيهم حين استأصلهم وأهلكهم جزاء بما كانوا عليه من الكفر وايذاء الرسل { وَالَّذِينَ مِنْ بَعْدِهِمْ } كقوم لوط { وَمَا الله يُرِيدُ ظُلْمًا لِلْعِبَادِ } فلا يعاقبهم بغير ذنب ولا يخلي الظالم منهم بغير انتقام.  { (32) وَيَا قَوْمِ إِنّى أَخَافُ عَلَيْكُمْ يَوْمَ التَّنَادِ } يوم ينادي فيه بعضهم بعضاً.  في المعاني عن الصادق عليه السلام يوم التّناد يوم ينادي فيه بعضهم بعضاً في المعاني عن الصادق عليه السلام يوم التناد يوم تنادي اهل النار اهل الجنة أفيضوا علينا من الماء او ممّا رزقكم الله.  { (33) يَوْمَ تُوَلُّونَ مُدْبِرِينَ مَا لَكُمْ مِنَ اللهِ مِنْ عَاصِمٍ } يعصمكم من عذابه { و وَمَنْ يُضْلِلِ اللهُ فَمَا لَهُ مِنْ هَادٍ }.  { (34) وَلَقَدْ جَاءَكُمْ يُوسُف مِنْ قَبْلُ } موسى { بِالبَيِّنَاتِ } بالمعجزات { فَمَا زِلْتُمْ فِى شَكٍّ مِمّا جَاءَكُمْ } به من الدين.  في المجمع عن الباقر عليه السلام في حديث انّه سئل كان يوسف رسولاً نبيّاً فقال نعم أما تسمع قول الله تعالى { لَقَدْ جَاءَكُمْ يُوسُفُ مِنْ قَبْلُ بِالْبَيِّنَاتِ } وقد مرّ تمامه في سورة يوسُف (ع) { حَتّى إِذَا هَلَك } مات { قُلْتُمْ لَنْ يَبْعَثَ اللهُ مِنْ بَعْدِهِ رَسُولاً كَذَلِكَ يُضِلُّ اللهُ } في العصيان { مَنْ هُوَ مُسْرِفٌ مُرْتَابٌ } شاكّ فيما يشهد به البيّنات لغلبة الوهم والإِنهماك في التقليد.  { (35) الَّذِينَ يُجَادِلُونَ فِى آيَاتِ اللهِ بِغَيْرِ سُلْطَانٍ } بغير حجّة { أتَاهُمْ } بل امّا بتقليد أو شبهة داحضة { كَبُرَ مَقْتًا عِنْدَ اللهِ وَعِنْدَ الَّذِينَ آمَنُوا كَذَلِكَ يَطْبَعُ اللهُ عَلَى كُلِّ قَلْبِ مُتَكَبِّرٍ جَبّارٍ } وقرئ قلب بالتّنوين.  { (36) وَقَالَ فِرْعَوْنُ يَا هَامَانُ ابْنِ لِى صَرْحًا } بناء مكشوفاً عالياً من صرح الشيء اذا ظهر { لَعَلّى أَبْلُغُ الأَسْبَابَ } الطريق.  { (37) أَسْبَابَ السَّمَاوَاتِ فَأطَّلِعَ إِلَى إلهِ مُوسَى } وقرئ بالنّصب على جواب الترجي { وَإِنّى لأَظُنُّهُ كَاذِبًا } في دعوى الرّسالة { وَكَذَلِكَ زُيِّنَ لِفِرْعَوْنَ سُوءُ عَمَلِهِ وَصُدَّ عَنِ السَّبِيلِ } سبيل الرّشاد وقرئ وَصَدَّ على انّ فرعون صدّ النّاس عن الهدى بأمثال هذه التّمويهات والشبهات { وَمَا كَيْدُ فِرْعَوْنَ إِلاّ فِى تَبَابٍ } اي خسار.
40,30,{ (29) يَا قَوْمِ لَكُمُ المُلْكُ اليَوْمَ ظَاهِرِينَ } غالبين عالين { فِى الأَرْضِ } أرض مصر { فَمَنْ يَنْصُرُنَا مِنْ بَأْسِ اللهِ إِنْ جَاءَنَا } اي فلا تفسدوا امركم ولا تتعرّضوا لبأس الله بقتله فانّه ان جاءنا لم يمنعنا منه أحد وانّما أدرج نفسه فيه ليريهم انّه معهم ومساهمهم فيما ينصح لهم { قَالَ فِرْعَوْنُ مَا أُرِيكُمْ } ما اشير عليكم { إِلاّ مَا أَرَى } واستصوبه من قتله { وَمَا أَهْدِيكُمْ إِلاّ سَبِيلَ الرَّشَادِ } طريق الصواب.  { (30) وَقَالَ الَّذِى آمَنَ يَا قَوْمِ إِنّى أَخَافُ عَلَيْكُمْ } في تكذيبه والتعرّض له { مِثْلَ يَوْمِ الأَحْزَابِ } مثل ايّام الامم الماضية المتحزّبة على الرسل يعني وقايعهم وجمع الأحزاب مع التفسير اغنى عن جميع اليوم.  { (31) مِثْلَ دَأْبِ قَوْمِ نُوحٍ وَعَادٍ وَثَمُودَ } مثل سنّة الله فيهم حين استأصلهم وأهلكهم جزاء بما كانوا عليه من الكفر وايذاء الرسل { وَالَّذِينَ مِنْ بَعْدِهِمْ } كقوم لوط { وَمَا الله يُرِيدُ ظُلْمًا لِلْعِبَادِ } فلا يعاقبهم بغير ذنب ولا يخلي الظالم منهم بغير انتقام.  { (32) وَيَا قَوْمِ إِنّى أَخَافُ عَلَيْكُمْ يَوْمَ التَّنَادِ } يوم ينادي فيه بعضهم بعضاً.  في المعاني عن الصادق عليه السلام يوم التّناد يوم ينادي فيه بعضهم بعضاً في المعاني عن الصادق عليه السلام يوم التناد يوم تنادي اهل النار اهل الجنة أفيضوا علينا من الماء او ممّا رزقكم الله.  { (33) يَوْمَ تُوَلُّونَ مُدْبِرِينَ مَا لَكُمْ مِنَ اللهِ مِنْ عَاصِمٍ } يعصمكم من عذابه { و وَمَنْ يُضْلِلِ اللهُ فَمَا لَهُ مِنْ هَادٍ }.  { (34) وَلَقَدْ جَاءَكُمْ يُوسُف مِنْ قَبْلُ } موسى { بِالبَيِّنَاتِ } بالمعجزات { فَمَا زِلْتُمْ فِى شَكٍّ مِمّا جَاءَكُمْ } به من الدين.  في المجمع عن الباقر عليه السلام في حديث انّه سئل كان يوسف رسولاً نبيّاً فقال نعم أما تسمع قول الله تعالى { لَقَدْ جَاءَكُمْ يُوسُفُ مِنْ قَبْلُ بِالْبَيِّنَاتِ } وقد مرّ تمامه في سورة يوسُف (ع) { حَتّى إِذَا هَلَك } مات { قُلْتُمْ لَنْ يَبْعَثَ اللهُ مِنْ بَعْدِهِ رَسُولاً كَذَلِكَ يُضِلُّ اللهُ } في العصيان { مَنْ هُوَ مُسْرِفٌ مُرْتَابٌ } شاكّ فيما يشهد به البيّنات لغلبة الوهم والإِنهماك في التقليد.  { (35) الَّذِينَ يُجَادِلُونَ فِى آيَاتِ اللهِ بِغَيْرِ سُلْطَانٍ } بغير حجّة { أتَاهُمْ } بل امّا بتقليد أو شبهة داحضة { كَبُرَ مَقْتًا عِنْدَ اللهِ وَعِنْدَ الَّذِينَ آمَنُوا كَذَلِكَ يَطْبَعُ اللهُ عَلَى كُلِّ قَلْبِ مُتَكَبِّرٍ جَبّارٍ } وقرئ قلب بالتّنوين.  { (36) وَقَالَ فِرْعَوْنُ يَا هَامَانُ ابْنِ لِى صَرْحًا } بناء مكشوفاً عالياً من صرح الشيء اذا ظهر { لَعَلّى أَبْلُغُ الأَسْبَابَ } الطريق.  { (37) أَسْبَابَ السَّمَاوَاتِ فَأطَّلِعَ إِلَى إلهِ مُوسَى } وقرئ بالنّصب على جواب الترجي { وَإِنّى لأَظُنُّهُ كَاذِبًا } في دعوى الرّسالة { وَكَذَلِكَ زُيِّنَ لِفِرْعَوْنَ سُوءُ عَمَلِهِ وَصُدَّ عَنِ السَّبِيلِ } سبيل الرّشاد وقرئ وَصَدَّ على انّ فرعون صدّ النّاس عن الهدى بأمثال هذه التّمويهات والشبهات { وَمَا كَيْدُ فِرْعَوْنَ إِلاّ فِى تَبَابٍ } اي خسار.
40,31,{ (29) يَا قَوْمِ لَكُمُ المُلْكُ اليَوْمَ ظَاهِرِينَ } غالبين عالين { فِى الأَرْضِ } أرض مصر { فَمَنْ يَنْصُرُنَا مِنْ بَأْسِ اللهِ إِنْ جَاءَنَا } اي فلا تفسدوا امركم ولا تتعرّضوا لبأس الله بقتله فانّه ان جاءنا لم يمنعنا منه أحد وانّما أدرج نفسه فيه ليريهم انّه معهم ومساهمهم فيما ينصح لهم { قَالَ فِرْعَوْنُ مَا أُرِيكُمْ } ما اشير عليكم { إِلاّ مَا أَرَى } واستصوبه من قتله { وَمَا أَهْدِيكُمْ إِلاّ سَبِيلَ الرَّشَادِ } طريق الصواب.  { (30) وَقَالَ الَّذِى آمَنَ يَا قَوْمِ إِنّى أَخَافُ عَلَيْكُمْ } في تكذيبه والتعرّض له { مِثْلَ يَوْمِ الأَحْزَابِ } مثل ايّام الامم الماضية المتحزّبة على الرسل يعني وقايعهم وجمع الأحزاب مع التفسير اغنى عن جميع اليوم.  { (31) مِثْلَ دَأْبِ قَوْمِ نُوحٍ وَعَادٍ وَثَمُودَ } مثل سنّة الله فيهم حين استأصلهم وأهلكهم جزاء بما كانوا عليه من الكفر وايذاء الرسل { وَالَّذِينَ مِنْ بَعْدِهِمْ } كقوم لوط { وَمَا الله يُرِيدُ ظُلْمًا لِلْعِبَادِ } فلا يعاقبهم بغير ذنب ولا يخلي الظالم منهم بغير انتقام.  { (32) وَيَا قَوْمِ إِنّى أَخَافُ عَلَيْكُمْ يَوْمَ التَّنَادِ } يوم ينادي فيه بعضهم بعضاً.  في المعاني عن الصادق عليه السلام يوم التّناد يوم ينادي فيه بعضهم بعضاً في المعاني عن الصادق عليه السلام يوم التناد يوم تنادي اهل النار اهل الجنة أفيضوا علينا من الماء او ممّا رزقكم الله.  { (33) يَوْمَ تُوَلُّونَ مُدْبِرِينَ مَا لَكُمْ مِنَ اللهِ مِنْ عَاصِمٍ } يعصمكم من عذابه { و وَمَنْ يُضْلِلِ اللهُ فَمَا لَهُ مِنْ هَادٍ }.  { (34) وَلَقَدْ جَاءَكُمْ يُوسُف مِنْ قَبْلُ } موسى { بِالبَيِّنَاتِ } بالمعجزات { فَمَا زِلْتُمْ فِى شَكٍّ مِمّا جَاءَكُمْ } به من الدين.  في المجمع عن الباقر عليه السلام في حديث انّه سئل كان يوسف رسولاً نبيّاً فقال نعم أما تسمع قول الله تعالى { لَقَدْ جَاءَكُمْ يُوسُفُ مِنْ قَبْلُ بِالْبَيِّنَاتِ } وقد مرّ تمامه في سورة يوسُف (ع) { حَتّى إِذَا هَلَك } مات { قُلْتُمْ لَنْ يَبْعَثَ اللهُ مِنْ بَعْدِهِ رَسُولاً كَذَلِكَ يُضِلُّ اللهُ } في العصيان { مَنْ هُوَ مُسْرِفٌ مُرْتَابٌ } شاكّ فيما يشهد به البيّنات لغلبة الوهم والإِنهماك في التقليد.  { (35) الَّذِينَ يُجَادِلُونَ فِى آيَاتِ اللهِ بِغَيْرِ سُلْطَانٍ } بغير حجّة { أتَاهُمْ } بل امّا بتقليد أو شبهة داحضة { كَبُرَ مَقْتًا عِنْدَ اللهِ وَعِنْدَ الَّذِينَ آمَنُوا كَذَلِكَ يَطْبَعُ اللهُ عَلَى كُلِّ قَلْبِ مُتَكَبِّرٍ جَبّارٍ } وقرئ قلب بالتّنوين.  { (36) وَقَالَ فِرْعَوْنُ يَا هَامَانُ ابْنِ لِى صَرْحًا } بناء مكشوفاً عالياً من صرح الشيء اذا ظهر { لَعَلّى أَبْلُغُ الأَسْبَابَ } الطريق.  { (37) أَسْبَابَ السَّمَاوَاتِ فَأطَّلِعَ إِلَى إلهِ مُوسَى } وقرئ بالنّصب على جواب الترجي { وَإِنّى لأَظُنُّهُ كَاذِبًا } في دعوى الرّسالة { وَكَذَلِكَ زُيِّنَ لِفِرْعَوْنَ سُوءُ عَمَلِهِ وَصُدَّ عَنِ السَّبِيلِ } سبيل الرّشاد وقرئ وَصَدَّ على انّ فرعون صدّ النّاس عن الهدى بأمثال هذه التّمويهات والشبهات { وَمَا كَيْدُ فِرْعَوْنَ إِلاّ فِى تَبَابٍ } اي خسار.
40,32,{ (29) يَا قَوْمِ لَكُمُ المُلْكُ اليَوْمَ ظَاهِرِينَ } غالبين عالين { فِى الأَرْضِ } أرض مصر { فَمَنْ يَنْصُرُنَا مِنْ بَأْسِ اللهِ إِنْ جَاءَنَا } اي فلا تفسدوا امركم ولا تتعرّضوا لبأس الله بقتله فانّه ان جاءنا لم يمنعنا منه أحد وانّما أدرج نفسه فيه ليريهم انّه معهم ومساهمهم فيما ينصح لهم { قَالَ فِرْعَوْنُ مَا أُرِيكُمْ } ما اشير عليكم { إِلاّ مَا أَرَى } واستصوبه من قتله { وَمَا أَهْدِيكُمْ إِلاّ سَبِيلَ الرَّشَادِ } طريق الصواب.  { (30) وَقَالَ الَّذِى آمَنَ يَا قَوْمِ إِنّى أَخَافُ عَلَيْكُمْ } في تكذيبه والتعرّض له { مِثْلَ يَوْمِ الأَحْزَابِ } مثل ايّام الامم الماضية المتحزّبة على الرسل يعني وقايعهم وجمع الأحزاب مع التفسير اغنى عن جميع اليوم.  { (31) مِثْلَ دَأْبِ قَوْمِ نُوحٍ وَعَادٍ وَثَمُودَ } مثل سنّة الله فيهم حين استأصلهم وأهلكهم جزاء بما كانوا عليه من الكفر وايذاء الرسل { وَالَّذِينَ مِنْ بَعْدِهِمْ } كقوم لوط { وَمَا الله يُرِيدُ ظُلْمًا لِلْعِبَادِ } فلا يعاقبهم بغير ذنب ولا يخلي الظالم منهم بغير انتقام.  { (32) وَيَا قَوْمِ إِنّى أَخَافُ عَلَيْكُمْ يَوْمَ التَّنَادِ } يوم ينادي فيه بعضهم بعضاً.  في المعاني عن الصادق عليه السلام يوم التّناد يوم ينادي فيه بعضهم بعضاً في المعاني عن الصادق عليه السلام يوم التناد يوم تنادي اهل النار اهل الجنة أفيضوا علينا من الماء او ممّا رزقكم الله.  { (33) يَوْمَ تُوَلُّونَ مُدْبِرِينَ مَا لَكُمْ مِنَ اللهِ مِنْ عَاصِمٍ } يعصمكم من عذابه { و وَمَنْ يُضْلِلِ اللهُ فَمَا لَهُ مِنْ هَادٍ }.  { (34) وَلَقَدْ جَاءَكُمْ يُوسُف مِنْ قَبْلُ } موسى { بِالبَيِّنَاتِ } بالمعجزات { فَمَا زِلْتُمْ فِى شَكٍّ مِمّا جَاءَكُمْ } به من الدين.  في المجمع عن الباقر عليه السلام في حديث انّه سئل كان يوسف رسولاً نبيّاً فقال نعم أما تسمع قول الله تعالى { لَقَدْ جَاءَكُمْ يُوسُفُ مِنْ قَبْلُ بِالْبَيِّنَاتِ } وقد مرّ تمامه في سورة يوسُف (ع) { حَتّى إِذَا هَلَك } مات { قُلْتُمْ لَنْ يَبْعَثَ اللهُ مِنْ بَعْدِهِ رَسُولاً كَذَلِكَ يُضِلُّ اللهُ } في العصيان { مَنْ هُوَ مُسْرِفٌ مُرْتَابٌ } شاكّ فيما يشهد به البيّنات لغلبة الوهم والإِنهماك في التقليد.  { (35) الَّذِينَ يُجَادِلُونَ فِى آيَاتِ اللهِ بِغَيْرِ سُلْطَانٍ } بغير حجّة { أتَاهُمْ } بل امّا بتقليد أو شبهة داحضة { كَبُرَ مَقْتًا عِنْدَ اللهِ وَعِنْدَ الَّذِينَ آمَنُوا كَذَلِكَ يَطْبَعُ اللهُ عَلَى كُلِّ قَلْبِ مُتَكَبِّرٍ جَبّارٍ } وقرئ قلب بالتّنوين.  { (36) وَقَالَ فِرْعَوْنُ يَا هَامَانُ ابْنِ لِى صَرْحًا } بناء مكشوفاً عالياً من صرح الشيء اذا ظهر { لَعَلّى أَبْلُغُ الأَسْبَابَ } الطريق.  { (37) أَسْبَابَ السَّمَاوَاتِ فَأطَّلِعَ إِلَى إلهِ مُوسَى } وقرئ بالنّصب على جواب الترجي { وَإِنّى لأَظُنُّهُ كَاذِبًا } في دعوى الرّسالة { وَكَذَلِكَ زُيِّنَ لِفِرْعَوْنَ سُوءُ عَمَلِهِ وَصُدَّ عَنِ السَّبِيلِ } سبيل الرّشاد وقرئ وَصَدَّ على انّ فرعون صدّ النّاس عن الهدى بأمثال هذه التّمويهات والشبهات { وَمَا كَيْدُ فِرْعَوْنَ إِلاّ فِى تَبَابٍ } اي خسار.
40,33,{ (29) يَا قَوْمِ لَكُمُ المُلْكُ اليَوْمَ ظَاهِرِينَ } غالبين عالين { فِى الأَرْضِ } أرض مصر { فَمَنْ يَنْصُرُنَا مِنْ بَأْسِ اللهِ إِنْ جَاءَنَا } اي فلا تفسدوا امركم ولا تتعرّضوا لبأس الله بقتله فانّه ان جاءنا لم يمنعنا منه أحد وانّما أدرج نفسه فيه ليريهم انّه معهم ومساهمهم فيما ينصح لهم { قَالَ فِرْعَوْنُ مَا أُرِيكُمْ } ما اشير عليكم { إِلاّ مَا أَرَى } واستصوبه من قتله { وَمَا أَهْدِيكُمْ إِلاّ سَبِيلَ الرَّشَادِ } طريق الصواب.  { (30) وَقَالَ الَّذِى آمَنَ يَا قَوْمِ إِنّى أَخَافُ عَلَيْكُمْ } في تكذيبه والتعرّض له { مِثْلَ يَوْمِ الأَحْزَابِ } مثل ايّام الامم الماضية المتحزّبة على الرسل يعني وقايعهم وجمع الأحزاب مع التفسير اغنى عن جميع اليوم.  { (31) مِثْلَ دَأْبِ قَوْمِ نُوحٍ وَعَادٍ وَثَمُودَ } مثل سنّة الله فيهم حين استأصلهم وأهلكهم جزاء بما كانوا عليه من الكفر وايذاء الرسل { وَالَّذِينَ مِنْ بَعْدِهِمْ } كقوم لوط { وَمَا الله يُرِيدُ ظُلْمًا لِلْعِبَادِ } فلا يعاقبهم بغير ذنب ولا يخلي الظالم منهم بغير انتقام.  { (32) وَيَا قَوْمِ إِنّى أَخَافُ عَلَيْكُمْ يَوْمَ التَّنَادِ } يوم ينادي فيه بعضهم بعضاً.  في المعاني عن الصادق عليه السلام يوم التّناد يوم ينادي فيه بعضهم بعضاً في المعاني عن الصادق عليه السلام يوم التناد يوم تنادي اهل النار اهل الجنة أفيضوا علينا من الماء او ممّا رزقكم الله.  { (33) يَوْمَ تُوَلُّونَ مُدْبِرِينَ مَا لَكُمْ مِنَ اللهِ مِنْ عَاصِمٍ } يعصمكم من عذابه { و وَمَنْ يُضْلِلِ اللهُ فَمَا لَهُ مِنْ هَادٍ }.  { (34) وَلَقَدْ جَاءَكُمْ يُوسُف مِنْ قَبْلُ } موسى { بِالبَيِّنَاتِ } بالمعجزات { فَمَا زِلْتُمْ فِى شَكٍّ مِمّا جَاءَكُمْ } به من الدين.  في المجمع عن الباقر عليه السلام في حديث انّه سئل كان يوسف رسولاً نبيّاً فقال نعم أما تسمع قول الله تعالى { لَقَدْ جَاءَكُمْ يُوسُفُ مِنْ قَبْلُ بِالْبَيِّنَاتِ } وقد مرّ تمامه في سورة يوسُف (ع) { حَتّى إِذَا هَلَك } مات { قُلْتُمْ لَنْ يَبْعَثَ اللهُ مِنْ بَعْدِهِ رَسُولاً كَذَلِكَ يُضِلُّ اللهُ } في العصيان { مَنْ هُوَ مُسْرِفٌ مُرْتَابٌ } شاكّ فيما يشهد به البيّنات لغلبة الوهم والإِنهماك في التقليد.  { (35) الَّذِينَ يُجَادِلُونَ فِى آيَاتِ اللهِ بِغَيْرِ سُلْطَانٍ } بغير حجّة { أتَاهُمْ } بل امّا بتقليد أو شبهة داحضة { كَبُرَ مَقْتًا عِنْدَ اللهِ وَعِنْدَ الَّذِينَ آمَنُوا كَذَلِكَ يَطْبَعُ اللهُ عَلَى كُلِّ قَلْبِ مُتَكَبِّرٍ جَبّارٍ } وقرئ قلب بالتّنوين.  { (36) وَقَالَ فِرْعَوْنُ يَا هَامَانُ ابْنِ لِى صَرْحًا } بناء مكشوفاً عالياً من صرح الشيء اذا ظهر { لَعَلّى أَبْلُغُ الأَسْبَابَ } الطريق.  { (37) أَسْبَابَ السَّمَاوَاتِ فَأطَّلِعَ إِلَى إلهِ مُوسَى } وقرئ بالنّصب على جواب الترجي { وَإِنّى لأَظُنُّهُ كَاذِبًا } في دعوى الرّسالة { وَكَذَلِكَ زُيِّنَ لِفِرْعَوْنَ سُوءُ عَمَلِهِ وَصُدَّ عَنِ السَّبِيلِ } سبيل الرّشاد وقرئ وَصَدَّ على انّ فرعون صدّ النّاس عن الهدى بأمثال هذه التّمويهات والشبهات { وَمَا كَيْدُ فِرْعَوْنَ إِلاّ فِى تَبَابٍ } اي خسار.
40,34,{ (29) يَا قَوْمِ لَكُمُ المُلْكُ اليَوْمَ ظَاهِرِينَ } غالبين عالين { فِى الأَرْضِ } أرض مصر { فَمَنْ يَنْصُرُنَا مِنْ بَأْسِ اللهِ إِنْ جَاءَنَا } اي فلا تفسدوا امركم ولا تتعرّضوا لبأس الله بقتله فانّه ان جاءنا لم يمنعنا منه أحد وانّما أدرج نفسه فيه ليريهم انّه معهم ومساهمهم فيما ينصح لهم { قَالَ فِرْعَوْنُ مَا أُرِيكُمْ } ما اشير عليكم { إِلاّ مَا أَرَى } واستصوبه من قتله { وَمَا أَهْدِيكُمْ إِلاّ سَبِيلَ الرَّشَادِ } طريق الصواب.  { (30) وَقَالَ الَّذِى آمَنَ يَا قَوْمِ إِنّى أَخَافُ عَلَيْكُمْ } في تكذيبه والتعرّض له { مِثْلَ يَوْمِ الأَحْزَابِ } مثل ايّام الامم الماضية المتحزّبة على الرسل يعني وقايعهم وجمع الأحزاب مع التفسير اغنى عن جميع اليوم.  { (31) مِثْلَ دَأْبِ قَوْمِ نُوحٍ وَعَادٍ وَثَمُودَ } مثل سنّة الله فيهم حين استأصلهم وأهلكهم جزاء بما كانوا عليه من الكفر وايذاء الرسل { وَالَّذِينَ مِنْ بَعْدِهِمْ } كقوم لوط { وَمَا الله يُرِيدُ ظُلْمًا لِلْعِبَادِ } فلا يعاقبهم بغير ذنب ولا يخلي الظالم منهم بغير انتقام.  { (32) وَيَا قَوْمِ إِنّى أَخَافُ عَلَيْكُمْ يَوْمَ التَّنَادِ } يوم ينادي فيه بعضهم بعضاً.  في المعاني عن الصادق عليه السلام يوم التّناد يوم ينادي فيه بعضهم بعضاً في المعاني عن الصادق عليه السلام يوم التناد يوم تنادي اهل النار اهل الجنة أفيضوا علينا من الماء او ممّا رزقكم الله.  { (33) يَوْمَ تُوَلُّونَ مُدْبِرِينَ مَا لَكُمْ مِنَ اللهِ مِنْ عَاصِمٍ } يعصمكم من عذابه { و وَمَنْ يُضْلِلِ اللهُ فَمَا لَهُ مِنْ هَادٍ }.  { (34) وَلَقَدْ جَاءَكُمْ يُوسُف مِنْ قَبْلُ } موسى { بِالبَيِّنَاتِ } بالمعجزات { فَمَا زِلْتُمْ فِى شَكٍّ مِمّا جَاءَكُمْ } به من الدين.  في المجمع عن الباقر عليه السلام في حديث انّه سئل كان يوسف رسولاً نبيّاً فقال نعم أما تسمع قول الله تعالى { لَقَدْ جَاءَكُمْ يُوسُفُ مِنْ قَبْلُ بِالْبَيِّنَاتِ } وقد مرّ تمامه في سورة يوسُف (ع) { حَتّى إِذَا هَلَك } مات { قُلْتُمْ لَنْ يَبْعَثَ اللهُ مِنْ بَعْدِهِ رَسُولاً كَذَلِكَ يُضِلُّ اللهُ } في العصيان { مَنْ هُوَ مُسْرِفٌ مُرْتَابٌ } شاكّ فيما يشهد به البيّنات لغلبة الوهم والإِنهماك في التقليد.  { (35) الَّذِينَ يُجَادِلُونَ فِى آيَاتِ اللهِ بِغَيْرِ سُلْطَانٍ } بغير حجّة { أتَاهُمْ } بل امّا بتقليد أو شبهة داحضة { كَبُرَ مَقْتًا عِنْدَ اللهِ وَعِنْدَ الَّذِينَ آمَنُوا كَذَلِكَ يَطْبَعُ اللهُ عَلَى كُلِّ قَلْبِ مُتَكَبِّرٍ جَبّارٍ } وقرئ قلب بالتّنوين.  { (36) وَقَالَ فِرْعَوْنُ يَا هَامَانُ ابْنِ لِى صَرْحًا } بناء مكشوفاً عالياً من صرح الشيء اذا ظهر { لَعَلّى أَبْلُغُ الأَسْبَابَ } الطريق.  { (37) أَسْبَابَ السَّمَاوَاتِ فَأطَّلِعَ إِلَى إلهِ مُوسَى } وقرئ بالنّصب على جواب الترجي { وَإِنّى لأَظُنُّهُ كَاذِبًا } في دعوى الرّسالة { وَكَذَلِكَ زُيِّنَ لِفِرْعَوْنَ سُوءُ عَمَلِهِ وَصُدَّ عَنِ السَّبِيلِ } سبيل الرّشاد وقرئ وَصَدَّ على انّ فرعون صدّ النّاس عن الهدى بأمثال هذه التّمويهات والشبهات { وَمَا كَيْدُ فِرْعَوْنَ إِلاّ فِى تَبَابٍ } اي خسار.
40,35,{ (29) يَا قَوْمِ لَكُمُ المُلْكُ اليَوْمَ ظَاهِرِينَ } غالبين عالين { فِى الأَرْضِ } أرض مصر { فَمَنْ يَنْصُرُنَا مِنْ بَأْسِ اللهِ إِنْ جَاءَنَا } اي فلا تفسدوا امركم ولا تتعرّضوا لبأس الله بقتله فانّه ان جاءنا لم يمنعنا منه أحد وانّما أدرج نفسه فيه ليريهم انّه معهم ومساهمهم فيما ينصح لهم { قَالَ فِرْعَوْنُ مَا أُرِيكُمْ } ما اشير عليكم { إِلاّ مَا أَرَى } واستصوبه من قتله { وَمَا أَهْدِيكُمْ إِلاّ سَبِيلَ الرَّشَادِ } طريق الصواب.  { (30) وَقَالَ الَّذِى آمَنَ يَا قَوْمِ إِنّى أَخَافُ عَلَيْكُمْ } في تكذيبه والتعرّض له { مِثْلَ يَوْمِ الأَحْزَابِ } مثل ايّام الامم الماضية المتحزّبة على الرسل يعني وقايعهم وجمع الأحزاب مع التفسير اغنى عن جميع اليوم.  { (31) مِثْلَ دَأْبِ قَوْمِ نُوحٍ وَعَادٍ وَثَمُودَ } مثل سنّة الله فيهم حين استأصلهم وأهلكهم جزاء بما كانوا عليه من الكفر وايذاء الرسل { وَالَّذِينَ مِنْ بَعْدِهِمْ } كقوم لوط { وَمَا الله يُرِيدُ ظُلْمًا لِلْعِبَادِ } فلا يعاقبهم بغير ذنب ولا يخلي الظالم منهم بغير انتقام.  { (32) وَيَا قَوْمِ إِنّى أَخَافُ عَلَيْكُمْ يَوْمَ التَّنَادِ } يوم ينادي فيه بعضهم بعضاً.  في المعاني عن الصادق عليه السلام يوم التّناد يوم ينادي فيه بعضهم بعضاً في المعاني عن الصادق عليه السلام يوم التناد يوم تنادي اهل النار اهل الجنة أفيضوا علينا من الماء او ممّا رزقكم الله.  { (33) يَوْمَ تُوَلُّونَ مُدْبِرِينَ مَا لَكُمْ مِنَ اللهِ مِنْ عَاصِمٍ } يعصمكم من عذابه { و وَمَنْ يُضْلِلِ اللهُ فَمَا لَهُ مِنْ هَادٍ }.  { (34) وَلَقَدْ جَاءَكُمْ يُوسُف مِنْ قَبْلُ } موسى { بِالبَيِّنَاتِ } بالمعجزات { فَمَا زِلْتُمْ فِى شَكٍّ مِمّا جَاءَكُمْ } به من الدين.  في المجمع عن الباقر عليه السلام في حديث انّه سئل كان يوسف رسولاً نبيّاً فقال نعم أما تسمع قول الله تعالى { لَقَدْ جَاءَكُمْ يُوسُفُ مِنْ قَبْلُ بِالْبَيِّنَاتِ } وقد مرّ تمامه في سورة يوسُف (ع) { حَتّى إِذَا هَلَك } مات { قُلْتُمْ لَنْ يَبْعَثَ اللهُ مِنْ بَعْدِهِ رَسُولاً كَذَلِكَ يُضِلُّ اللهُ } في العصيان { مَنْ هُوَ مُسْرِفٌ مُرْتَابٌ } شاكّ فيما يشهد به البيّنات لغلبة الوهم والإِنهماك في التقليد.  { (35) الَّذِينَ يُجَادِلُونَ فِى آيَاتِ اللهِ بِغَيْرِ سُلْطَانٍ } بغير حجّة { أتَاهُمْ } بل امّا بتقليد أو شبهة داحضة { كَبُرَ مَقْتًا عِنْدَ اللهِ وَعِنْدَ الَّذِينَ آمَنُوا كَذَلِكَ يَطْبَعُ اللهُ عَلَى كُلِّ قَلْبِ مُتَكَبِّرٍ جَبّارٍ } وقرئ قلب بالتّنوين.  { (36) وَقَالَ فِرْعَوْنُ يَا هَامَانُ ابْنِ لِى صَرْحًا } بناء مكشوفاً عالياً من صرح الشيء اذا ظهر { لَعَلّى أَبْلُغُ الأَسْبَابَ } الطريق.  { (37) أَسْبَابَ السَّمَاوَاتِ فَأطَّلِعَ إِلَى إلهِ مُوسَى } وقرئ بالنّصب على جواب الترجي { وَإِنّى لأَظُنُّهُ كَاذِبًا } في دعوى الرّسالة { وَكَذَلِكَ زُيِّنَ لِفِرْعَوْنَ سُوءُ عَمَلِهِ وَصُدَّ عَنِ السَّبِيلِ } سبيل الرّشاد وقرئ وَصَدَّ على انّ فرعون صدّ النّاس عن الهدى بأمثال هذه التّمويهات والشبهات { وَمَا كَيْدُ فِرْعَوْنَ إِلاّ فِى تَبَابٍ } اي خسار.
40,36,{ (29) يَا قَوْمِ لَكُمُ المُلْكُ اليَوْمَ ظَاهِرِينَ } غالبين عالين { فِى الأَرْضِ } أرض مصر { فَمَنْ يَنْصُرُنَا مِنْ بَأْسِ اللهِ إِنْ جَاءَنَا } اي فلا تفسدوا امركم ولا تتعرّضوا لبأس الله بقتله فانّه ان جاءنا لم يمنعنا منه أحد وانّما أدرج نفسه فيه ليريهم انّه معهم ومساهمهم فيما ينصح لهم { قَالَ فِرْعَوْنُ مَا أُرِيكُمْ } ما اشير عليكم { إِلاّ مَا أَرَى } واستصوبه من قتله { وَمَا أَهْدِيكُمْ إِلاّ سَبِيلَ الرَّشَادِ } طريق الصواب.  { (30) وَقَالَ الَّذِى آمَنَ يَا قَوْمِ إِنّى أَخَافُ عَلَيْكُمْ } في تكذيبه والتعرّض له { مِثْلَ يَوْمِ الأَحْزَابِ } مثل ايّام الامم الماضية المتحزّبة على الرسل يعني وقايعهم وجمع الأحزاب مع التفسير اغنى عن جميع اليوم.  { (31) مِثْلَ دَأْبِ قَوْمِ نُوحٍ وَعَادٍ وَثَمُودَ } مثل سنّة الله فيهم حين استأصلهم وأهلكهم جزاء بما كانوا عليه من الكفر وايذاء الرسل { وَالَّذِينَ مِنْ بَعْدِهِمْ } كقوم لوط { وَمَا الله يُرِيدُ ظُلْمًا لِلْعِبَادِ } فلا يعاقبهم بغير ذنب ولا يخلي الظالم منهم بغير انتقام.  { (32) وَيَا قَوْمِ إِنّى أَخَافُ عَلَيْكُمْ يَوْمَ التَّنَادِ } يوم ينادي فيه بعضهم بعضاً.  في المعاني عن الصادق عليه السلام يوم التّناد يوم ينادي فيه بعضهم بعضاً في المعاني عن الصادق عليه السلام يوم التناد يوم تنادي اهل النار اهل الجنة أفيضوا علينا من الماء او ممّا رزقكم الله.  { (33) يَوْمَ تُوَلُّونَ مُدْبِرِينَ مَا لَكُمْ مِنَ اللهِ مِنْ عَاصِمٍ } يعصمكم من عذابه { و وَمَنْ يُضْلِلِ اللهُ فَمَا لَهُ مِنْ هَادٍ }.  { (34) وَلَقَدْ جَاءَكُمْ يُوسُف مِنْ قَبْلُ } موسى { بِالبَيِّنَاتِ } بالمعجزات { فَمَا زِلْتُمْ فِى شَكٍّ مِمّا جَاءَكُمْ } به من الدين.  في المجمع عن الباقر عليه السلام في حديث انّه سئل كان يوسف رسولاً نبيّاً فقال نعم أما تسمع قول الله تعالى { لَقَدْ جَاءَكُمْ يُوسُفُ مِنْ قَبْلُ بِالْبَيِّنَاتِ } وقد مرّ تمامه في سورة يوسُف (ع) { حَتّى إِذَا هَلَك } مات { قُلْتُمْ لَنْ يَبْعَثَ اللهُ مِنْ بَعْدِهِ رَسُولاً كَذَلِكَ يُضِلُّ اللهُ } في العصيان { مَنْ هُوَ مُسْرِفٌ مُرْتَابٌ } شاكّ فيما يشهد به البيّنات لغلبة الوهم والإِنهماك في التقليد.  { (35) الَّذِينَ يُجَادِلُونَ فِى آيَاتِ اللهِ بِغَيْرِ سُلْطَانٍ } بغير حجّة { أتَاهُمْ } بل امّا بتقليد أو شبهة داحضة { كَبُرَ مَقْتًا عِنْدَ اللهِ وَعِنْدَ الَّذِينَ آمَنُوا كَذَلِكَ يَطْبَعُ اللهُ عَلَى كُلِّ قَلْبِ مُتَكَبِّرٍ جَبّارٍ } وقرئ قلب بالتّنوين.  { (36) وَقَالَ فِرْعَوْنُ يَا هَامَانُ ابْنِ لِى صَرْحًا } بناء مكشوفاً عالياً من صرح الشيء اذا ظهر { لَعَلّى أَبْلُغُ الأَسْبَابَ } الطريق.  { (37) أَسْبَابَ السَّمَاوَاتِ فَأطَّلِعَ إِلَى إلهِ مُوسَى } وقرئ بالنّصب على جواب الترجي { وَإِنّى لأَظُنُّهُ كَاذِبًا } في دعوى الرّسالة { وَكَذَلِكَ زُيِّنَ لِفِرْعَوْنَ سُوءُ عَمَلِهِ وَصُدَّ عَنِ السَّبِيلِ } سبيل الرّشاد وقرئ وَصَدَّ على انّ فرعون صدّ النّاس عن الهدى بأمثال هذه التّمويهات والشبهات { وَمَا كَيْدُ فِرْعَوْنَ إِلاّ فِى تَبَابٍ } اي خسار.
40,37,{ (29) يَا قَوْمِ لَكُمُ المُلْكُ اليَوْمَ ظَاهِرِينَ } غالبين عالين { فِى الأَرْضِ } أرض مصر { فَمَنْ يَنْصُرُنَا مِنْ بَأْسِ اللهِ إِنْ جَاءَنَا } اي فلا تفسدوا امركم ولا تتعرّضوا لبأس الله بقتله فانّه ان جاءنا لم يمنعنا منه أحد وانّما أدرج نفسه فيه ليريهم انّه معهم ومساهمهم فيما ينصح لهم { قَالَ فِرْعَوْنُ مَا أُرِيكُمْ } ما اشير عليكم { إِلاّ مَا أَرَى } واستصوبه من قتله { وَمَا أَهْدِيكُمْ إِلاّ سَبِيلَ الرَّشَادِ } طريق الصواب.  { (30) وَقَالَ الَّذِى آمَنَ يَا قَوْمِ إِنّى أَخَافُ عَلَيْكُمْ } في تكذيبه والتعرّض له { مِثْلَ يَوْمِ الأَحْزَابِ } مثل ايّام الامم الماضية المتحزّبة على الرسل يعني وقايعهم وجمع الأحزاب مع التفسير اغنى عن جميع اليوم.  { (31) مِثْلَ دَأْبِ قَوْمِ نُوحٍ وَعَادٍ وَثَمُودَ } مثل سنّة الله فيهم حين استأصلهم وأهلكهم جزاء بما كانوا عليه من الكفر وايذاء الرسل { وَالَّذِينَ مِنْ بَعْدِهِمْ } كقوم لوط { وَمَا الله يُرِيدُ ظُلْمًا لِلْعِبَادِ } فلا يعاقبهم بغير ذنب ولا يخلي الظالم منهم بغير انتقام.  { (32) وَيَا قَوْمِ إِنّى أَخَافُ عَلَيْكُمْ يَوْمَ التَّنَادِ } يوم ينادي فيه بعضهم بعضاً.  في المعاني عن الصادق عليه السلام يوم التّناد يوم ينادي فيه بعضهم بعضاً في المعاني عن الصادق عليه السلام يوم التناد يوم تنادي اهل النار اهل الجنة أفيضوا علينا من الماء او ممّا رزقكم الله.  { (33) يَوْمَ تُوَلُّونَ مُدْبِرِينَ مَا لَكُمْ مِنَ اللهِ مِنْ عَاصِمٍ } يعصمكم من عذابه { و وَمَنْ يُضْلِلِ اللهُ فَمَا لَهُ مِنْ هَادٍ }.  { (34) وَلَقَدْ جَاءَكُمْ يُوسُف مِنْ قَبْلُ } موسى { بِالبَيِّنَاتِ } بالمعجزات { فَمَا زِلْتُمْ فِى شَكٍّ مِمّا جَاءَكُمْ } به من الدين.  في المجمع عن الباقر عليه السلام في حديث انّه سئل كان يوسف رسولاً نبيّاً فقال نعم أما تسمع قول الله تعالى { لَقَدْ جَاءَكُمْ يُوسُفُ مِنْ قَبْلُ بِالْبَيِّنَاتِ } وقد مرّ تمامه في سورة يوسُف (ع) { حَتّى إِذَا هَلَك } مات { قُلْتُمْ لَنْ يَبْعَثَ اللهُ مِنْ بَعْدِهِ رَسُولاً كَذَلِكَ يُضِلُّ اللهُ } في العصيان { مَنْ هُوَ مُسْرِفٌ مُرْتَابٌ } شاكّ فيما يشهد به البيّنات لغلبة الوهم والإِنهماك في التقليد.  { (35) الَّذِينَ يُجَادِلُونَ فِى آيَاتِ اللهِ بِغَيْرِ سُلْطَانٍ } بغير حجّة { أتَاهُمْ } بل امّا بتقليد أو شبهة داحضة { كَبُرَ مَقْتًا عِنْدَ اللهِ وَعِنْدَ الَّذِينَ آمَنُوا كَذَلِكَ يَطْبَعُ اللهُ عَلَى كُلِّ قَلْبِ مُتَكَبِّرٍ جَبّارٍ } وقرئ قلب بالتّنوين.  { (36) وَقَالَ فِرْعَوْنُ يَا هَامَانُ ابْنِ لِى صَرْحًا } بناء مكشوفاً عالياً من صرح الشيء اذا ظهر { لَعَلّى أَبْلُغُ الأَسْبَابَ } الطريق.  { (37) أَسْبَابَ السَّمَاوَاتِ فَأطَّلِعَ إِلَى إلهِ مُوسَى } وقرئ بالنّصب على جواب الترجي { وَإِنّى لأَظُنُّهُ كَاذِبًا } في دعوى الرّسالة { وَكَذَلِكَ زُيِّنَ لِفِرْعَوْنَ سُوءُ عَمَلِهِ وَصُدَّ عَنِ السَّبِيلِ } سبيل الرّشاد وقرئ وَصَدَّ على انّ فرعون صدّ النّاس عن الهدى بأمثال هذه التّمويهات والشبهات { وَمَا كَيْدُ فِرْعَوْنَ إِلاّ فِى تَبَابٍ } اي خسار.
40,38,{ (38) وَقَالَ الَّذِى آمَنَ يَا قَوْمِ اتَّبِعُونِ أَهْدِكُمْ } بالدلالة { سَبِيلَ الرَّشَادِ }.  { (39) يَا قَوْمِ إِنَّمَا هذِهِ الْحَيَاةُ الدُّنْيَا مَتَاعٌ } تمتع يسير لسرعة زوالها { وَإِنَّ الآخِرَةَ هِىَ دَارُ الْقَرَارِ } لخلودها.  { (40) مَنْ عَمِلَ سَيِّئَةً فَلاَ يُجْزَى إِلاّ مِثْلَهَا } عدلاً من الله سبحانه { وَمَنْ عَمِلَ صَالِحًا مِنْ ذَكَرٍ أَوْ أُنْثَى وَهُوَ مُؤْمِنٌ فَأُولَئِكَ يَدْخُلُونَ الْجَنَّةَ يُرْزَقُونَ فِيهَا بِغَيْرِ حِسَابٍ } بغير تقدير  وموازنة بالعمل بل اضعافاً مضاعفة فضلاً من الله ورحمة.  { (41) وَيَا قَوْمِ مَا لِى أَدْعُوكُمْ إِلَى النَّجَاةِ وَتَدْعُونَنِى إِلَى النّار }.  { (42) تَدْعُونَنِى لأَكْفُرَ بِاللهِ وَأُشْرِكَ بِهِ مَا لَيْسَ لِى بِهِ } بربوبيّته { عِلْمٌ } والمراد نفي المعلوم والاشعار بأنّ الالوهيّة لا بدّ لها من برهان واعتقادها لا يصحّ الاّ عن ايقان { وَأَنَا أَدْعُوكُمْ إِلَى الْعَزِيزِ الغَفَّارِ } المستجمع لصفات الالوهيّة من كمال القدرة والغلبة والتمكن من المجازاة والقدرة على التعذيب والغفران.  { (43) لاَ جَرَمَ } لا ردّ لما دعوه اليه وجرم بمعنى حقّ { أَنَّ مَا تَدْعُونَنِى إِلَيْهِ لَيْسَ لَهُ دَعْوَةٌ فِى الدُّنْيَا وَلاَ فِى الآخِرَةِ } قيل اي حقّ عدم دعوة آلهتكم الى عبادتها او عدم دعوة مستجابة لها { وَأَنَّ مَرَدَّنَا إِلَى اللهِ } بالموت { وَأَنَّ الْمُسْرِفِينَ } في الضلالة والطغيان { هُمْ أَصْحَابُ النّار }  { (44) فَسَتَذْكُرُونَ } عند معاينة العذاب { مَا أَقُولُ لَكُمْ } من النصيحة { وَأُفَوِّضُ أَمْرِى إِلَى اللهِ } ليعصمني من كلّ سوء { إنَّ اللهَ بَصِيرٌ بِالعِبَادِ } فيحرسهم.  { (45) فَوَقَاهُ اللهُ سَيِّئَاتِ مَا مَكَرُوا } شدائد مكرهم القمّي يعني مؤمن آل فرعون { وَحَاقَ بِآلِ فِرْعَوْنَ سُوءُ الْعَذَابِ }.  في الكافي والمحاسن عن الصادق عليه السلام في هذه الآية اما لقد سطوا عليه وقتلوه ولكن أتدرون ما وقاه وقاه أن يفتنوه في دينه.  والقمّي عنه عليه السلام والله لقد قطعوه ارباً ارباً ولكن وقاه الله ان يفتنوه في دينه.  وفي الاحتجاج عنه عليه السلام في حديث له قال كان حزقيل يدعوهم الى توحيد الله ونبوّة موسى (ع) وتفضيل محمد على جميع رسل الله وخلقه وتفضيل علي ابن ابي طالب والخيار من الأئمّة عليهم السلام على ساير أوصياء النبيّين والى البراءة من ربوبيّة فرعون فوشى به الواشون الى فرعون وقالوا انّ حزقيل يدعو الى مخالفتك ويعين اعداءك على مضادّتك فقال لهم فرعون ابن عمّي وخليفتي على ملكي ووليّ عهدي ان فعل ما قلتم فقد استحقّ العذاب على كفره بنعمتي وان كنتم عليه كاذبين فقد استحققتم أشدّ العذاب لايثاركم الدخول في مساءَة فجاء بحزقيل وجاء بهم فكاشفوه وقالوا ءانت تجحد ربوبيّة فرعون الملك وتكفر بنعماه فقال حزقيل ايّها الملك هل جرّبت عليّ كذباً قطّ قال لا قال فسلهم من ربّهم قالوا فرعون هذا قال ومن خالقكم قالوا فرعون هذا قال ومن رازقكم الكافل لمعايشكم والدافع عنكم مكارهكم قالوا فرعون هذا قال حزقيل ايّها الملك فاشهدك وكلّ من حضرك انّ ربّهم هو ربّي وخالقهم هو خالقي ورازقهم هو رازقي ومصلح معايشهم هو مصلح معايشي لا ربّ لي ولا رازق غير ربّهم وخالقهم ورازقهم واشهدك ومن حضرك انّ كلّ ربّ ورازق وخالق سوى ربّهم وخالقهم و رازقهم فأنا بريء منه ومن ربوبيّته وكافر بآلهيّته يقول حزقيل هذا وهو يعني انّ ربّهم هو الله ربّي ولم يقل انّ الّذي قالوا انّه ربّهم هو ربّي وخفي هذا المعنى على فرعون ومن حضره وتوهّم وتوهّموا انّه يقول فرعون ربّي وخالقي ورازقي فقال لهم فرعون يا رجال السوء يا طلاّب الفساد في ملكي ومريدي الفتنة بيني وبين ابن عمّي وهو عضُدي انتم المستحقون لعذابي لارادتكم فساد امري واهلاك ابن عمّي والفت في عضدي ثمّ امر بالاوتاد فجعل في ساق كلّ واحد منهم وتد وفي صدره وتد ومرّ اصحاب امشاط الحديد فشقّوا بها لحومهم من ابدانهم فذلك ما قال الله تعالى { فَوَقَاهُ اللهُ سَيِّئَاتِ مَا مَكَرُوا } به لمّا وشوا به الى فرعون ليهلكوه وحاق بآل فرعون سوء العذاب وهم الذين وشوا بحزقيل اليه لمّا اوتد فيهم الاوتاد ومشط عن ابدانهم لحومها بالامشاط. { (46) النَّارُ يُعْرَضُونَ عَلَيْهَا غُدُوًّا وَعَشِيًّا }.  في المجمع عن الصادق عليه السلام ذلك في الدنيا قبل يوم القيامة لأنّ في نار القيامة لا يكون غدوّ وعشيّ ثم قال ان كانوا انّما يعذّبون في النار غدوًّا وعشيًّا فيما بين ذلك هم من السعداء لا ولكن هذا في نار البرزخ قبل يوم القيامة ألم تسمع قوله عزّ وجلّ ويوم تقوم الساعة الآية.  والقمّي قال عنى ذلك في الدنيا قبل يوم القيامة وذلك انّ في القيامة لا يكون غدوّ ولا عشاء لأنّ الغدوّ والعشاء انّما يكون في الشمس والقمر وليس في جنان الخلد ونيرانها شمس ولا قمر.  قال وسئل الصادق عليه السلام عن هذه الآية فقال ما يقول الناس فيها فقيل يقولون انّها في نار الخلد وهم لا يعذّبون فيما بين ذلك فقال فهم من السّعداء ثم قال انّما هذا في الدنيا وامّا في نار الخلد فهو قوله ويوم تقوم الساعة الآية.  وفي الكافي عنه عليه السلام انّ ارواح الكفار في نار جهنّم يعرضون عليها يقولون ربّنا لا تقم لنا الساعة ولا تنجز لنا ما وعدتنا ولا تلحق آخرنا بأوّلنا.  وعن الباقر عليه السلام انّ لله تعالى ناراً في المشرق خلقها ليسكنها ارواح الكفّار ويأكلون من زقّومها ويشربون من حميمها ليلهم فاذا طلع الفجر هاجت الى واد باليمن يقال له برهوت اشدّ حرًّا من نار الدنيا كانوا فيه يتلاقون ويتعارفون فاذا كان المساء عادوا الى النار فهم كذلك الى يوم القيامة.  وفي المجمع عن النبيّ صلّى الله عليه وآله قال انّ احدكم اذا مات عرض عليه مقعده بالغداة والعشيّ ان كان من أهل الجنّة فمن الجنة وان كان من اهل النار فمن النار يقال هذا مقعدك حتّى يبعثك الله يوم القيامة { وَيَوْمَ تَقُومُ السّاعَةُ أَدْخِلُوا آلَ فِرْعَوْنَ أَشَدَّ الْعَذَابِ } وقرئ ادخلوا بضمّتين.
40,39,{ (38) وَقَالَ الَّذِى آمَنَ يَا قَوْمِ اتَّبِعُونِ أَهْدِكُمْ } بالدلالة { سَبِيلَ الرَّشَادِ }.  { (39) يَا قَوْمِ إِنَّمَا هذِهِ الْحَيَاةُ الدُّنْيَا مَتَاعٌ } تمتع يسير لسرعة زوالها { وَإِنَّ الآخِرَةَ هِىَ دَارُ الْقَرَارِ } لخلودها.  { (40) مَنْ عَمِلَ سَيِّئَةً فَلاَ يُجْزَى إِلاّ مِثْلَهَا } عدلاً من الله سبحانه { وَمَنْ عَمِلَ صَالِحًا مِنْ ذَكَرٍ أَوْ أُنْثَى وَهُوَ مُؤْمِنٌ فَأُولَئِكَ يَدْخُلُونَ الْجَنَّةَ يُرْزَقُونَ فِيهَا بِغَيْرِ حِسَابٍ } بغير تقدير  وموازنة بالعمل بل اضعافاً مضاعفة فضلاً من الله ورحمة.  { (41) وَيَا قَوْمِ مَا لِى أَدْعُوكُمْ إِلَى النَّجَاةِ وَتَدْعُونَنِى إِلَى النّار }.  { (42) تَدْعُونَنِى لأَكْفُرَ بِاللهِ وَأُشْرِكَ بِهِ مَا لَيْسَ لِى بِهِ } بربوبيّته { عِلْمٌ } والمراد نفي المعلوم والاشعار بأنّ الالوهيّة لا بدّ لها من برهان واعتقادها لا يصحّ الاّ عن ايقان { وَأَنَا أَدْعُوكُمْ إِلَى الْعَزِيزِ الغَفَّارِ } المستجمع لصفات الالوهيّة من كمال القدرة والغلبة والتمكن من المجازاة والقدرة على التعذيب والغفران.  { (43) لاَ جَرَمَ } لا ردّ لما دعوه اليه وجرم بمعنى حقّ { أَنَّ مَا تَدْعُونَنِى إِلَيْهِ لَيْسَ لَهُ دَعْوَةٌ فِى الدُّنْيَا وَلاَ فِى الآخِرَةِ } قيل اي حقّ عدم دعوة آلهتكم الى عبادتها او عدم دعوة مستجابة لها { وَأَنَّ مَرَدَّنَا إِلَى اللهِ } بالموت { وَأَنَّ الْمُسْرِفِينَ } في الضلالة والطغيان { هُمْ أَصْحَابُ النّار }  { (44) فَسَتَذْكُرُونَ } عند معاينة العذاب { مَا أَقُولُ لَكُمْ } من النصيحة { وَأُفَوِّضُ أَمْرِى إِلَى اللهِ } ليعصمني من كلّ سوء { إنَّ اللهَ بَصِيرٌ بِالعِبَادِ } فيحرسهم.  { (45) فَوَقَاهُ اللهُ سَيِّئَاتِ مَا مَكَرُوا } شدائد مكرهم القمّي يعني مؤمن آل فرعون { وَحَاقَ بِآلِ فِرْعَوْنَ سُوءُ الْعَذَابِ }.  في الكافي والمحاسن عن الصادق عليه السلام في هذه الآية اما لقد سطوا عليه وقتلوه ولكن أتدرون ما وقاه وقاه أن يفتنوه في دينه.  والقمّي عنه عليه السلام والله لقد قطعوه ارباً ارباً ولكن وقاه الله ان يفتنوه في دينه.  وفي الاحتجاج عنه عليه السلام في حديث له قال كان حزقيل يدعوهم الى توحيد الله ونبوّة موسى (ع) وتفضيل محمد على جميع رسل الله وخلقه وتفضيل علي ابن ابي طالب والخيار من الأئمّة عليهم السلام على ساير أوصياء النبيّين والى البراءة من ربوبيّة فرعون فوشى به الواشون الى فرعون وقالوا انّ حزقيل يدعو الى مخالفتك ويعين اعداءك على مضادّتك فقال لهم فرعون ابن عمّي وخليفتي على ملكي ووليّ عهدي ان فعل ما قلتم فقد استحقّ العذاب على كفره بنعمتي وان كنتم عليه كاذبين فقد استحققتم أشدّ العذاب لايثاركم الدخول في مساءَة فجاء بحزقيل وجاء بهم فكاشفوه وقالوا ءانت تجحد ربوبيّة فرعون الملك وتكفر بنعماه فقال حزقيل ايّها الملك هل جرّبت عليّ كذباً قطّ قال لا قال فسلهم من ربّهم قالوا فرعون هذا قال ومن خالقكم قالوا فرعون هذا قال ومن رازقكم الكافل لمعايشكم والدافع عنكم مكارهكم قالوا فرعون هذا قال حزقيل ايّها الملك فاشهدك وكلّ من حضرك انّ ربّهم هو ربّي وخالقهم هو خالقي ورازقهم هو رازقي ومصلح معايشهم هو مصلح معايشي لا ربّ لي ولا رازق غير ربّهم وخالقهم ورازقهم واشهدك ومن حضرك انّ كلّ ربّ ورازق وخالق سوى ربّهم وخالقهم و رازقهم فأنا بريء منه ومن ربوبيّته وكافر بآلهيّته يقول حزقيل هذا وهو يعني انّ ربّهم هو الله ربّي ولم يقل انّ الّذي قالوا انّه ربّهم هو ربّي وخفي هذا المعنى على فرعون ومن حضره وتوهّم وتوهّموا انّه يقول فرعون ربّي وخالقي ورازقي فقال لهم فرعون يا رجال السوء يا طلاّب الفساد في ملكي ومريدي الفتنة بيني وبين ابن عمّي وهو عضُدي انتم المستحقون لعذابي لارادتكم فساد امري واهلاك ابن عمّي والفت في عضدي ثمّ امر بالاوتاد فجعل في ساق كلّ واحد منهم وتد وفي صدره وتد ومرّ اصحاب امشاط الحديد فشقّوا بها لحومهم من ابدانهم فذلك ما قال الله تعالى { فَوَقَاهُ اللهُ سَيِّئَاتِ مَا مَكَرُوا } به لمّا وشوا به الى فرعون ليهلكوه وحاق بآل فرعون سوء العذاب وهم الذين وشوا بحزقيل اليه لمّا اوتد فيهم الاوتاد ومشط عن ابدانهم لحومها بالامشاط. { (46) النَّارُ يُعْرَضُونَ عَلَيْهَا غُدُوًّا وَعَشِيًّا }.  في المجمع عن الصادق عليه السلام ذلك في الدنيا قبل يوم القيامة لأنّ في نار القيامة لا يكون غدوّ وعشيّ ثم قال ان كانوا انّما يعذّبون في النار غدوًّا وعشيًّا فيما بين ذلك هم من السعداء لا ولكن هذا في نار البرزخ قبل يوم القيامة ألم تسمع قوله عزّ وجلّ ويوم تقوم الساعة الآية.  والقمّي قال عنى ذلك في الدنيا قبل يوم القيامة وذلك انّ في القيامة لا يكون غدوّ ولا عشاء لأنّ الغدوّ والعشاء انّما يكون في الشمس والقمر وليس في جنان الخلد ونيرانها شمس ولا قمر.  قال وسئل الصادق عليه السلام عن هذه الآية فقال ما يقول الناس فيها فقيل يقولون انّها في نار الخلد وهم لا يعذّبون فيما بين ذلك فقال فهم من السّعداء ثم قال انّما هذا في الدنيا وامّا في نار الخلد فهو قوله ويوم تقوم الساعة الآية.  وفي الكافي عنه عليه السلام انّ ارواح الكفار في نار جهنّم يعرضون عليها يقولون ربّنا لا تقم لنا الساعة ولا تنجز لنا ما وعدتنا ولا تلحق آخرنا بأوّلنا.  وعن الباقر عليه السلام انّ لله تعالى ناراً في المشرق خلقها ليسكنها ارواح الكفّار ويأكلون من زقّومها ويشربون من حميمها ليلهم فاذا طلع الفجر هاجت الى واد باليمن يقال له برهوت اشدّ حرًّا من نار الدنيا كانوا فيه يتلاقون ويتعارفون فاذا كان المساء عادوا الى النار فهم كذلك الى يوم القيامة.  وفي المجمع عن النبيّ صلّى الله عليه وآله قال انّ احدكم اذا مات عرض عليه مقعده بالغداة والعشيّ ان كان من أهل الجنّة فمن الجنة وان كان من اهل النار فمن النار يقال هذا مقعدك حتّى يبعثك الله يوم القيامة { وَيَوْمَ تَقُومُ السّاعَةُ أَدْخِلُوا آلَ فِرْعَوْنَ أَشَدَّ الْعَذَابِ } وقرئ ادخلوا بضمّتين.
40,40,{ (38) وَقَالَ الَّذِى آمَنَ يَا قَوْمِ اتَّبِعُونِ أَهْدِكُمْ } بالدلالة { سَبِيلَ الرَّشَادِ }.  { (39) يَا قَوْمِ إِنَّمَا هذِهِ الْحَيَاةُ الدُّنْيَا مَتَاعٌ } تمتع يسير لسرعة زوالها { وَإِنَّ الآخِرَةَ هِىَ دَارُ الْقَرَارِ } لخلودها.  { (40) مَنْ عَمِلَ سَيِّئَةً فَلاَ يُجْزَى إِلاّ مِثْلَهَا } عدلاً من الله سبحانه { وَمَنْ عَمِلَ صَالِحًا مِنْ ذَكَرٍ أَوْ أُنْثَى وَهُوَ مُؤْمِنٌ فَأُولَئِكَ يَدْخُلُونَ الْجَنَّةَ يُرْزَقُونَ فِيهَا بِغَيْرِ حِسَابٍ } بغير تقدير  وموازنة بالعمل بل اضعافاً مضاعفة فضلاً من الله ورحمة.  { (41) وَيَا قَوْمِ مَا لِى أَدْعُوكُمْ إِلَى النَّجَاةِ وَتَدْعُونَنِى إِلَى النّار }.  { (42) تَدْعُونَنِى لأَكْفُرَ بِاللهِ وَأُشْرِكَ بِهِ مَا لَيْسَ لِى بِهِ } بربوبيّته { عِلْمٌ } والمراد نفي المعلوم والاشعار بأنّ الالوهيّة لا بدّ لها من برهان واعتقادها لا يصحّ الاّ عن ايقان { وَأَنَا أَدْعُوكُمْ إِلَى الْعَزِيزِ الغَفَّارِ } المستجمع لصفات الالوهيّة من كمال القدرة والغلبة والتمكن من المجازاة والقدرة على التعذيب والغفران.  { (43) لاَ جَرَمَ } لا ردّ لما دعوه اليه وجرم بمعنى حقّ { أَنَّ مَا تَدْعُونَنِى إِلَيْهِ لَيْسَ لَهُ دَعْوَةٌ فِى الدُّنْيَا وَلاَ فِى الآخِرَةِ } قيل اي حقّ عدم دعوة آلهتكم الى عبادتها او عدم دعوة مستجابة لها { وَأَنَّ مَرَدَّنَا إِلَى اللهِ } بالموت { وَأَنَّ الْمُسْرِفِينَ } في الضلالة والطغيان { هُمْ أَصْحَابُ النّار }  { (44) فَسَتَذْكُرُونَ } عند معاينة العذاب { مَا أَقُولُ لَكُمْ } من النصيحة { وَأُفَوِّضُ أَمْرِى إِلَى اللهِ } ليعصمني من كلّ سوء { إنَّ اللهَ بَصِيرٌ بِالعِبَادِ } فيحرسهم.  { (45) فَوَقَاهُ اللهُ سَيِّئَاتِ مَا مَكَرُوا } شدائد مكرهم القمّي يعني مؤمن آل فرعون { وَحَاقَ بِآلِ فِرْعَوْنَ سُوءُ الْعَذَابِ }.  في الكافي والمحاسن عن الصادق عليه السلام في هذه الآية اما لقد سطوا عليه وقتلوه ولكن أتدرون ما وقاه وقاه أن يفتنوه في دينه.  والقمّي عنه عليه السلام والله لقد قطعوه ارباً ارباً ولكن وقاه الله ان يفتنوه في دينه.  وفي الاحتجاج عنه عليه السلام في حديث له قال كان حزقيل يدعوهم الى توحيد الله ونبوّة موسى (ع) وتفضيل محمد على جميع رسل الله وخلقه وتفضيل علي ابن ابي طالب والخيار من الأئمّة عليهم السلام على ساير أوصياء النبيّين والى البراءة من ربوبيّة فرعون فوشى به الواشون الى فرعون وقالوا انّ حزقيل يدعو الى مخالفتك ويعين اعداءك على مضادّتك فقال لهم فرعون ابن عمّي وخليفتي على ملكي ووليّ عهدي ان فعل ما قلتم فقد استحقّ العذاب على كفره بنعمتي وان كنتم عليه كاذبين فقد استحققتم أشدّ العذاب لايثاركم الدخول في مساءَة فجاء بحزقيل وجاء بهم فكاشفوه وقالوا ءانت تجحد ربوبيّة فرعون الملك وتكفر بنعماه فقال حزقيل ايّها الملك هل جرّبت عليّ كذباً قطّ قال لا قال فسلهم من ربّهم قالوا فرعون هذا قال ومن خالقكم قالوا فرعون هذا قال ومن رازقكم الكافل لمعايشكم والدافع عنكم مكارهكم قالوا فرعون هذا قال حزقيل ايّها الملك فاشهدك وكلّ من حضرك انّ ربّهم هو ربّي وخالقهم هو خالقي ورازقهم هو رازقي ومصلح معايشهم هو مصلح معايشي لا ربّ لي ولا رازق غير ربّهم وخالقهم ورازقهم واشهدك ومن حضرك انّ كلّ ربّ ورازق وخالق سوى ربّهم وخالقهم و رازقهم فأنا بريء منه ومن ربوبيّته وكافر بآلهيّته يقول حزقيل هذا وهو يعني انّ ربّهم هو الله ربّي ولم يقل انّ الّذي قالوا انّه ربّهم هو ربّي وخفي هذا المعنى على فرعون ومن حضره وتوهّم وتوهّموا انّه يقول فرعون ربّي وخالقي ورازقي فقال لهم فرعون يا رجال السوء يا طلاّب الفساد في ملكي ومريدي الفتنة بيني وبين ابن عمّي وهو عضُدي انتم المستحقون لعذابي لارادتكم فساد امري واهلاك ابن عمّي والفت في عضدي ثمّ امر بالاوتاد فجعل في ساق كلّ واحد منهم وتد وفي صدره وتد ومرّ اصحاب امشاط الحديد فشقّوا بها لحومهم من ابدانهم فذلك ما قال الله تعالى { فَوَقَاهُ اللهُ سَيِّئَاتِ مَا مَكَرُوا } به لمّا وشوا به الى فرعون ليهلكوه وحاق بآل فرعون سوء العذاب وهم الذين وشوا بحزقيل اليه لمّا اوتد فيهم الاوتاد ومشط عن ابدانهم لحومها بالامشاط. { (46) النَّارُ يُعْرَضُونَ عَلَيْهَا غُدُوًّا وَعَشِيًّا }.  في المجمع عن الصادق عليه السلام ذلك في الدنيا قبل يوم القيامة لأنّ في نار القيامة لا يكون غدوّ وعشيّ ثم قال ان كانوا انّما يعذّبون في النار غدوًّا وعشيًّا فيما بين ذلك هم من السعداء لا ولكن هذا في نار البرزخ قبل يوم القيامة ألم تسمع قوله عزّ وجلّ ويوم تقوم الساعة الآية.  والقمّي قال عنى ذلك في الدنيا قبل يوم القيامة وذلك انّ في القيامة لا يكون غدوّ ولا عشاء لأنّ الغدوّ والعشاء انّما يكون في الشمس والقمر وليس في جنان الخلد ونيرانها شمس ولا قمر.  قال وسئل الصادق عليه السلام عن هذه الآية فقال ما يقول الناس فيها فقيل يقولون انّها في نار الخلد وهم لا يعذّبون فيما بين ذلك فقال فهم من السّعداء ثم قال انّما هذا في الدنيا وامّا في نار الخلد فهو قوله ويوم تقوم الساعة الآية.  وفي الكافي عنه عليه السلام انّ ارواح الكفار في نار جهنّم يعرضون عليها يقولون ربّنا لا تقم لنا الساعة ولا تنجز لنا ما وعدتنا ولا تلحق آخرنا بأوّلنا.  وعن الباقر عليه السلام انّ لله تعالى ناراً في المشرق خلقها ليسكنها ارواح الكفّار ويأكلون من زقّومها ويشربون من حميمها ليلهم فاذا طلع الفجر هاجت الى واد باليمن يقال له برهوت اشدّ حرًّا من نار الدنيا كانوا فيه يتلاقون ويتعارفون فاذا كان المساء عادوا الى النار فهم كذلك الى يوم القيامة.  وفي المجمع عن النبيّ صلّى الله عليه وآله قال انّ احدكم اذا مات عرض عليه مقعده بالغداة والعشيّ ان كان من أهل الجنّة فمن الجنة وان كان من اهل النار فمن النار يقال هذا مقعدك حتّى يبعثك الله يوم القيامة { وَيَوْمَ تَقُومُ السّاعَةُ أَدْخِلُوا آلَ فِرْعَوْنَ أَشَدَّ الْعَذَابِ } وقرئ ادخلوا بضمّتين.
40,41,{ (38) وَقَالَ الَّذِى آمَنَ يَا قَوْمِ اتَّبِعُونِ أَهْدِكُمْ } بالدلالة { سَبِيلَ الرَّشَادِ }.  { (39) يَا قَوْمِ إِنَّمَا هذِهِ الْحَيَاةُ الدُّنْيَا مَتَاعٌ } تمتع يسير لسرعة زوالها { وَإِنَّ الآخِرَةَ هِىَ دَارُ الْقَرَارِ } لخلودها.  { (40) مَنْ عَمِلَ سَيِّئَةً فَلاَ يُجْزَى إِلاّ مِثْلَهَا } عدلاً من الله سبحانه { وَمَنْ عَمِلَ صَالِحًا مِنْ ذَكَرٍ أَوْ أُنْثَى وَهُوَ مُؤْمِنٌ فَأُولَئِكَ يَدْخُلُونَ الْجَنَّةَ يُرْزَقُونَ فِيهَا بِغَيْرِ حِسَابٍ } بغير تقدير  وموازنة بالعمل بل اضعافاً مضاعفة فضلاً من الله ورحمة.  { (41) وَيَا قَوْمِ مَا لِى أَدْعُوكُمْ إِلَى النَّجَاةِ وَتَدْعُونَنِى إِلَى النّار }.  { (42) تَدْعُونَنِى لأَكْفُرَ بِاللهِ وَأُشْرِكَ بِهِ مَا لَيْسَ لِى بِهِ } بربوبيّته { عِلْمٌ } والمراد نفي المعلوم والاشعار بأنّ الالوهيّة لا بدّ لها من برهان واعتقادها لا يصحّ الاّ عن ايقان { وَأَنَا أَدْعُوكُمْ إِلَى الْعَزِيزِ الغَفَّارِ } المستجمع لصفات الالوهيّة من كمال القدرة والغلبة والتمكن من المجازاة والقدرة على التعذيب والغفران.  { (43) لاَ جَرَمَ } لا ردّ لما دعوه اليه وجرم بمعنى حقّ { أَنَّ مَا تَدْعُونَنِى إِلَيْهِ لَيْسَ لَهُ دَعْوَةٌ فِى الدُّنْيَا وَلاَ فِى الآخِرَةِ } قيل اي حقّ عدم دعوة آلهتكم الى عبادتها او عدم دعوة مستجابة لها { وَأَنَّ مَرَدَّنَا إِلَى اللهِ } بالموت { وَأَنَّ الْمُسْرِفِينَ } في الضلالة والطغيان { هُمْ أَصْحَابُ النّار }  { (44) فَسَتَذْكُرُونَ } عند معاينة العذاب { مَا أَقُولُ لَكُمْ } من النصيحة { وَأُفَوِّضُ أَمْرِى إِلَى اللهِ } ليعصمني من كلّ سوء { إنَّ اللهَ بَصِيرٌ بِالعِبَادِ } فيحرسهم.  { (45) فَوَقَاهُ اللهُ سَيِّئَاتِ مَا مَكَرُوا } شدائد مكرهم القمّي يعني مؤمن آل فرعون { وَحَاقَ بِآلِ فِرْعَوْنَ سُوءُ الْعَذَابِ }.  في الكافي والمحاسن عن الصادق عليه السلام في هذه الآية اما لقد سطوا عليه وقتلوه ولكن أتدرون ما وقاه وقاه أن يفتنوه في دينه.  والقمّي عنه عليه السلام والله لقد قطعوه ارباً ارباً ولكن وقاه الله ان يفتنوه في دينه.  وفي الاحتجاج عنه عليه السلام في حديث له قال كان حزقيل يدعوهم الى توحيد الله ونبوّة موسى (ع) وتفضيل محمد على جميع رسل الله وخلقه وتفضيل علي ابن ابي طالب والخيار من الأئمّة عليهم السلام على ساير أوصياء النبيّين والى البراءة من ربوبيّة فرعون فوشى به الواشون الى فرعون وقالوا انّ حزقيل يدعو الى مخالفتك ويعين اعداءك على مضادّتك فقال لهم فرعون ابن عمّي وخليفتي على ملكي ووليّ عهدي ان فعل ما قلتم فقد استحقّ العذاب على كفره بنعمتي وان كنتم عليه كاذبين فقد استحققتم أشدّ العذاب لايثاركم الدخول في مساءَة فجاء بحزقيل وجاء بهم فكاشفوه وقالوا ءانت تجحد ربوبيّة فرعون الملك وتكفر بنعماه فقال حزقيل ايّها الملك هل جرّبت عليّ كذباً قطّ قال لا قال فسلهم من ربّهم قالوا فرعون هذا قال ومن خالقكم قالوا فرعون هذا قال ومن رازقكم الكافل لمعايشكم والدافع عنكم مكارهكم قالوا فرعون هذا قال حزقيل ايّها الملك فاشهدك وكلّ من حضرك انّ ربّهم هو ربّي وخالقهم هو خالقي ورازقهم هو رازقي ومصلح معايشهم هو مصلح معايشي لا ربّ لي ولا رازق غير ربّهم وخالقهم ورازقهم واشهدك ومن حضرك انّ كلّ ربّ ورازق وخالق سوى ربّهم وخالقهم و رازقهم فأنا بريء منه ومن ربوبيّته وكافر بآلهيّته يقول حزقيل هذا وهو يعني انّ ربّهم هو الله ربّي ولم يقل انّ الّذي قالوا انّه ربّهم هو ربّي وخفي هذا المعنى على فرعون ومن حضره وتوهّم وتوهّموا انّه يقول فرعون ربّي وخالقي ورازقي فقال لهم فرعون يا رجال السوء يا طلاّب الفساد في ملكي ومريدي الفتنة بيني وبين ابن عمّي وهو عضُدي انتم المستحقون لعذابي لارادتكم فساد امري واهلاك ابن عمّي والفت في عضدي ثمّ امر بالاوتاد فجعل في ساق كلّ واحد منهم وتد وفي صدره وتد ومرّ اصحاب امشاط الحديد فشقّوا بها لحومهم من ابدانهم فذلك ما قال الله تعالى { فَوَقَاهُ اللهُ سَيِّئَاتِ مَا مَكَرُوا } به لمّا وشوا به الى فرعون ليهلكوه وحاق بآل فرعون سوء العذاب وهم الذين وشوا بحزقيل اليه لمّا اوتد فيهم الاوتاد ومشط عن ابدانهم لحومها بالامشاط. { (46) النَّارُ يُعْرَضُونَ عَلَيْهَا غُدُوًّا وَعَشِيًّا }.  في المجمع عن الصادق عليه السلام ذلك في الدنيا قبل يوم القيامة لأنّ في نار القيامة لا يكون غدوّ وعشيّ ثم قال ان كانوا انّما يعذّبون في النار غدوًّا وعشيًّا فيما بين ذلك هم من السعداء لا ولكن هذا في نار البرزخ قبل يوم القيامة ألم تسمع قوله عزّ وجلّ ويوم تقوم الساعة الآية.  والقمّي قال عنى ذلك في الدنيا قبل يوم القيامة وذلك انّ في القيامة لا يكون غدوّ ولا عشاء لأنّ الغدوّ والعشاء انّما يكون في الشمس والقمر وليس في جنان الخلد ونيرانها شمس ولا قمر.  قال وسئل الصادق عليه السلام عن هذه الآية فقال ما يقول الناس فيها فقيل يقولون انّها في نار الخلد وهم لا يعذّبون فيما بين ذلك فقال فهم من السّعداء ثم قال انّما هذا في الدنيا وامّا في نار الخلد فهو قوله ويوم تقوم الساعة الآية.  وفي الكافي عنه عليه السلام انّ ارواح الكفار في نار جهنّم يعرضون عليها يقولون ربّنا لا تقم لنا الساعة ولا تنجز لنا ما وعدتنا ولا تلحق آخرنا بأوّلنا.  وعن الباقر عليه السلام انّ لله تعالى ناراً في المشرق خلقها ليسكنها ارواح الكفّار ويأكلون من زقّومها ويشربون من حميمها ليلهم فاذا طلع الفجر هاجت الى واد باليمن يقال له برهوت اشدّ حرًّا من نار الدنيا كانوا فيه يتلاقون ويتعارفون فاذا كان المساء عادوا الى النار فهم كذلك الى يوم القيامة.  وفي المجمع عن النبيّ صلّى الله عليه وآله قال انّ احدكم اذا مات عرض عليه مقعده بالغداة والعشيّ ان كان من أهل الجنّة فمن الجنة وان كان من اهل النار فمن النار يقال هذا مقعدك حتّى يبعثك الله يوم القيامة { وَيَوْمَ تَقُومُ السّاعَةُ أَدْخِلُوا آلَ فِرْعَوْنَ أَشَدَّ الْعَذَابِ } وقرئ ادخلوا بضمّتين.
40,42,{ (38) وَقَالَ الَّذِى آمَنَ يَا قَوْمِ اتَّبِعُونِ أَهْدِكُمْ } بالدلالة { سَبِيلَ الرَّشَادِ }.  { (39) يَا قَوْمِ إِنَّمَا هذِهِ الْحَيَاةُ الدُّنْيَا مَتَاعٌ } تمتع يسير لسرعة زوالها { وَإِنَّ الآخِرَةَ هِىَ دَارُ الْقَرَارِ } لخلودها.  { (40) مَنْ عَمِلَ سَيِّئَةً فَلاَ يُجْزَى إِلاّ مِثْلَهَا } عدلاً من الله سبحانه { وَمَنْ عَمِلَ صَالِحًا مِنْ ذَكَرٍ أَوْ أُنْثَى وَهُوَ مُؤْمِنٌ فَأُولَئِكَ يَدْخُلُونَ الْجَنَّةَ يُرْزَقُونَ فِيهَا بِغَيْرِ حِسَابٍ } بغير تقدير  وموازنة بالعمل بل اضعافاً مضاعفة فضلاً من الله ورحمة.  { (41) وَيَا قَوْمِ مَا لِى أَدْعُوكُمْ إِلَى النَّجَاةِ وَتَدْعُونَنِى إِلَى النّار }.  { (42) تَدْعُونَنِى لأَكْفُرَ بِاللهِ وَأُشْرِكَ بِهِ مَا لَيْسَ لِى بِهِ } بربوبيّته { عِلْمٌ } والمراد نفي المعلوم والاشعار بأنّ الالوهيّة لا بدّ لها من برهان واعتقادها لا يصحّ الاّ عن ايقان { وَأَنَا أَدْعُوكُمْ إِلَى الْعَزِيزِ الغَفَّارِ } المستجمع لصفات الالوهيّة من كمال القدرة والغلبة والتمكن من المجازاة والقدرة على التعذيب والغفران.  { (43) لاَ جَرَمَ } لا ردّ لما دعوه اليه وجرم بمعنى حقّ { أَنَّ مَا تَدْعُونَنِى إِلَيْهِ لَيْسَ لَهُ دَعْوَةٌ فِى الدُّنْيَا وَلاَ فِى الآخِرَةِ } قيل اي حقّ عدم دعوة آلهتكم الى عبادتها او عدم دعوة مستجابة لها { وَأَنَّ مَرَدَّنَا إِلَى اللهِ } بالموت { وَأَنَّ الْمُسْرِفِينَ } في الضلالة والطغيان { هُمْ أَصْحَابُ النّار }  { (44) فَسَتَذْكُرُونَ } عند معاينة العذاب { مَا أَقُولُ لَكُمْ } من النصيحة { وَأُفَوِّضُ أَمْرِى إِلَى اللهِ } ليعصمني من كلّ سوء { إنَّ اللهَ بَصِيرٌ بِالعِبَادِ } فيحرسهم.  { (45) فَوَقَاهُ اللهُ سَيِّئَاتِ مَا مَكَرُوا } شدائد مكرهم القمّي يعني مؤمن آل فرعون { وَحَاقَ بِآلِ فِرْعَوْنَ سُوءُ الْعَذَابِ }.  في الكافي والمحاسن عن الصادق عليه السلام في هذه الآية اما لقد سطوا عليه وقتلوه ولكن أتدرون ما وقاه وقاه أن يفتنوه في دينه.  والقمّي عنه عليه السلام والله لقد قطعوه ارباً ارباً ولكن وقاه الله ان يفتنوه في دينه.  وفي الاحتجاج عنه عليه السلام في حديث له قال كان حزقيل يدعوهم الى توحيد الله ونبوّة موسى (ع) وتفضيل محمد على جميع رسل الله وخلقه وتفضيل علي ابن ابي طالب والخيار من الأئمّة عليهم السلام على ساير أوصياء النبيّين والى البراءة من ربوبيّة فرعون فوشى به الواشون الى فرعون وقالوا انّ حزقيل يدعو الى مخالفتك ويعين اعداءك على مضادّتك فقال لهم فرعون ابن عمّي وخليفتي على ملكي ووليّ عهدي ان فعل ما قلتم فقد استحقّ العذاب على كفره بنعمتي وان كنتم عليه كاذبين فقد استحققتم أشدّ العذاب لايثاركم الدخول في مساءَة فجاء بحزقيل وجاء بهم فكاشفوه وقالوا ءانت تجحد ربوبيّة فرعون الملك وتكفر بنعماه فقال حزقيل ايّها الملك هل جرّبت عليّ كذباً قطّ قال لا قال فسلهم من ربّهم قالوا فرعون هذا قال ومن خالقكم قالوا فرعون هذا قال ومن رازقكم الكافل لمعايشكم والدافع عنكم مكارهكم قالوا فرعون هذا قال حزقيل ايّها الملك فاشهدك وكلّ من حضرك انّ ربّهم هو ربّي وخالقهم هو خالقي ورازقهم هو رازقي ومصلح معايشهم هو مصلح معايشي لا ربّ لي ولا رازق غير ربّهم وخالقهم ورازقهم واشهدك ومن حضرك انّ كلّ ربّ ورازق وخالق سوى ربّهم وخالقهم و رازقهم فأنا بريء منه ومن ربوبيّته وكافر بآلهيّته يقول حزقيل هذا وهو يعني انّ ربّهم هو الله ربّي ولم يقل انّ الّذي قالوا انّه ربّهم هو ربّي وخفي هذا المعنى على فرعون ومن حضره وتوهّم وتوهّموا انّه يقول فرعون ربّي وخالقي ورازقي فقال لهم فرعون يا رجال السوء يا طلاّب الفساد في ملكي ومريدي الفتنة بيني وبين ابن عمّي وهو عضُدي انتم المستحقون لعذابي لارادتكم فساد امري واهلاك ابن عمّي والفت في عضدي ثمّ امر بالاوتاد فجعل في ساق كلّ واحد منهم وتد وفي صدره وتد ومرّ اصحاب امشاط الحديد فشقّوا بها لحومهم من ابدانهم فذلك ما قال الله تعالى { فَوَقَاهُ اللهُ سَيِّئَاتِ مَا مَكَرُوا } به لمّا وشوا به الى فرعون ليهلكوه وحاق بآل فرعون سوء العذاب وهم الذين وشوا بحزقيل اليه لمّا اوتد فيهم الاوتاد ومشط عن ابدانهم لحومها بالامشاط. { (46) النَّارُ يُعْرَضُونَ عَلَيْهَا غُدُوًّا وَعَشِيًّا }.  في المجمع عن الصادق عليه السلام ذلك في الدنيا قبل يوم القيامة لأنّ في نار القيامة لا يكون غدوّ وعشيّ ثم قال ان كانوا انّما يعذّبون في النار غدوًّا وعشيًّا فيما بين ذلك هم من السعداء لا ولكن هذا في نار البرزخ قبل يوم القيامة ألم تسمع قوله عزّ وجلّ ويوم تقوم الساعة الآية.  والقمّي قال عنى ذلك في الدنيا قبل يوم القيامة وذلك انّ في القيامة لا يكون غدوّ ولا عشاء لأنّ الغدوّ والعشاء انّما يكون في الشمس والقمر وليس في جنان الخلد ونيرانها شمس ولا قمر.  قال وسئل الصادق عليه السلام عن هذه الآية فقال ما يقول الناس فيها فقيل يقولون انّها في نار الخلد وهم لا يعذّبون فيما بين ذلك فقال فهم من السّعداء ثم قال انّما هذا في الدنيا وامّا في نار الخلد فهو قوله ويوم تقوم الساعة الآية.  وفي الكافي عنه عليه السلام انّ ارواح الكفار في نار جهنّم يعرضون عليها يقولون ربّنا لا تقم لنا الساعة ولا تنجز لنا ما وعدتنا ولا تلحق آخرنا بأوّلنا.  وعن الباقر عليه السلام انّ لله تعالى ناراً في المشرق خلقها ليسكنها ارواح الكفّار ويأكلون من زقّومها ويشربون من حميمها ليلهم فاذا طلع الفجر هاجت الى واد باليمن يقال له برهوت اشدّ حرًّا من نار الدنيا كانوا فيه يتلاقون ويتعارفون فاذا كان المساء عادوا الى النار فهم كذلك الى يوم القيامة.  وفي المجمع عن النبيّ صلّى الله عليه وآله قال انّ احدكم اذا مات عرض عليه مقعده بالغداة والعشيّ ان كان من أهل الجنّة فمن الجنة وان كان من اهل النار فمن النار يقال هذا مقعدك حتّى يبعثك الله يوم القيامة { وَيَوْمَ تَقُومُ السّاعَةُ أَدْخِلُوا آلَ فِرْعَوْنَ أَشَدَّ الْعَذَابِ } وقرئ ادخلوا بضمّتين.
40,43,{ (38) وَقَالَ الَّذِى آمَنَ يَا قَوْمِ اتَّبِعُونِ أَهْدِكُمْ } بالدلالة { سَبِيلَ الرَّشَادِ }.  { (39) يَا قَوْمِ إِنَّمَا هذِهِ الْحَيَاةُ الدُّنْيَا مَتَاعٌ } تمتع يسير لسرعة زوالها { وَإِنَّ الآخِرَةَ هِىَ دَارُ الْقَرَارِ } لخلودها.  { (40) مَنْ عَمِلَ سَيِّئَةً فَلاَ يُجْزَى إِلاّ مِثْلَهَا } عدلاً من الله سبحانه { وَمَنْ عَمِلَ صَالِحًا مِنْ ذَكَرٍ أَوْ أُنْثَى وَهُوَ مُؤْمِنٌ فَأُولَئِكَ يَدْخُلُونَ الْجَنَّةَ يُرْزَقُونَ فِيهَا بِغَيْرِ حِسَابٍ } بغير تقدير  وموازنة بالعمل بل اضعافاً مضاعفة فضلاً من الله ورحمة.  { (41) وَيَا قَوْمِ مَا لِى أَدْعُوكُمْ إِلَى النَّجَاةِ وَتَدْعُونَنِى إِلَى النّار }.  { (42) تَدْعُونَنِى لأَكْفُرَ بِاللهِ وَأُشْرِكَ بِهِ مَا لَيْسَ لِى بِهِ } بربوبيّته { عِلْمٌ } والمراد نفي المعلوم والاشعار بأنّ الالوهيّة لا بدّ لها من برهان واعتقادها لا يصحّ الاّ عن ايقان { وَأَنَا أَدْعُوكُمْ إِلَى الْعَزِيزِ الغَفَّارِ } المستجمع لصفات الالوهيّة من كمال القدرة والغلبة والتمكن من المجازاة والقدرة على التعذيب والغفران.  { (43) لاَ جَرَمَ } لا ردّ لما دعوه اليه وجرم بمعنى حقّ { أَنَّ مَا تَدْعُونَنِى إِلَيْهِ لَيْسَ لَهُ دَعْوَةٌ فِى الدُّنْيَا وَلاَ فِى الآخِرَةِ } قيل اي حقّ عدم دعوة آلهتكم الى عبادتها او عدم دعوة مستجابة لها { وَأَنَّ مَرَدَّنَا إِلَى اللهِ } بالموت { وَأَنَّ الْمُسْرِفِينَ } في الضلالة والطغيان { هُمْ أَصْحَابُ النّار }  { (44) فَسَتَذْكُرُونَ } عند معاينة العذاب { مَا أَقُولُ لَكُمْ } من النصيحة { وَأُفَوِّضُ أَمْرِى إِلَى اللهِ } ليعصمني من كلّ سوء { إنَّ اللهَ بَصِيرٌ بِالعِبَادِ } فيحرسهم.  { (45) فَوَقَاهُ اللهُ سَيِّئَاتِ مَا مَكَرُوا } شدائد مكرهم القمّي يعني مؤمن آل فرعون { وَحَاقَ بِآلِ فِرْعَوْنَ سُوءُ الْعَذَابِ }.  في الكافي والمحاسن عن الصادق عليه السلام في هذه الآية اما لقد سطوا عليه وقتلوه ولكن أتدرون ما وقاه وقاه أن يفتنوه في دينه.  والقمّي عنه عليه السلام والله لقد قطعوه ارباً ارباً ولكن وقاه الله ان يفتنوه في دينه.  وفي الاحتجاج عنه عليه السلام في حديث له قال كان حزقيل يدعوهم الى توحيد الله ونبوّة موسى (ع) وتفضيل محمد على جميع رسل الله وخلقه وتفضيل علي ابن ابي طالب والخيار من الأئمّة عليهم السلام على ساير أوصياء النبيّين والى البراءة من ربوبيّة فرعون فوشى به الواشون الى فرعون وقالوا انّ حزقيل يدعو الى مخالفتك ويعين اعداءك على مضادّتك فقال لهم فرعون ابن عمّي وخليفتي على ملكي ووليّ عهدي ان فعل ما قلتم فقد استحقّ العذاب على كفره بنعمتي وان كنتم عليه كاذبين فقد استحققتم أشدّ العذاب لايثاركم الدخول في مساءَة فجاء بحزقيل وجاء بهم فكاشفوه وقالوا ءانت تجحد ربوبيّة فرعون الملك وتكفر بنعماه فقال حزقيل ايّها الملك هل جرّبت عليّ كذباً قطّ قال لا قال فسلهم من ربّهم قالوا فرعون هذا قال ومن خالقكم قالوا فرعون هذا قال ومن رازقكم الكافل لمعايشكم والدافع عنكم مكارهكم قالوا فرعون هذا قال حزقيل ايّها الملك فاشهدك وكلّ من حضرك انّ ربّهم هو ربّي وخالقهم هو خالقي ورازقهم هو رازقي ومصلح معايشهم هو مصلح معايشي لا ربّ لي ولا رازق غير ربّهم وخالقهم ورازقهم واشهدك ومن حضرك انّ كلّ ربّ ورازق وخالق سوى ربّهم وخالقهم و رازقهم فأنا بريء منه ومن ربوبيّته وكافر بآلهيّته يقول حزقيل هذا وهو يعني انّ ربّهم هو الله ربّي ولم يقل انّ الّذي قالوا انّه ربّهم هو ربّي وخفي هذا المعنى على فرعون ومن حضره وتوهّم وتوهّموا انّه يقول فرعون ربّي وخالقي ورازقي فقال لهم فرعون يا رجال السوء يا طلاّب الفساد في ملكي ومريدي الفتنة بيني وبين ابن عمّي وهو عضُدي انتم المستحقون لعذابي لارادتكم فساد امري واهلاك ابن عمّي والفت في عضدي ثمّ امر بالاوتاد فجعل في ساق كلّ واحد منهم وتد وفي صدره وتد ومرّ اصحاب امشاط الحديد فشقّوا بها لحومهم من ابدانهم فذلك ما قال الله تعالى { فَوَقَاهُ اللهُ سَيِّئَاتِ مَا مَكَرُوا } به لمّا وشوا به الى فرعون ليهلكوه وحاق بآل فرعون سوء العذاب وهم الذين وشوا بحزقيل اليه لمّا اوتد فيهم الاوتاد ومشط عن ابدانهم لحومها بالامشاط. { (46) النَّارُ يُعْرَضُونَ عَلَيْهَا غُدُوًّا وَعَشِيًّا }.  في المجمع عن الصادق عليه السلام ذلك في الدنيا قبل يوم القيامة لأنّ في نار القيامة لا يكون غدوّ وعشيّ ثم قال ان كانوا انّما يعذّبون في النار غدوًّا وعشيًّا فيما بين ذلك هم من السعداء لا ولكن هذا في نار البرزخ قبل يوم القيامة ألم تسمع قوله عزّ وجلّ ويوم تقوم الساعة الآية.  والقمّي قال عنى ذلك في الدنيا قبل يوم القيامة وذلك انّ في القيامة لا يكون غدوّ ولا عشاء لأنّ الغدوّ والعشاء انّما يكون في الشمس والقمر وليس في جنان الخلد ونيرانها شمس ولا قمر.  قال وسئل الصادق عليه السلام عن هذه الآية فقال ما يقول الناس فيها فقيل يقولون انّها في نار الخلد وهم لا يعذّبون فيما بين ذلك فقال فهم من السّعداء ثم قال انّما هذا في الدنيا وامّا في نار الخلد فهو قوله ويوم تقوم الساعة الآية.  وفي الكافي عنه عليه السلام انّ ارواح الكفار في نار جهنّم يعرضون عليها يقولون ربّنا لا تقم لنا الساعة ولا تنجز لنا ما وعدتنا ولا تلحق آخرنا بأوّلنا.  وعن الباقر عليه السلام انّ لله تعالى ناراً في المشرق خلقها ليسكنها ارواح الكفّار ويأكلون من زقّومها ويشربون من حميمها ليلهم فاذا طلع الفجر هاجت الى واد باليمن يقال له برهوت اشدّ حرًّا من نار الدنيا كانوا فيه يتلاقون ويتعارفون فاذا كان المساء عادوا الى النار فهم كذلك الى يوم القيامة.  وفي المجمع عن النبيّ صلّى الله عليه وآله قال انّ احدكم اذا مات عرض عليه مقعده بالغداة والعشيّ ان كان من أهل الجنّة فمن الجنة وان كان من اهل النار فمن النار يقال هذا مقعدك حتّى يبعثك الله يوم القيامة { وَيَوْمَ تَقُومُ السّاعَةُ أَدْخِلُوا آلَ فِرْعَوْنَ أَشَدَّ الْعَذَابِ } وقرئ ادخلوا بضمّتين.
40,44,{ (38) وَقَالَ الَّذِى آمَنَ يَا قَوْمِ اتَّبِعُونِ أَهْدِكُمْ } بالدلالة { سَبِيلَ الرَّشَادِ }.  { (39) يَا قَوْمِ إِنَّمَا هذِهِ الْحَيَاةُ الدُّنْيَا مَتَاعٌ } تمتع يسير لسرعة زوالها { وَإِنَّ الآخِرَةَ هِىَ دَارُ الْقَرَارِ } لخلودها.  { (40) مَنْ عَمِلَ سَيِّئَةً فَلاَ يُجْزَى إِلاّ مِثْلَهَا } عدلاً من الله سبحانه { وَمَنْ عَمِلَ صَالِحًا مِنْ ذَكَرٍ أَوْ أُنْثَى وَهُوَ مُؤْمِنٌ فَأُولَئِكَ يَدْخُلُونَ الْجَنَّةَ يُرْزَقُونَ فِيهَا بِغَيْرِ حِسَابٍ } بغير تقدير  وموازنة بالعمل بل اضعافاً مضاعفة فضلاً من الله ورحمة.  { (41) وَيَا قَوْمِ مَا لِى أَدْعُوكُمْ إِلَى النَّجَاةِ وَتَدْعُونَنِى إِلَى النّار }.  { (42) تَدْعُونَنِى لأَكْفُرَ بِاللهِ وَأُشْرِكَ بِهِ مَا لَيْسَ لِى بِهِ } بربوبيّته { عِلْمٌ } والمراد نفي المعلوم والاشعار بأنّ الالوهيّة لا بدّ لها من برهان واعتقادها لا يصحّ الاّ عن ايقان { وَأَنَا أَدْعُوكُمْ إِلَى الْعَزِيزِ الغَفَّارِ } المستجمع لصفات الالوهيّة من كمال القدرة والغلبة والتمكن من المجازاة والقدرة على التعذيب والغفران.  { (43) لاَ جَرَمَ } لا ردّ لما دعوه اليه وجرم بمعنى حقّ { أَنَّ مَا تَدْعُونَنِى إِلَيْهِ لَيْسَ لَهُ دَعْوَةٌ فِى الدُّنْيَا وَلاَ فِى الآخِرَةِ } قيل اي حقّ عدم دعوة آلهتكم الى عبادتها او عدم دعوة مستجابة لها { وَأَنَّ مَرَدَّنَا إِلَى اللهِ } بالموت { وَأَنَّ الْمُسْرِفِينَ } في الضلالة والطغيان { هُمْ أَصْحَابُ النّار }  { (44) فَسَتَذْكُرُونَ } عند معاينة العذاب { مَا أَقُولُ لَكُمْ } من النصيحة { وَأُفَوِّضُ أَمْرِى إِلَى اللهِ } ليعصمني من كلّ سوء { إنَّ اللهَ بَصِيرٌ بِالعِبَادِ } فيحرسهم.  { (45) فَوَقَاهُ اللهُ سَيِّئَاتِ مَا مَكَرُوا } شدائد مكرهم القمّي يعني مؤمن آل فرعون { وَحَاقَ بِآلِ فِرْعَوْنَ سُوءُ الْعَذَابِ }.  في الكافي والمحاسن عن الصادق عليه السلام في هذه الآية اما لقد سطوا عليه وقتلوه ولكن أتدرون ما وقاه وقاه أن يفتنوه في دينه.  والقمّي عنه عليه السلام والله لقد قطعوه ارباً ارباً ولكن وقاه الله ان يفتنوه في دينه.  وفي الاحتجاج عنه عليه السلام في حديث له قال كان حزقيل يدعوهم الى توحيد الله ونبوّة موسى (ع) وتفضيل محمد على جميع رسل الله وخلقه وتفضيل علي ابن ابي طالب والخيار من الأئمّة عليهم السلام على ساير أوصياء النبيّين والى البراءة من ربوبيّة فرعون فوشى به الواشون الى فرعون وقالوا انّ حزقيل يدعو الى مخالفتك ويعين اعداءك على مضادّتك فقال لهم فرعون ابن عمّي وخليفتي على ملكي ووليّ عهدي ان فعل ما قلتم فقد استحقّ العذاب على كفره بنعمتي وان كنتم عليه كاذبين فقد استحققتم أشدّ العذاب لايثاركم الدخول في مساءَة فجاء بحزقيل وجاء بهم فكاشفوه وقالوا ءانت تجحد ربوبيّة فرعون الملك وتكفر بنعماه فقال حزقيل ايّها الملك هل جرّبت عليّ كذباً قطّ قال لا قال فسلهم من ربّهم قالوا فرعون هذا قال ومن خالقكم قالوا فرعون هذا قال ومن رازقكم الكافل لمعايشكم والدافع عنكم مكارهكم قالوا فرعون هذا قال حزقيل ايّها الملك فاشهدك وكلّ من حضرك انّ ربّهم هو ربّي وخالقهم هو خالقي ورازقهم هو رازقي ومصلح معايشهم هو مصلح معايشي لا ربّ لي ولا رازق غير ربّهم وخالقهم ورازقهم واشهدك ومن حضرك انّ كلّ ربّ ورازق وخالق سوى ربّهم وخالقهم و رازقهم فأنا بريء منه ومن ربوبيّته وكافر بآلهيّته يقول حزقيل هذا وهو يعني انّ ربّهم هو الله ربّي ولم يقل انّ الّذي قالوا انّه ربّهم هو ربّي وخفي هذا المعنى على فرعون ومن حضره وتوهّم وتوهّموا انّه يقول فرعون ربّي وخالقي ورازقي فقال لهم فرعون يا رجال السوء يا طلاّب الفساد في ملكي ومريدي الفتنة بيني وبين ابن عمّي وهو عضُدي انتم المستحقون لعذابي لارادتكم فساد امري واهلاك ابن عمّي والفت في عضدي ثمّ امر بالاوتاد فجعل في ساق كلّ واحد منهم وتد وفي صدره وتد ومرّ اصحاب امشاط الحديد فشقّوا بها لحومهم من ابدانهم فذلك ما قال الله تعالى { فَوَقَاهُ اللهُ سَيِّئَاتِ مَا مَكَرُوا } به لمّا وشوا به الى فرعون ليهلكوه وحاق بآل فرعون سوء العذاب وهم الذين وشوا بحزقيل اليه لمّا اوتد فيهم الاوتاد ومشط عن ابدانهم لحومها بالامشاط. { (46) النَّارُ يُعْرَضُونَ عَلَيْهَا غُدُوًّا وَعَشِيًّا }.  في المجمع عن الصادق عليه السلام ذلك في الدنيا قبل يوم القيامة لأنّ في نار القيامة لا يكون غدوّ وعشيّ ثم قال ان كانوا انّما يعذّبون في النار غدوًّا وعشيًّا فيما بين ذلك هم من السعداء لا ولكن هذا في نار البرزخ قبل يوم القيامة ألم تسمع قوله عزّ وجلّ ويوم تقوم الساعة الآية.  والقمّي قال عنى ذلك في الدنيا قبل يوم القيامة وذلك انّ في القيامة لا يكون غدوّ ولا عشاء لأنّ الغدوّ والعشاء انّما يكون في الشمس والقمر وليس في جنان الخلد ونيرانها شمس ولا قمر.  قال وسئل الصادق عليه السلام عن هذه الآية فقال ما يقول الناس فيها فقيل يقولون انّها في نار الخلد وهم لا يعذّبون فيما بين ذلك فقال فهم من السّعداء ثم قال انّما هذا في الدنيا وامّا في نار الخلد فهو قوله ويوم تقوم الساعة الآية.  وفي الكافي عنه عليه السلام انّ ارواح الكفار في نار جهنّم يعرضون عليها يقولون ربّنا لا تقم لنا الساعة ولا تنجز لنا ما وعدتنا ولا تلحق آخرنا بأوّلنا.  وعن الباقر عليه السلام انّ لله تعالى ناراً في المشرق خلقها ليسكنها ارواح الكفّار ويأكلون من زقّومها ويشربون من حميمها ليلهم فاذا طلع الفجر هاجت الى واد باليمن يقال له برهوت اشدّ حرًّا من نار الدنيا كانوا فيه يتلاقون ويتعارفون فاذا كان المساء عادوا الى النار فهم كذلك الى يوم القيامة.  وفي المجمع عن النبيّ صلّى الله عليه وآله قال انّ احدكم اذا مات عرض عليه مقعده بالغداة والعشيّ ان كان من أهل الجنّة فمن الجنة وان كان من اهل النار فمن النار يقال هذا مقعدك حتّى يبعثك الله يوم القيامة { وَيَوْمَ تَقُومُ السّاعَةُ أَدْخِلُوا آلَ فِرْعَوْنَ أَشَدَّ الْعَذَابِ } وقرئ ادخلوا بضمّتين.
40,45,{ (38) وَقَالَ الَّذِى آمَنَ يَا قَوْمِ اتَّبِعُونِ أَهْدِكُمْ } بالدلالة { سَبِيلَ الرَّشَادِ }.  { (39) يَا قَوْمِ إِنَّمَا هذِهِ الْحَيَاةُ الدُّنْيَا مَتَاعٌ } تمتع يسير لسرعة زوالها { وَإِنَّ الآخِرَةَ هِىَ دَارُ الْقَرَارِ } لخلودها.  { (40) مَنْ عَمِلَ سَيِّئَةً فَلاَ يُجْزَى إِلاّ مِثْلَهَا } عدلاً من الله سبحانه { وَمَنْ عَمِلَ صَالِحًا مِنْ ذَكَرٍ أَوْ أُنْثَى وَهُوَ مُؤْمِنٌ فَأُولَئِكَ يَدْخُلُونَ الْجَنَّةَ يُرْزَقُونَ فِيهَا بِغَيْرِ حِسَابٍ } بغير تقدير  وموازنة بالعمل بل اضعافاً مضاعفة فضلاً من الله ورحمة.  { (41) وَيَا قَوْمِ مَا لِى أَدْعُوكُمْ إِلَى النَّجَاةِ وَتَدْعُونَنِى إِلَى النّار }.  { (42) تَدْعُونَنِى لأَكْفُرَ بِاللهِ وَأُشْرِكَ بِهِ مَا لَيْسَ لِى بِهِ } بربوبيّته { عِلْمٌ } والمراد نفي المعلوم والاشعار بأنّ الالوهيّة لا بدّ لها من برهان واعتقادها لا يصحّ الاّ عن ايقان { وَأَنَا أَدْعُوكُمْ إِلَى الْعَزِيزِ الغَفَّارِ } المستجمع لصفات الالوهيّة من كمال القدرة والغلبة والتمكن من المجازاة والقدرة على التعذيب والغفران.  { (43) لاَ جَرَمَ } لا ردّ لما دعوه اليه وجرم بمعنى حقّ { أَنَّ مَا تَدْعُونَنِى إِلَيْهِ لَيْسَ لَهُ دَعْوَةٌ فِى الدُّنْيَا وَلاَ فِى الآخِرَةِ } قيل اي حقّ عدم دعوة آلهتكم الى عبادتها او عدم دعوة مستجابة لها { وَأَنَّ مَرَدَّنَا إِلَى اللهِ } بالموت { وَأَنَّ الْمُسْرِفِينَ } في الضلالة والطغيان { هُمْ أَصْحَابُ النّار }  { (44) فَسَتَذْكُرُونَ } عند معاينة العذاب { مَا أَقُولُ لَكُمْ } من النصيحة { وَأُفَوِّضُ أَمْرِى إِلَى اللهِ } ليعصمني من كلّ سوء { إنَّ اللهَ بَصِيرٌ بِالعِبَادِ } فيحرسهم.  { (45) فَوَقَاهُ اللهُ سَيِّئَاتِ مَا مَكَرُوا } شدائد مكرهم القمّي يعني مؤمن آل فرعون { وَحَاقَ بِآلِ فِرْعَوْنَ سُوءُ الْعَذَابِ }.  في الكافي والمحاسن عن الصادق عليه السلام في هذه الآية اما لقد سطوا عليه وقتلوه ولكن أتدرون ما وقاه وقاه أن يفتنوه في دينه.  والقمّي عنه عليه السلام والله لقد قطعوه ارباً ارباً ولكن وقاه الله ان يفتنوه في دينه.  وفي الاحتجاج عنه عليه السلام في حديث له قال كان حزقيل يدعوهم الى توحيد الله ونبوّة موسى (ع) وتفضيل محمد على جميع رسل الله وخلقه وتفضيل علي ابن ابي طالب والخيار من الأئمّة عليهم السلام على ساير أوصياء النبيّين والى البراءة من ربوبيّة فرعون فوشى به الواشون الى فرعون وقالوا انّ حزقيل يدعو الى مخالفتك ويعين اعداءك على مضادّتك فقال لهم فرعون ابن عمّي وخليفتي على ملكي ووليّ عهدي ان فعل ما قلتم فقد استحقّ العذاب على كفره بنعمتي وان كنتم عليه كاذبين فقد استحققتم أشدّ العذاب لايثاركم الدخول في مساءَة فجاء بحزقيل وجاء بهم فكاشفوه وقالوا ءانت تجحد ربوبيّة فرعون الملك وتكفر بنعماه فقال حزقيل ايّها الملك هل جرّبت عليّ كذباً قطّ قال لا قال فسلهم من ربّهم قالوا فرعون هذا قال ومن خالقكم قالوا فرعون هذا قال ومن رازقكم الكافل لمعايشكم والدافع عنكم مكارهكم قالوا فرعون هذا قال حزقيل ايّها الملك فاشهدك وكلّ من حضرك انّ ربّهم هو ربّي وخالقهم هو خالقي ورازقهم هو رازقي ومصلح معايشهم هو مصلح معايشي لا ربّ لي ولا رازق غير ربّهم وخالقهم ورازقهم واشهدك ومن حضرك انّ كلّ ربّ ورازق وخالق سوى ربّهم وخالقهم و رازقهم فأنا بريء منه ومن ربوبيّته وكافر بآلهيّته يقول حزقيل هذا وهو يعني انّ ربّهم هو الله ربّي ولم يقل انّ الّذي قالوا انّه ربّهم هو ربّي وخفي هذا المعنى على فرعون ومن حضره وتوهّم وتوهّموا انّه يقول فرعون ربّي وخالقي ورازقي فقال لهم فرعون يا رجال السوء يا طلاّب الفساد في ملكي ومريدي الفتنة بيني وبين ابن عمّي وهو عضُدي انتم المستحقون لعذابي لارادتكم فساد امري واهلاك ابن عمّي والفت في عضدي ثمّ امر بالاوتاد فجعل في ساق كلّ واحد منهم وتد وفي صدره وتد ومرّ اصحاب امشاط الحديد فشقّوا بها لحومهم من ابدانهم فذلك ما قال الله تعالى { فَوَقَاهُ اللهُ سَيِّئَاتِ مَا مَكَرُوا } به لمّا وشوا به الى فرعون ليهلكوه وحاق بآل فرعون سوء العذاب وهم الذين وشوا بحزقيل اليه لمّا اوتد فيهم الاوتاد ومشط عن ابدانهم لحومها بالامشاط. { (46) النَّارُ يُعْرَضُونَ عَلَيْهَا غُدُوًّا وَعَشِيًّا }.  في المجمع عن الصادق عليه السلام ذلك في الدنيا قبل يوم القيامة لأنّ في نار القيامة لا يكون غدوّ وعشيّ ثم قال ان كانوا انّما يعذّبون في النار غدوًّا وعشيًّا فيما بين ذلك هم من السعداء لا ولكن هذا في نار البرزخ قبل يوم القيامة ألم تسمع قوله عزّ وجلّ ويوم تقوم الساعة الآية.  والقمّي قال عنى ذلك في الدنيا قبل يوم القيامة وذلك انّ في القيامة لا يكون غدوّ ولا عشاء لأنّ الغدوّ والعشاء انّما يكون في الشمس والقمر وليس في جنان الخلد ونيرانها شمس ولا قمر.  قال وسئل الصادق عليه السلام عن هذه الآية فقال ما يقول الناس فيها فقيل يقولون انّها في نار الخلد وهم لا يعذّبون فيما بين ذلك فقال فهم من السّعداء ثم قال انّما هذا في الدنيا وامّا في نار الخلد فهو قوله ويوم تقوم الساعة الآية.  وفي الكافي عنه عليه السلام انّ ارواح الكفار في نار جهنّم يعرضون عليها يقولون ربّنا لا تقم لنا الساعة ولا تنجز لنا ما وعدتنا ولا تلحق آخرنا بأوّلنا.  وعن الباقر عليه السلام انّ لله تعالى ناراً في المشرق خلقها ليسكنها ارواح الكفّار ويأكلون من زقّومها ويشربون من حميمها ليلهم فاذا طلع الفجر هاجت الى واد باليمن يقال له برهوت اشدّ حرًّا من نار الدنيا كانوا فيه يتلاقون ويتعارفون فاذا كان المساء عادوا الى النار فهم كذلك الى يوم القيامة.  وفي المجمع عن النبيّ صلّى الله عليه وآله قال انّ احدكم اذا مات عرض عليه مقعده بالغداة والعشيّ ان كان من أهل الجنّة فمن الجنة وان كان من اهل النار فمن النار يقال هذا مقعدك حتّى يبعثك الله يوم القيامة { وَيَوْمَ تَقُومُ السّاعَةُ أَدْخِلُوا آلَ فِرْعَوْنَ أَشَدَّ الْعَذَابِ } وقرئ ادخلوا بضمّتين.
40,46,{ (38) وَقَالَ الَّذِى آمَنَ يَا قَوْمِ اتَّبِعُونِ أَهْدِكُمْ } بالدلالة { سَبِيلَ الرَّشَادِ }.  { (39) يَا قَوْمِ إِنَّمَا هذِهِ الْحَيَاةُ الدُّنْيَا مَتَاعٌ } تمتع يسير لسرعة زوالها { وَإِنَّ الآخِرَةَ هِىَ دَارُ الْقَرَارِ } لخلودها.  { (40) مَنْ عَمِلَ سَيِّئَةً فَلاَ يُجْزَى إِلاّ مِثْلَهَا } عدلاً من الله سبحانه { وَمَنْ عَمِلَ صَالِحًا مِنْ ذَكَرٍ أَوْ أُنْثَى وَهُوَ مُؤْمِنٌ فَأُولَئِكَ يَدْخُلُونَ الْجَنَّةَ يُرْزَقُونَ فِيهَا بِغَيْرِ حِسَابٍ } بغير تقدير  وموازنة بالعمل بل اضعافاً مضاعفة فضلاً من الله ورحمة.  { (41) وَيَا قَوْمِ مَا لِى أَدْعُوكُمْ إِلَى النَّجَاةِ وَتَدْعُونَنِى إِلَى النّار }.  { (42) تَدْعُونَنِى لأَكْفُرَ بِاللهِ وَأُشْرِكَ بِهِ مَا لَيْسَ لِى بِهِ } بربوبيّته { عِلْمٌ } والمراد نفي المعلوم والاشعار بأنّ الالوهيّة لا بدّ لها من برهان واعتقادها لا يصحّ الاّ عن ايقان { وَأَنَا أَدْعُوكُمْ إِلَى الْعَزِيزِ الغَفَّارِ } المستجمع لصفات الالوهيّة من كمال القدرة والغلبة والتمكن من المجازاة والقدرة على التعذيب والغفران.  { (43) لاَ جَرَمَ } لا ردّ لما دعوه اليه وجرم بمعنى حقّ { أَنَّ مَا تَدْعُونَنِى إِلَيْهِ لَيْسَ لَهُ دَعْوَةٌ فِى الدُّنْيَا وَلاَ فِى الآخِرَةِ } قيل اي حقّ عدم دعوة آلهتكم الى عبادتها او عدم دعوة مستجابة لها { وَأَنَّ مَرَدَّنَا إِلَى اللهِ } بالموت { وَأَنَّ الْمُسْرِفِينَ } في الضلالة والطغيان { هُمْ أَصْحَابُ النّار }  { (44) فَسَتَذْكُرُونَ } عند معاينة العذاب { مَا أَقُولُ لَكُمْ } من النصيحة { وَأُفَوِّضُ أَمْرِى إِلَى اللهِ } ليعصمني من كلّ سوء { إنَّ اللهَ بَصِيرٌ بِالعِبَادِ } فيحرسهم.  { (45) فَوَقَاهُ اللهُ سَيِّئَاتِ مَا مَكَرُوا } شدائد مكرهم القمّي يعني مؤمن آل فرعون { وَحَاقَ بِآلِ فِرْعَوْنَ سُوءُ الْعَذَابِ }.  في الكافي والمحاسن عن الصادق عليه السلام في هذه الآية اما لقد سطوا عليه وقتلوه ولكن أتدرون ما وقاه وقاه أن يفتنوه في دينه.  والقمّي عنه عليه السلام والله لقد قطعوه ارباً ارباً ولكن وقاه الله ان يفتنوه في دينه.  وفي الاحتجاج عنه عليه السلام في حديث له قال كان حزقيل يدعوهم الى توحيد الله ونبوّة موسى (ع) وتفضيل محمد على جميع رسل الله وخلقه وتفضيل علي ابن ابي طالب والخيار من الأئمّة عليهم السلام على ساير أوصياء النبيّين والى البراءة من ربوبيّة فرعون فوشى به الواشون الى فرعون وقالوا انّ حزقيل يدعو الى مخالفتك ويعين اعداءك على مضادّتك فقال لهم فرعون ابن عمّي وخليفتي على ملكي ووليّ عهدي ان فعل ما قلتم فقد استحقّ العذاب على كفره بنعمتي وان كنتم عليه كاذبين فقد استحققتم أشدّ العذاب لايثاركم الدخول في مساءَة فجاء بحزقيل وجاء بهم فكاشفوه وقالوا ءانت تجحد ربوبيّة فرعون الملك وتكفر بنعماه فقال حزقيل ايّها الملك هل جرّبت عليّ كذباً قطّ قال لا قال فسلهم من ربّهم قالوا فرعون هذا قال ومن خالقكم قالوا فرعون هذا قال ومن رازقكم الكافل لمعايشكم والدافع عنكم مكارهكم قالوا فرعون هذا قال حزقيل ايّها الملك فاشهدك وكلّ من حضرك انّ ربّهم هو ربّي وخالقهم هو خالقي ورازقهم هو رازقي ومصلح معايشهم هو مصلح معايشي لا ربّ لي ولا رازق غير ربّهم وخالقهم ورازقهم واشهدك ومن حضرك انّ كلّ ربّ ورازق وخالق سوى ربّهم وخالقهم و رازقهم فأنا بريء منه ومن ربوبيّته وكافر بآلهيّته يقول حزقيل هذا وهو يعني انّ ربّهم هو الله ربّي ولم يقل انّ الّذي قالوا انّه ربّهم هو ربّي وخفي هذا المعنى على فرعون ومن حضره وتوهّم وتوهّموا انّه يقول فرعون ربّي وخالقي ورازقي فقال لهم فرعون يا رجال السوء يا طلاّب الفساد في ملكي ومريدي الفتنة بيني وبين ابن عمّي وهو عضُدي انتم المستحقون لعذابي لارادتكم فساد امري واهلاك ابن عمّي والفت في عضدي ثمّ امر بالاوتاد فجعل في ساق كلّ واحد منهم وتد وفي صدره وتد ومرّ اصحاب امشاط الحديد فشقّوا بها لحومهم من ابدانهم فذلك ما قال الله تعالى { فَوَقَاهُ اللهُ سَيِّئَاتِ مَا مَكَرُوا } به لمّا وشوا به الى فرعون ليهلكوه وحاق بآل فرعون سوء العذاب وهم الذين وشوا بحزقيل اليه لمّا اوتد فيهم الاوتاد ومشط عن ابدانهم لحومها بالامشاط. { (46) النَّارُ يُعْرَضُونَ عَلَيْهَا غُدُوًّا وَعَشِيًّا }.  في المجمع عن الصادق عليه السلام ذلك في الدنيا قبل يوم القيامة لأنّ في نار القيامة لا يكون غدوّ وعشيّ ثم قال ان كانوا انّما يعذّبون في النار غدوًّا وعشيًّا فيما بين ذلك هم من السعداء لا ولكن هذا في نار البرزخ قبل يوم القيامة ألم تسمع قوله عزّ وجلّ ويوم تقوم الساعة الآية.  والقمّي قال عنى ذلك في الدنيا قبل يوم القيامة وذلك انّ في القيامة لا يكون غدوّ ولا عشاء لأنّ الغدوّ والعشاء انّما يكون في الشمس والقمر وليس في جنان الخلد ونيرانها شمس ولا قمر.  قال وسئل الصادق عليه السلام عن هذه الآية فقال ما يقول الناس فيها فقيل يقولون انّها في نار الخلد وهم لا يعذّبون فيما بين ذلك فقال فهم من السّعداء ثم قال انّما هذا في الدنيا وامّا في نار الخلد فهو قوله ويوم تقوم الساعة الآية.  وفي الكافي عنه عليه السلام انّ ارواح الكفار في نار جهنّم يعرضون عليها يقولون ربّنا لا تقم لنا الساعة ولا تنجز لنا ما وعدتنا ولا تلحق آخرنا بأوّلنا.  وعن الباقر عليه السلام انّ لله تعالى ناراً في المشرق خلقها ليسكنها ارواح الكفّار ويأكلون من زقّومها ويشربون من حميمها ليلهم فاذا طلع الفجر هاجت الى واد باليمن يقال له برهوت اشدّ حرًّا من نار الدنيا كانوا فيه يتلاقون ويتعارفون فاذا كان المساء عادوا الى النار فهم كذلك الى يوم القيامة.  وفي المجمع عن النبيّ صلّى الله عليه وآله قال انّ احدكم اذا مات عرض عليه مقعده بالغداة والعشيّ ان كان من أهل الجنّة فمن الجنة وان كان من اهل النار فمن النار يقال هذا مقعدك حتّى يبعثك الله يوم القيامة { وَيَوْمَ تَقُومُ السّاعَةُ أَدْخِلُوا آلَ فِرْعَوْنَ أَشَدَّ الْعَذَابِ } وقرئ ادخلوا بضمّتين.
40,47,{ (47) وَإِذْ يَتَحَاجُّونَ فِى النَّارِ فَيَقُولُ الضُّعَفَاءُ لِلَّذِينَ اسْتَكْبَرُوا إِنّا كُنّا لَكُمْ تَبَعًا فَهَلْ أَنْتُمْ مُغْنُونَ عَنّا نَصِيبًا مِنَ النّارِ } بالدفع او الحمل.  في مصباح المتهجّد في خطبة لأمير المؤمنين عليه السلام خطب بها يوم الغدير وقرأ فيها هذه الآية ثم افتدرون الاستكبار ما هو هو ترك الطّاعة لمن امروا بطاعته والترفّع على من ندبوا الى متابعته والقرآن ينطق من هذا عن كثير.  { (48) قَالَ الَّذِينَ اسْتَكْبَرُوا إِنّا كُلٌّ فِيهَا } نحن وانتم فكيف نغني عنكم ولو قدرنا لأغنينا عن انفسنا { إِنَّ اللهَ قَدْ حَكَمَ بَيْنَ الْعِبَادِ } ولا معقّب لحكمه.  { (49) وَقَالَ الَّذِينَ فِى النَّارِ لِخَزَنَةِ جَهَنَّمَ ادْعُوا رَبَّكُمْ يُخَفِّفُ عَنّا يَوْمًا مِنَ الْعَذَابِ }  { (50) قَالُوا أَوَلَمْ تَكُ تَأْتِيكُمْ رُسُلُكُمْ بِالْبَيِّنَاتِ } ارادوا به الزامهم الحجّة وتوبيخهم على اضاعتهم اوقات الدعاء وتعطيلهم أسباب الاجابة { قَالوا بَلَى قَالُوا فَادْعُوا } فانّا لا نجتري فيه اذ لم يؤذن لنا في الدّعاء لأمثالكم وفيه اقناط لهم عن الاجابة { وَمَا دُعَاءُ الْكَافِرِينَ إِلاّ فِى ضَلاَلٍ } في ضياع لايجاب.  { (51) إِنّا لَنَنْصُرُ رُسُلَنَا وَالَّذِينَ آمَنُوا فِى الْحَيَاةِ الدُّنْيَا وَيَوْمَ يَقُومُ الأَشْهَادُ }.  القمّي يعني الأئمة عليهم السلام.  وعن الصادق عليه السلام ذلك والله في الرجعة اما علمت انّ انبياء كثيرة لم ينصروا في الدنيا وقتلوا والأئمّة عليهم السلام من بعدهم قتلوا ولم ينصروا وذلك في الرجعة.  { (52) يَوْمَ لاَ يَنْفَعُ الظّالِمِينَ مَعْذِرَتُهُمْ } لبطلانها وقرئ بالتاء { وَلَهُمُ اللَّعْنَةُ } البعد من الرحمة { وَلَهُمْ سُوءُ الدّارِ } جهنّم.  { (53) وَلَقَدْ آتَيْنَا مُوسَى الْهُدَى } ما يهتدي به في الدّين من المعجزات والصحف والشرايع { وَأَوْرَثْنَا بَنِى إِسْرَائِيلَ الْكِتَابَ } وتركنا عليهم بعده من ذلك التوراة { هُدًى وَذِكْرًى } هداية وتذكرة { لأُولِى الأَلْبَابِ } لذوي العقول السّليمة.  { (55) فَاصْبِرْ } على اذى المشركين { إِنَّ وَعْدَ اللهِ حَقٌّ } بالنصر { وَاسْتَغْفِرْ لِذَنْبِكَ } لترك الاولى والاهتمام بأمر العدى { وَسَبِّحْ بِحَمْدِ رَبِّكَ بِالْعَشِىِّ وَالإِبْكَارِ }.  { (56) إِنَّ الَّذِينَ يُجَادِلُونَ فِى آيَاتِ اللهِ بِغَيْرِ سُلْطَانٍ أَتَاهُمْ } عامّ في كلّ مجادل مبطل وان نزلت في مشركي مكّة او اليهود على ما قيل { إِنْ فِى صُدُورِهِمْ إِلاّ كِبْرٌ } الاّ عظمة وتكبّر عن الحقّ { مَا هُمْ بِبَالِغِيهِ } ببالغي مقتضى تلك العظمة لأنّ الله مذلّهم { فَاسْتَعِذْ بِاللهِ } فالتجئ اليه { إِنَّهُ هُوَ السَّمِيعُ الْبَصِيرُ } لاقوالكم وافعالكم.
40,48,{ (47) وَإِذْ يَتَحَاجُّونَ فِى النَّارِ فَيَقُولُ الضُّعَفَاءُ لِلَّذِينَ اسْتَكْبَرُوا إِنّا كُنّا لَكُمْ تَبَعًا فَهَلْ أَنْتُمْ مُغْنُونَ عَنّا نَصِيبًا مِنَ النّارِ } بالدفع او الحمل.  في مصباح المتهجّد في خطبة لأمير المؤمنين عليه السلام خطب بها يوم الغدير وقرأ فيها هذه الآية ثم افتدرون الاستكبار ما هو هو ترك الطّاعة لمن امروا بطاعته والترفّع على من ندبوا الى متابعته والقرآن ينطق من هذا عن كثير.  { (48) قَالَ الَّذِينَ اسْتَكْبَرُوا إِنّا كُلٌّ فِيهَا } نحن وانتم فكيف نغني عنكم ولو قدرنا لأغنينا عن انفسنا { إِنَّ اللهَ قَدْ حَكَمَ بَيْنَ الْعِبَادِ } ولا معقّب لحكمه.  { (49) وَقَالَ الَّذِينَ فِى النَّارِ لِخَزَنَةِ جَهَنَّمَ ادْعُوا رَبَّكُمْ يُخَفِّفُ عَنّا يَوْمًا مِنَ الْعَذَابِ }  { (50) قَالُوا أَوَلَمْ تَكُ تَأْتِيكُمْ رُسُلُكُمْ بِالْبَيِّنَاتِ } ارادوا به الزامهم الحجّة وتوبيخهم على اضاعتهم اوقات الدعاء وتعطيلهم أسباب الاجابة { قَالوا بَلَى قَالُوا فَادْعُوا } فانّا لا نجتري فيه اذ لم يؤذن لنا في الدّعاء لأمثالكم وفيه اقناط لهم عن الاجابة { وَمَا دُعَاءُ الْكَافِرِينَ إِلاّ فِى ضَلاَلٍ } في ضياع لايجاب.  { (51) إِنّا لَنَنْصُرُ رُسُلَنَا وَالَّذِينَ آمَنُوا فِى الْحَيَاةِ الدُّنْيَا وَيَوْمَ يَقُومُ الأَشْهَادُ }.  القمّي يعني الأئمة عليهم السلام.  وعن الصادق عليه السلام ذلك والله في الرجعة اما علمت انّ انبياء كثيرة لم ينصروا في الدنيا وقتلوا والأئمّة عليهم السلام من بعدهم قتلوا ولم ينصروا وذلك في الرجعة.  { (52) يَوْمَ لاَ يَنْفَعُ الظّالِمِينَ مَعْذِرَتُهُمْ } لبطلانها وقرئ بالتاء { وَلَهُمُ اللَّعْنَةُ } البعد من الرحمة { وَلَهُمْ سُوءُ الدّارِ } جهنّم.  { (53) وَلَقَدْ آتَيْنَا مُوسَى الْهُدَى } ما يهتدي به في الدّين من المعجزات والصحف والشرايع { وَأَوْرَثْنَا بَنِى إِسْرَائِيلَ الْكِتَابَ } وتركنا عليهم بعده من ذلك التوراة { هُدًى وَذِكْرًى } هداية وتذكرة { لأُولِى الأَلْبَابِ } لذوي العقول السّليمة.  { (55) فَاصْبِرْ } على اذى المشركين { إِنَّ وَعْدَ اللهِ حَقٌّ } بالنصر { وَاسْتَغْفِرْ لِذَنْبِكَ } لترك الاولى والاهتمام بأمر العدى { وَسَبِّحْ بِحَمْدِ رَبِّكَ بِالْعَشِىِّ وَالإِبْكَارِ }.  { (56) إِنَّ الَّذِينَ يُجَادِلُونَ فِى آيَاتِ اللهِ بِغَيْرِ سُلْطَانٍ أَتَاهُمْ } عامّ في كلّ مجادل مبطل وان نزلت في مشركي مكّة او اليهود على ما قيل { إِنْ فِى صُدُورِهِمْ إِلاّ كِبْرٌ } الاّ عظمة وتكبّر عن الحقّ { مَا هُمْ بِبَالِغِيهِ } ببالغي مقتضى تلك العظمة لأنّ الله مذلّهم { فَاسْتَعِذْ بِاللهِ } فالتجئ اليه { إِنَّهُ هُوَ السَّمِيعُ الْبَصِيرُ } لاقوالكم وافعالكم.
40,49,{ (47) وَإِذْ يَتَحَاجُّونَ فِى النَّارِ فَيَقُولُ الضُّعَفَاءُ لِلَّذِينَ اسْتَكْبَرُوا إِنّا كُنّا لَكُمْ تَبَعًا فَهَلْ أَنْتُمْ مُغْنُونَ عَنّا نَصِيبًا مِنَ النّارِ } بالدفع او الحمل.  في مصباح المتهجّد في خطبة لأمير المؤمنين عليه السلام خطب بها يوم الغدير وقرأ فيها هذه الآية ثم افتدرون الاستكبار ما هو هو ترك الطّاعة لمن امروا بطاعته والترفّع على من ندبوا الى متابعته والقرآن ينطق من هذا عن كثير.  { (48) قَالَ الَّذِينَ اسْتَكْبَرُوا إِنّا كُلٌّ فِيهَا } نحن وانتم فكيف نغني عنكم ولو قدرنا لأغنينا عن انفسنا { إِنَّ اللهَ قَدْ حَكَمَ بَيْنَ الْعِبَادِ } ولا معقّب لحكمه.  { (49) وَقَالَ الَّذِينَ فِى النَّارِ لِخَزَنَةِ جَهَنَّمَ ادْعُوا رَبَّكُمْ يُخَفِّفُ عَنّا يَوْمًا مِنَ الْعَذَابِ }  { (50) قَالُوا أَوَلَمْ تَكُ تَأْتِيكُمْ رُسُلُكُمْ بِالْبَيِّنَاتِ } ارادوا به الزامهم الحجّة وتوبيخهم على اضاعتهم اوقات الدعاء وتعطيلهم أسباب الاجابة { قَالوا بَلَى قَالُوا فَادْعُوا } فانّا لا نجتري فيه اذ لم يؤذن لنا في الدّعاء لأمثالكم وفيه اقناط لهم عن الاجابة { وَمَا دُعَاءُ الْكَافِرِينَ إِلاّ فِى ضَلاَلٍ } في ضياع لايجاب.  { (51) إِنّا لَنَنْصُرُ رُسُلَنَا وَالَّذِينَ آمَنُوا فِى الْحَيَاةِ الدُّنْيَا وَيَوْمَ يَقُومُ الأَشْهَادُ }.  القمّي يعني الأئمة عليهم السلام.  وعن الصادق عليه السلام ذلك والله في الرجعة اما علمت انّ انبياء كثيرة لم ينصروا في الدنيا وقتلوا والأئمّة عليهم السلام من بعدهم قتلوا ولم ينصروا وذلك في الرجعة.  { (52) يَوْمَ لاَ يَنْفَعُ الظّالِمِينَ مَعْذِرَتُهُمْ } لبطلانها وقرئ بالتاء { وَلَهُمُ اللَّعْنَةُ } البعد من الرحمة { وَلَهُمْ سُوءُ الدّارِ } جهنّم.  { (53) وَلَقَدْ آتَيْنَا مُوسَى الْهُدَى } ما يهتدي به في الدّين من المعجزات والصحف والشرايع { وَأَوْرَثْنَا بَنِى إِسْرَائِيلَ الْكِتَابَ } وتركنا عليهم بعده من ذلك التوراة { هُدًى وَذِكْرًى } هداية وتذكرة { لأُولِى الأَلْبَابِ } لذوي العقول السّليمة.  { (55) فَاصْبِرْ } على اذى المشركين { إِنَّ وَعْدَ اللهِ حَقٌّ } بالنصر { وَاسْتَغْفِرْ لِذَنْبِكَ } لترك الاولى والاهتمام بأمر العدى { وَسَبِّحْ بِحَمْدِ رَبِّكَ بِالْعَشِىِّ وَالإِبْكَارِ }.  { (56) إِنَّ الَّذِينَ يُجَادِلُونَ فِى آيَاتِ اللهِ بِغَيْرِ سُلْطَانٍ أَتَاهُمْ } عامّ في كلّ مجادل مبطل وان نزلت في مشركي مكّة او اليهود على ما قيل { إِنْ فِى صُدُورِهِمْ إِلاّ كِبْرٌ } الاّ عظمة وتكبّر عن الحقّ { مَا هُمْ بِبَالِغِيهِ } ببالغي مقتضى تلك العظمة لأنّ الله مذلّهم { فَاسْتَعِذْ بِاللهِ } فالتجئ اليه { إِنَّهُ هُوَ السَّمِيعُ الْبَصِيرُ } لاقوالكم وافعالكم.
40,50,{ (47) وَإِذْ يَتَحَاجُّونَ فِى النَّارِ فَيَقُولُ الضُّعَفَاءُ لِلَّذِينَ اسْتَكْبَرُوا إِنّا كُنّا لَكُمْ تَبَعًا فَهَلْ أَنْتُمْ مُغْنُونَ عَنّا نَصِيبًا مِنَ النّارِ } بالدفع او الحمل.  في مصباح المتهجّد في خطبة لأمير المؤمنين عليه السلام خطب بها يوم الغدير وقرأ فيها هذه الآية ثم افتدرون الاستكبار ما هو هو ترك الطّاعة لمن امروا بطاعته والترفّع على من ندبوا الى متابعته والقرآن ينطق من هذا عن كثير.  { (48) قَالَ الَّذِينَ اسْتَكْبَرُوا إِنّا كُلٌّ فِيهَا } نحن وانتم فكيف نغني عنكم ولو قدرنا لأغنينا عن انفسنا { إِنَّ اللهَ قَدْ حَكَمَ بَيْنَ الْعِبَادِ } ولا معقّب لحكمه.  { (49) وَقَالَ الَّذِينَ فِى النَّارِ لِخَزَنَةِ جَهَنَّمَ ادْعُوا رَبَّكُمْ يُخَفِّفُ عَنّا يَوْمًا مِنَ الْعَذَابِ }  { (50) قَالُوا أَوَلَمْ تَكُ تَأْتِيكُمْ رُسُلُكُمْ بِالْبَيِّنَاتِ } ارادوا به الزامهم الحجّة وتوبيخهم على اضاعتهم اوقات الدعاء وتعطيلهم أسباب الاجابة { قَالوا بَلَى قَالُوا فَادْعُوا } فانّا لا نجتري فيه اذ لم يؤذن لنا في الدّعاء لأمثالكم وفيه اقناط لهم عن الاجابة { وَمَا دُعَاءُ الْكَافِرِينَ إِلاّ فِى ضَلاَلٍ } في ضياع لايجاب.  { (51) إِنّا لَنَنْصُرُ رُسُلَنَا وَالَّذِينَ آمَنُوا فِى الْحَيَاةِ الدُّنْيَا وَيَوْمَ يَقُومُ الأَشْهَادُ }.  القمّي يعني الأئمة عليهم السلام.  وعن الصادق عليه السلام ذلك والله في الرجعة اما علمت انّ انبياء كثيرة لم ينصروا في الدنيا وقتلوا والأئمّة عليهم السلام من بعدهم قتلوا ولم ينصروا وذلك في الرجعة.  { (52) يَوْمَ لاَ يَنْفَعُ الظّالِمِينَ مَعْذِرَتُهُمْ } لبطلانها وقرئ بالتاء { وَلَهُمُ اللَّعْنَةُ } البعد من الرحمة { وَلَهُمْ سُوءُ الدّارِ } جهنّم.  { (53) وَلَقَدْ آتَيْنَا مُوسَى الْهُدَى } ما يهتدي به في الدّين من المعجزات والصحف والشرايع { وَأَوْرَثْنَا بَنِى إِسْرَائِيلَ الْكِتَابَ } وتركنا عليهم بعده من ذلك التوراة { هُدًى وَذِكْرًى } هداية وتذكرة { لأُولِى الأَلْبَابِ } لذوي العقول السّليمة.  { (55) فَاصْبِرْ } على اذى المشركين { إِنَّ وَعْدَ اللهِ حَقٌّ } بالنصر { وَاسْتَغْفِرْ لِذَنْبِكَ } لترك الاولى والاهتمام بأمر العدى { وَسَبِّحْ بِحَمْدِ رَبِّكَ بِالْعَشِىِّ وَالإِبْكَارِ }.  { (56) إِنَّ الَّذِينَ يُجَادِلُونَ فِى آيَاتِ اللهِ بِغَيْرِ سُلْطَانٍ أَتَاهُمْ } عامّ في كلّ مجادل مبطل وان نزلت في مشركي مكّة او اليهود على ما قيل { إِنْ فِى صُدُورِهِمْ إِلاّ كِبْرٌ } الاّ عظمة وتكبّر عن الحقّ { مَا هُمْ بِبَالِغِيهِ } ببالغي مقتضى تلك العظمة لأنّ الله مذلّهم { فَاسْتَعِذْ بِاللهِ } فالتجئ اليه { إِنَّهُ هُوَ السَّمِيعُ الْبَصِيرُ } لاقوالكم وافعالكم.
40,51,{ (47) وَإِذْ يَتَحَاجُّونَ فِى النَّارِ فَيَقُولُ الضُّعَفَاءُ لِلَّذِينَ اسْتَكْبَرُوا إِنّا كُنّا لَكُمْ تَبَعًا فَهَلْ أَنْتُمْ مُغْنُونَ عَنّا نَصِيبًا مِنَ النّارِ } بالدفع او الحمل.  في مصباح المتهجّد في خطبة لأمير المؤمنين عليه السلام خطب بها يوم الغدير وقرأ فيها هذه الآية ثم افتدرون الاستكبار ما هو هو ترك الطّاعة لمن امروا بطاعته والترفّع على من ندبوا الى متابعته والقرآن ينطق من هذا عن كثير.  { (48) قَالَ الَّذِينَ اسْتَكْبَرُوا إِنّا كُلٌّ فِيهَا } نحن وانتم فكيف نغني عنكم ولو قدرنا لأغنينا عن انفسنا { إِنَّ اللهَ قَدْ حَكَمَ بَيْنَ الْعِبَادِ } ولا معقّب لحكمه.  { (49) وَقَالَ الَّذِينَ فِى النَّارِ لِخَزَنَةِ جَهَنَّمَ ادْعُوا رَبَّكُمْ يُخَفِّفُ عَنّا يَوْمًا مِنَ الْعَذَابِ }  { (50) قَالُوا أَوَلَمْ تَكُ تَأْتِيكُمْ رُسُلُكُمْ بِالْبَيِّنَاتِ } ارادوا به الزامهم الحجّة وتوبيخهم على اضاعتهم اوقات الدعاء وتعطيلهم أسباب الاجابة { قَالوا بَلَى قَالُوا فَادْعُوا } فانّا لا نجتري فيه اذ لم يؤذن لنا في الدّعاء لأمثالكم وفيه اقناط لهم عن الاجابة { وَمَا دُعَاءُ الْكَافِرِينَ إِلاّ فِى ضَلاَلٍ } في ضياع لايجاب.  { (51) إِنّا لَنَنْصُرُ رُسُلَنَا وَالَّذِينَ آمَنُوا فِى الْحَيَاةِ الدُّنْيَا وَيَوْمَ يَقُومُ الأَشْهَادُ }.  القمّي يعني الأئمة عليهم السلام.  وعن الصادق عليه السلام ذلك والله في الرجعة اما علمت انّ انبياء كثيرة لم ينصروا في الدنيا وقتلوا والأئمّة عليهم السلام من بعدهم قتلوا ولم ينصروا وذلك في الرجعة.  { (52) يَوْمَ لاَ يَنْفَعُ الظّالِمِينَ مَعْذِرَتُهُمْ } لبطلانها وقرئ بالتاء { وَلَهُمُ اللَّعْنَةُ } البعد من الرحمة { وَلَهُمْ سُوءُ الدّارِ } جهنّم.  { (53) وَلَقَدْ آتَيْنَا مُوسَى الْهُدَى } ما يهتدي به في الدّين من المعجزات والصحف والشرايع { وَأَوْرَثْنَا بَنِى إِسْرَائِيلَ الْكِتَابَ } وتركنا عليهم بعده من ذلك التوراة { هُدًى وَذِكْرًى } هداية وتذكرة { لأُولِى الأَلْبَابِ } لذوي العقول السّليمة.  { (55) فَاصْبِرْ } على اذى المشركين { إِنَّ وَعْدَ اللهِ حَقٌّ } بالنصر { وَاسْتَغْفِرْ لِذَنْبِكَ } لترك الاولى والاهتمام بأمر العدى { وَسَبِّحْ بِحَمْدِ رَبِّكَ بِالْعَشِىِّ وَالإِبْكَارِ }.  { (56) إِنَّ الَّذِينَ يُجَادِلُونَ فِى آيَاتِ اللهِ بِغَيْرِ سُلْطَانٍ أَتَاهُمْ } عامّ في كلّ مجادل مبطل وان نزلت في مشركي مكّة او اليهود على ما قيل { إِنْ فِى صُدُورِهِمْ إِلاّ كِبْرٌ } الاّ عظمة وتكبّر عن الحقّ { مَا هُمْ بِبَالِغِيهِ } ببالغي مقتضى تلك العظمة لأنّ الله مذلّهم { فَاسْتَعِذْ بِاللهِ } فالتجئ اليه { إِنَّهُ هُوَ السَّمِيعُ الْبَصِيرُ } لاقوالكم وافعالكم.
40,52,{ (47) وَإِذْ يَتَحَاجُّونَ فِى النَّارِ فَيَقُولُ الضُّعَفَاءُ لِلَّذِينَ اسْتَكْبَرُوا إِنّا كُنّا لَكُمْ تَبَعًا فَهَلْ أَنْتُمْ مُغْنُونَ عَنّا نَصِيبًا مِنَ النّارِ } بالدفع او الحمل.  في مصباح المتهجّد في خطبة لأمير المؤمنين عليه السلام خطب بها يوم الغدير وقرأ فيها هذه الآية ثم افتدرون الاستكبار ما هو هو ترك الطّاعة لمن امروا بطاعته والترفّع على من ندبوا الى متابعته والقرآن ينطق من هذا عن كثير.  { (48) قَالَ الَّذِينَ اسْتَكْبَرُوا إِنّا كُلٌّ فِيهَا } نحن وانتم فكيف نغني عنكم ولو قدرنا لأغنينا عن انفسنا { إِنَّ اللهَ قَدْ حَكَمَ بَيْنَ الْعِبَادِ } ولا معقّب لحكمه.  { (49) وَقَالَ الَّذِينَ فِى النَّارِ لِخَزَنَةِ جَهَنَّمَ ادْعُوا رَبَّكُمْ يُخَفِّفُ عَنّا يَوْمًا مِنَ الْعَذَابِ }  { (50) قَالُوا أَوَلَمْ تَكُ تَأْتِيكُمْ رُسُلُكُمْ بِالْبَيِّنَاتِ } ارادوا به الزامهم الحجّة وتوبيخهم على اضاعتهم اوقات الدعاء وتعطيلهم أسباب الاجابة { قَالوا بَلَى قَالُوا فَادْعُوا } فانّا لا نجتري فيه اذ لم يؤذن لنا في الدّعاء لأمثالكم وفيه اقناط لهم عن الاجابة { وَمَا دُعَاءُ الْكَافِرِينَ إِلاّ فِى ضَلاَلٍ } في ضياع لايجاب.  { (51) إِنّا لَنَنْصُرُ رُسُلَنَا وَالَّذِينَ آمَنُوا فِى الْحَيَاةِ الدُّنْيَا وَيَوْمَ يَقُومُ الأَشْهَادُ }.  القمّي يعني الأئمة عليهم السلام.  وعن الصادق عليه السلام ذلك والله في الرجعة اما علمت انّ انبياء كثيرة لم ينصروا في الدنيا وقتلوا والأئمّة عليهم السلام من بعدهم قتلوا ولم ينصروا وذلك في الرجعة.  { (52) يَوْمَ لاَ يَنْفَعُ الظّالِمِينَ مَعْذِرَتُهُمْ } لبطلانها وقرئ بالتاء { وَلَهُمُ اللَّعْنَةُ } البعد من الرحمة { وَلَهُمْ سُوءُ الدّارِ } جهنّم.  { (53) وَلَقَدْ آتَيْنَا مُوسَى الْهُدَى } ما يهتدي به في الدّين من المعجزات والصحف والشرايع { وَأَوْرَثْنَا بَنِى إِسْرَائِيلَ الْكِتَابَ } وتركنا عليهم بعده من ذلك التوراة { هُدًى وَذِكْرًى } هداية وتذكرة { لأُولِى الأَلْبَابِ } لذوي العقول السّليمة.  { (55) فَاصْبِرْ } على اذى المشركين { إِنَّ وَعْدَ اللهِ حَقٌّ } بالنصر { وَاسْتَغْفِرْ لِذَنْبِكَ } لترك الاولى والاهتمام بأمر العدى { وَسَبِّحْ بِحَمْدِ رَبِّكَ بِالْعَشِىِّ وَالإِبْكَارِ }.  { (56) إِنَّ الَّذِينَ يُجَادِلُونَ فِى آيَاتِ اللهِ بِغَيْرِ سُلْطَانٍ أَتَاهُمْ } عامّ في كلّ مجادل مبطل وان نزلت في مشركي مكّة او اليهود على ما قيل { إِنْ فِى صُدُورِهِمْ إِلاّ كِبْرٌ } الاّ عظمة وتكبّر عن الحقّ { مَا هُمْ بِبَالِغِيهِ } ببالغي مقتضى تلك العظمة لأنّ الله مذلّهم { فَاسْتَعِذْ بِاللهِ } فالتجئ اليه { إِنَّهُ هُوَ السَّمِيعُ الْبَصِيرُ } لاقوالكم وافعالكم.
40,53,{ (47) وَإِذْ يَتَحَاجُّونَ فِى النَّارِ فَيَقُولُ الضُّعَفَاءُ لِلَّذِينَ اسْتَكْبَرُوا إِنّا كُنّا لَكُمْ تَبَعًا فَهَلْ أَنْتُمْ مُغْنُونَ عَنّا نَصِيبًا مِنَ النّارِ } بالدفع او الحمل.  في مصباح المتهجّد في خطبة لأمير المؤمنين عليه السلام خطب بها يوم الغدير وقرأ فيها هذه الآية ثم افتدرون الاستكبار ما هو هو ترك الطّاعة لمن امروا بطاعته والترفّع على من ندبوا الى متابعته والقرآن ينطق من هذا عن كثير.  { (48) قَالَ الَّذِينَ اسْتَكْبَرُوا إِنّا كُلٌّ فِيهَا } نحن وانتم فكيف نغني عنكم ولو قدرنا لأغنينا عن انفسنا { إِنَّ اللهَ قَدْ حَكَمَ بَيْنَ الْعِبَادِ } ولا معقّب لحكمه.  { (49) وَقَالَ الَّذِينَ فِى النَّارِ لِخَزَنَةِ جَهَنَّمَ ادْعُوا رَبَّكُمْ يُخَفِّفُ عَنّا يَوْمًا مِنَ الْعَذَابِ }  { (50) قَالُوا أَوَلَمْ تَكُ تَأْتِيكُمْ رُسُلُكُمْ بِالْبَيِّنَاتِ } ارادوا به الزامهم الحجّة وتوبيخهم على اضاعتهم اوقات الدعاء وتعطيلهم أسباب الاجابة { قَالوا بَلَى قَالُوا فَادْعُوا } فانّا لا نجتري فيه اذ لم يؤذن لنا في الدّعاء لأمثالكم وفيه اقناط لهم عن الاجابة { وَمَا دُعَاءُ الْكَافِرِينَ إِلاّ فِى ضَلاَلٍ } في ضياع لايجاب.  { (51) إِنّا لَنَنْصُرُ رُسُلَنَا وَالَّذِينَ آمَنُوا فِى الْحَيَاةِ الدُّنْيَا وَيَوْمَ يَقُومُ الأَشْهَادُ }.  القمّي يعني الأئمة عليهم السلام.  وعن الصادق عليه السلام ذلك والله في الرجعة اما علمت انّ انبياء كثيرة لم ينصروا في الدنيا وقتلوا والأئمّة عليهم السلام من بعدهم قتلوا ولم ينصروا وذلك في الرجعة.  { (52) يَوْمَ لاَ يَنْفَعُ الظّالِمِينَ مَعْذِرَتُهُمْ } لبطلانها وقرئ بالتاء { وَلَهُمُ اللَّعْنَةُ } البعد من الرحمة { وَلَهُمْ سُوءُ الدّارِ } جهنّم.  { (53) وَلَقَدْ آتَيْنَا مُوسَى الْهُدَى } ما يهتدي به في الدّين من المعجزات والصحف والشرايع { وَأَوْرَثْنَا بَنِى إِسْرَائِيلَ الْكِتَابَ } وتركنا عليهم بعده من ذلك التوراة { هُدًى وَذِكْرًى } هداية وتذكرة { لأُولِى الأَلْبَابِ } لذوي العقول السّليمة.  { (55) فَاصْبِرْ } على اذى المشركين { إِنَّ وَعْدَ اللهِ حَقٌّ } بالنصر { وَاسْتَغْفِرْ لِذَنْبِكَ } لترك الاولى والاهتمام بأمر العدى { وَسَبِّحْ بِحَمْدِ رَبِّكَ بِالْعَشِىِّ وَالإِبْكَارِ }.  { (56) إِنَّ الَّذِينَ يُجَادِلُونَ فِى آيَاتِ اللهِ بِغَيْرِ سُلْطَانٍ أَتَاهُمْ } عامّ في كلّ مجادل مبطل وان نزلت في مشركي مكّة او اليهود على ما قيل { إِنْ فِى صُدُورِهِمْ إِلاّ كِبْرٌ } الاّ عظمة وتكبّر عن الحقّ { مَا هُمْ بِبَالِغِيهِ } ببالغي مقتضى تلك العظمة لأنّ الله مذلّهم { فَاسْتَعِذْ بِاللهِ } فالتجئ اليه { إِنَّهُ هُوَ السَّمِيعُ الْبَصِيرُ } لاقوالكم وافعالكم.
40,54,{ (47) وَإِذْ يَتَحَاجُّونَ فِى النَّارِ فَيَقُولُ الضُّعَفَاءُ لِلَّذِينَ اسْتَكْبَرُوا إِنّا كُنّا لَكُمْ تَبَعًا فَهَلْ أَنْتُمْ مُغْنُونَ عَنّا نَصِيبًا مِنَ النّارِ } بالدفع او الحمل.  في مصباح المتهجّد في خطبة لأمير المؤمنين عليه السلام خطب بها يوم الغدير وقرأ فيها هذه الآية ثم افتدرون الاستكبار ما هو هو ترك الطّاعة لمن امروا بطاعته والترفّع على من ندبوا الى متابعته والقرآن ينطق من هذا عن كثير.  { (48) قَالَ الَّذِينَ اسْتَكْبَرُوا إِنّا كُلٌّ فِيهَا } نحن وانتم فكيف نغني عنكم ولو قدرنا لأغنينا عن انفسنا { إِنَّ اللهَ قَدْ حَكَمَ بَيْنَ الْعِبَادِ } ولا معقّب لحكمه.  { (49) وَقَالَ الَّذِينَ فِى النَّارِ لِخَزَنَةِ جَهَنَّمَ ادْعُوا رَبَّكُمْ يُخَفِّفُ عَنّا يَوْمًا مِنَ الْعَذَابِ }  { (50) قَالُوا أَوَلَمْ تَكُ تَأْتِيكُمْ رُسُلُكُمْ بِالْبَيِّنَاتِ } ارادوا به الزامهم الحجّة وتوبيخهم على اضاعتهم اوقات الدعاء وتعطيلهم أسباب الاجابة { قَالوا بَلَى قَالُوا فَادْعُوا } فانّا لا نجتري فيه اذ لم يؤذن لنا في الدّعاء لأمثالكم وفيه اقناط لهم عن الاجابة { وَمَا دُعَاءُ الْكَافِرِينَ إِلاّ فِى ضَلاَلٍ } في ضياع لايجاب.  { (51) إِنّا لَنَنْصُرُ رُسُلَنَا وَالَّذِينَ آمَنُوا فِى الْحَيَاةِ الدُّنْيَا وَيَوْمَ يَقُومُ الأَشْهَادُ }.  القمّي يعني الأئمة عليهم السلام.  وعن الصادق عليه السلام ذلك والله في الرجعة اما علمت انّ انبياء كثيرة لم ينصروا في الدنيا وقتلوا والأئمّة عليهم السلام من بعدهم قتلوا ولم ينصروا وذلك في الرجعة.  { (52) يَوْمَ لاَ يَنْفَعُ الظّالِمِينَ مَعْذِرَتُهُمْ } لبطلانها وقرئ بالتاء { وَلَهُمُ اللَّعْنَةُ } البعد من الرحمة { وَلَهُمْ سُوءُ الدّارِ } جهنّم.  { (53) وَلَقَدْ آتَيْنَا مُوسَى الْهُدَى } ما يهتدي به في الدّين من المعجزات والصحف والشرايع { وَأَوْرَثْنَا بَنِى إِسْرَائِيلَ الْكِتَابَ } وتركنا عليهم بعده من ذلك التوراة { هُدًى وَذِكْرًى } هداية وتذكرة { لأُولِى الأَلْبَابِ } لذوي العقول السّليمة.  { (55) فَاصْبِرْ } على اذى المشركين { إِنَّ وَعْدَ اللهِ حَقٌّ } بالنصر { وَاسْتَغْفِرْ لِذَنْبِكَ } لترك الاولى والاهتمام بأمر العدى { وَسَبِّحْ بِحَمْدِ رَبِّكَ بِالْعَشِىِّ وَالإِبْكَارِ }.  { (56) إِنَّ الَّذِينَ يُجَادِلُونَ فِى آيَاتِ اللهِ بِغَيْرِ سُلْطَانٍ أَتَاهُمْ } عامّ في كلّ مجادل مبطل وان نزلت في مشركي مكّة او اليهود على ما قيل { إِنْ فِى صُدُورِهِمْ إِلاّ كِبْرٌ } الاّ عظمة وتكبّر عن الحقّ { مَا هُمْ بِبَالِغِيهِ } ببالغي مقتضى تلك العظمة لأنّ الله مذلّهم { فَاسْتَعِذْ بِاللهِ } فالتجئ اليه { إِنَّهُ هُوَ السَّمِيعُ الْبَصِيرُ } لاقوالكم وافعالكم.
40,55,{ (47) وَإِذْ يَتَحَاجُّونَ فِى النَّارِ فَيَقُولُ الضُّعَفَاءُ لِلَّذِينَ اسْتَكْبَرُوا إِنّا كُنّا لَكُمْ تَبَعًا فَهَلْ أَنْتُمْ مُغْنُونَ عَنّا نَصِيبًا مِنَ النّارِ } بالدفع او الحمل.  في مصباح المتهجّد في خطبة لأمير المؤمنين عليه السلام خطب بها يوم الغدير وقرأ فيها هذه الآية ثم افتدرون الاستكبار ما هو هو ترك الطّاعة لمن امروا بطاعته والترفّع على من ندبوا الى متابعته والقرآن ينطق من هذا عن كثير.  { (48) قَالَ الَّذِينَ اسْتَكْبَرُوا إِنّا كُلٌّ فِيهَا } نحن وانتم فكيف نغني عنكم ولو قدرنا لأغنينا عن انفسنا { إِنَّ اللهَ قَدْ حَكَمَ بَيْنَ الْعِبَادِ } ولا معقّب لحكمه.  { (49) وَقَالَ الَّذِينَ فِى النَّارِ لِخَزَنَةِ جَهَنَّمَ ادْعُوا رَبَّكُمْ يُخَفِّفُ عَنّا يَوْمًا مِنَ الْعَذَابِ }  { (50) قَالُوا أَوَلَمْ تَكُ تَأْتِيكُمْ رُسُلُكُمْ بِالْبَيِّنَاتِ } ارادوا به الزامهم الحجّة وتوبيخهم على اضاعتهم اوقات الدعاء وتعطيلهم أسباب الاجابة { قَالوا بَلَى قَالُوا فَادْعُوا } فانّا لا نجتري فيه اذ لم يؤذن لنا في الدّعاء لأمثالكم وفيه اقناط لهم عن الاجابة { وَمَا دُعَاءُ الْكَافِرِينَ إِلاّ فِى ضَلاَلٍ } في ضياع لايجاب.  { (51) إِنّا لَنَنْصُرُ رُسُلَنَا وَالَّذِينَ آمَنُوا فِى الْحَيَاةِ الدُّنْيَا وَيَوْمَ يَقُومُ الأَشْهَادُ }.  القمّي يعني الأئمة عليهم السلام.  وعن الصادق عليه السلام ذلك والله في الرجعة اما علمت انّ انبياء كثيرة لم ينصروا في الدنيا وقتلوا والأئمّة عليهم السلام من بعدهم قتلوا ولم ينصروا وذلك في الرجعة.  { (52) يَوْمَ لاَ يَنْفَعُ الظّالِمِينَ مَعْذِرَتُهُمْ } لبطلانها وقرئ بالتاء { وَلَهُمُ اللَّعْنَةُ } البعد من الرحمة { وَلَهُمْ سُوءُ الدّارِ } جهنّم.  { (53) وَلَقَدْ آتَيْنَا مُوسَى الْهُدَى } ما يهتدي به في الدّين من المعجزات والصحف والشرايع { وَأَوْرَثْنَا بَنِى إِسْرَائِيلَ الْكِتَابَ } وتركنا عليهم بعده من ذلك التوراة { هُدًى وَذِكْرًى } هداية وتذكرة { لأُولِى الأَلْبَابِ } لذوي العقول السّليمة.  { (55) فَاصْبِرْ } على اذى المشركين { إِنَّ وَعْدَ اللهِ حَقٌّ } بالنصر { وَاسْتَغْفِرْ لِذَنْبِكَ } لترك الاولى والاهتمام بأمر العدى { وَسَبِّحْ بِحَمْدِ رَبِّكَ بِالْعَشِىِّ وَالإِبْكَارِ }.  { (56) إِنَّ الَّذِينَ يُجَادِلُونَ فِى آيَاتِ اللهِ بِغَيْرِ سُلْطَانٍ أَتَاهُمْ } عامّ في كلّ مجادل مبطل وان نزلت في مشركي مكّة او اليهود على ما قيل { إِنْ فِى صُدُورِهِمْ إِلاّ كِبْرٌ } الاّ عظمة وتكبّر عن الحقّ { مَا هُمْ بِبَالِغِيهِ } ببالغي مقتضى تلك العظمة لأنّ الله مذلّهم { فَاسْتَعِذْ بِاللهِ } فالتجئ اليه { إِنَّهُ هُوَ السَّمِيعُ الْبَصِيرُ } لاقوالكم وافعالكم.
40,56,{ (47) وَإِذْ يَتَحَاجُّونَ فِى النَّارِ فَيَقُولُ الضُّعَفَاءُ لِلَّذِينَ اسْتَكْبَرُوا إِنّا كُنّا لَكُمْ تَبَعًا فَهَلْ أَنْتُمْ مُغْنُونَ عَنّا نَصِيبًا مِنَ النّارِ } بالدفع او الحمل.  في مصباح المتهجّد في خطبة لأمير المؤمنين عليه السلام خطب بها يوم الغدير وقرأ فيها هذه الآية ثم افتدرون الاستكبار ما هو هو ترك الطّاعة لمن امروا بطاعته والترفّع على من ندبوا الى متابعته والقرآن ينطق من هذا عن كثير.  { (48) قَالَ الَّذِينَ اسْتَكْبَرُوا إِنّا كُلٌّ فِيهَا } نحن وانتم فكيف نغني عنكم ولو قدرنا لأغنينا عن انفسنا { إِنَّ اللهَ قَدْ حَكَمَ بَيْنَ الْعِبَادِ } ولا معقّب لحكمه.  { (49) وَقَالَ الَّذِينَ فِى النَّارِ لِخَزَنَةِ جَهَنَّمَ ادْعُوا رَبَّكُمْ يُخَفِّفُ عَنّا يَوْمًا مِنَ الْعَذَابِ }  { (50) قَالُوا أَوَلَمْ تَكُ تَأْتِيكُمْ رُسُلُكُمْ بِالْبَيِّنَاتِ } ارادوا به الزامهم الحجّة وتوبيخهم على اضاعتهم اوقات الدعاء وتعطيلهم أسباب الاجابة { قَالوا بَلَى قَالُوا فَادْعُوا } فانّا لا نجتري فيه اذ لم يؤذن لنا في الدّعاء لأمثالكم وفيه اقناط لهم عن الاجابة { وَمَا دُعَاءُ الْكَافِرِينَ إِلاّ فِى ضَلاَلٍ } في ضياع لايجاب.  { (51) إِنّا لَنَنْصُرُ رُسُلَنَا وَالَّذِينَ آمَنُوا فِى الْحَيَاةِ الدُّنْيَا وَيَوْمَ يَقُومُ الأَشْهَادُ }.  القمّي يعني الأئمة عليهم السلام.  وعن الصادق عليه السلام ذلك والله في الرجعة اما علمت انّ انبياء كثيرة لم ينصروا في الدنيا وقتلوا والأئمّة عليهم السلام من بعدهم قتلوا ولم ينصروا وذلك في الرجعة.  { (52) يَوْمَ لاَ يَنْفَعُ الظّالِمِينَ مَعْذِرَتُهُمْ } لبطلانها وقرئ بالتاء { وَلَهُمُ اللَّعْنَةُ } البعد من الرحمة { وَلَهُمْ سُوءُ الدّارِ } جهنّم.  { (53) وَلَقَدْ آتَيْنَا مُوسَى الْهُدَى } ما يهتدي به في الدّين من المعجزات والصحف والشرايع { وَأَوْرَثْنَا بَنِى إِسْرَائِيلَ الْكِتَابَ } وتركنا عليهم بعده من ذلك التوراة { هُدًى وَذِكْرًى } هداية وتذكرة { لأُولِى الأَلْبَابِ } لذوي العقول السّليمة.  { (55) فَاصْبِرْ } على اذى المشركين { إِنَّ وَعْدَ اللهِ حَقٌّ } بالنصر { وَاسْتَغْفِرْ لِذَنْبِكَ } لترك الاولى والاهتمام بأمر العدى { وَسَبِّحْ بِحَمْدِ رَبِّكَ بِالْعَشِىِّ وَالإِبْكَارِ }.  { (56) إِنَّ الَّذِينَ يُجَادِلُونَ فِى آيَاتِ اللهِ بِغَيْرِ سُلْطَانٍ أَتَاهُمْ } عامّ في كلّ مجادل مبطل وان نزلت في مشركي مكّة او اليهود على ما قيل { إِنْ فِى صُدُورِهِمْ إِلاّ كِبْرٌ } الاّ عظمة وتكبّر عن الحقّ { مَا هُمْ بِبَالِغِيهِ } ببالغي مقتضى تلك العظمة لأنّ الله مذلّهم { فَاسْتَعِذْ بِاللهِ } فالتجئ اليه { إِنَّهُ هُوَ السَّمِيعُ الْبَصِيرُ } لاقوالكم وافعالكم.
40,57,{ (57) لَخَلْقُ السَّمَاوَاتِ وَالأَرْضِ أَكْبَرُ مِنْ خَلْقِ النّاسِ } فمن قدر على خلقها اوّلا من غير اصل قدر على خلق الناس ثانياً من اصل كذا قيل { وَلَكِنَّ أَكْثَرَ النَّاسِ لاَ يَعْلَمُونَ } لأنّهم لا ينظرون ولا يتأمّلون لفرط غفلتهم واتباعهم أهوائهم.  { (58) وَمَا يَسْتَوِى الأعْمَى وَالبَصِيرُ } الجاهل والمستبصر { وَالَّذِينَ آمَنُوا وَعَمِلُوا الصّالِحَاتِ وَلاَ الْمُسِئُ } والمحسن والمسيء فينبغي ان يكون لهم حال يظهر فيها التفاوت وهي ما بعد البعث { قَلِيلاً مَا تَتَذَكَّرُونَ } وقرئ بالتاء.  { (59) إِنَّ السّاعَةَ لآتِيَةٌ لاَ رَيْبَ فِيهَا } في مجيئها { وَلَكِنَّ أَكْثَرَ النَّاسِ لاَ يُؤْمِنُونَ } لا يصدّقون بها لقصور نظرهم على ظاهر ما يحسّون به.  { (60) وَقَالَ رَبُّكُمْ ادْعُونِى أَسْتَجِبْ لَكُمْ إِنَّ الَّذِينَ يَسْتَكْبِرُونَ عَنْ عِبَادَتِى } دعائي { سَيَدْخُلُونَ جَهَنَّمَ دَاخِرِينَ } صاغرين وقرئ سيدخلون بضمّ الياء وفتح الخاء.  في الكافي عن الباقر عليه السلام في هذه الآية قال هو الدعاء وافضل العبادة الدعاء.  وعنه عليه السلام انّه سئل ايّ العبادة افضل فقال له ما من شيء افضل عند الله عزّ وجلّ من ان يسئل ويطلب ما عنده وما من احد أبغض الى الله عزّ وجلّ ممّن يستكبر عن عبادته ولا يسئل ما عنده.  وعن الصادق عليه السلام ادع ولا تقل قد فرغ من الامر فانّ الدعاء هو العبادة انّ الله يقول وتلا هذه الآية.  وفي الصحيفة السجادية بعد ذكر هذه الآية فَسَمَّيْتَ دُعَاءَكَ عِبَادَةً وَتَرْكَهُ اسْتِكْبَارًا وَتَوَعَّدْتَ عَلَى تَرْكِهِ دُخُولَ جَهَنَّمَ دَاخِرِينَ.  وفي الاحتجاج عن الصادق عليه السلام انّه سئل اليس يقول الله { اُدْعُونِى أَسْتَجِبْ لَكُمْ } وقد نرى المضطرّ يدعوه ولا يجاب له والمظلوم يستنصره على عدوّه فلا ينصره قال ويحك ما يدعوه احد الاّ استجاب له امّا الظالم فدعاؤه مردود الى ان يتوب وامّا المحقّ فاذا دعاه استجاب له وصرف عنه البلاء من حيث لا يعلمه او ادّخر له ثواباً جزيلاً ليوم حاجته اليه وان لم يكن الامر الّذي سئل العبد خيراً له ان اعطاه امسك عنه والمؤمن العارف بالله ربّما عزّ عليه أن يدعوه فيما لا يدري أصواب ذلك أم خطأ وقد مضى اخبار اخر في هذا المعنى في سورة البقرة عند قوله تعالى [البقرة: 186].  { (61)اللهُ الَّذِى جَعَلَ لَكُمُ اللَّيْلَ لِتَسْكُنُوا فِيهِ } لتستريحوا فيه بأن خلقه بارداً مظلماً ليؤدّي الى ضعف المحركات او هدوء الحواس { وَالنَّهَارَ مُبْصِرًا } يبصر فيه او به واسناد الابصار اليه مجاز فيه مبالغة { إِنَّ اللهَ لَذُو فَضْلٍ عَلَى النَّاسِ } فضل لا يوازيه فضل { وَلَكِنَّ أَكْثَرَ النّاسِ لاَ يَشْكُرُونَ } لجهلهم بالمنعم واغفالهم عن مواقع النعم.  { (62) ذَلِكُمُ اللهُ رَبُّكُمْ خَالِقُ كُلِّ شَىْءٍ لاَ إِلَهَ إِلاّ هُوَ فَأَنّى تُؤْفَكُونَ } تصرفون عن عبادته الى عبادة غيره. { (63) كَذَلِكَ يُؤْفَكُ الَّذِينَ كَانُوا بِآيَاتِ اللهِ يَجْحَدُونَ }.  { (64) اللهُ الَّذِى جَعَلَ لَكُمُ الأَرْضَ قَرَارًا وَالسَّمَاءَ بِنَاءًا وَصَوَّرَكُمْ فَأَحْسَنَ صُوَرَكُمْ } بأن خلقكم منتصب القامة بادي البشرة متناسب الأعضاء والتخطيطات متهيّأ لمزاولة الصنايع واكتساب الكمالات { وَرَزَقَكُمْ مِنَ الطّيِّبَاتِ } اللّذائذ { ذَلِكُمْ اللهُ رَبُّكُمْ فَتَبَارَكَ اللهُ رَبُّ الْعَالَمِينَ } فانّ كلّ ما سواه مربوب مفتقر بالذات معرض للزوال.  { (65) هُوَ الْحَىُّ } المتفرّد بالحياة الذّاتية { لاَ إِلَهَ إِلاّ هُوَ } لا احد يساويه او يدانيه في ذاته وصفاته { فَادْعُوهُ } فاعبدوه { مُخْلِصِينَ لَهُ الدِّينَ } من الشرك والرياء { الْحَمْدُ للهِ رَبِّ الْعَالَمِينَ } قائلين له.  القمّي عن السجاد عليه السلام اذا قال احدكم لا اله الا الله فليقل الحمد لله ربّ العالمين فانّ الله يقول هو الحيّ الآية.
40,58,{ (57) لَخَلْقُ السَّمَاوَاتِ وَالأَرْضِ أَكْبَرُ مِنْ خَلْقِ النّاسِ } فمن قدر على خلقها اوّلا من غير اصل قدر على خلق الناس ثانياً من اصل كذا قيل { وَلَكِنَّ أَكْثَرَ النَّاسِ لاَ يَعْلَمُونَ } لأنّهم لا ينظرون ولا يتأمّلون لفرط غفلتهم واتباعهم أهوائهم.  { (58) وَمَا يَسْتَوِى الأعْمَى وَالبَصِيرُ } الجاهل والمستبصر { وَالَّذِينَ آمَنُوا وَعَمِلُوا الصّالِحَاتِ وَلاَ الْمُسِئُ } والمحسن والمسيء فينبغي ان يكون لهم حال يظهر فيها التفاوت وهي ما بعد البعث { قَلِيلاً مَا تَتَذَكَّرُونَ } وقرئ بالتاء.  { (59) إِنَّ السّاعَةَ لآتِيَةٌ لاَ رَيْبَ فِيهَا } في مجيئها { وَلَكِنَّ أَكْثَرَ النَّاسِ لاَ يُؤْمِنُونَ } لا يصدّقون بها لقصور نظرهم على ظاهر ما يحسّون به.  { (60) وَقَالَ رَبُّكُمْ ادْعُونِى أَسْتَجِبْ لَكُمْ إِنَّ الَّذِينَ يَسْتَكْبِرُونَ عَنْ عِبَادَتِى } دعائي { سَيَدْخُلُونَ جَهَنَّمَ دَاخِرِينَ } صاغرين وقرئ سيدخلون بضمّ الياء وفتح الخاء.  في الكافي عن الباقر عليه السلام في هذه الآية قال هو الدعاء وافضل العبادة الدعاء.  وعنه عليه السلام انّه سئل ايّ العبادة افضل فقال له ما من شيء افضل عند الله عزّ وجلّ من ان يسئل ويطلب ما عنده وما من احد أبغض الى الله عزّ وجلّ ممّن يستكبر عن عبادته ولا يسئل ما عنده.  وعن الصادق عليه السلام ادع ولا تقل قد فرغ من الامر فانّ الدعاء هو العبادة انّ الله يقول وتلا هذه الآية.  وفي الصحيفة السجادية بعد ذكر هذه الآية فَسَمَّيْتَ دُعَاءَكَ عِبَادَةً وَتَرْكَهُ اسْتِكْبَارًا وَتَوَعَّدْتَ عَلَى تَرْكِهِ دُخُولَ جَهَنَّمَ دَاخِرِينَ.  وفي الاحتجاج عن الصادق عليه السلام انّه سئل اليس يقول الله { اُدْعُونِى أَسْتَجِبْ لَكُمْ } وقد نرى المضطرّ يدعوه ولا يجاب له والمظلوم يستنصره على عدوّه فلا ينصره قال ويحك ما يدعوه احد الاّ استجاب له امّا الظالم فدعاؤه مردود الى ان يتوب وامّا المحقّ فاذا دعاه استجاب له وصرف عنه البلاء من حيث لا يعلمه او ادّخر له ثواباً جزيلاً ليوم حاجته اليه وان لم يكن الامر الّذي سئل العبد خيراً له ان اعطاه امسك عنه والمؤمن العارف بالله ربّما عزّ عليه أن يدعوه فيما لا يدري أصواب ذلك أم خطأ وقد مضى اخبار اخر في هذا المعنى في سورة البقرة عند قوله تعالى [البقرة: 186].  { (61)اللهُ الَّذِى جَعَلَ لَكُمُ اللَّيْلَ لِتَسْكُنُوا فِيهِ } لتستريحوا فيه بأن خلقه بارداً مظلماً ليؤدّي الى ضعف المحركات او هدوء الحواس { وَالنَّهَارَ مُبْصِرًا } يبصر فيه او به واسناد الابصار اليه مجاز فيه مبالغة { إِنَّ اللهَ لَذُو فَضْلٍ عَلَى النَّاسِ } فضل لا يوازيه فضل { وَلَكِنَّ أَكْثَرَ النّاسِ لاَ يَشْكُرُونَ } لجهلهم بالمنعم واغفالهم عن مواقع النعم.  { (62) ذَلِكُمُ اللهُ رَبُّكُمْ خَالِقُ كُلِّ شَىْءٍ لاَ إِلَهَ إِلاّ هُوَ فَأَنّى تُؤْفَكُونَ } تصرفون عن عبادته الى عبادة غيره. { (63) كَذَلِكَ يُؤْفَكُ الَّذِينَ كَانُوا بِآيَاتِ اللهِ يَجْحَدُونَ }.  { (64) اللهُ الَّذِى جَعَلَ لَكُمُ الأَرْضَ قَرَارًا وَالسَّمَاءَ بِنَاءًا وَصَوَّرَكُمْ فَأَحْسَنَ صُوَرَكُمْ } بأن خلقكم منتصب القامة بادي البشرة متناسب الأعضاء والتخطيطات متهيّأ لمزاولة الصنايع واكتساب الكمالات { وَرَزَقَكُمْ مِنَ الطّيِّبَاتِ } اللّذائذ { ذَلِكُمْ اللهُ رَبُّكُمْ فَتَبَارَكَ اللهُ رَبُّ الْعَالَمِينَ } فانّ كلّ ما سواه مربوب مفتقر بالذات معرض للزوال.  { (65) هُوَ الْحَىُّ } المتفرّد بالحياة الذّاتية { لاَ إِلَهَ إِلاّ هُوَ } لا احد يساويه او يدانيه في ذاته وصفاته { فَادْعُوهُ } فاعبدوه { مُخْلِصِينَ لَهُ الدِّينَ } من الشرك والرياء { الْحَمْدُ للهِ رَبِّ الْعَالَمِينَ } قائلين له.  القمّي عن السجاد عليه السلام اذا قال احدكم لا اله الا الله فليقل الحمد لله ربّ العالمين فانّ الله يقول هو الحيّ الآية.
40,59,{ (57) لَخَلْقُ السَّمَاوَاتِ وَالأَرْضِ أَكْبَرُ مِنْ خَلْقِ النّاسِ } فمن قدر على خلقها اوّلا من غير اصل قدر على خلق الناس ثانياً من اصل كذا قيل { وَلَكِنَّ أَكْثَرَ النَّاسِ لاَ يَعْلَمُونَ } لأنّهم لا ينظرون ولا يتأمّلون لفرط غفلتهم واتباعهم أهوائهم.  { (58) وَمَا يَسْتَوِى الأعْمَى وَالبَصِيرُ } الجاهل والمستبصر { وَالَّذِينَ آمَنُوا وَعَمِلُوا الصّالِحَاتِ وَلاَ الْمُسِئُ } والمحسن والمسيء فينبغي ان يكون لهم حال يظهر فيها التفاوت وهي ما بعد البعث { قَلِيلاً مَا تَتَذَكَّرُونَ } وقرئ بالتاء.  { (59) إِنَّ السّاعَةَ لآتِيَةٌ لاَ رَيْبَ فِيهَا } في مجيئها { وَلَكِنَّ أَكْثَرَ النَّاسِ لاَ يُؤْمِنُونَ } لا يصدّقون بها لقصور نظرهم على ظاهر ما يحسّون به.  { (60) وَقَالَ رَبُّكُمْ ادْعُونِى أَسْتَجِبْ لَكُمْ إِنَّ الَّذِينَ يَسْتَكْبِرُونَ عَنْ عِبَادَتِى } دعائي { سَيَدْخُلُونَ جَهَنَّمَ دَاخِرِينَ } صاغرين وقرئ سيدخلون بضمّ الياء وفتح الخاء.  في الكافي عن الباقر عليه السلام في هذه الآية قال هو الدعاء وافضل العبادة الدعاء.  وعنه عليه السلام انّه سئل ايّ العبادة افضل فقال له ما من شيء افضل عند الله عزّ وجلّ من ان يسئل ويطلب ما عنده وما من احد أبغض الى الله عزّ وجلّ ممّن يستكبر عن عبادته ولا يسئل ما عنده.  وعن الصادق عليه السلام ادع ولا تقل قد فرغ من الامر فانّ الدعاء هو العبادة انّ الله يقول وتلا هذه الآية.  وفي الصحيفة السجادية بعد ذكر هذه الآية فَسَمَّيْتَ دُعَاءَكَ عِبَادَةً وَتَرْكَهُ اسْتِكْبَارًا وَتَوَعَّدْتَ عَلَى تَرْكِهِ دُخُولَ جَهَنَّمَ دَاخِرِينَ.  وفي الاحتجاج عن الصادق عليه السلام انّه سئل اليس يقول الله { اُدْعُونِى أَسْتَجِبْ لَكُمْ } وقد نرى المضطرّ يدعوه ولا يجاب له والمظلوم يستنصره على عدوّه فلا ينصره قال ويحك ما يدعوه احد الاّ استجاب له امّا الظالم فدعاؤه مردود الى ان يتوب وامّا المحقّ فاذا دعاه استجاب له وصرف عنه البلاء من حيث لا يعلمه او ادّخر له ثواباً جزيلاً ليوم حاجته اليه وان لم يكن الامر الّذي سئل العبد خيراً له ان اعطاه امسك عنه والمؤمن العارف بالله ربّما عزّ عليه أن يدعوه فيما لا يدري أصواب ذلك أم خطأ وقد مضى اخبار اخر في هذا المعنى في سورة البقرة عند قوله تعالى [البقرة: 186].  { (61)اللهُ الَّذِى جَعَلَ لَكُمُ اللَّيْلَ لِتَسْكُنُوا فِيهِ } لتستريحوا فيه بأن خلقه بارداً مظلماً ليؤدّي الى ضعف المحركات او هدوء الحواس { وَالنَّهَارَ مُبْصِرًا } يبصر فيه او به واسناد الابصار اليه مجاز فيه مبالغة { إِنَّ اللهَ لَذُو فَضْلٍ عَلَى النَّاسِ } فضل لا يوازيه فضل { وَلَكِنَّ أَكْثَرَ النّاسِ لاَ يَشْكُرُونَ } لجهلهم بالمنعم واغفالهم عن مواقع النعم.  { (62) ذَلِكُمُ اللهُ رَبُّكُمْ خَالِقُ كُلِّ شَىْءٍ لاَ إِلَهَ إِلاّ هُوَ فَأَنّى تُؤْفَكُونَ } تصرفون عن عبادته الى عبادة غيره. { (63) كَذَلِكَ يُؤْفَكُ الَّذِينَ كَانُوا بِآيَاتِ اللهِ يَجْحَدُونَ }.  { (64) اللهُ الَّذِى جَعَلَ لَكُمُ الأَرْضَ قَرَارًا وَالسَّمَاءَ بِنَاءًا وَصَوَّرَكُمْ فَأَحْسَنَ صُوَرَكُمْ } بأن خلقكم منتصب القامة بادي البشرة متناسب الأعضاء والتخطيطات متهيّأ لمزاولة الصنايع واكتساب الكمالات { وَرَزَقَكُمْ مِنَ الطّيِّبَاتِ } اللّذائذ { ذَلِكُمْ اللهُ رَبُّكُمْ فَتَبَارَكَ اللهُ رَبُّ الْعَالَمِينَ } فانّ كلّ ما سواه مربوب مفتقر بالذات معرض للزوال.  { (65) هُوَ الْحَىُّ } المتفرّد بالحياة الذّاتية { لاَ إِلَهَ إِلاّ هُوَ } لا احد يساويه او يدانيه في ذاته وصفاته { فَادْعُوهُ } فاعبدوه { مُخْلِصِينَ لَهُ الدِّينَ } من الشرك والرياء { الْحَمْدُ للهِ رَبِّ الْعَالَمِينَ } قائلين له.  القمّي عن السجاد عليه السلام اذا قال احدكم لا اله الا الله فليقل الحمد لله ربّ العالمين فانّ الله يقول هو الحيّ الآية.
40,60,{ (57) لَخَلْقُ السَّمَاوَاتِ وَالأَرْضِ أَكْبَرُ مِنْ خَلْقِ النّاسِ } فمن قدر على خلقها اوّلا من غير اصل قدر على خلق الناس ثانياً من اصل كذا قيل { وَلَكِنَّ أَكْثَرَ النَّاسِ لاَ يَعْلَمُونَ } لأنّهم لا ينظرون ولا يتأمّلون لفرط غفلتهم واتباعهم أهوائهم.  { (58) وَمَا يَسْتَوِى الأعْمَى وَالبَصِيرُ } الجاهل والمستبصر { وَالَّذِينَ آمَنُوا وَعَمِلُوا الصّالِحَاتِ وَلاَ الْمُسِئُ } والمحسن والمسيء فينبغي ان يكون لهم حال يظهر فيها التفاوت وهي ما بعد البعث { قَلِيلاً مَا تَتَذَكَّرُونَ } وقرئ بالتاء.  { (59) إِنَّ السّاعَةَ لآتِيَةٌ لاَ رَيْبَ فِيهَا } في مجيئها { وَلَكِنَّ أَكْثَرَ النَّاسِ لاَ يُؤْمِنُونَ } لا يصدّقون بها لقصور نظرهم على ظاهر ما يحسّون به.  { (60) وَقَالَ رَبُّكُمْ ادْعُونِى أَسْتَجِبْ لَكُمْ إِنَّ الَّذِينَ يَسْتَكْبِرُونَ عَنْ عِبَادَتِى } دعائي { سَيَدْخُلُونَ جَهَنَّمَ دَاخِرِينَ } صاغرين وقرئ سيدخلون بضمّ الياء وفتح الخاء.  في الكافي عن الباقر عليه السلام في هذه الآية قال هو الدعاء وافضل العبادة الدعاء.  وعنه عليه السلام انّه سئل ايّ العبادة افضل فقال له ما من شيء افضل عند الله عزّ وجلّ من ان يسئل ويطلب ما عنده وما من احد أبغض الى الله عزّ وجلّ ممّن يستكبر عن عبادته ولا يسئل ما عنده.  وعن الصادق عليه السلام ادع ولا تقل قد فرغ من الامر فانّ الدعاء هو العبادة انّ الله يقول وتلا هذه الآية.  وفي الصحيفة السجادية بعد ذكر هذه الآية فَسَمَّيْتَ دُعَاءَكَ عِبَادَةً وَتَرْكَهُ اسْتِكْبَارًا وَتَوَعَّدْتَ عَلَى تَرْكِهِ دُخُولَ جَهَنَّمَ دَاخِرِينَ.  وفي الاحتجاج عن الصادق عليه السلام انّه سئل اليس يقول الله { اُدْعُونِى أَسْتَجِبْ لَكُمْ } وقد نرى المضطرّ يدعوه ولا يجاب له والمظلوم يستنصره على عدوّه فلا ينصره قال ويحك ما يدعوه احد الاّ استجاب له امّا الظالم فدعاؤه مردود الى ان يتوب وامّا المحقّ فاذا دعاه استجاب له وصرف عنه البلاء من حيث لا يعلمه او ادّخر له ثواباً جزيلاً ليوم حاجته اليه وان لم يكن الامر الّذي سئل العبد خيراً له ان اعطاه امسك عنه والمؤمن العارف بالله ربّما عزّ عليه أن يدعوه فيما لا يدري أصواب ذلك أم خطأ وقد مضى اخبار اخر في هذا المعنى في سورة البقرة عند قوله تعالى [البقرة: 186].  { (61)اللهُ الَّذِى جَعَلَ لَكُمُ اللَّيْلَ لِتَسْكُنُوا فِيهِ } لتستريحوا فيه بأن خلقه بارداً مظلماً ليؤدّي الى ضعف المحركات او هدوء الحواس { وَالنَّهَارَ مُبْصِرًا } يبصر فيه او به واسناد الابصار اليه مجاز فيه مبالغة { إِنَّ اللهَ لَذُو فَضْلٍ عَلَى النَّاسِ } فضل لا يوازيه فضل { وَلَكِنَّ أَكْثَرَ النّاسِ لاَ يَشْكُرُونَ } لجهلهم بالمنعم واغفالهم عن مواقع النعم.  { (62) ذَلِكُمُ اللهُ رَبُّكُمْ خَالِقُ كُلِّ شَىْءٍ لاَ إِلَهَ إِلاّ هُوَ فَأَنّى تُؤْفَكُونَ } تصرفون عن عبادته الى عبادة غيره. { (63) كَذَلِكَ يُؤْفَكُ الَّذِينَ كَانُوا بِآيَاتِ اللهِ يَجْحَدُونَ }.  { (64) اللهُ الَّذِى جَعَلَ لَكُمُ الأَرْضَ قَرَارًا وَالسَّمَاءَ بِنَاءًا وَصَوَّرَكُمْ فَأَحْسَنَ صُوَرَكُمْ } بأن خلقكم منتصب القامة بادي البشرة متناسب الأعضاء والتخطيطات متهيّأ لمزاولة الصنايع واكتساب الكمالات { وَرَزَقَكُمْ مِنَ الطّيِّبَاتِ } اللّذائذ { ذَلِكُمْ اللهُ رَبُّكُمْ فَتَبَارَكَ اللهُ رَبُّ الْعَالَمِينَ } فانّ كلّ ما سواه مربوب مفتقر بالذات معرض للزوال.  { (65) هُوَ الْحَىُّ } المتفرّد بالحياة الذّاتية { لاَ إِلَهَ إِلاّ هُوَ } لا احد يساويه او يدانيه في ذاته وصفاته { فَادْعُوهُ } فاعبدوه { مُخْلِصِينَ لَهُ الدِّينَ } من الشرك والرياء { الْحَمْدُ للهِ رَبِّ الْعَالَمِينَ } قائلين له.  القمّي عن السجاد عليه السلام اذا قال احدكم لا اله الا الله فليقل الحمد لله ربّ العالمين فانّ الله يقول هو الحيّ الآية.
40,61,{ (57) لَخَلْقُ السَّمَاوَاتِ وَالأَرْضِ أَكْبَرُ مِنْ خَلْقِ النّاسِ } فمن قدر على خلقها اوّلا من غير اصل قدر على خلق الناس ثانياً من اصل كذا قيل { وَلَكِنَّ أَكْثَرَ النَّاسِ لاَ يَعْلَمُونَ } لأنّهم لا ينظرون ولا يتأمّلون لفرط غفلتهم واتباعهم أهوائهم.  { (58) وَمَا يَسْتَوِى الأعْمَى وَالبَصِيرُ } الجاهل والمستبصر { وَالَّذِينَ آمَنُوا وَعَمِلُوا الصّالِحَاتِ وَلاَ الْمُسِئُ } والمحسن والمسيء فينبغي ان يكون لهم حال يظهر فيها التفاوت وهي ما بعد البعث { قَلِيلاً مَا تَتَذَكَّرُونَ } وقرئ بالتاء.  { (59) إِنَّ السّاعَةَ لآتِيَةٌ لاَ رَيْبَ فِيهَا } في مجيئها { وَلَكِنَّ أَكْثَرَ النَّاسِ لاَ يُؤْمِنُونَ } لا يصدّقون بها لقصور نظرهم على ظاهر ما يحسّون به.  { (60) وَقَالَ رَبُّكُمْ ادْعُونِى أَسْتَجِبْ لَكُمْ إِنَّ الَّذِينَ يَسْتَكْبِرُونَ عَنْ عِبَادَتِى } دعائي { سَيَدْخُلُونَ جَهَنَّمَ دَاخِرِينَ } صاغرين وقرئ سيدخلون بضمّ الياء وفتح الخاء.  في الكافي عن الباقر عليه السلام في هذه الآية قال هو الدعاء وافضل العبادة الدعاء.  وعنه عليه السلام انّه سئل ايّ العبادة افضل فقال له ما من شيء افضل عند الله عزّ وجلّ من ان يسئل ويطلب ما عنده وما من احد أبغض الى الله عزّ وجلّ ممّن يستكبر عن عبادته ولا يسئل ما عنده.  وعن الصادق عليه السلام ادع ولا تقل قد فرغ من الامر فانّ الدعاء هو العبادة انّ الله يقول وتلا هذه الآية.  وفي الصحيفة السجادية بعد ذكر هذه الآية فَسَمَّيْتَ دُعَاءَكَ عِبَادَةً وَتَرْكَهُ اسْتِكْبَارًا وَتَوَعَّدْتَ عَلَى تَرْكِهِ دُخُولَ جَهَنَّمَ دَاخِرِينَ.  وفي الاحتجاج عن الصادق عليه السلام انّه سئل اليس يقول الله { اُدْعُونِى أَسْتَجِبْ لَكُمْ } وقد نرى المضطرّ يدعوه ولا يجاب له والمظلوم يستنصره على عدوّه فلا ينصره قال ويحك ما يدعوه احد الاّ استجاب له امّا الظالم فدعاؤه مردود الى ان يتوب وامّا المحقّ فاذا دعاه استجاب له وصرف عنه البلاء من حيث لا يعلمه او ادّخر له ثواباً جزيلاً ليوم حاجته اليه وان لم يكن الامر الّذي سئل العبد خيراً له ان اعطاه امسك عنه والمؤمن العارف بالله ربّما عزّ عليه أن يدعوه فيما لا يدري أصواب ذلك أم خطأ وقد مضى اخبار اخر في هذا المعنى في سورة البقرة عند قوله تعالى [البقرة: 186].  { (61)اللهُ الَّذِى جَعَلَ لَكُمُ اللَّيْلَ لِتَسْكُنُوا فِيهِ } لتستريحوا فيه بأن خلقه بارداً مظلماً ليؤدّي الى ضعف المحركات او هدوء الحواس { وَالنَّهَارَ مُبْصِرًا } يبصر فيه او به واسناد الابصار اليه مجاز فيه مبالغة { إِنَّ اللهَ لَذُو فَضْلٍ عَلَى النَّاسِ } فضل لا يوازيه فضل { وَلَكِنَّ أَكْثَرَ النّاسِ لاَ يَشْكُرُونَ } لجهلهم بالمنعم واغفالهم عن مواقع النعم.  { (62) ذَلِكُمُ اللهُ رَبُّكُمْ خَالِقُ كُلِّ شَىْءٍ لاَ إِلَهَ إِلاّ هُوَ فَأَنّى تُؤْفَكُونَ } تصرفون عن عبادته الى عبادة غيره. { (63) كَذَلِكَ يُؤْفَكُ الَّذِينَ كَانُوا بِآيَاتِ اللهِ يَجْحَدُونَ }.  { (64) اللهُ الَّذِى جَعَلَ لَكُمُ الأَرْضَ قَرَارًا وَالسَّمَاءَ بِنَاءًا وَصَوَّرَكُمْ فَأَحْسَنَ صُوَرَكُمْ } بأن خلقكم منتصب القامة بادي البشرة متناسب الأعضاء والتخطيطات متهيّأ لمزاولة الصنايع واكتساب الكمالات { وَرَزَقَكُمْ مِنَ الطّيِّبَاتِ } اللّذائذ { ذَلِكُمْ اللهُ رَبُّكُمْ فَتَبَارَكَ اللهُ رَبُّ الْعَالَمِينَ } فانّ كلّ ما سواه مربوب مفتقر بالذات معرض للزوال.  { (65) هُوَ الْحَىُّ } المتفرّد بالحياة الذّاتية { لاَ إِلَهَ إِلاّ هُوَ } لا احد يساويه او يدانيه في ذاته وصفاته { فَادْعُوهُ } فاعبدوه { مُخْلِصِينَ لَهُ الدِّينَ } من الشرك والرياء { الْحَمْدُ للهِ رَبِّ الْعَالَمِينَ } قائلين له.  القمّي عن السجاد عليه السلام اذا قال احدكم لا اله الا الله فليقل الحمد لله ربّ العالمين فانّ الله يقول هو الحيّ الآية.
40,62,{ (57) لَخَلْقُ السَّمَاوَاتِ وَالأَرْضِ أَكْبَرُ مِنْ خَلْقِ النّاسِ } فمن قدر على خلقها اوّلا من غير اصل قدر على خلق الناس ثانياً من اصل كذا قيل { وَلَكِنَّ أَكْثَرَ النَّاسِ لاَ يَعْلَمُونَ } لأنّهم لا ينظرون ولا يتأمّلون لفرط غفلتهم واتباعهم أهوائهم.  { (58) وَمَا يَسْتَوِى الأعْمَى وَالبَصِيرُ } الجاهل والمستبصر { وَالَّذِينَ آمَنُوا وَعَمِلُوا الصّالِحَاتِ وَلاَ الْمُسِئُ } والمحسن والمسيء فينبغي ان يكون لهم حال يظهر فيها التفاوت وهي ما بعد البعث { قَلِيلاً مَا تَتَذَكَّرُونَ } وقرئ بالتاء.  { (59) إِنَّ السّاعَةَ لآتِيَةٌ لاَ رَيْبَ فِيهَا } في مجيئها { وَلَكِنَّ أَكْثَرَ النَّاسِ لاَ يُؤْمِنُونَ } لا يصدّقون بها لقصور نظرهم على ظاهر ما يحسّون به.  { (60) وَقَالَ رَبُّكُمْ ادْعُونِى أَسْتَجِبْ لَكُمْ إِنَّ الَّذِينَ يَسْتَكْبِرُونَ عَنْ عِبَادَتِى } دعائي { سَيَدْخُلُونَ جَهَنَّمَ دَاخِرِينَ } صاغرين وقرئ سيدخلون بضمّ الياء وفتح الخاء.  في الكافي عن الباقر عليه السلام في هذه الآية قال هو الدعاء وافضل العبادة الدعاء.  وعنه عليه السلام انّه سئل ايّ العبادة افضل فقال له ما من شيء افضل عند الله عزّ وجلّ من ان يسئل ويطلب ما عنده وما من احد أبغض الى الله عزّ وجلّ ممّن يستكبر عن عبادته ولا يسئل ما عنده.  وعن الصادق عليه السلام ادع ولا تقل قد فرغ من الامر فانّ الدعاء هو العبادة انّ الله يقول وتلا هذه الآية.  وفي الصحيفة السجادية بعد ذكر هذه الآية فَسَمَّيْتَ دُعَاءَكَ عِبَادَةً وَتَرْكَهُ اسْتِكْبَارًا وَتَوَعَّدْتَ عَلَى تَرْكِهِ دُخُولَ جَهَنَّمَ دَاخِرِينَ.  وفي الاحتجاج عن الصادق عليه السلام انّه سئل اليس يقول الله { اُدْعُونِى أَسْتَجِبْ لَكُمْ } وقد نرى المضطرّ يدعوه ولا يجاب له والمظلوم يستنصره على عدوّه فلا ينصره قال ويحك ما يدعوه احد الاّ استجاب له امّا الظالم فدعاؤه مردود الى ان يتوب وامّا المحقّ فاذا دعاه استجاب له وصرف عنه البلاء من حيث لا يعلمه او ادّخر له ثواباً جزيلاً ليوم حاجته اليه وان لم يكن الامر الّذي سئل العبد خيراً له ان اعطاه امسك عنه والمؤمن العارف بالله ربّما عزّ عليه أن يدعوه فيما لا يدري أصواب ذلك أم خطأ وقد مضى اخبار اخر في هذا المعنى في سورة البقرة عند قوله تعالى [البقرة: 186].  { (61)اللهُ الَّذِى جَعَلَ لَكُمُ اللَّيْلَ لِتَسْكُنُوا فِيهِ } لتستريحوا فيه بأن خلقه بارداً مظلماً ليؤدّي الى ضعف المحركات او هدوء الحواس { وَالنَّهَارَ مُبْصِرًا } يبصر فيه او به واسناد الابصار اليه مجاز فيه مبالغة { إِنَّ اللهَ لَذُو فَضْلٍ عَلَى النَّاسِ } فضل لا يوازيه فضل { وَلَكِنَّ أَكْثَرَ النّاسِ لاَ يَشْكُرُونَ } لجهلهم بالمنعم واغفالهم عن مواقع النعم.  { (62) ذَلِكُمُ اللهُ رَبُّكُمْ خَالِقُ كُلِّ شَىْءٍ لاَ إِلَهَ إِلاّ هُوَ فَأَنّى تُؤْفَكُونَ } تصرفون عن عبادته الى عبادة غيره. { (63) كَذَلِكَ يُؤْفَكُ الَّذِينَ كَانُوا بِآيَاتِ اللهِ يَجْحَدُونَ }.  { (64) اللهُ الَّذِى جَعَلَ لَكُمُ الأَرْضَ قَرَارًا وَالسَّمَاءَ بِنَاءًا وَصَوَّرَكُمْ فَأَحْسَنَ صُوَرَكُمْ } بأن خلقكم منتصب القامة بادي البشرة متناسب الأعضاء والتخطيطات متهيّأ لمزاولة الصنايع واكتساب الكمالات { وَرَزَقَكُمْ مِنَ الطّيِّبَاتِ } اللّذائذ { ذَلِكُمْ اللهُ رَبُّكُمْ فَتَبَارَكَ اللهُ رَبُّ الْعَالَمِينَ } فانّ كلّ ما سواه مربوب مفتقر بالذات معرض للزوال.  { (65) هُوَ الْحَىُّ } المتفرّد بالحياة الذّاتية { لاَ إِلَهَ إِلاّ هُوَ } لا احد يساويه او يدانيه في ذاته وصفاته { فَادْعُوهُ } فاعبدوه { مُخْلِصِينَ لَهُ الدِّينَ } من الشرك والرياء { الْحَمْدُ للهِ رَبِّ الْعَالَمِينَ } قائلين له.  القمّي عن السجاد عليه السلام اذا قال احدكم لا اله الا الله فليقل الحمد لله ربّ العالمين فانّ الله يقول هو الحيّ الآية.
40,63,{ (57) لَخَلْقُ السَّمَاوَاتِ وَالأَرْضِ أَكْبَرُ مِنْ خَلْقِ النّاسِ } فمن قدر على خلقها اوّلا من غير اصل قدر على خلق الناس ثانياً من اصل كذا قيل { وَلَكِنَّ أَكْثَرَ النَّاسِ لاَ يَعْلَمُونَ } لأنّهم لا ينظرون ولا يتأمّلون لفرط غفلتهم واتباعهم أهوائهم.  { (58) وَمَا يَسْتَوِى الأعْمَى وَالبَصِيرُ } الجاهل والمستبصر { وَالَّذِينَ آمَنُوا وَعَمِلُوا الصّالِحَاتِ وَلاَ الْمُسِئُ } والمحسن والمسيء فينبغي ان يكون لهم حال يظهر فيها التفاوت وهي ما بعد البعث { قَلِيلاً مَا تَتَذَكَّرُونَ } وقرئ بالتاء.  { (59) إِنَّ السّاعَةَ لآتِيَةٌ لاَ رَيْبَ فِيهَا } في مجيئها { وَلَكِنَّ أَكْثَرَ النَّاسِ لاَ يُؤْمِنُونَ } لا يصدّقون بها لقصور نظرهم على ظاهر ما يحسّون به.  { (60) وَقَالَ رَبُّكُمْ ادْعُونِى أَسْتَجِبْ لَكُمْ إِنَّ الَّذِينَ يَسْتَكْبِرُونَ عَنْ عِبَادَتِى } دعائي { سَيَدْخُلُونَ جَهَنَّمَ دَاخِرِينَ } صاغرين وقرئ سيدخلون بضمّ الياء وفتح الخاء.  في الكافي عن الباقر عليه السلام في هذه الآية قال هو الدعاء وافضل العبادة الدعاء.  وعنه عليه السلام انّه سئل ايّ العبادة افضل فقال له ما من شيء افضل عند الله عزّ وجلّ من ان يسئل ويطلب ما عنده وما من احد أبغض الى الله عزّ وجلّ ممّن يستكبر عن عبادته ولا يسئل ما عنده.  وعن الصادق عليه السلام ادع ولا تقل قد فرغ من الامر فانّ الدعاء هو العبادة انّ الله يقول وتلا هذه الآية.  وفي الصحيفة السجادية بعد ذكر هذه الآية فَسَمَّيْتَ دُعَاءَكَ عِبَادَةً وَتَرْكَهُ اسْتِكْبَارًا وَتَوَعَّدْتَ عَلَى تَرْكِهِ دُخُولَ جَهَنَّمَ دَاخِرِينَ.  وفي الاحتجاج عن الصادق عليه السلام انّه سئل اليس يقول الله { اُدْعُونِى أَسْتَجِبْ لَكُمْ } وقد نرى المضطرّ يدعوه ولا يجاب له والمظلوم يستنصره على عدوّه فلا ينصره قال ويحك ما يدعوه احد الاّ استجاب له امّا الظالم فدعاؤه مردود الى ان يتوب وامّا المحقّ فاذا دعاه استجاب له وصرف عنه البلاء من حيث لا يعلمه او ادّخر له ثواباً جزيلاً ليوم حاجته اليه وان لم يكن الامر الّذي سئل العبد خيراً له ان اعطاه امسك عنه والمؤمن العارف بالله ربّما عزّ عليه أن يدعوه فيما لا يدري أصواب ذلك أم خطأ وقد مضى اخبار اخر في هذا المعنى في سورة البقرة عند قوله تعالى [البقرة: 186].  { (61)اللهُ الَّذِى جَعَلَ لَكُمُ اللَّيْلَ لِتَسْكُنُوا فِيهِ } لتستريحوا فيه بأن خلقه بارداً مظلماً ليؤدّي الى ضعف المحركات او هدوء الحواس { وَالنَّهَارَ مُبْصِرًا } يبصر فيه او به واسناد الابصار اليه مجاز فيه مبالغة { إِنَّ اللهَ لَذُو فَضْلٍ عَلَى النَّاسِ } فضل لا يوازيه فضل { وَلَكِنَّ أَكْثَرَ النّاسِ لاَ يَشْكُرُونَ } لجهلهم بالمنعم واغفالهم عن مواقع النعم.  { (62) ذَلِكُمُ اللهُ رَبُّكُمْ خَالِقُ كُلِّ شَىْءٍ لاَ إِلَهَ إِلاّ هُوَ فَأَنّى تُؤْفَكُونَ } تصرفون عن عبادته الى عبادة غيره. { (63) كَذَلِكَ يُؤْفَكُ الَّذِينَ كَانُوا بِآيَاتِ اللهِ يَجْحَدُونَ }.  { (64) اللهُ الَّذِى جَعَلَ لَكُمُ الأَرْضَ قَرَارًا وَالسَّمَاءَ بِنَاءًا وَصَوَّرَكُمْ فَأَحْسَنَ صُوَرَكُمْ } بأن خلقكم منتصب القامة بادي البشرة متناسب الأعضاء والتخطيطات متهيّأ لمزاولة الصنايع واكتساب الكمالات { وَرَزَقَكُمْ مِنَ الطّيِّبَاتِ } اللّذائذ { ذَلِكُمْ اللهُ رَبُّكُمْ فَتَبَارَكَ اللهُ رَبُّ الْعَالَمِينَ } فانّ كلّ ما سواه مربوب مفتقر بالذات معرض للزوال.  { (65) هُوَ الْحَىُّ } المتفرّد بالحياة الذّاتية { لاَ إِلَهَ إِلاّ هُوَ } لا احد يساويه او يدانيه في ذاته وصفاته { فَادْعُوهُ } فاعبدوه { مُخْلِصِينَ لَهُ الدِّينَ } من الشرك والرياء { الْحَمْدُ للهِ رَبِّ الْعَالَمِينَ } قائلين له.  القمّي عن السجاد عليه السلام اذا قال احدكم لا اله الا الله فليقل الحمد لله ربّ العالمين فانّ الله يقول هو الحيّ الآية.
40,64,{ (57) لَخَلْقُ السَّمَاوَاتِ وَالأَرْضِ أَكْبَرُ مِنْ خَلْقِ النّاسِ } فمن قدر على خلقها اوّلا من غير اصل قدر على خلق الناس ثانياً من اصل كذا قيل { وَلَكِنَّ أَكْثَرَ النَّاسِ لاَ يَعْلَمُونَ } لأنّهم لا ينظرون ولا يتأمّلون لفرط غفلتهم واتباعهم أهوائهم.  { (58) وَمَا يَسْتَوِى الأعْمَى وَالبَصِيرُ } الجاهل والمستبصر { وَالَّذِينَ آمَنُوا وَعَمِلُوا الصّالِحَاتِ وَلاَ الْمُسِئُ } والمحسن والمسيء فينبغي ان يكون لهم حال يظهر فيها التفاوت وهي ما بعد البعث { قَلِيلاً مَا تَتَذَكَّرُونَ } وقرئ بالتاء.  { (59) إِنَّ السّاعَةَ لآتِيَةٌ لاَ رَيْبَ فِيهَا } في مجيئها { وَلَكِنَّ أَكْثَرَ النَّاسِ لاَ يُؤْمِنُونَ } لا يصدّقون بها لقصور نظرهم على ظاهر ما يحسّون به.  { (60) وَقَالَ رَبُّكُمْ ادْعُونِى أَسْتَجِبْ لَكُمْ إِنَّ الَّذِينَ يَسْتَكْبِرُونَ عَنْ عِبَادَتِى } دعائي { سَيَدْخُلُونَ جَهَنَّمَ دَاخِرِينَ } صاغرين وقرئ سيدخلون بضمّ الياء وفتح الخاء.  في الكافي عن الباقر عليه السلام في هذه الآية قال هو الدعاء وافضل العبادة الدعاء.  وعنه عليه السلام انّه سئل ايّ العبادة افضل فقال له ما من شيء افضل عند الله عزّ وجلّ من ان يسئل ويطلب ما عنده وما من احد أبغض الى الله عزّ وجلّ ممّن يستكبر عن عبادته ولا يسئل ما عنده.  وعن الصادق عليه السلام ادع ولا تقل قد فرغ من الامر فانّ الدعاء هو العبادة انّ الله يقول وتلا هذه الآية.  وفي الصحيفة السجادية بعد ذكر هذه الآية فَسَمَّيْتَ دُعَاءَكَ عِبَادَةً وَتَرْكَهُ اسْتِكْبَارًا وَتَوَعَّدْتَ عَلَى تَرْكِهِ دُخُولَ جَهَنَّمَ دَاخِرِينَ.  وفي الاحتجاج عن الصادق عليه السلام انّه سئل اليس يقول الله { اُدْعُونِى أَسْتَجِبْ لَكُمْ } وقد نرى المضطرّ يدعوه ولا يجاب له والمظلوم يستنصره على عدوّه فلا ينصره قال ويحك ما يدعوه احد الاّ استجاب له امّا الظالم فدعاؤه مردود الى ان يتوب وامّا المحقّ فاذا دعاه استجاب له وصرف عنه البلاء من حيث لا يعلمه او ادّخر له ثواباً جزيلاً ليوم حاجته اليه وان لم يكن الامر الّذي سئل العبد خيراً له ان اعطاه امسك عنه والمؤمن العارف بالله ربّما عزّ عليه أن يدعوه فيما لا يدري أصواب ذلك أم خطأ وقد مضى اخبار اخر في هذا المعنى في سورة البقرة عند قوله تعالى [البقرة: 186].  { (61)اللهُ الَّذِى جَعَلَ لَكُمُ اللَّيْلَ لِتَسْكُنُوا فِيهِ } لتستريحوا فيه بأن خلقه بارداً مظلماً ليؤدّي الى ضعف المحركات او هدوء الحواس { وَالنَّهَارَ مُبْصِرًا } يبصر فيه او به واسناد الابصار اليه مجاز فيه مبالغة { إِنَّ اللهَ لَذُو فَضْلٍ عَلَى النَّاسِ } فضل لا يوازيه فضل { وَلَكِنَّ أَكْثَرَ النّاسِ لاَ يَشْكُرُونَ } لجهلهم بالمنعم واغفالهم عن مواقع النعم.  { (62) ذَلِكُمُ اللهُ رَبُّكُمْ خَالِقُ كُلِّ شَىْءٍ لاَ إِلَهَ إِلاّ هُوَ فَأَنّى تُؤْفَكُونَ } تصرفون عن عبادته الى عبادة غيره. { (63) كَذَلِكَ يُؤْفَكُ الَّذِينَ كَانُوا بِآيَاتِ اللهِ يَجْحَدُونَ }.  { (64) اللهُ الَّذِى جَعَلَ لَكُمُ الأَرْضَ قَرَارًا وَالسَّمَاءَ بِنَاءًا وَصَوَّرَكُمْ فَأَحْسَنَ صُوَرَكُمْ } بأن خلقكم منتصب القامة بادي البشرة متناسب الأعضاء والتخطيطات متهيّأ لمزاولة الصنايع واكتساب الكمالات { وَرَزَقَكُمْ مِنَ الطّيِّبَاتِ } اللّذائذ { ذَلِكُمْ اللهُ رَبُّكُمْ فَتَبَارَكَ اللهُ رَبُّ الْعَالَمِينَ } فانّ كلّ ما سواه مربوب مفتقر بالذات معرض للزوال.  { (65) هُوَ الْحَىُّ } المتفرّد بالحياة الذّاتية { لاَ إِلَهَ إِلاّ هُوَ } لا احد يساويه او يدانيه في ذاته وصفاته { فَادْعُوهُ } فاعبدوه { مُخْلِصِينَ لَهُ الدِّينَ } من الشرك والرياء { الْحَمْدُ للهِ رَبِّ الْعَالَمِينَ } قائلين له.  القمّي عن السجاد عليه السلام اذا قال احدكم لا اله الا الله فليقل الحمد لله ربّ العالمين فانّ الله يقول هو الحيّ الآية.
40,65,{ (57) لَخَلْقُ السَّمَاوَاتِ وَالأَرْضِ أَكْبَرُ مِنْ خَلْقِ النّاسِ } فمن قدر على خلقها اوّلا من غير اصل قدر على خلق الناس ثانياً من اصل كذا قيل { وَلَكِنَّ أَكْثَرَ النَّاسِ لاَ يَعْلَمُونَ } لأنّهم لا ينظرون ولا يتأمّلون لفرط غفلتهم واتباعهم أهوائهم.  { (58) وَمَا يَسْتَوِى الأعْمَى وَالبَصِيرُ } الجاهل والمستبصر { وَالَّذِينَ آمَنُوا وَعَمِلُوا الصّالِحَاتِ وَلاَ الْمُسِئُ } والمحسن والمسيء فينبغي ان يكون لهم حال يظهر فيها التفاوت وهي ما بعد البعث { قَلِيلاً مَا تَتَذَكَّرُونَ } وقرئ بالتاء.  { (59) إِنَّ السّاعَةَ لآتِيَةٌ لاَ رَيْبَ فِيهَا } في مجيئها { وَلَكِنَّ أَكْثَرَ النَّاسِ لاَ يُؤْمِنُونَ } لا يصدّقون بها لقصور نظرهم على ظاهر ما يحسّون به.  { (60) وَقَالَ رَبُّكُمْ ادْعُونِى أَسْتَجِبْ لَكُمْ إِنَّ الَّذِينَ يَسْتَكْبِرُونَ عَنْ عِبَادَتِى } دعائي { سَيَدْخُلُونَ جَهَنَّمَ دَاخِرِينَ } صاغرين وقرئ سيدخلون بضمّ الياء وفتح الخاء.  في الكافي عن الباقر عليه السلام في هذه الآية قال هو الدعاء وافضل العبادة الدعاء.  وعنه عليه السلام انّه سئل ايّ العبادة افضل فقال له ما من شيء افضل عند الله عزّ وجلّ من ان يسئل ويطلب ما عنده وما من احد أبغض الى الله عزّ وجلّ ممّن يستكبر عن عبادته ولا يسئل ما عنده.  وعن الصادق عليه السلام ادع ولا تقل قد فرغ من الامر فانّ الدعاء هو العبادة انّ الله يقول وتلا هذه الآية.  وفي الصحيفة السجادية بعد ذكر هذه الآية فَسَمَّيْتَ دُعَاءَكَ عِبَادَةً وَتَرْكَهُ اسْتِكْبَارًا وَتَوَعَّدْتَ عَلَى تَرْكِهِ دُخُولَ جَهَنَّمَ دَاخِرِينَ.  وفي الاحتجاج عن الصادق عليه السلام انّه سئل اليس يقول الله { اُدْعُونِى أَسْتَجِبْ لَكُمْ } وقد نرى المضطرّ يدعوه ولا يجاب له والمظلوم يستنصره على عدوّه فلا ينصره قال ويحك ما يدعوه احد الاّ استجاب له امّا الظالم فدعاؤه مردود الى ان يتوب وامّا المحقّ فاذا دعاه استجاب له وصرف عنه البلاء من حيث لا يعلمه او ادّخر له ثواباً جزيلاً ليوم حاجته اليه وان لم يكن الامر الّذي سئل العبد خيراً له ان اعطاه امسك عنه والمؤمن العارف بالله ربّما عزّ عليه أن يدعوه فيما لا يدري أصواب ذلك أم خطأ وقد مضى اخبار اخر في هذا المعنى في سورة البقرة عند قوله تعالى [البقرة: 186].  { (61)اللهُ الَّذِى جَعَلَ لَكُمُ اللَّيْلَ لِتَسْكُنُوا فِيهِ } لتستريحوا فيه بأن خلقه بارداً مظلماً ليؤدّي الى ضعف المحركات او هدوء الحواس { وَالنَّهَارَ مُبْصِرًا } يبصر فيه او به واسناد الابصار اليه مجاز فيه مبالغة { إِنَّ اللهَ لَذُو فَضْلٍ عَلَى النَّاسِ } فضل لا يوازيه فضل { وَلَكِنَّ أَكْثَرَ النّاسِ لاَ يَشْكُرُونَ } لجهلهم بالمنعم واغفالهم عن مواقع النعم.  { (62) ذَلِكُمُ اللهُ رَبُّكُمْ خَالِقُ كُلِّ شَىْءٍ لاَ إِلَهَ إِلاّ هُوَ فَأَنّى تُؤْفَكُونَ } تصرفون عن عبادته الى عبادة غيره. { (63) كَذَلِكَ يُؤْفَكُ الَّذِينَ كَانُوا بِآيَاتِ اللهِ يَجْحَدُونَ }.  { (64) اللهُ الَّذِى جَعَلَ لَكُمُ الأَرْضَ قَرَارًا وَالسَّمَاءَ بِنَاءًا وَصَوَّرَكُمْ فَأَحْسَنَ صُوَرَكُمْ } بأن خلقكم منتصب القامة بادي البشرة متناسب الأعضاء والتخطيطات متهيّأ لمزاولة الصنايع واكتساب الكمالات { وَرَزَقَكُمْ مِنَ الطّيِّبَاتِ } اللّذائذ { ذَلِكُمْ اللهُ رَبُّكُمْ فَتَبَارَكَ اللهُ رَبُّ الْعَالَمِينَ } فانّ كلّ ما سواه مربوب مفتقر بالذات معرض للزوال.  { (65) هُوَ الْحَىُّ } المتفرّد بالحياة الذّاتية { لاَ إِلَهَ إِلاّ هُوَ } لا احد يساويه او يدانيه في ذاته وصفاته { فَادْعُوهُ } فاعبدوه { مُخْلِصِينَ لَهُ الدِّينَ } من الشرك والرياء { الْحَمْدُ للهِ رَبِّ الْعَالَمِينَ } قائلين له.  القمّي عن السجاد عليه السلام اذا قال احدكم لا اله الا الله فليقل الحمد لله ربّ العالمين فانّ الله يقول هو الحيّ الآية.
40,66,{ (66) قُلْ إِنِّى نُهِيتُ أَنْ أَعْبُدَ الَّذِينَ تَدْعُونَ مِنْ دُونِ اللهِ لَمّا جَاءَنِى الْبَيِّنَاتُ مِنْ رَبِّى وَأُمِرْتُ أَنْ أُسْلِمَ لِرَبِّ الْعَالَمِينَ } ان أنقاد واخلص له ديني.  { (67) هُوَ الَّذِى خَلَقَكُمْ مِنْ تُرَابٍ ثُمَّ مِنْ نُطْفَةٍ ثُمَّ مِنْ عَلَقَةٍ ثُمَّ يُخْرِجُكُمْ طِفْلاً ثُمَّ لِتَبْلُغُوا } ثمّ يبقيكم لتبلغوا { أَشُدَّكُمْ ثُمَّ لِتَكُونُوا شُيُوخًا وَمِنْكُمْ مَنْ يُتَوَفَّى مِنْ قَبْلُ } من قبل الشيخوخة او بلوغ الأشدّ { وَلِتَبْلُغُوا } ويفعل ذلك لتبلغوا { أَجَلاً مُسَمًّى } وقت الموت { وَلَعَلَّكُمْ تَعْقِلُونَ } ما في ذلك من الحجج والعبر.  { (68) هُوَ الَّذِى يُحْيِى وَيُمِيتُ فَإِذَا قَضَى أَمْرًا } فاذا أراده { فَإِنَّمَا يَقُولُ لَهُ كُنْ فَيَكُونَ } من غير عُدّة وتجشّم كلفة بلا صوت ولا حرف والفاء الاولى للدلالة على انّ ذلك نتيجة ما سبق.  { (69) أَلَمْ تَرَ إِلَى الَّذِينَ يُجَادِلُونَ فِى آيَاتِ اللهِ أَنَّى يُصْرَفُونَ } عن التصديق بها.  { (70) الَّذِينَ كَذَّبُوا بِالْكِتَابِ وَبِمَا أَرْسَلْنَا رُسُلَنَا فَسَوْفَ يَعْلَمُونَ } جزاء تكذيبهم.  { (71) إِذِ الأَغْلاَلُ فِى أَعْنَاقِهِمْ وَالسَّلاَسِلُ يُسْحَبُونَ } بِهَا.  { (72) فِى الْحَمِيمِ ثُمَّ فِى النّارِ يُسْجَرُونَ } يحرقون.  { (73) ثُمَّ قِيلَ لَهُمْ أَيْنَمَا كُنْتُمْ تُشْرِكُونَ }.  { (74) مِنْ دُونِ اللهِ قَالُوا ضَلُّوا عَنّا } ضاعوا عنّا فلم نجد ما كنّا نتوقّع منهم { بَلْ لَمْ نَكُنْ نَدْعُو مِنْ قَبْلُ شَيْئًا } بل تبيّن لنا انّا لم نكن نعبد شيئاً بعبادتهم.  في الكافي والقمّي عن الباقر عليه السلام فامّا النصاب من أهل القبلة فانّهم يخدّلهم خدّاً الى النار التي خلقها الله في المشرق فيدخل عليهم منها اللّهب والشرر والدخان وفورة الحميم الى يوم القيامة ثمّ مصيرهم الى الحميم ثمّ في النّار يسجرون ثمّ قيل لهم اينما كنتم تشركون من دون الله اي اين امامكم الذي اتّخذتموه دون الإِمام الذي جعل الله للناس إماماً.  وفي البصاير عنه عليه السلام قال كنت خلف أبي وهو على بغلته فنفرت بغلته فاذا هو شيخ في عنقه سلسلة ورجل يتبعه فقال يا عليّ بن الحسين اسقني فقال الرجل لا تسقه لا سقاه الله وكان الشيخ معاوية وفي هذا المعنى اخبار اخر { كَذَلِكَ يُضِلُّ اللهُ الْكَافِرِينَ } حتّى لا يهتدوا الى شيء ينفعهم في الآخرة.  القمّي عن الباقر عليه السلام في هذه الآية قال فقد سمّاهم الله كافرين مشركين بان كذّبوا بالكتاب وقد ارسل الله رسله بالكتاب وبتأويله فمن كذّب بالكتاب او كذّب بما ارسل الله به رسله من تأويل الكتاب فهو مشرك كافر.  { (75) ذَلِكُمْ بِمَا كُنْتُمْ تَفْرَحُونَ فِى الأَرْضِ } تبطرون وتتكبّرون { بِغَيْرِ الْحَقِّ } وهو الشرك والطغيان { وَبِمَا كُنْتُمْ تَمْرَحُونَ } تتوسّعون في الفرح.  { (76) اُدْخُلُوا أَبْوَابَ جَهَنَّمَ } الأبواب السّبعة المقسومة لكم { خَالِدِينَ فِيهَا } مقدّرين الخلود { فَبِئْسَ مَثْوَى الْمُتَكَبِّرِينَ } عن الحقّ جهنّم. { (77) فَاصْبِرْ إِنَّ وَعْدَ اللهِ } باهلاك الكفّار وتعذيبهم { حَقٌّ } كائن لا محالة { فَإِمّا نُرِيَنَّكَ } فان نُرِك وما مزيدة لتأكيد الشّرطية ولذلك لحقت النون الفعل { بَعْضَ الَّذِى نَعِدُهُمْ } وهو القتل والاسر { أَوْ نَتَوَفَّيَنَّكَ } قبل ان تراه { فَإِلَيْنَا يُرْجَعُونَ } يوم القيامة فنجازيهم بأعمالهم.  { (78) وَلَقَدْ أَرْسَلْنَا رُسُلاً مِنْ قَبْلِكَ مِنْهُمْ مَنْ قَصَصْنَا عَلَيْكَ وَمِنْهُمْ مَنْ لَمْ نَقْصُصْ عَلَيْكَ }.  في الخصال عنهم عليهم السلام انّ عددهم مأة ألف وأربعة وعشرون الفاً.  وفي المجمع عن عليّ بعث الله نبيّاً اسود لم يقصّ علينا قصّته { وَمَا كَانَ لِرَسُولٍ أَنْ يَأْتِىَ بِآيَةٍ إِلاّ بِإِذْنِ اللهِ } فانّ المعجزات عطايا قسمها بينهم على ما اقتضت حكمته ليس لهم اختيار في ايثار بعضها والاستبداد باتيان المقترح بها { فَإِذَا جَاءَ أَمْرُ اللهِ } بالعذاب في الدنيا والآخرة { قُضِىَ بِالْحَقِّ } بانجاء المحقّ وتعذيب المبطل { وَخَسِرَ هُنَالِكَ الْمُبْطِلُونَ } المعاندون باقتراح الآيات بعد ظهور ما يغنيهم عنها.
40,67,{ (66) قُلْ إِنِّى نُهِيتُ أَنْ أَعْبُدَ الَّذِينَ تَدْعُونَ مِنْ دُونِ اللهِ لَمّا جَاءَنِى الْبَيِّنَاتُ مِنْ رَبِّى وَأُمِرْتُ أَنْ أُسْلِمَ لِرَبِّ الْعَالَمِينَ } ان أنقاد واخلص له ديني.  { (67) هُوَ الَّذِى خَلَقَكُمْ مِنْ تُرَابٍ ثُمَّ مِنْ نُطْفَةٍ ثُمَّ مِنْ عَلَقَةٍ ثُمَّ يُخْرِجُكُمْ طِفْلاً ثُمَّ لِتَبْلُغُوا } ثمّ يبقيكم لتبلغوا { أَشُدَّكُمْ ثُمَّ لِتَكُونُوا شُيُوخًا وَمِنْكُمْ مَنْ يُتَوَفَّى مِنْ قَبْلُ } من قبل الشيخوخة او بلوغ الأشدّ { وَلِتَبْلُغُوا } ويفعل ذلك لتبلغوا { أَجَلاً مُسَمًّى } وقت الموت { وَلَعَلَّكُمْ تَعْقِلُونَ } ما في ذلك من الحجج والعبر.  { (68) هُوَ الَّذِى يُحْيِى وَيُمِيتُ فَإِذَا قَضَى أَمْرًا } فاذا أراده { فَإِنَّمَا يَقُولُ لَهُ كُنْ فَيَكُونَ } من غير عُدّة وتجشّم كلفة بلا صوت ولا حرف والفاء الاولى للدلالة على انّ ذلك نتيجة ما سبق.  { (69) أَلَمْ تَرَ إِلَى الَّذِينَ يُجَادِلُونَ فِى آيَاتِ اللهِ أَنَّى يُصْرَفُونَ } عن التصديق بها.  { (70) الَّذِينَ كَذَّبُوا بِالْكِتَابِ وَبِمَا أَرْسَلْنَا رُسُلَنَا فَسَوْفَ يَعْلَمُونَ } جزاء تكذيبهم.  { (71) إِذِ الأَغْلاَلُ فِى أَعْنَاقِهِمْ وَالسَّلاَسِلُ يُسْحَبُونَ } بِهَا.  { (72) فِى الْحَمِيمِ ثُمَّ فِى النّارِ يُسْجَرُونَ } يحرقون.  { (73) ثُمَّ قِيلَ لَهُمْ أَيْنَمَا كُنْتُمْ تُشْرِكُونَ }.  { (74) مِنْ دُونِ اللهِ قَالُوا ضَلُّوا عَنّا } ضاعوا عنّا فلم نجد ما كنّا نتوقّع منهم { بَلْ لَمْ نَكُنْ نَدْعُو مِنْ قَبْلُ شَيْئًا } بل تبيّن لنا انّا لم نكن نعبد شيئاً بعبادتهم.  في الكافي والقمّي عن الباقر عليه السلام فامّا النصاب من أهل القبلة فانّهم يخدّلهم خدّاً الى النار التي خلقها الله في المشرق فيدخل عليهم منها اللّهب والشرر والدخان وفورة الحميم الى يوم القيامة ثمّ مصيرهم الى الحميم ثمّ في النّار يسجرون ثمّ قيل لهم اينما كنتم تشركون من دون الله اي اين امامكم الذي اتّخذتموه دون الإِمام الذي جعل الله للناس إماماً.  وفي البصاير عنه عليه السلام قال كنت خلف أبي وهو على بغلته فنفرت بغلته فاذا هو شيخ في عنقه سلسلة ورجل يتبعه فقال يا عليّ بن الحسين اسقني فقال الرجل لا تسقه لا سقاه الله وكان الشيخ معاوية وفي هذا المعنى اخبار اخر { كَذَلِكَ يُضِلُّ اللهُ الْكَافِرِينَ } حتّى لا يهتدوا الى شيء ينفعهم في الآخرة.  القمّي عن الباقر عليه السلام في هذه الآية قال فقد سمّاهم الله كافرين مشركين بان كذّبوا بالكتاب وقد ارسل الله رسله بالكتاب وبتأويله فمن كذّب بالكتاب او كذّب بما ارسل الله به رسله من تأويل الكتاب فهو مشرك كافر.  { (75) ذَلِكُمْ بِمَا كُنْتُمْ تَفْرَحُونَ فِى الأَرْضِ } تبطرون وتتكبّرون { بِغَيْرِ الْحَقِّ } وهو الشرك والطغيان { وَبِمَا كُنْتُمْ تَمْرَحُونَ } تتوسّعون في الفرح.  { (76) اُدْخُلُوا أَبْوَابَ جَهَنَّمَ } الأبواب السّبعة المقسومة لكم { خَالِدِينَ فِيهَا } مقدّرين الخلود { فَبِئْسَ مَثْوَى الْمُتَكَبِّرِينَ } عن الحقّ جهنّم. { (77) فَاصْبِرْ إِنَّ وَعْدَ اللهِ } باهلاك الكفّار وتعذيبهم { حَقٌّ } كائن لا محالة { فَإِمّا نُرِيَنَّكَ } فان نُرِك وما مزيدة لتأكيد الشّرطية ولذلك لحقت النون الفعل { بَعْضَ الَّذِى نَعِدُهُمْ } وهو القتل والاسر { أَوْ نَتَوَفَّيَنَّكَ } قبل ان تراه { فَإِلَيْنَا يُرْجَعُونَ } يوم القيامة فنجازيهم بأعمالهم.  { (78) وَلَقَدْ أَرْسَلْنَا رُسُلاً مِنْ قَبْلِكَ مِنْهُمْ مَنْ قَصَصْنَا عَلَيْكَ وَمِنْهُمْ مَنْ لَمْ نَقْصُصْ عَلَيْكَ }.  في الخصال عنهم عليهم السلام انّ عددهم مأة ألف وأربعة وعشرون الفاً.  وفي المجمع عن عليّ بعث الله نبيّاً اسود لم يقصّ علينا قصّته { وَمَا كَانَ لِرَسُولٍ أَنْ يَأْتِىَ بِآيَةٍ إِلاّ بِإِذْنِ اللهِ } فانّ المعجزات عطايا قسمها بينهم على ما اقتضت حكمته ليس لهم اختيار في ايثار بعضها والاستبداد باتيان المقترح بها { فَإِذَا جَاءَ أَمْرُ اللهِ } بالعذاب في الدنيا والآخرة { قُضِىَ بِالْحَقِّ } بانجاء المحقّ وتعذيب المبطل { وَخَسِرَ هُنَالِكَ الْمُبْطِلُونَ } المعاندون باقتراح الآيات بعد ظهور ما يغنيهم عنها.
40,68,{ (66) قُلْ إِنِّى نُهِيتُ أَنْ أَعْبُدَ الَّذِينَ تَدْعُونَ مِنْ دُونِ اللهِ لَمّا جَاءَنِى الْبَيِّنَاتُ مِنْ رَبِّى وَأُمِرْتُ أَنْ أُسْلِمَ لِرَبِّ الْعَالَمِينَ } ان أنقاد واخلص له ديني.  { (67) هُوَ الَّذِى خَلَقَكُمْ مِنْ تُرَابٍ ثُمَّ مِنْ نُطْفَةٍ ثُمَّ مِنْ عَلَقَةٍ ثُمَّ يُخْرِجُكُمْ طِفْلاً ثُمَّ لِتَبْلُغُوا } ثمّ يبقيكم لتبلغوا { أَشُدَّكُمْ ثُمَّ لِتَكُونُوا شُيُوخًا وَمِنْكُمْ مَنْ يُتَوَفَّى مِنْ قَبْلُ } من قبل الشيخوخة او بلوغ الأشدّ { وَلِتَبْلُغُوا } ويفعل ذلك لتبلغوا { أَجَلاً مُسَمًّى } وقت الموت { وَلَعَلَّكُمْ تَعْقِلُونَ } ما في ذلك من الحجج والعبر.  { (68) هُوَ الَّذِى يُحْيِى وَيُمِيتُ فَإِذَا قَضَى أَمْرًا } فاذا أراده { فَإِنَّمَا يَقُولُ لَهُ كُنْ فَيَكُونَ } من غير عُدّة وتجشّم كلفة بلا صوت ولا حرف والفاء الاولى للدلالة على انّ ذلك نتيجة ما سبق.  { (69) أَلَمْ تَرَ إِلَى الَّذِينَ يُجَادِلُونَ فِى آيَاتِ اللهِ أَنَّى يُصْرَفُونَ } عن التصديق بها.  { (70) الَّذِينَ كَذَّبُوا بِالْكِتَابِ وَبِمَا أَرْسَلْنَا رُسُلَنَا فَسَوْفَ يَعْلَمُونَ } جزاء تكذيبهم.  { (71) إِذِ الأَغْلاَلُ فِى أَعْنَاقِهِمْ وَالسَّلاَسِلُ يُسْحَبُونَ } بِهَا.  { (72) فِى الْحَمِيمِ ثُمَّ فِى النّارِ يُسْجَرُونَ } يحرقون.  { (73) ثُمَّ قِيلَ لَهُمْ أَيْنَمَا كُنْتُمْ تُشْرِكُونَ }.  { (74) مِنْ دُونِ اللهِ قَالُوا ضَلُّوا عَنّا } ضاعوا عنّا فلم نجد ما كنّا نتوقّع منهم { بَلْ لَمْ نَكُنْ نَدْعُو مِنْ قَبْلُ شَيْئًا } بل تبيّن لنا انّا لم نكن نعبد شيئاً بعبادتهم.  في الكافي والقمّي عن الباقر عليه السلام فامّا النصاب من أهل القبلة فانّهم يخدّلهم خدّاً الى النار التي خلقها الله في المشرق فيدخل عليهم منها اللّهب والشرر والدخان وفورة الحميم الى يوم القيامة ثمّ مصيرهم الى الحميم ثمّ في النّار يسجرون ثمّ قيل لهم اينما كنتم تشركون من دون الله اي اين امامكم الذي اتّخذتموه دون الإِمام الذي جعل الله للناس إماماً.  وفي البصاير عنه عليه السلام قال كنت خلف أبي وهو على بغلته فنفرت بغلته فاذا هو شيخ في عنقه سلسلة ورجل يتبعه فقال يا عليّ بن الحسين اسقني فقال الرجل لا تسقه لا سقاه الله وكان الشيخ معاوية وفي هذا المعنى اخبار اخر { كَذَلِكَ يُضِلُّ اللهُ الْكَافِرِينَ } حتّى لا يهتدوا الى شيء ينفعهم في الآخرة.  القمّي عن الباقر عليه السلام في هذه الآية قال فقد سمّاهم الله كافرين مشركين بان كذّبوا بالكتاب وقد ارسل الله رسله بالكتاب وبتأويله فمن كذّب بالكتاب او كذّب بما ارسل الله به رسله من تأويل الكتاب فهو مشرك كافر.  { (75) ذَلِكُمْ بِمَا كُنْتُمْ تَفْرَحُونَ فِى الأَرْضِ } تبطرون وتتكبّرون { بِغَيْرِ الْحَقِّ } وهو الشرك والطغيان { وَبِمَا كُنْتُمْ تَمْرَحُونَ } تتوسّعون في الفرح.  { (76) اُدْخُلُوا أَبْوَابَ جَهَنَّمَ } الأبواب السّبعة المقسومة لكم { خَالِدِينَ فِيهَا } مقدّرين الخلود { فَبِئْسَ مَثْوَى الْمُتَكَبِّرِينَ } عن الحقّ جهنّم. { (77) فَاصْبِرْ إِنَّ وَعْدَ اللهِ } باهلاك الكفّار وتعذيبهم { حَقٌّ } كائن لا محالة { فَإِمّا نُرِيَنَّكَ } فان نُرِك وما مزيدة لتأكيد الشّرطية ولذلك لحقت النون الفعل { بَعْضَ الَّذِى نَعِدُهُمْ } وهو القتل والاسر { أَوْ نَتَوَفَّيَنَّكَ } قبل ان تراه { فَإِلَيْنَا يُرْجَعُونَ } يوم القيامة فنجازيهم بأعمالهم.  { (78) وَلَقَدْ أَرْسَلْنَا رُسُلاً مِنْ قَبْلِكَ مِنْهُمْ مَنْ قَصَصْنَا عَلَيْكَ وَمِنْهُمْ مَنْ لَمْ نَقْصُصْ عَلَيْكَ }.  في الخصال عنهم عليهم السلام انّ عددهم مأة ألف وأربعة وعشرون الفاً.  وفي المجمع عن عليّ بعث الله نبيّاً اسود لم يقصّ علينا قصّته { وَمَا كَانَ لِرَسُولٍ أَنْ يَأْتِىَ بِآيَةٍ إِلاّ بِإِذْنِ اللهِ } فانّ المعجزات عطايا قسمها بينهم على ما اقتضت حكمته ليس لهم اختيار في ايثار بعضها والاستبداد باتيان المقترح بها { فَإِذَا جَاءَ أَمْرُ اللهِ } بالعذاب في الدنيا والآخرة { قُضِىَ بِالْحَقِّ } بانجاء المحقّ وتعذيب المبطل { وَخَسِرَ هُنَالِكَ الْمُبْطِلُونَ } المعاندون باقتراح الآيات بعد ظهور ما يغنيهم عنها.
40,69,{ (66) قُلْ إِنِّى نُهِيتُ أَنْ أَعْبُدَ الَّذِينَ تَدْعُونَ مِنْ دُونِ اللهِ لَمّا جَاءَنِى الْبَيِّنَاتُ مِنْ رَبِّى وَأُمِرْتُ أَنْ أُسْلِمَ لِرَبِّ الْعَالَمِينَ } ان أنقاد واخلص له ديني.  { (67) هُوَ الَّذِى خَلَقَكُمْ مِنْ تُرَابٍ ثُمَّ مِنْ نُطْفَةٍ ثُمَّ مِنْ عَلَقَةٍ ثُمَّ يُخْرِجُكُمْ طِفْلاً ثُمَّ لِتَبْلُغُوا } ثمّ يبقيكم لتبلغوا { أَشُدَّكُمْ ثُمَّ لِتَكُونُوا شُيُوخًا وَمِنْكُمْ مَنْ يُتَوَفَّى مِنْ قَبْلُ } من قبل الشيخوخة او بلوغ الأشدّ { وَلِتَبْلُغُوا } ويفعل ذلك لتبلغوا { أَجَلاً مُسَمًّى } وقت الموت { وَلَعَلَّكُمْ تَعْقِلُونَ } ما في ذلك من الحجج والعبر.  { (68) هُوَ الَّذِى يُحْيِى وَيُمِيتُ فَإِذَا قَضَى أَمْرًا } فاذا أراده { فَإِنَّمَا يَقُولُ لَهُ كُنْ فَيَكُونَ } من غير عُدّة وتجشّم كلفة بلا صوت ولا حرف والفاء الاولى للدلالة على انّ ذلك نتيجة ما سبق.  { (69) أَلَمْ تَرَ إِلَى الَّذِينَ يُجَادِلُونَ فِى آيَاتِ اللهِ أَنَّى يُصْرَفُونَ } عن التصديق بها.  { (70) الَّذِينَ كَذَّبُوا بِالْكِتَابِ وَبِمَا أَرْسَلْنَا رُسُلَنَا فَسَوْفَ يَعْلَمُونَ } جزاء تكذيبهم.  { (71) إِذِ الأَغْلاَلُ فِى أَعْنَاقِهِمْ وَالسَّلاَسِلُ يُسْحَبُونَ } بِهَا.  { (72) فِى الْحَمِيمِ ثُمَّ فِى النّارِ يُسْجَرُونَ } يحرقون.  { (73) ثُمَّ قِيلَ لَهُمْ أَيْنَمَا كُنْتُمْ تُشْرِكُونَ }.  { (74) مِنْ دُونِ اللهِ قَالُوا ضَلُّوا عَنّا } ضاعوا عنّا فلم نجد ما كنّا نتوقّع منهم { بَلْ لَمْ نَكُنْ نَدْعُو مِنْ قَبْلُ شَيْئًا } بل تبيّن لنا انّا لم نكن نعبد شيئاً بعبادتهم.  في الكافي والقمّي عن الباقر عليه السلام فامّا النصاب من أهل القبلة فانّهم يخدّلهم خدّاً الى النار التي خلقها الله في المشرق فيدخل عليهم منها اللّهب والشرر والدخان وفورة الحميم الى يوم القيامة ثمّ مصيرهم الى الحميم ثمّ في النّار يسجرون ثمّ قيل لهم اينما كنتم تشركون من دون الله اي اين امامكم الذي اتّخذتموه دون الإِمام الذي جعل الله للناس إماماً.  وفي البصاير عنه عليه السلام قال كنت خلف أبي وهو على بغلته فنفرت بغلته فاذا هو شيخ في عنقه سلسلة ورجل يتبعه فقال يا عليّ بن الحسين اسقني فقال الرجل لا تسقه لا سقاه الله وكان الشيخ معاوية وفي هذا المعنى اخبار اخر { كَذَلِكَ يُضِلُّ اللهُ الْكَافِرِينَ } حتّى لا يهتدوا الى شيء ينفعهم في الآخرة.  القمّي عن الباقر عليه السلام في هذه الآية قال فقد سمّاهم الله كافرين مشركين بان كذّبوا بالكتاب وقد ارسل الله رسله بالكتاب وبتأويله فمن كذّب بالكتاب او كذّب بما ارسل الله به رسله من تأويل الكتاب فهو مشرك كافر.  { (75) ذَلِكُمْ بِمَا كُنْتُمْ تَفْرَحُونَ فِى الأَرْضِ } تبطرون وتتكبّرون { بِغَيْرِ الْحَقِّ } وهو الشرك والطغيان { وَبِمَا كُنْتُمْ تَمْرَحُونَ } تتوسّعون في الفرح.  { (76) اُدْخُلُوا أَبْوَابَ جَهَنَّمَ } الأبواب السّبعة المقسومة لكم { خَالِدِينَ فِيهَا } مقدّرين الخلود { فَبِئْسَ مَثْوَى الْمُتَكَبِّرِينَ } عن الحقّ جهنّم. { (77) فَاصْبِرْ إِنَّ وَعْدَ اللهِ } باهلاك الكفّار وتعذيبهم { حَقٌّ } كائن لا محالة { فَإِمّا نُرِيَنَّكَ } فان نُرِك وما مزيدة لتأكيد الشّرطية ولذلك لحقت النون الفعل { بَعْضَ الَّذِى نَعِدُهُمْ } وهو القتل والاسر { أَوْ نَتَوَفَّيَنَّكَ } قبل ان تراه { فَإِلَيْنَا يُرْجَعُونَ } يوم القيامة فنجازيهم بأعمالهم.  { (78) وَلَقَدْ أَرْسَلْنَا رُسُلاً مِنْ قَبْلِكَ مِنْهُمْ مَنْ قَصَصْنَا عَلَيْكَ وَمِنْهُمْ مَنْ لَمْ نَقْصُصْ عَلَيْكَ }.  في الخصال عنهم عليهم السلام انّ عددهم مأة ألف وأربعة وعشرون الفاً.  وفي المجمع عن عليّ بعث الله نبيّاً اسود لم يقصّ علينا قصّته { وَمَا كَانَ لِرَسُولٍ أَنْ يَأْتِىَ بِآيَةٍ إِلاّ بِإِذْنِ اللهِ } فانّ المعجزات عطايا قسمها بينهم على ما اقتضت حكمته ليس لهم اختيار في ايثار بعضها والاستبداد باتيان المقترح بها { فَإِذَا جَاءَ أَمْرُ اللهِ } بالعذاب في الدنيا والآخرة { قُضِىَ بِالْحَقِّ } بانجاء المحقّ وتعذيب المبطل { وَخَسِرَ هُنَالِكَ الْمُبْطِلُونَ } المعاندون باقتراح الآيات بعد ظهور ما يغنيهم عنها.
40,70,{ (66) قُلْ إِنِّى نُهِيتُ أَنْ أَعْبُدَ الَّذِينَ تَدْعُونَ مِنْ دُونِ اللهِ لَمّا جَاءَنِى الْبَيِّنَاتُ مِنْ رَبِّى وَأُمِرْتُ أَنْ أُسْلِمَ لِرَبِّ الْعَالَمِينَ } ان أنقاد واخلص له ديني.  { (67) هُوَ الَّذِى خَلَقَكُمْ مِنْ تُرَابٍ ثُمَّ مِنْ نُطْفَةٍ ثُمَّ مِنْ عَلَقَةٍ ثُمَّ يُخْرِجُكُمْ طِفْلاً ثُمَّ لِتَبْلُغُوا } ثمّ يبقيكم لتبلغوا { أَشُدَّكُمْ ثُمَّ لِتَكُونُوا شُيُوخًا وَمِنْكُمْ مَنْ يُتَوَفَّى مِنْ قَبْلُ } من قبل الشيخوخة او بلوغ الأشدّ { وَلِتَبْلُغُوا } ويفعل ذلك لتبلغوا { أَجَلاً مُسَمًّى } وقت الموت { وَلَعَلَّكُمْ تَعْقِلُونَ } ما في ذلك من الحجج والعبر.  { (68) هُوَ الَّذِى يُحْيِى وَيُمِيتُ فَإِذَا قَضَى أَمْرًا } فاذا أراده { فَإِنَّمَا يَقُولُ لَهُ كُنْ فَيَكُونَ } من غير عُدّة وتجشّم كلفة بلا صوت ولا حرف والفاء الاولى للدلالة على انّ ذلك نتيجة ما سبق.  { (69) أَلَمْ تَرَ إِلَى الَّذِينَ يُجَادِلُونَ فِى آيَاتِ اللهِ أَنَّى يُصْرَفُونَ } عن التصديق بها.  { (70) الَّذِينَ كَذَّبُوا بِالْكِتَابِ وَبِمَا أَرْسَلْنَا رُسُلَنَا فَسَوْفَ يَعْلَمُونَ } جزاء تكذيبهم.  { (71) إِذِ الأَغْلاَلُ فِى أَعْنَاقِهِمْ وَالسَّلاَسِلُ يُسْحَبُونَ } بِهَا.  { (72) فِى الْحَمِيمِ ثُمَّ فِى النّارِ يُسْجَرُونَ } يحرقون.  { (73) ثُمَّ قِيلَ لَهُمْ أَيْنَمَا كُنْتُمْ تُشْرِكُونَ }.  { (74) مِنْ دُونِ اللهِ قَالُوا ضَلُّوا عَنّا } ضاعوا عنّا فلم نجد ما كنّا نتوقّع منهم { بَلْ لَمْ نَكُنْ نَدْعُو مِنْ قَبْلُ شَيْئًا } بل تبيّن لنا انّا لم نكن نعبد شيئاً بعبادتهم.  في الكافي والقمّي عن الباقر عليه السلام فامّا النصاب من أهل القبلة فانّهم يخدّلهم خدّاً الى النار التي خلقها الله في المشرق فيدخل عليهم منها اللّهب والشرر والدخان وفورة الحميم الى يوم القيامة ثمّ مصيرهم الى الحميم ثمّ في النّار يسجرون ثمّ قيل لهم اينما كنتم تشركون من دون الله اي اين امامكم الذي اتّخذتموه دون الإِمام الذي جعل الله للناس إماماً.  وفي البصاير عنه عليه السلام قال كنت خلف أبي وهو على بغلته فنفرت بغلته فاذا هو شيخ في عنقه سلسلة ورجل يتبعه فقال يا عليّ بن الحسين اسقني فقال الرجل لا تسقه لا سقاه الله وكان الشيخ معاوية وفي هذا المعنى اخبار اخر { كَذَلِكَ يُضِلُّ اللهُ الْكَافِرِينَ } حتّى لا يهتدوا الى شيء ينفعهم في الآخرة.  القمّي عن الباقر عليه السلام في هذه الآية قال فقد سمّاهم الله كافرين مشركين بان كذّبوا بالكتاب وقد ارسل الله رسله بالكتاب وبتأويله فمن كذّب بالكتاب او كذّب بما ارسل الله به رسله من تأويل الكتاب فهو مشرك كافر.  { (75) ذَلِكُمْ بِمَا كُنْتُمْ تَفْرَحُونَ فِى الأَرْضِ } تبطرون وتتكبّرون { بِغَيْرِ الْحَقِّ } وهو الشرك والطغيان { وَبِمَا كُنْتُمْ تَمْرَحُونَ } تتوسّعون في الفرح.  { (76) اُدْخُلُوا أَبْوَابَ جَهَنَّمَ } الأبواب السّبعة المقسومة لكم { خَالِدِينَ فِيهَا } مقدّرين الخلود { فَبِئْسَ مَثْوَى الْمُتَكَبِّرِينَ } عن الحقّ جهنّم. { (77) فَاصْبِرْ إِنَّ وَعْدَ اللهِ } باهلاك الكفّار وتعذيبهم { حَقٌّ } كائن لا محالة { فَإِمّا نُرِيَنَّكَ } فان نُرِك وما مزيدة لتأكيد الشّرطية ولذلك لحقت النون الفعل { بَعْضَ الَّذِى نَعِدُهُمْ } وهو القتل والاسر { أَوْ نَتَوَفَّيَنَّكَ } قبل ان تراه { فَإِلَيْنَا يُرْجَعُونَ } يوم القيامة فنجازيهم بأعمالهم.  { (78) وَلَقَدْ أَرْسَلْنَا رُسُلاً مِنْ قَبْلِكَ مِنْهُمْ مَنْ قَصَصْنَا عَلَيْكَ وَمِنْهُمْ مَنْ لَمْ نَقْصُصْ عَلَيْكَ }.  في الخصال عنهم عليهم السلام انّ عددهم مأة ألف وأربعة وعشرون الفاً.  وفي المجمع عن عليّ بعث الله نبيّاً اسود لم يقصّ علينا قصّته { وَمَا كَانَ لِرَسُولٍ أَنْ يَأْتِىَ بِآيَةٍ إِلاّ بِإِذْنِ اللهِ } فانّ المعجزات عطايا قسمها بينهم على ما اقتضت حكمته ليس لهم اختيار في ايثار بعضها والاستبداد باتيان المقترح بها { فَإِذَا جَاءَ أَمْرُ اللهِ } بالعذاب في الدنيا والآخرة { قُضِىَ بِالْحَقِّ } بانجاء المحقّ وتعذيب المبطل { وَخَسِرَ هُنَالِكَ الْمُبْطِلُونَ } المعاندون باقتراح الآيات بعد ظهور ما يغنيهم عنها.
40,71,{ (66) قُلْ إِنِّى نُهِيتُ أَنْ أَعْبُدَ الَّذِينَ تَدْعُونَ مِنْ دُونِ اللهِ لَمّا جَاءَنِى الْبَيِّنَاتُ مِنْ رَبِّى وَأُمِرْتُ أَنْ أُسْلِمَ لِرَبِّ الْعَالَمِينَ } ان أنقاد واخلص له ديني.  { (67) هُوَ الَّذِى خَلَقَكُمْ مِنْ تُرَابٍ ثُمَّ مِنْ نُطْفَةٍ ثُمَّ مِنْ عَلَقَةٍ ثُمَّ يُخْرِجُكُمْ طِفْلاً ثُمَّ لِتَبْلُغُوا } ثمّ يبقيكم لتبلغوا { أَشُدَّكُمْ ثُمَّ لِتَكُونُوا شُيُوخًا وَمِنْكُمْ مَنْ يُتَوَفَّى مِنْ قَبْلُ } من قبل الشيخوخة او بلوغ الأشدّ { وَلِتَبْلُغُوا } ويفعل ذلك لتبلغوا { أَجَلاً مُسَمًّى } وقت الموت { وَلَعَلَّكُمْ تَعْقِلُونَ } ما في ذلك من الحجج والعبر.  { (68) هُوَ الَّذِى يُحْيِى وَيُمِيتُ فَإِذَا قَضَى أَمْرًا } فاذا أراده { فَإِنَّمَا يَقُولُ لَهُ كُنْ فَيَكُونَ } من غير عُدّة وتجشّم كلفة بلا صوت ولا حرف والفاء الاولى للدلالة على انّ ذلك نتيجة ما سبق.  { (69) أَلَمْ تَرَ إِلَى الَّذِينَ يُجَادِلُونَ فِى آيَاتِ اللهِ أَنَّى يُصْرَفُونَ } عن التصديق بها.  { (70) الَّذِينَ كَذَّبُوا بِالْكِتَابِ وَبِمَا أَرْسَلْنَا رُسُلَنَا فَسَوْفَ يَعْلَمُونَ } جزاء تكذيبهم.  { (71) إِذِ الأَغْلاَلُ فِى أَعْنَاقِهِمْ وَالسَّلاَسِلُ يُسْحَبُونَ } بِهَا.  { (72) فِى الْحَمِيمِ ثُمَّ فِى النّارِ يُسْجَرُونَ } يحرقون.  { (73) ثُمَّ قِيلَ لَهُمْ أَيْنَمَا كُنْتُمْ تُشْرِكُونَ }.  { (74) مِنْ دُونِ اللهِ قَالُوا ضَلُّوا عَنّا } ضاعوا عنّا فلم نجد ما كنّا نتوقّع منهم { بَلْ لَمْ نَكُنْ نَدْعُو مِنْ قَبْلُ شَيْئًا } بل تبيّن لنا انّا لم نكن نعبد شيئاً بعبادتهم.  في الكافي والقمّي عن الباقر عليه السلام فامّا النصاب من أهل القبلة فانّهم يخدّلهم خدّاً الى النار التي خلقها الله في المشرق فيدخل عليهم منها اللّهب والشرر والدخان وفورة الحميم الى يوم القيامة ثمّ مصيرهم الى الحميم ثمّ في النّار يسجرون ثمّ قيل لهم اينما كنتم تشركون من دون الله اي اين امامكم الذي اتّخذتموه دون الإِمام الذي جعل الله للناس إماماً.  وفي البصاير عنه عليه السلام قال كنت خلف أبي وهو على بغلته فنفرت بغلته فاذا هو شيخ في عنقه سلسلة ورجل يتبعه فقال يا عليّ بن الحسين اسقني فقال الرجل لا تسقه لا سقاه الله وكان الشيخ معاوية وفي هذا المعنى اخبار اخر { كَذَلِكَ يُضِلُّ اللهُ الْكَافِرِينَ } حتّى لا يهتدوا الى شيء ينفعهم في الآخرة.  القمّي عن الباقر عليه السلام في هذه الآية قال فقد سمّاهم الله كافرين مشركين بان كذّبوا بالكتاب وقد ارسل الله رسله بالكتاب وبتأويله فمن كذّب بالكتاب او كذّب بما ارسل الله به رسله من تأويل الكتاب فهو مشرك كافر.  { (75) ذَلِكُمْ بِمَا كُنْتُمْ تَفْرَحُونَ فِى الأَرْضِ } تبطرون وتتكبّرون { بِغَيْرِ الْحَقِّ } وهو الشرك والطغيان { وَبِمَا كُنْتُمْ تَمْرَحُونَ } تتوسّعون في الفرح.  { (76) اُدْخُلُوا أَبْوَابَ جَهَنَّمَ } الأبواب السّبعة المقسومة لكم { خَالِدِينَ فِيهَا } مقدّرين الخلود { فَبِئْسَ مَثْوَى الْمُتَكَبِّرِينَ } عن الحقّ جهنّم. { (77) فَاصْبِرْ إِنَّ وَعْدَ اللهِ } باهلاك الكفّار وتعذيبهم { حَقٌّ } كائن لا محالة { فَإِمّا نُرِيَنَّكَ } فان نُرِك وما مزيدة لتأكيد الشّرطية ولذلك لحقت النون الفعل { بَعْضَ الَّذِى نَعِدُهُمْ } وهو القتل والاسر { أَوْ نَتَوَفَّيَنَّكَ } قبل ان تراه { فَإِلَيْنَا يُرْجَعُونَ } يوم القيامة فنجازيهم بأعمالهم.  { (78) وَلَقَدْ أَرْسَلْنَا رُسُلاً مِنْ قَبْلِكَ مِنْهُمْ مَنْ قَصَصْنَا عَلَيْكَ وَمِنْهُمْ مَنْ لَمْ نَقْصُصْ عَلَيْكَ }.  في الخصال عنهم عليهم السلام انّ عددهم مأة ألف وأربعة وعشرون الفاً.  وفي المجمع عن عليّ بعث الله نبيّاً اسود لم يقصّ علينا قصّته { وَمَا كَانَ لِرَسُولٍ أَنْ يَأْتِىَ بِآيَةٍ إِلاّ بِإِذْنِ اللهِ } فانّ المعجزات عطايا قسمها بينهم على ما اقتضت حكمته ليس لهم اختيار في ايثار بعضها والاستبداد باتيان المقترح بها { فَإِذَا جَاءَ أَمْرُ اللهِ } بالعذاب في الدنيا والآخرة { قُضِىَ بِالْحَقِّ } بانجاء المحقّ وتعذيب المبطل { وَخَسِرَ هُنَالِكَ الْمُبْطِلُونَ } المعاندون باقتراح الآيات بعد ظهور ما يغنيهم عنها.
40,72,{ (66) قُلْ إِنِّى نُهِيتُ أَنْ أَعْبُدَ الَّذِينَ تَدْعُونَ مِنْ دُونِ اللهِ لَمّا جَاءَنِى الْبَيِّنَاتُ مِنْ رَبِّى وَأُمِرْتُ أَنْ أُسْلِمَ لِرَبِّ الْعَالَمِينَ } ان أنقاد واخلص له ديني.  { (67) هُوَ الَّذِى خَلَقَكُمْ مِنْ تُرَابٍ ثُمَّ مِنْ نُطْفَةٍ ثُمَّ مِنْ عَلَقَةٍ ثُمَّ يُخْرِجُكُمْ طِفْلاً ثُمَّ لِتَبْلُغُوا } ثمّ يبقيكم لتبلغوا { أَشُدَّكُمْ ثُمَّ لِتَكُونُوا شُيُوخًا وَمِنْكُمْ مَنْ يُتَوَفَّى مِنْ قَبْلُ } من قبل الشيخوخة او بلوغ الأشدّ { وَلِتَبْلُغُوا } ويفعل ذلك لتبلغوا { أَجَلاً مُسَمًّى } وقت الموت { وَلَعَلَّكُمْ تَعْقِلُونَ } ما في ذلك من الحجج والعبر.  { (68) هُوَ الَّذِى يُحْيِى وَيُمِيتُ فَإِذَا قَضَى أَمْرًا } فاذا أراده { فَإِنَّمَا يَقُولُ لَهُ كُنْ فَيَكُونَ } من غير عُدّة وتجشّم كلفة بلا صوت ولا حرف والفاء الاولى للدلالة على انّ ذلك نتيجة ما سبق.  { (69) أَلَمْ تَرَ إِلَى الَّذِينَ يُجَادِلُونَ فِى آيَاتِ اللهِ أَنَّى يُصْرَفُونَ } عن التصديق بها.  { (70) الَّذِينَ كَذَّبُوا بِالْكِتَابِ وَبِمَا أَرْسَلْنَا رُسُلَنَا فَسَوْفَ يَعْلَمُونَ } جزاء تكذيبهم.  { (71) إِذِ الأَغْلاَلُ فِى أَعْنَاقِهِمْ وَالسَّلاَسِلُ يُسْحَبُونَ } بِهَا.  { (72) فِى الْحَمِيمِ ثُمَّ فِى النّارِ يُسْجَرُونَ } يحرقون.  { (73) ثُمَّ قِيلَ لَهُمْ أَيْنَمَا كُنْتُمْ تُشْرِكُونَ }.  { (74) مِنْ دُونِ اللهِ قَالُوا ضَلُّوا عَنّا } ضاعوا عنّا فلم نجد ما كنّا نتوقّع منهم { بَلْ لَمْ نَكُنْ نَدْعُو مِنْ قَبْلُ شَيْئًا } بل تبيّن لنا انّا لم نكن نعبد شيئاً بعبادتهم.  في الكافي والقمّي عن الباقر عليه السلام فامّا النصاب من أهل القبلة فانّهم يخدّلهم خدّاً الى النار التي خلقها الله في المشرق فيدخل عليهم منها اللّهب والشرر والدخان وفورة الحميم الى يوم القيامة ثمّ مصيرهم الى الحميم ثمّ في النّار يسجرون ثمّ قيل لهم اينما كنتم تشركون من دون الله اي اين امامكم الذي اتّخذتموه دون الإِمام الذي جعل الله للناس إماماً.  وفي البصاير عنه عليه السلام قال كنت خلف أبي وهو على بغلته فنفرت بغلته فاذا هو شيخ في عنقه سلسلة ورجل يتبعه فقال يا عليّ بن الحسين اسقني فقال الرجل لا تسقه لا سقاه الله وكان الشيخ معاوية وفي هذا المعنى اخبار اخر { كَذَلِكَ يُضِلُّ اللهُ الْكَافِرِينَ } حتّى لا يهتدوا الى شيء ينفعهم في الآخرة.  القمّي عن الباقر عليه السلام في هذه الآية قال فقد سمّاهم الله كافرين مشركين بان كذّبوا بالكتاب وقد ارسل الله رسله بالكتاب وبتأويله فمن كذّب بالكتاب او كذّب بما ارسل الله به رسله من تأويل الكتاب فهو مشرك كافر.  { (75) ذَلِكُمْ بِمَا كُنْتُمْ تَفْرَحُونَ فِى الأَرْضِ } تبطرون وتتكبّرون { بِغَيْرِ الْحَقِّ } وهو الشرك والطغيان { وَبِمَا كُنْتُمْ تَمْرَحُونَ } تتوسّعون في الفرح.  { (76) اُدْخُلُوا أَبْوَابَ جَهَنَّمَ } الأبواب السّبعة المقسومة لكم { خَالِدِينَ فِيهَا } مقدّرين الخلود { فَبِئْسَ مَثْوَى الْمُتَكَبِّرِينَ } عن الحقّ جهنّم. { (77) فَاصْبِرْ إِنَّ وَعْدَ اللهِ } باهلاك الكفّار وتعذيبهم { حَقٌّ } كائن لا محالة { فَإِمّا نُرِيَنَّكَ } فان نُرِك وما مزيدة لتأكيد الشّرطية ولذلك لحقت النون الفعل { بَعْضَ الَّذِى نَعِدُهُمْ } وهو القتل والاسر { أَوْ نَتَوَفَّيَنَّكَ } قبل ان تراه { فَإِلَيْنَا يُرْجَعُونَ } يوم القيامة فنجازيهم بأعمالهم.  { (78) وَلَقَدْ أَرْسَلْنَا رُسُلاً مِنْ قَبْلِكَ مِنْهُمْ مَنْ قَصَصْنَا عَلَيْكَ وَمِنْهُمْ مَنْ لَمْ نَقْصُصْ عَلَيْكَ }.  في الخصال عنهم عليهم السلام انّ عددهم مأة ألف وأربعة وعشرون الفاً.  وفي المجمع عن عليّ بعث الله نبيّاً اسود لم يقصّ علينا قصّته { وَمَا كَانَ لِرَسُولٍ أَنْ يَأْتِىَ بِآيَةٍ إِلاّ بِإِذْنِ اللهِ } فانّ المعجزات عطايا قسمها بينهم على ما اقتضت حكمته ليس لهم اختيار في ايثار بعضها والاستبداد باتيان المقترح بها { فَإِذَا جَاءَ أَمْرُ اللهِ } بالعذاب في الدنيا والآخرة { قُضِىَ بِالْحَقِّ } بانجاء المحقّ وتعذيب المبطل { وَخَسِرَ هُنَالِكَ الْمُبْطِلُونَ } المعاندون باقتراح الآيات بعد ظهور ما يغنيهم عنها.
40,73,{ (66) قُلْ إِنِّى نُهِيتُ أَنْ أَعْبُدَ الَّذِينَ تَدْعُونَ مِنْ دُونِ اللهِ لَمّا جَاءَنِى الْبَيِّنَاتُ مِنْ رَبِّى وَأُمِرْتُ أَنْ أُسْلِمَ لِرَبِّ الْعَالَمِينَ } ان أنقاد واخلص له ديني.  { (67) هُوَ الَّذِى خَلَقَكُمْ مِنْ تُرَابٍ ثُمَّ مِنْ نُطْفَةٍ ثُمَّ مِنْ عَلَقَةٍ ثُمَّ يُخْرِجُكُمْ طِفْلاً ثُمَّ لِتَبْلُغُوا } ثمّ يبقيكم لتبلغوا { أَشُدَّكُمْ ثُمَّ لِتَكُونُوا شُيُوخًا وَمِنْكُمْ مَنْ يُتَوَفَّى مِنْ قَبْلُ } من قبل الشيخوخة او بلوغ الأشدّ { وَلِتَبْلُغُوا } ويفعل ذلك لتبلغوا { أَجَلاً مُسَمًّى } وقت الموت { وَلَعَلَّكُمْ تَعْقِلُونَ } ما في ذلك من الحجج والعبر.  { (68) هُوَ الَّذِى يُحْيِى وَيُمِيتُ فَإِذَا قَضَى أَمْرًا } فاذا أراده { فَإِنَّمَا يَقُولُ لَهُ كُنْ فَيَكُونَ } من غير عُدّة وتجشّم كلفة بلا صوت ولا حرف والفاء الاولى للدلالة على انّ ذلك نتيجة ما سبق.  { (69) أَلَمْ تَرَ إِلَى الَّذِينَ يُجَادِلُونَ فِى آيَاتِ اللهِ أَنَّى يُصْرَفُونَ } عن التصديق بها.  { (70) الَّذِينَ كَذَّبُوا بِالْكِتَابِ وَبِمَا أَرْسَلْنَا رُسُلَنَا فَسَوْفَ يَعْلَمُونَ } جزاء تكذيبهم.  { (71) إِذِ الأَغْلاَلُ فِى أَعْنَاقِهِمْ وَالسَّلاَسِلُ يُسْحَبُونَ } بِهَا.  { (72) فِى الْحَمِيمِ ثُمَّ فِى النّارِ يُسْجَرُونَ } يحرقون.  { (73) ثُمَّ قِيلَ لَهُمْ أَيْنَمَا كُنْتُمْ تُشْرِكُونَ }.  { (74) مِنْ دُونِ اللهِ قَالُوا ضَلُّوا عَنّا } ضاعوا عنّا فلم نجد ما كنّا نتوقّع منهم { بَلْ لَمْ نَكُنْ نَدْعُو مِنْ قَبْلُ شَيْئًا } بل تبيّن لنا انّا لم نكن نعبد شيئاً بعبادتهم.  في الكافي والقمّي عن الباقر عليه السلام فامّا النصاب من أهل القبلة فانّهم يخدّلهم خدّاً الى النار التي خلقها الله في المشرق فيدخل عليهم منها اللّهب والشرر والدخان وفورة الحميم الى يوم القيامة ثمّ مصيرهم الى الحميم ثمّ في النّار يسجرون ثمّ قيل لهم اينما كنتم تشركون من دون الله اي اين امامكم الذي اتّخذتموه دون الإِمام الذي جعل الله للناس إماماً.  وفي البصاير عنه عليه السلام قال كنت خلف أبي وهو على بغلته فنفرت بغلته فاذا هو شيخ في عنقه سلسلة ورجل يتبعه فقال يا عليّ بن الحسين اسقني فقال الرجل لا تسقه لا سقاه الله وكان الشيخ معاوية وفي هذا المعنى اخبار اخر { كَذَلِكَ يُضِلُّ اللهُ الْكَافِرِينَ } حتّى لا يهتدوا الى شيء ينفعهم في الآخرة.  القمّي عن الباقر عليه السلام في هذه الآية قال فقد سمّاهم الله كافرين مشركين بان كذّبوا بالكتاب وقد ارسل الله رسله بالكتاب وبتأويله فمن كذّب بالكتاب او كذّب بما ارسل الله به رسله من تأويل الكتاب فهو مشرك كافر.  { (75) ذَلِكُمْ بِمَا كُنْتُمْ تَفْرَحُونَ فِى الأَرْضِ } تبطرون وتتكبّرون { بِغَيْرِ الْحَقِّ } وهو الشرك والطغيان { وَبِمَا كُنْتُمْ تَمْرَحُونَ } تتوسّعون في الفرح.  { (76) اُدْخُلُوا أَبْوَابَ جَهَنَّمَ } الأبواب السّبعة المقسومة لكم { خَالِدِينَ فِيهَا } مقدّرين الخلود { فَبِئْسَ مَثْوَى الْمُتَكَبِّرِينَ } عن الحقّ جهنّم. { (77) فَاصْبِرْ إِنَّ وَعْدَ اللهِ } باهلاك الكفّار وتعذيبهم { حَقٌّ } كائن لا محالة { فَإِمّا نُرِيَنَّكَ } فان نُرِك وما مزيدة لتأكيد الشّرطية ولذلك لحقت النون الفعل { بَعْضَ الَّذِى نَعِدُهُمْ } وهو القتل والاسر { أَوْ نَتَوَفَّيَنَّكَ } قبل ان تراه { فَإِلَيْنَا يُرْجَعُونَ } يوم القيامة فنجازيهم بأعمالهم.  { (78) وَلَقَدْ أَرْسَلْنَا رُسُلاً مِنْ قَبْلِكَ مِنْهُمْ مَنْ قَصَصْنَا عَلَيْكَ وَمِنْهُمْ مَنْ لَمْ نَقْصُصْ عَلَيْكَ }.  في الخصال عنهم عليهم السلام انّ عددهم مأة ألف وأربعة وعشرون الفاً.  وفي المجمع عن عليّ بعث الله نبيّاً اسود لم يقصّ علينا قصّته { وَمَا كَانَ لِرَسُولٍ أَنْ يَأْتِىَ بِآيَةٍ إِلاّ بِإِذْنِ اللهِ } فانّ المعجزات عطايا قسمها بينهم على ما اقتضت حكمته ليس لهم اختيار في ايثار بعضها والاستبداد باتيان المقترح بها { فَإِذَا جَاءَ أَمْرُ اللهِ } بالعذاب في الدنيا والآخرة { قُضِىَ بِالْحَقِّ } بانجاء المحقّ وتعذيب المبطل { وَخَسِرَ هُنَالِكَ الْمُبْطِلُونَ } المعاندون باقتراح الآيات بعد ظهور ما يغنيهم عنها.
40,74,{ (66) قُلْ إِنِّى نُهِيتُ أَنْ أَعْبُدَ الَّذِينَ تَدْعُونَ مِنْ دُونِ اللهِ لَمّا جَاءَنِى الْبَيِّنَاتُ مِنْ رَبِّى وَأُمِرْتُ أَنْ أُسْلِمَ لِرَبِّ الْعَالَمِينَ } ان أنقاد واخلص له ديني.  { (67) هُوَ الَّذِى خَلَقَكُمْ مِنْ تُرَابٍ ثُمَّ مِنْ نُطْفَةٍ ثُمَّ مِنْ عَلَقَةٍ ثُمَّ يُخْرِجُكُمْ طِفْلاً ثُمَّ لِتَبْلُغُوا } ثمّ يبقيكم لتبلغوا { أَشُدَّكُمْ ثُمَّ لِتَكُونُوا شُيُوخًا وَمِنْكُمْ مَنْ يُتَوَفَّى مِنْ قَبْلُ } من قبل الشيخوخة او بلوغ الأشدّ { وَلِتَبْلُغُوا } ويفعل ذلك لتبلغوا { أَجَلاً مُسَمًّى } وقت الموت { وَلَعَلَّكُمْ تَعْقِلُونَ } ما في ذلك من الحجج والعبر.  { (68) هُوَ الَّذِى يُحْيِى وَيُمِيتُ فَإِذَا قَضَى أَمْرًا } فاذا أراده { فَإِنَّمَا يَقُولُ لَهُ كُنْ فَيَكُونَ } من غير عُدّة وتجشّم كلفة بلا صوت ولا حرف والفاء الاولى للدلالة على انّ ذلك نتيجة ما سبق.  { (69) أَلَمْ تَرَ إِلَى الَّذِينَ يُجَادِلُونَ فِى آيَاتِ اللهِ أَنَّى يُصْرَفُونَ } عن التصديق بها.  { (70) الَّذِينَ كَذَّبُوا بِالْكِتَابِ وَبِمَا أَرْسَلْنَا رُسُلَنَا فَسَوْفَ يَعْلَمُونَ } جزاء تكذيبهم.  { (71) إِذِ الأَغْلاَلُ فِى أَعْنَاقِهِمْ وَالسَّلاَسِلُ يُسْحَبُونَ } بِهَا.  { (72) فِى الْحَمِيمِ ثُمَّ فِى النّارِ يُسْجَرُونَ } يحرقون.  { (73) ثُمَّ قِيلَ لَهُمْ أَيْنَمَا كُنْتُمْ تُشْرِكُونَ }.  { (74) مِنْ دُونِ اللهِ قَالُوا ضَلُّوا عَنّا } ضاعوا عنّا فلم نجد ما كنّا نتوقّع منهم { بَلْ لَمْ نَكُنْ نَدْعُو مِنْ قَبْلُ شَيْئًا } بل تبيّن لنا انّا لم نكن نعبد شيئاً بعبادتهم.  في الكافي والقمّي عن الباقر عليه السلام فامّا النصاب من أهل القبلة فانّهم يخدّلهم خدّاً الى النار التي خلقها الله في المشرق فيدخل عليهم منها اللّهب والشرر والدخان وفورة الحميم الى يوم القيامة ثمّ مصيرهم الى الحميم ثمّ في النّار يسجرون ثمّ قيل لهم اينما كنتم تشركون من دون الله اي اين امامكم الذي اتّخذتموه دون الإِمام الذي جعل الله للناس إماماً.  وفي البصاير عنه عليه السلام قال كنت خلف أبي وهو على بغلته فنفرت بغلته فاذا هو شيخ في عنقه سلسلة ورجل يتبعه فقال يا عليّ بن الحسين اسقني فقال الرجل لا تسقه لا سقاه الله وكان الشيخ معاوية وفي هذا المعنى اخبار اخر { كَذَلِكَ يُضِلُّ اللهُ الْكَافِرِينَ } حتّى لا يهتدوا الى شيء ينفعهم في الآخرة.  القمّي عن الباقر عليه السلام في هذه الآية قال فقد سمّاهم الله كافرين مشركين بان كذّبوا بالكتاب وقد ارسل الله رسله بالكتاب وبتأويله فمن كذّب بالكتاب او كذّب بما ارسل الله به رسله من تأويل الكتاب فهو مشرك كافر.  { (75) ذَلِكُمْ بِمَا كُنْتُمْ تَفْرَحُونَ فِى الأَرْضِ } تبطرون وتتكبّرون { بِغَيْرِ الْحَقِّ } وهو الشرك والطغيان { وَبِمَا كُنْتُمْ تَمْرَحُونَ } تتوسّعون في الفرح.  { (76) اُدْخُلُوا أَبْوَابَ جَهَنَّمَ } الأبواب السّبعة المقسومة لكم { خَالِدِينَ فِيهَا } مقدّرين الخلود { فَبِئْسَ مَثْوَى الْمُتَكَبِّرِينَ } عن الحقّ جهنّم. { (77) فَاصْبِرْ إِنَّ وَعْدَ اللهِ } باهلاك الكفّار وتعذيبهم { حَقٌّ } كائن لا محالة { فَإِمّا نُرِيَنَّكَ } فان نُرِك وما مزيدة لتأكيد الشّرطية ولذلك لحقت النون الفعل { بَعْضَ الَّذِى نَعِدُهُمْ } وهو القتل والاسر { أَوْ نَتَوَفَّيَنَّكَ } قبل ان تراه { فَإِلَيْنَا يُرْجَعُونَ } يوم القيامة فنجازيهم بأعمالهم.  { (78) وَلَقَدْ أَرْسَلْنَا رُسُلاً مِنْ قَبْلِكَ مِنْهُمْ مَنْ قَصَصْنَا عَلَيْكَ وَمِنْهُمْ مَنْ لَمْ نَقْصُصْ عَلَيْكَ }.  في الخصال عنهم عليهم السلام انّ عددهم مأة ألف وأربعة وعشرون الفاً.  وفي المجمع عن عليّ بعث الله نبيّاً اسود لم يقصّ علينا قصّته { وَمَا كَانَ لِرَسُولٍ أَنْ يَأْتِىَ بِآيَةٍ إِلاّ بِإِذْنِ اللهِ } فانّ المعجزات عطايا قسمها بينهم على ما اقتضت حكمته ليس لهم اختيار في ايثار بعضها والاستبداد باتيان المقترح بها { فَإِذَا جَاءَ أَمْرُ اللهِ } بالعذاب في الدنيا والآخرة { قُضِىَ بِالْحَقِّ } بانجاء المحقّ وتعذيب المبطل { وَخَسِرَ هُنَالِكَ الْمُبْطِلُونَ } المعاندون باقتراح الآيات بعد ظهور ما يغنيهم عنها.
40,75,{ (66) قُلْ إِنِّى نُهِيتُ أَنْ أَعْبُدَ الَّذِينَ تَدْعُونَ مِنْ دُونِ اللهِ لَمّا جَاءَنِى الْبَيِّنَاتُ مِنْ رَبِّى وَأُمِرْتُ أَنْ أُسْلِمَ لِرَبِّ الْعَالَمِينَ } ان أنقاد واخلص له ديني.  { (67) هُوَ الَّذِى خَلَقَكُمْ مِنْ تُرَابٍ ثُمَّ مِنْ نُطْفَةٍ ثُمَّ مِنْ عَلَقَةٍ ثُمَّ يُخْرِجُكُمْ طِفْلاً ثُمَّ لِتَبْلُغُوا } ثمّ يبقيكم لتبلغوا { أَشُدَّكُمْ ثُمَّ لِتَكُونُوا شُيُوخًا وَمِنْكُمْ مَنْ يُتَوَفَّى مِنْ قَبْلُ } من قبل الشيخوخة او بلوغ الأشدّ { وَلِتَبْلُغُوا } ويفعل ذلك لتبلغوا { أَجَلاً مُسَمًّى } وقت الموت { وَلَعَلَّكُمْ تَعْقِلُونَ } ما في ذلك من الحجج والعبر.  { (68) هُوَ الَّذِى يُحْيِى وَيُمِيتُ فَإِذَا قَضَى أَمْرًا } فاذا أراده { فَإِنَّمَا يَقُولُ لَهُ كُنْ فَيَكُونَ } من غير عُدّة وتجشّم كلفة بلا صوت ولا حرف والفاء الاولى للدلالة على انّ ذلك نتيجة ما سبق.  { (69) أَلَمْ تَرَ إِلَى الَّذِينَ يُجَادِلُونَ فِى آيَاتِ اللهِ أَنَّى يُصْرَفُونَ } عن التصديق بها.  { (70) الَّذِينَ كَذَّبُوا بِالْكِتَابِ وَبِمَا أَرْسَلْنَا رُسُلَنَا فَسَوْفَ يَعْلَمُونَ } جزاء تكذيبهم.  { (71) إِذِ الأَغْلاَلُ فِى أَعْنَاقِهِمْ وَالسَّلاَسِلُ يُسْحَبُونَ } بِهَا.  { (72) فِى الْحَمِيمِ ثُمَّ فِى النّارِ يُسْجَرُونَ } يحرقون.  { (73) ثُمَّ قِيلَ لَهُمْ أَيْنَمَا كُنْتُمْ تُشْرِكُونَ }.  { (74) مِنْ دُونِ اللهِ قَالُوا ضَلُّوا عَنّا } ضاعوا عنّا فلم نجد ما كنّا نتوقّع منهم { بَلْ لَمْ نَكُنْ نَدْعُو مِنْ قَبْلُ شَيْئًا } بل تبيّن لنا انّا لم نكن نعبد شيئاً بعبادتهم.  في الكافي والقمّي عن الباقر عليه السلام فامّا النصاب من أهل القبلة فانّهم يخدّلهم خدّاً الى النار التي خلقها الله في المشرق فيدخل عليهم منها اللّهب والشرر والدخان وفورة الحميم الى يوم القيامة ثمّ مصيرهم الى الحميم ثمّ في النّار يسجرون ثمّ قيل لهم اينما كنتم تشركون من دون الله اي اين امامكم الذي اتّخذتموه دون الإِمام الذي جعل الله للناس إماماً.  وفي البصاير عنه عليه السلام قال كنت خلف أبي وهو على بغلته فنفرت بغلته فاذا هو شيخ في عنقه سلسلة ورجل يتبعه فقال يا عليّ بن الحسين اسقني فقال الرجل لا تسقه لا سقاه الله وكان الشيخ معاوية وفي هذا المعنى اخبار اخر { كَذَلِكَ يُضِلُّ اللهُ الْكَافِرِينَ } حتّى لا يهتدوا الى شيء ينفعهم في الآخرة.  القمّي عن الباقر عليه السلام في هذه الآية قال فقد سمّاهم الله كافرين مشركين بان كذّبوا بالكتاب وقد ارسل الله رسله بالكتاب وبتأويله فمن كذّب بالكتاب او كذّب بما ارسل الله به رسله من تأويل الكتاب فهو مشرك كافر.  { (75) ذَلِكُمْ بِمَا كُنْتُمْ تَفْرَحُونَ فِى الأَرْضِ } تبطرون وتتكبّرون { بِغَيْرِ الْحَقِّ } وهو الشرك والطغيان { وَبِمَا كُنْتُمْ تَمْرَحُونَ } تتوسّعون في الفرح.  { (76) اُدْخُلُوا أَبْوَابَ جَهَنَّمَ } الأبواب السّبعة المقسومة لكم { خَالِدِينَ فِيهَا } مقدّرين الخلود { فَبِئْسَ مَثْوَى الْمُتَكَبِّرِينَ } عن الحقّ جهنّم. { (77) فَاصْبِرْ إِنَّ وَعْدَ اللهِ } باهلاك الكفّار وتعذيبهم { حَقٌّ } كائن لا محالة { فَإِمّا نُرِيَنَّكَ } فان نُرِك وما مزيدة لتأكيد الشّرطية ولذلك لحقت النون الفعل { بَعْضَ الَّذِى نَعِدُهُمْ } وهو القتل والاسر { أَوْ نَتَوَفَّيَنَّكَ } قبل ان تراه { فَإِلَيْنَا يُرْجَعُونَ } يوم القيامة فنجازيهم بأعمالهم.  { (78) وَلَقَدْ أَرْسَلْنَا رُسُلاً مِنْ قَبْلِكَ مِنْهُمْ مَنْ قَصَصْنَا عَلَيْكَ وَمِنْهُمْ مَنْ لَمْ نَقْصُصْ عَلَيْكَ }.  في الخصال عنهم عليهم السلام انّ عددهم مأة ألف وأربعة وعشرون الفاً.  وفي المجمع عن عليّ بعث الله نبيّاً اسود لم يقصّ علينا قصّته { وَمَا كَانَ لِرَسُولٍ أَنْ يَأْتِىَ بِآيَةٍ إِلاّ بِإِذْنِ اللهِ } فانّ المعجزات عطايا قسمها بينهم على ما اقتضت حكمته ليس لهم اختيار في ايثار بعضها والاستبداد باتيان المقترح بها { فَإِذَا جَاءَ أَمْرُ اللهِ } بالعذاب في الدنيا والآخرة { قُضِىَ بِالْحَقِّ } بانجاء المحقّ وتعذيب المبطل { وَخَسِرَ هُنَالِكَ الْمُبْطِلُونَ } المعاندون باقتراح الآيات بعد ظهور ما يغنيهم عنها.
40,76,{ (66) قُلْ إِنِّى نُهِيتُ أَنْ أَعْبُدَ الَّذِينَ تَدْعُونَ مِنْ دُونِ اللهِ لَمّا جَاءَنِى الْبَيِّنَاتُ مِنْ رَبِّى وَأُمِرْتُ أَنْ أُسْلِمَ لِرَبِّ الْعَالَمِينَ } ان أنقاد واخلص له ديني.  { (67) هُوَ الَّذِى خَلَقَكُمْ مِنْ تُرَابٍ ثُمَّ مِنْ نُطْفَةٍ ثُمَّ مِنْ عَلَقَةٍ ثُمَّ يُخْرِجُكُمْ طِفْلاً ثُمَّ لِتَبْلُغُوا } ثمّ يبقيكم لتبلغوا { أَشُدَّكُمْ ثُمَّ لِتَكُونُوا شُيُوخًا وَمِنْكُمْ مَنْ يُتَوَفَّى مِنْ قَبْلُ } من قبل الشيخوخة او بلوغ الأشدّ { وَلِتَبْلُغُوا } ويفعل ذلك لتبلغوا { أَجَلاً مُسَمًّى } وقت الموت { وَلَعَلَّكُمْ تَعْقِلُونَ } ما في ذلك من الحجج والعبر.  { (68) هُوَ الَّذِى يُحْيِى وَيُمِيتُ فَإِذَا قَضَى أَمْرًا } فاذا أراده { فَإِنَّمَا يَقُولُ لَهُ كُنْ فَيَكُونَ } من غير عُدّة وتجشّم كلفة بلا صوت ولا حرف والفاء الاولى للدلالة على انّ ذلك نتيجة ما سبق.  { (69) أَلَمْ تَرَ إِلَى الَّذِينَ يُجَادِلُونَ فِى آيَاتِ اللهِ أَنَّى يُصْرَفُونَ } عن التصديق بها.  { (70) الَّذِينَ كَذَّبُوا بِالْكِتَابِ وَبِمَا أَرْسَلْنَا رُسُلَنَا فَسَوْفَ يَعْلَمُونَ } جزاء تكذيبهم.  { (71) إِذِ الأَغْلاَلُ فِى أَعْنَاقِهِمْ وَالسَّلاَسِلُ يُسْحَبُونَ } بِهَا.  { (72) فِى الْحَمِيمِ ثُمَّ فِى النّارِ يُسْجَرُونَ } يحرقون.  { (73) ثُمَّ قِيلَ لَهُمْ أَيْنَمَا كُنْتُمْ تُشْرِكُونَ }.  { (74) مِنْ دُونِ اللهِ قَالُوا ضَلُّوا عَنّا } ضاعوا عنّا فلم نجد ما كنّا نتوقّع منهم { بَلْ لَمْ نَكُنْ نَدْعُو مِنْ قَبْلُ شَيْئًا } بل تبيّن لنا انّا لم نكن نعبد شيئاً بعبادتهم.  في الكافي والقمّي عن الباقر عليه السلام فامّا النصاب من أهل القبلة فانّهم يخدّلهم خدّاً الى النار التي خلقها الله في المشرق فيدخل عليهم منها اللّهب والشرر والدخان وفورة الحميم الى يوم القيامة ثمّ مصيرهم الى الحميم ثمّ في النّار يسجرون ثمّ قيل لهم اينما كنتم تشركون من دون الله اي اين امامكم الذي اتّخذتموه دون الإِمام الذي جعل الله للناس إماماً.  وفي البصاير عنه عليه السلام قال كنت خلف أبي وهو على بغلته فنفرت بغلته فاذا هو شيخ في عنقه سلسلة ورجل يتبعه فقال يا عليّ بن الحسين اسقني فقال الرجل لا تسقه لا سقاه الله وكان الشيخ معاوية وفي هذا المعنى اخبار اخر { كَذَلِكَ يُضِلُّ اللهُ الْكَافِرِينَ } حتّى لا يهتدوا الى شيء ينفعهم في الآخرة.  القمّي عن الباقر عليه السلام في هذه الآية قال فقد سمّاهم الله كافرين مشركين بان كذّبوا بالكتاب وقد ارسل الله رسله بالكتاب وبتأويله فمن كذّب بالكتاب او كذّب بما ارسل الله به رسله من تأويل الكتاب فهو مشرك كافر.  { (75) ذَلِكُمْ بِمَا كُنْتُمْ تَفْرَحُونَ فِى الأَرْضِ } تبطرون وتتكبّرون { بِغَيْرِ الْحَقِّ } وهو الشرك والطغيان { وَبِمَا كُنْتُمْ تَمْرَحُونَ } تتوسّعون في الفرح.  { (76) اُدْخُلُوا أَبْوَابَ جَهَنَّمَ } الأبواب السّبعة المقسومة لكم { خَالِدِينَ فِيهَا } مقدّرين الخلود { فَبِئْسَ مَثْوَى الْمُتَكَبِّرِينَ } عن الحقّ جهنّم. { (77) فَاصْبِرْ إِنَّ وَعْدَ اللهِ } باهلاك الكفّار وتعذيبهم { حَقٌّ } كائن لا محالة { فَإِمّا نُرِيَنَّكَ } فان نُرِك وما مزيدة لتأكيد الشّرطية ولذلك لحقت النون الفعل { بَعْضَ الَّذِى نَعِدُهُمْ } وهو القتل والاسر { أَوْ نَتَوَفَّيَنَّكَ } قبل ان تراه { فَإِلَيْنَا يُرْجَعُونَ } يوم القيامة فنجازيهم بأعمالهم.  { (78) وَلَقَدْ أَرْسَلْنَا رُسُلاً مِنْ قَبْلِكَ مِنْهُمْ مَنْ قَصَصْنَا عَلَيْكَ وَمِنْهُمْ مَنْ لَمْ نَقْصُصْ عَلَيْكَ }.  في الخصال عنهم عليهم السلام انّ عددهم مأة ألف وأربعة وعشرون الفاً.  وفي المجمع عن عليّ بعث الله نبيّاً اسود لم يقصّ علينا قصّته { وَمَا كَانَ لِرَسُولٍ أَنْ يَأْتِىَ بِآيَةٍ إِلاّ بِإِذْنِ اللهِ } فانّ المعجزات عطايا قسمها بينهم على ما اقتضت حكمته ليس لهم اختيار في ايثار بعضها والاستبداد باتيان المقترح بها { فَإِذَا جَاءَ أَمْرُ اللهِ } بالعذاب في الدنيا والآخرة { قُضِىَ بِالْحَقِّ } بانجاء المحقّ وتعذيب المبطل { وَخَسِرَ هُنَالِكَ الْمُبْطِلُونَ } المعاندون باقتراح الآيات بعد ظهور ما يغنيهم عنها.
40,77,{ (66) قُلْ إِنِّى نُهِيتُ أَنْ أَعْبُدَ الَّذِينَ تَدْعُونَ مِنْ دُونِ اللهِ لَمّا جَاءَنِى الْبَيِّنَاتُ مِنْ رَبِّى وَأُمِرْتُ أَنْ أُسْلِمَ لِرَبِّ الْعَالَمِينَ } ان أنقاد واخلص له ديني.  { (67) هُوَ الَّذِى خَلَقَكُمْ مِنْ تُرَابٍ ثُمَّ مِنْ نُطْفَةٍ ثُمَّ مِنْ عَلَقَةٍ ثُمَّ يُخْرِجُكُمْ طِفْلاً ثُمَّ لِتَبْلُغُوا } ثمّ يبقيكم لتبلغوا { أَشُدَّكُمْ ثُمَّ لِتَكُونُوا شُيُوخًا وَمِنْكُمْ مَنْ يُتَوَفَّى مِنْ قَبْلُ } من قبل الشيخوخة او بلوغ الأشدّ { وَلِتَبْلُغُوا } ويفعل ذلك لتبلغوا { أَجَلاً مُسَمًّى } وقت الموت { وَلَعَلَّكُمْ تَعْقِلُونَ } ما في ذلك من الحجج والعبر.  { (68) هُوَ الَّذِى يُحْيِى وَيُمِيتُ فَإِذَا قَضَى أَمْرًا } فاذا أراده { فَإِنَّمَا يَقُولُ لَهُ كُنْ فَيَكُونَ } من غير عُدّة وتجشّم كلفة بلا صوت ولا حرف والفاء الاولى للدلالة على انّ ذلك نتيجة ما سبق.  { (69) أَلَمْ تَرَ إِلَى الَّذِينَ يُجَادِلُونَ فِى آيَاتِ اللهِ أَنَّى يُصْرَفُونَ } عن التصديق بها.  { (70) الَّذِينَ كَذَّبُوا بِالْكِتَابِ وَبِمَا أَرْسَلْنَا رُسُلَنَا فَسَوْفَ يَعْلَمُونَ } جزاء تكذيبهم.  { (71) إِذِ الأَغْلاَلُ فِى أَعْنَاقِهِمْ وَالسَّلاَسِلُ يُسْحَبُونَ } بِهَا.  { (72) فِى الْحَمِيمِ ثُمَّ فِى النّارِ يُسْجَرُونَ } يحرقون.  { (73) ثُمَّ قِيلَ لَهُمْ أَيْنَمَا كُنْتُمْ تُشْرِكُونَ }.  { (74) مِنْ دُونِ اللهِ قَالُوا ضَلُّوا عَنّا } ضاعوا عنّا فلم نجد ما كنّا نتوقّع منهم { بَلْ لَمْ نَكُنْ نَدْعُو مِنْ قَبْلُ شَيْئًا } بل تبيّن لنا انّا لم نكن نعبد شيئاً بعبادتهم.  في الكافي والقمّي عن الباقر عليه السلام فامّا النصاب من أهل القبلة فانّهم يخدّلهم خدّاً الى النار التي خلقها الله في المشرق فيدخل عليهم منها اللّهب والشرر والدخان وفورة الحميم الى يوم القيامة ثمّ مصيرهم الى الحميم ثمّ في النّار يسجرون ثمّ قيل لهم اينما كنتم تشركون من دون الله اي اين امامكم الذي اتّخذتموه دون الإِمام الذي جعل الله للناس إماماً.  وفي البصاير عنه عليه السلام قال كنت خلف أبي وهو على بغلته فنفرت بغلته فاذا هو شيخ في عنقه سلسلة ورجل يتبعه فقال يا عليّ بن الحسين اسقني فقال الرجل لا تسقه لا سقاه الله وكان الشيخ معاوية وفي هذا المعنى اخبار اخر { كَذَلِكَ يُضِلُّ اللهُ الْكَافِرِينَ } حتّى لا يهتدوا الى شيء ينفعهم في الآخرة.  القمّي عن الباقر عليه السلام في هذه الآية قال فقد سمّاهم الله كافرين مشركين بان كذّبوا بالكتاب وقد ارسل الله رسله بالكتاب وبتأويله فمن كذّب بالكتاب او كذّب بما ارسل الله به رسله من تأويل الكتاب فهو مشرك كافر.  { (75) ذَلِكُمْ بِمَا كُنْتُمْ تَفْرَحُونَ فِى الأَرْضِ } تبطرون وتتكبّرون { بِغَيْرِ الْحَقِّ } وهو الشرك والطغيان { وَبِمَا كُنْتُمْ تَمْرَحُونَ } تتوسّعون في الفرح.  { (76) اُدْخُلُوا أَبْوَابَ جَهَنَّمَ } الأبواب السّبعة المقسومة لكم { خَالِدِينَ فِيهَا } مقدّرين الخلود { فَبِئْسَ مَثْوَى الْمُتَكَبِّرِينَ } عن الحقّ جهنّم. { (77) فَاصْبِرْ إِنَّ وَعْدَ اللهِ } باهلاك الكفّار وتعذيبهم { حَقٌّ } كائن لا محالة { فَإِمّا نُرِيَنَّكَ } فان نُرِك وما مزيدة لتأكيد الشّرطية ولذلك لحقت النون الفعل { بَعْضَ الَّذِى نَعِدُهُمْ } وهو القتل والاسر { أَوْ نَتَوَفَّيَنَّكَ } قبل ان تراه { فَإِلَيْنَا يُرْجَعُونَ } يوم القيامة فنجازيهم بأعمالهم.  { (78) وَلَقَدْ أَرْسَلْنَا رُسُلاً مِنْ قَبْلِكَ مِنْهُمْ مَنْ قَصَصْنَا عَلَيْكَ وَمِنْهُمْ مَنْ لَمْ نَقْصُصْ عَلَيْكَ }.  في الخصال عنهم عليهم السلام انّ عددهم مأة ألف وأربعة وعشرون الفاً.  وفي المجمع عن عليّ بعث الله نبيّاً اسود لم يقصّ علينا قصّته { وَمَا كَانَ لِرَسُولٍ أَنْ يَأْتِىَ بِآيَةٍ إِلاّ بِإِذْنِ اللهِ } فانّ المعجزات عطايا قسمها بينهم على ما اقتضت حكمته ليس لهم اختيار في ايثار بعضها والاستبداد باتيان المقترح بها { فَإِذَا جَاءَ أَمْرُ اللهِ } بالعذاب في الدنيا والآخرة { قُضِىَ بِالْحَقِّ } بانجاء المحقّ وتعذيب المبطل { وَخَسِرَ هُنَالِكَ الْمُبْطِلُونَ } المعاندون باقتراح الآيات بعد ظهور ما يغنيهم عنها.
40,78,{ (66) قُلْ إِنِّى نُهِيتُ أَنْ أَعْبُدَ الَّذِينَ تَدْعُونَ مِنْ دُونِ اللهِ لَمّا جَاءَنِى الْبَيِّنَاتُ مِنْ رَبِّى وَأُمِرْتُ أَنْ أُسْلِمَ لِرَبِّ الْعَالَمِينَ } ان أنقاد واخلص له ديني.  { (67) هُوَ الَّذِى خَلَقَكُمْ مِنْ تُرَابٍ ثُمَّ مِنْ نُطْفَةٍ ثُمَّ مِنْ عَلَقَةٍ ثُمَّ يُخْرِجُكُمْ طِفْلاً ثُمَّ لِتَبْلُغُوا } ثمّ يبقيكم لتبلغوا { أَشُدَّكُمْ ثُمَّ لِتَكُونُوا شُيُوخًا وَمِنْكُمْ مَنْ يُتَوَفَّى مِنْ قَبْلُ } من قبل الشيخوخة او بلوغ الأشدّ { وَلِتَبْلُغُوا } ويفعل ذلك لتبلغوا { أَجَلاً مُسَمًّى } وقت الموت { وَلَعَلَّكُمْ تَعْقِلُونَ } ما في ذلك من الحجج والعبر.  { (68) هُوَ الَّذِى يُحْيِى وَيُمِيتُ فَإِذَا قَضَى أَمْرًا } فاذا أراده { فَإِنَّمَا يَقُولُ لَهُ كُنْ فَيَكُونَ } من غير عُدّة وتجشّم كلفة بلا صوت ولا حرف والفاء الاولى للدلالة على انّ ذلك نتيجة ما سبق.  { (69) أَلَمْ تَرَ إِلَى الَّذِينَ يُجَادِلُونَ فِى آيَاتِ اللهِ أَنَّى يُصْرَفُونَ } عن التصديق بها.  { (70) الَّذِينَ كَذَّبُوا بِالْكِتَابِ وَبِمَا أَرْسَلْنَا رُسُلَنَا فَسَوْفَ يَعْلَمُونَ } جزاء تكذيبهم.  { (71) إِذِ الأَغْلاَلُ فِى أَعْنَاقِهِمْ وَالسَّلاَسِلُ يُسْحَبُونَ } بِهَا.  { (72) فِى الْحَمِيمِ ثُمَّ فِى النّارِ يُسْجَرُونَ } يحرقون.  { (73) ثُمَّ قِيلَ لَهُمْ أَيْنَمَا كُنْتُمْ تُشْرِكُونَ }.  { (74) مِنْ دُونِ اللهِ قَالُوا ضَلُّوا عَنّا } ضاعوا عنّا فلم نجد ما كنّا نتوقّع منهم { بَلْ لَمْ نَكُنْ نَدْعُو مِنْ قَبْلُ شَيْئًا } بل تبيّن لنا انّا لم نكن نعبد شيئاً بعبادتهم.  في الكافي والقمّي عن الباقر عليه السلام فامّا النصاب من أهل القبلة فانّهم يخدّلهم خدّاً الى النار التي خلقها الله في المشرق فيدخل عليهم منها اللّهب والشرر والدخان وفورة الحميم الى يوم القيامة ثمّ مصيرهم الى الحميم ثمّ في النّار يسجرون ثمّ قيل لهم اينما كنتم تشركون من دون الله اي اين امامكم الذي اتّخذتموه دون الإِمام الذي جعل الله للناس إماماً.  وفي البصاير عنه عليه السلام قال كنت خلف أبي وهو على بغلته فنفرت بغلته فاذا هو شيخ في عنقه سلسلة ورجل يتبعه فقال يا عليّ بن الحسين اسقني فقال الرجل لا تسقه لا سقاه الله وكان الشيخ معاوية وفي هذا المعنى اخبار اخر { كَذَلِكَ يُضِلُّ اللهُ الْكَافِرِينَ } حتّى لا يهتدوا الى شيء ينفعهم في الآخرة.  القمّي عن الباقر عليه السلام في هذه الآية قال فقد سمّاهم الله كافرين مشركين بان كذّبوا بالكتاب وقد ارسل الله رسله بالكتاب وبتأويله فمن كذّب بالكتاب او كذّب بما ارسل الله به رسله من تأويل الكتاب فهو مشرك كافر.  { (75) ذَلِكُمْ بِمَا كُنْتُمْ تَفْرَحُونَ فِى الأَرْضِ } تبطرون وتتكبّرون { بِغَيْرِ الْحَقِّ } وهو الشرك والطغيان { وَبِمَا كُنْتُمْ تَمْرَحُونَ } تتوسّعون في الفرح.  { (76) اُدْخُلُوا أَبْوَابَ جَهَنَّمَ } الأبواب السّبعة المقسومة لكم { خَالِدِينَ فِيهَا } مقدّرين الخلود { فَبِئْسَ مَثْوَى الْمُتَكَبِّرِينَ } عن الحقّ جهنّم. { (77) فَاصْبِرْ إِنَّ وَعْدَ اللهِ } باهلاك الكفّار وتعذيبهم { حَقٌّ } كائن لا محالة { فَإِمّا نُرِيَنَّكَ } فان نُرِك وما مزيدة لتأكيد الشّرطية ولذلك لحقت النون الفعل { بَعْضَ الَّذِى نَعِدُهُمْ } وهو القتل والاسر { أَوْ نَتَوَفَّيَنَّكَ } قبل ان تراه { فَإِلَيْنَا يُرْجَعُونَ } يوم القيامة فنجازيهم بأعمالهم.  { (78) وَلَقَدْ أَرْسَلْنَا رُسُلاً مِنْ قَبْلِكَ مِنْهُمْ مَنْ قَصَصْنَا عَلَيْكَ وَمِنْهُمْ مَنْ لَمْ نَقْصُصْ عَلَيْكَ }.  في الخصال عنهم عليهم السلام انّ عددهم مأة ألف وأربعة وعشرون الفاً.  وفي المجمع عن عليّ بعث الله نبيّاً اسود لم يقصّ علينا قصّته { وَمَا كَانَ لِرَسُولٍ أَنْ يَأْتِىَ بِآيَةٍ إِلاّ بِإِذْنِ اللهِ } فانّ المعجزات عطايا قسمها بينهم على ما اقتضت حكمته ليس لهم اختيار في ايثار بعضها والاستبداد باتيان المقترح بها { فَإِذَا جَاءَ أَمْرُ اللهِ } بالعذاب في الدنيا والآخرة { قُضِىَ بِالْحَقِّ } بانجاء المحقّ وتعذيب المبطل { وَخَسِرَ هُنَالِكَ الْمُبْطِلُونَ } المعاندون باقتراح الآيات بعد ظهور ما يغنيهم عنها.
40,79,{ (79) اللهُ الَّذِى جَعَلَ لَكُمُ الأَنْعَامَ لِتَرْكَبُوا مِنْهَا وَمِنْهَا تَأْكُلُونَ } فانّ منها ما يؤكل كالغنم ومنها ما يؤكل ويركب كالابل والبقر.  { (80) وَلَكُمْ فِيهَا مَنَافِعُ } كالألبان والجلود والأوبار { وَلِتَبْلُغُوا عَلَيْهَا حَاجَةً فِى صُدُورِكُمْ } بالمسافرة عليها { وَعَلَيْهَا } في البرّ { وَعَلَى الْفُلْكِ } في البحر { تُحْمَلُونَ }.  { (81) وَيُرِيكُمْ آيَاتِهِ } الدالة على كمال قدرته وفرط رحمته { فَأَىَّ آيَاتِ اللهِ تُنْكِرُونَ } فانّها لظهورها لا تقبل الانكار.  { (82) أَفَلَمْ يَسِيرُوا فِى الأَرْضِ فَيَنْظُرُوا كَيْفَ كَانَ عَاقِبَةُ الَّذِينَ مِنْ قَبْلِهِمْ كَانُوا أَكْثَرَ مِنْهُمْ وَأَشَدَّ } منهم { قُوَّةً وَآثَارًا فِى الأَرْضِ } ما بقي منهم من القصور والمصانع وغير ذلك { فَمَا أَغْنَى عَنْهُمْ مَا كَانُوا يَكْسِبُونَ } ما الاولى تحتمل النافية والاستفهاميّة والثانية الموصولة والمصدريّة.  { (83) فَلَمَّا جَاءَتْهُمْ رُسُلُهُمْ بِالْبَيِّنَاتِ فَرِحُوا بِمَا عِنْدَهُمْ مِنَ الْعِلْمِ } واستحقروا علم الرّسل { وَحَاقَ بِهِمْ مَا كَانُوا بِهِ يَسْتَهْزِءُونَ }.  { (84) فَلَمّا رَأَوْا بَأْسَنَا } شدّة عذابنا { قَالُوا آمَنّا بِاللهِ وَحْدَهُ وَكَفَرْنَا بِمَا كُنَّا بِهِ مُشْرِكِينَ } يعنون الاصنام.  { (85) فَلَمْ يَكُ يَنْفَعُهُمْ إِيمَانُهُمْ لَمّا رَأَوْا بَأْسَنَا } لأنّه غير مقبول حينئذ { سُنَّةَ اللهِ الَّتِى قَدْ خَلَتْ فِى عِبَادِهِ } سنّ الله ذلك سنّة ماضية في العباد { وَخَسِرَ هُنَالِكَ الْكَافِرُونَ } اي وقت رؤيتهم البأس استعير اسم المكان للزمان.  في العيون عن الرضا عليه السلام انّه سئل لأيّ علّة غرق الله تعالى فرعون وقد آمن به واقرّ بتوحيده قال لأنّه آمن عند رؤية البأس والايمان عند رؤية البأس غير مقبول وذلك حكم الله تعالى ذكره في السّلف والخلف قال الله عزّ وجلّ { فَلمّا رَأَوْا بَأْسَنَا } الآيتين.  وفي الكافي قدم الى المتوكّل رجل نصرانيّ فجر بامرأة مسلمة فأراد ان يقيم عليه الحدّ فأسلم فقيل قد هدم ايمانه شركه وفعله وقيل يضرب ثلاثة حدود وقيل غير ذلك فأرسل المتوكّل الى الهادي عليه السلام وسأله عن ذلك فكتب عليه السلام يضرب حتّى يموت فأنكروا ذلك وقالوا هذا شيء لم ينطق به كتاب ولم تجئ به سنّة فسلوه ثانياً البيان فكتب هاتين الآيتين بعد البسملة فأمر به المتوكّل فضرب حتّى مات.  في ثواب الأعمال والمجمع عن الباقر عليه السلام قال من قرأ حم المؤمن في كلّ ليلة غفر الله له ما تقدّم من ذنبه وما تأخّر والزمه كلمة التقوى وجعل الآخرة خيراً له من الدنيا.  وعن الصادق عليه السلام الحواميم رياحين القرآن.
40,80,{ (79) اللهُ الَّذِى جَعَلَ لَكُمُ الأَنْعَامَ لِتَرْكَبُوا مِنْهَا وَمِنْهَا تَأْكُلُونَ } فانّ منها ما يؤكل كالغنم ومنها ما يؤكل ويركب كالابل والبقر.  { (80) وَلَكُمْ فِيهَا مَنَافِعُ } كالألبان والجلود والأوبار { وَلِتَبْلُغُوا عَلَيْهَا حَاجَةً فِى صُدُورِكُمْ } بالمسافرة عليها { وَعَلَيْهَا } في البرّ { وَعَلَى الْفُلْكِ } في البحر { تُحْمَلُونَ }.  { (81) وَيُرِيكُمْ آيَاتِهِ } الدالة على كمال قدرته وفرط رحمته { فَأَىَّ آيَاتِ اللهِ تُنْكِرُونَ } فانّها لظهورها لا تقبل الانكار.  { (82) أَفَلَمْ يَسِيرُوا فِى الأَرْضِ فَيَنْظُرُوا كَيْفَ كَانَ عَاقِبَةُ الَّذِينَ مِنْ قَبْلِهِمْ كَانُوا أَكْثَرَ مِنْهُمْ وَأَشَدَّ } منهم { قُوَّةً وَآثَارًا فِى الأَرْضِ } ما بقي منهم من القصور والمصانع وغير ذلك { فَمَا أَغْنَى عَنْهُمْ مَا كَانُوا يَكْسِبُونَ } ما الاولى تحتمل النافية والاستفهاميّة والثانية الموصولة والمصدريّة.  { (83) فَلَمَّا جَاءَتْهُمْ رُسُلُهُمْ بِالْبَيِّنَاتِ فَرِحُوا بِمَا عِنْدَهُمْ مِنَ الْعِلْمِ } واستحقروا علم الرّسل { وَحَاقَ بِهِمْ مَا كَانُوا بِهِ يَسْتَهْزِءُونَ }.  { (84) فَلَمّا رَأَوْا بَأْسَنَا } شدّة عذابنا { قَالُوا آمَنّا بِاللهِ وَحْدَهُ وَكَفَرْنَا بِمَا كُنَّا بِهِ مُشْرِكِينَ } يعنون الاصنام.  { (85) فَلَمْ يَكُ يَنْفَعُهُمْ إِيمَانُهُمْ لَمّا رَأَوْا بَأْسَنَا } لأنّه غير مقبول حينئذ { سُنَّةَ اللهِ الَّتِى قَدْ خَلَتْ فِى عِبَادِهِ } سنّ الله ذلك سنّة ماضية في العباد { وَخَسِرَ هُنَالِكَ الْكَافِرُونَ } اي وقت رؤيتهم البأس استعير اسم المكان للزمان.  في العيون عن الرضا عليه السلام انّه سئل لأيّ علّة غرق الله تعالى فرعون وقد آمن به واقرّ بتوحيده قال لأنّه آمن عند رؤية البأس والايمان عند رؤية البأس غير مقبول وذلك حكم الله تعالى ذكره في السّلف والخلف قال الله عزّ وجلّ { فَلمّا رَأَوْا بَأْسَنَا } الآيتين.  وفي الكافي قدم الى المتوكّل رجل نصرانيّ فجر بامرأة مسلمة فأراد ان يقيم عليه الحدّ فأسلم فقيل قد هدم ايمانه شركه وفعله وقيل يضرب ثلاثة حدود وقيل غير ذلك فأرسل المتوكّل الى الهادي عليه السلام وسأله عن ذلك فكتب عليه السلام يضرب حتّى يموت فأنكروا ذلك وقالوا هذا شيء لم ينطق به كتاب ولم تجئ به سنّة فسلوه ثانياً البيان فكتب هاتين الآيتين بعد البسملة فأمر به المتوكّل فضرب حتّى مات.  في ثواب الأعمال والمجمع عن الباقر عليه السلام قال من قرأ حم المؤمن في كلّ ليلة غفر الله له ما تقدّم من ذنبه وما تأخّر والزمه كلمة التقوى وجعل الآخرة خيراً له من الدنيا.  وعن الصادق عليه السلام الحواميم رياحين القرآن.
40,81,{ (79) اللهُ الَّذِى جَعَلَ لَكُمُ الأَنْعَامَ لِتَرْكَبُوا مِنْهَا وَمِنْهَا تَأْكُلُونَ } فانّ منها ما يؤكل كالغنم ومنها ما يؤكل ويركب كالابل والبقر.  { (80) وَلَكُمْ فِيهَا مَنَافِعُ } كالألبان والجلود والأوبار { وَلِتَبْلُغُوا عَلَيْهَا حَاجَةً فِى صُدُورِكُمْ } بالمسافرة عليها { وَعَلَيْهَا } في البرّ { وَعَلَى الْفُلْكِ } في البحر { تُحْمَلُونَ }.  { (81) وَيُرِيكُمْ آيَاتِهِ } الدالة على كمال قدرته وفرط رحمته { فَأَىَّ آيَاتِ اللهِ تُنْكِرُونَ } فانّها لظهورها لا تقبل الانكار.  { (82) أَفَلَمْ يَسِيرُوا فِى الأَرْضِ فَيَنْظُرُوا كَيْفَ كَانَ عَاقِبَةُ الَّذِينَ مِنْ قَبْلِهِمْ كَانُوا أَكْثَرَ مِنْهُمْ وَأَشَدَّ } منهم { قُوَّةً وَآثَارًا فِى الأَرْضِ } ما بقي منهم من القصور والمصانع وغير ذلك { فَمَا أَغْنَى عَنْهُمْ مَا كَانُوا يَكْسِبُونَ } ما الاولى تحتمل النافية والاستفهاميّة والثانية الموصولة والمصدريّة.  { (83) فَلَمَّا جَاءَتْهُمْ رُسُلُهُمْ بِالْبَيِّنَاتِ فَرِحُوا بِمَا عِنْدَهُمْ مِنَ الْعِلْمِ } واستحقروا علم الرّسل { وَحَاقَ بِهِمْ مَا كَانُوا بِهِ يَسْتَهْزِءُونَ }.  { (84) فَلَمّا رَأَوْا بَأْسَنَا } شدّة عذابنا { قَالُوا آمَنّا بِاللهِ وَحْدَهُ وَكَفَرْنَا بِمَا كُنَّا بِهِ مُشْرِكِينَ } يعنون الاصنام.  { (85) فَلَمْ يَكُ يَنْفَعُهُمْ إِيمَانُهُمْ لَمّا رَأَوْا بَأْسَنَا } لأنّه غير مقبول حينئذ { سُنَّةَ اللهِ الَّتِى قَدْ خَلَتْ فِى عِبَادِهِ } سنّ الله ذلك سنّة ماضية في العباد { وَخَسِرَ هُنَالِكَ الْكَافِرُونَ } اي وقت رؤيتهم البأس استعير اسم المكان للزمان.  في العيون عن الرضا عليه السلام انّه سئل لأيّ علّة غرق الله تعالى فرعون وقد آمن به واقرّ بتوحيده قال لأنّه آمن عند رؤية البأس والايمان عند رؤية البأس غير مقبول وذلك حكم الله تعالى ذكره في السّلف والخلف قال الله عزّ وجلّ { فَلمّا رَأَوْا بَأْسَنَا } الآيتين.  وفي الكافي قدم الى المتوكّل رجل نصرانيّ فجر بامرأة مسلمة فأراد ان يقيم عليه الحدّ فأسلم فقيل قد هدم ايمانه شركه وفعله وقيل يضرب ثلاثة حدود وقيل غير ذلك فأرسل المتوكّل الى الهادي عليه السلام وسأله عن ذلك فكتب عليه السلام يضرب حتّى يموت فأنكروا ذلك وقالوا هذا شيء لم ينطق به كتاب ولم تجئ به سنّة فسلوه ثانياً البيان فكتب هاتين الآيتين بعد البسملة فأمر به المتوكّل فضرب حتّى مات.  في ثواب الأعمال والمجمع عن الباقر عليه السلام قال من قرأ حم المؤمن في كلّ ليلة غفر الله له ما تقدّم من ذنبه وما تأخّر والزمه كلمة التقوى وجعل الآخرة خيراً له من الدنيا.  وعن الصادق عليه السلام الحواميم رياحين القرآن.
40,82,{ (79) اللهُ الَّذِى جَعَلَ لَكُمُ الأَنْعَامَ لِتَرْكَبُوا مِنْهَا وَمِنْهَا تَأْكُلُونَ } فانّ منها ما يؤكل كالغنم ومنها ما يؤكل ويركب كالابل والبقر.  { (80) وَلَكُمْ فِيهَا مَنَافِعُ } كالألبان والجلود والأوبار { وَلِتَبْلُغُوا عَلَيْهَا حَاجَةً فِى صُدُورِكُمْ } بالمسافرة عليها { وَعَلَيْهَا } في البرّ { وَعَلَى الْفُلْكِ } في البحر { تُحْمَلُونَ }.  { (81) وَيُرِيكُمْ آيَاتِهِ } الدالة على كمال قدرته وفرط رحمته { فَأَىَّ آيَاتِ اللهِ تُنْكِرُونَ } فانّها لظهورها لا تقبل الانكار.  { (82) أَفَلَمْ يَسِيرُوا فِى الأَرْضِ فَيَنْظُرُوا كَيْفَ كَانَ عَاقِبَةُ الَّذِينَ مِنْ قَبْلِهِمْ كَانُوا أَكْثَرَ مِنْهُمْ وَأَشَدَّ } منهم { قُوَّةً وَآثَارًا فِى الأَرْضِ } ما بقي منهم من القصور والمصانع وغير ذلك { فَمَا أَغْنَى عَنْهُمْ مَا كَانُوا يَكْسِبُونَ } ما الاولى تحتمل النافية والاستفهاميّة والثانية الموصولة والمصدريّة.  { (83) فَلَمَّا جَاءَتْهُمْ رُسُلُهُمْ بِالْبَيِّنَاتِ فَرِحُوا بِمَا عِنْدَهُمْ مِنَ الْعِلْمِ } واستحقروا علم الرّسل { وَحَاقَ بِهِمْ مَا كَانُوا بِهِ يَسْتَهْزِءُونَ }.  { (84) فَلَمّا رَأَوْا بَأْسَنَا } شدّة عذابنا { قَالُوا آمَنّا بِاللهِ وَحْدَهُ وَكَفَرْنَا بِمَا كُنَّا بِهِ مُشْرِكِينَ } يعنون الاصنام.  { (85) فَلَمْ يَكُ يَنْفَعُهُمْ إِيمَانُهُمْ لَمّا رَأَوْا بَأْسَنَا } لأنّه غير مقبول حينئذ { سُنَّةَ اللهِ الَّتِى قَدْ خَلَتْ فِى عِبَادِهِ } سنّ الله ذلك سنّة ماضية في العباد { وَخَسِرَ هُنَالِكَ الْكَافِرُونَ } اي وقت رؤيتهم البأس استعير اسم المكان للزمان.  في العيون عن الرضا عليه السلام انّه سئل لأيّ علّة غرق الله تعالى فرعون وقد آمن به واقرّ بتوحيده قال لأنّه آمن عند رؤية البأس والايمان عند رؤية البأس غير مقبول وذلك حكم الله تعالى ذكره في السّلف والخلف قال الله عزّ وجلّ { فَلمّا رَأَوْا بَأْسَنَا } الآيتين.  وفي الكافي قدم الى المتوكّل رجل نصرانيّ فجر بامرأة مسلمة فأراد ان يقيم عليه الحدّ فأسلم فقيل قد هدم ايمانه شركه وفعله وقيل يضرب ثلاثة حدود وقيل غير ذلك فأرسل المتوكّل الى الهادي عليه السلام وسأله عن ذلك فكتب عليه السلام يضرب حتّى يموت فأنكروا ذلك وقالوا هذا شيء لم ينطق به كتاب ولم تجئ به سنّة فسلوه ثانياً البيان فكتب هاتين الآيتين بعد البسملة فأمر به المتوكّل فضرب حتّى مات.  في ثواب الأعمال والمجمع عن الباقر عليه السلام قال من قرأ حم المؤمن في كلّ ليلة غفر الله له ما تقدّم من ذنبه وما تأخّر والزمه كلمة التقوى وجعل الآخرة خيراً له من الدنيا.  وعن الصادق عليه السلام الحواميم رياحين القرآن.
40,83,{ (79) اللهُ الَّذِى جَعَلَ لَكُمُ الأَنْعَامَ لِتَرْكَبُوا مِنْهَا وَمِنْهَا تَأْكُلُونَ } فانّ منها ما يؤكل كالغنم ومنها ما يؤكل ويركب كالابل والبقر.  { (80) وَلَكُمْ فِيهَا مَنَافِعُ } كالألبان والجلود والأوبار { وَلِتَبْلُغُوا عَلَيْهَا حَاجَةً فِى صُدُورِكُمْ } بالمسافرة عليها { وَعَلَيْهَا } في البرّ { وَعَلَى الْفُلْكِ } في البحر { تُحْمَلُونَ }.  { (81) وَيُرِيكُمْ آيَاتِهِ } الدالة على كمال قدرته وفرط رحمته { فَأَىَّ آيَاتِ اللهِ تُنْكِرُونَ } فانّها لظهورها لا تقبل الانكار.  { (82) أَفَلَمْ يَسِيرُوا فِى الأَرْضِ فَيَنْظُرُوا كَيْفَ كَانَ عَاقِبَةُ الَّذِينَ مِنْ قَبْلِهِمْ كَانُوا أَكْثَرَ مِنْهُمْ وَأَشَدَّ } منهم { قُوَّةً وَآثَارًا فِى الأَرْضِ } ما بقي منهم من القصور والمصانع وغير ذلك { فَمَا أَغْنَى عَنْهُمْ مَا كَانُوا يَكْسِبُونَ } ما الاولى تحتمل النافية والاستفهاميّة والثانية الموصولة والمصدريّة.  { (83) فَلَمَّا جَاءَتْهُمْ رُسُلُهُمْ بِالْبَيِّنَاتِ فَرِحُوا بِمَا عِنْدَهُمْ مِنَ الْعِلْمِ } واستحقروا علم الرّسل { وَحَاقَ بِهِمْ مَا كَانُوا بِهِ يَسْتَهْزِءُونَ }.  { (84) فَلَمّا رَأَوْا بَأْسَنَا } شدّة عذابنا { قَالُوا آمَنّا بِاللهِ وَحْدَهُ وَكَفَرْنَا بِمَا كُنَّا بِهِ مُشْرِكِينَ } يعنون الاصنام.  { (85) فَلَمْ يَكُ يَنْفَعُهُمْ إِيمَانُهُمْ لَمّا رَأَوْا بَأْسَنَا } لأنّه غير مقبول حينئذ { سُنَّةَ اللهِ الَّتِى قَدْ خَلَتْ فِى عِبَادِهِ } سنّ الله ذلك سنّة ماضية في العباد { وَخَسِرَ هُنَالِكَ الْكَافِرُونَ } اي وقت رؤيتهم البأس استعير اسم المكان للزمان.  في العيون عن الرضا عليه السلام انّه سئل لأيّ علّة غرق الله تعالى فرعون وقد آمن به واقرّ بتوحيده قال لأنّه آمن عند رؤية البأس والايمان عند رؤية البأس غير مقبول وذلك حكم الله تعالى ذكره في السّلف والخلف قال الله عزّ وجلّ { فَلمّا رَأَوْا بَأْسَنَا } الآيتين.  وفي الكافي قدم الى المتوكّل رجل نصرانيّ فجر بامرأة مسلمة فأراد ان يقيم عليه الحدّ فأسلم فقيل قد هدم ايمانه شركه وفعله وقيل يضرب ثلاثة حدود وقيل غير ذلك فأرسل المتوكّل الى الهادي عليه السلام وسأله عن ذلك فكتب عليه السلام يضرب حتّى يموت فأنكروا ذلك وقالوا هذا شيء لم ينطق به كتاب ولم تجئ به سنّة فسلوه ثانياً البيان فكتب هاتين الآيتين بعد البسملة فأمر به المتوكّل فضرب حتّى مات.  في ثواب الأعمال والمجمع عن الباقر عليه السلام قال من قرأ حم المؤمن في كلّ ليلة غفر الله له ما تقدّم من ذنبه وما تأخّر والزمه كلمة التقوى وجعل الآخرة خيراً له من الدنيا.  وعن الصادق عليه السلام الحواميم رياحين القرآن.
40,84,{ (79) اللهُ الَّذِى جَعَلَ لَكُمُ الأَنْعَامَ لِتَرْكَبُوا مِنْهَا وَمِنْهَا تَأْكُلُونَ } فانّ منها ما يؤكل كالغنم ومنها ما يؤكل ويركب كالابل والبقر.  { (80) وَلَكُمْ فِيهَا مَنَافِعُ } كالألبان والجلود والأوبار { وَلِتَبْلُغُوا عَلَيْهَا حَاجَةً فِى صُدُورِكُمْ } بالمسافرة عليها { وَعَلَيْهَا } في البرّ { وَعَلَى الْفُلْكِ } في البحر { تُحْمَلُونَ }.  { (81) وَيُرِيكُمْ آيَاتِهِ } الدالة على كمال قدرته وفرط رحمته { فَأَىَّ آيَاتِ اللهِ تُنْكِرُونَ } فانّها لظهورها لا تقبل الانكار.  { (82) أَفَلَمْ يَسِيرُوا فِى الأَرْضِ فَيَنْظُرُوا كَيْفَ كَانَ عَاقِبَةُ الَّذِينَ مِنْ قَبْلِهِمْ كَانُوا أَكْثَرَ مِنْهُمْ وَأَشَدَّ } منهم { قُوَّةً وَآثَارًا فِى الأَرْضِ } ما بقي منهم من القصور والمصانع وغير ذلك { فَمَا أَغْنَى عَنْهُمْ مَا كَانُوا يَكْسِبُونَ } ما الاولى تحتمل النافية والاستفهاميّة والثانية الموصولة والمصدريّة.  { (83) فَلَمَّا جَاءَتْهُمْ رُسُلُهُمْ بِالْبَيِّنَاتِ فَرِحُوا بِمَا عِنْدَهُمْ مِنَ الْعِلْمِ } واستحقروا علم الرّسل { وَحَاقَ بِهِمْ مَا كَانُوا بِهِ يَسْتَهْزِءُونَ }.  { (84) فَلَمّا رَأَوْا بَأْسَنَا } شدّة عذابنا { قَالُوا آمَنّا بِاللهِ وَحْدَهُ وَكَفَرْنَا بِمَا كُنَّا بِهِ مُشْرِكِينَ } يعنون الاصنام.  { (85) فَلَمْ يَكُ يَنْفَعُهُمْ إِيمَانُهُمْ لَمّا رَأَوْا بَأْسَنَا } لأنّه غير مقبول حينئذ { سُنَّةَ اللهِ الَّتِى قَدْ خَلَتْ فِى عِبَادِهِ } سنّ الله ذلك سنّة ماضية في العباد { وَخَسِرَ هُنَالِكَ الْكَافِرُونَ } اي وقت رؤيتهم البأس استعير اسم المكان للزمان.  في العيون عن الرضا عليه السلام انّه سئل لأيّ علّة غرق الله تعالى فرعون وقد آمن به واقرّ بتوحيده قال لأنّه آمن عند رؤية البأس والايمان عند رؤية البأس غير مقبول وذلك حكم الله تعالى ذكره في السّلف والخلف قال الله عزّ وجلّ { فَلمّا رَأَوْا بَأْسَنَا } الآيتين.  وفي الكافي قدم الى المتوكّل رجل نصرانيّ فجر بامرأة مسلمة فأراد ان يقيم عليه الحدّ فأسلم فقيل قد هدم ايمانه شركه وفعله وقيل يضرب ثلاثة حدود وقيل غير ذلك فأرسل المتوكّل الى الهادي عليه السلام وسأله عن ذلك فكتب عليه السلام يضرب حتّى يموت فأنكروا ذلك وقالوا هذا شيء لم ينطق به كتاب ولم تجئ به سنّة فسلوه ثانياً البيان فكتب هاتين الآيتين بعد البسملة فأمر به المتوكّل فضرب حتّى مات.  في ثواب الأعمال والمجمع عن الباقر عليه السلام قال من قرأ حم المؤمن في كلّ ليلة غفر الله له ما تقدّم من ذنبه وما تأخّر والزمه كلمة التقوى وجعل الآخرة خيراً له من الدنيا.  وعن الصادق عليه السلام الحواميم رياحين القرآن.
40,85,{ (79) اللهُ الَّذِى جَعَلَ لَكُمُ الأَنْعَامَ لِتَرْكَبُوا مِنْهَا وَمِنْهَا تَأْكُلُونَ } فانّ منها ما يؤكل كالغنم ومنها ما يؤكل ويركب كالابل والبقر.  { (80) وَلَكُمْ فِيهَا مَنَافِعُ } كالألبان والجلود والأوبار { وَلِتَبْلُغُوا عَلَيْهَا حَاجَةً فِى صُدُورِكُمْ } بالمسافرة عليها { وَعَلَيْهَا } في البرّ { وَعَلَى الْفُلْكِ } في البحر { تُحْمَلُونَ }.  { (81) وَيُرِيكُمْ آيَاتِهِ } الدالة على كمال قدرته وفرط رحمته { فَأَىَّ آيَاتِ اللهِ تُنْكِرُونَ } فانّها لظهورها لا تقبل الانكار.  { (82) أَفَلَمْ يَسِيرُوا فِى الأَرْضِ فَيَنْظُرُوا كَيْفَ كَانَ عَاقِبَةُ الَّذِينَ مِنْ قَبْلِهِمْ كَانُوا أَكْثَرَ مِنْهُمْ وَأَشَدَّ } منهم { قُوَّةً وَآثَارًا فِى الأَرْضِ } ما بقي منهم من القصور والمصانع وغير ذلك { فَمَا أَغْنَى عَنْهُمْ مَا كَانُوا يَكْسِبُونَ } ما الاولى تحتمل النافية والاستفهاميّة والثانية الموصولة والمصدريّة.  { (83) فَلَمَّا جَاءَتْهُمْ رُسُلُهُمْ بِالْبَيِّنَاتِ فَرِحُوا بِمَا عِنْدَهُمْ مِنَ الْعِلْمِ } واستحقروا علم الرّسل { وَحَاقَ بِهِمْ مَا كَانُوا بِهِ يَسْتَهْزِءُونَ }.  { (84) فَلَمّا رَأَوْا بَأْسَنَا } شدّة عذابنا { قَالُوا آمَنّا بِاللهِ وَحْدَهُ وَكَفَرْنَا بِمَا كُنَّا بِهِ مُشْرِكِينَ } يعنون الاصنام.  { (85) فَلَمْ يَكُ يَنْفَعُهُمْ إِيمَانُهُمْ لَمّا رَأَوْا بَأْسَنَا } لأنّه غير مقبول حينئذ { سُنَّةَ اللهِ الَّتِى قَدْ خَلَتْ فِى عِبَادِهِ } سنّ الله ذلك سنّة ماضية في العباد { وَخَسِرَ هُنَالِكَ الْكَافِرُونَ } اي وقت رؤيتهم البأس استعير اسم المكان للزمان.  في العيون عن الرضا عليه السلام انّه سئل لأيّ علّة غرق الله تعالى فرعون وقد آمن به واقرّ بتوحيده قال لأنّه آمن عند رؤية البأس والايمان عند رؤية البأس غير مقبول وذلك حكم الله تعالى ذكره في السّلف والخلف قال الله عزّ وجلّ { فَلمّا رَأَوْا بَأْسَنَا } الآيتين.  وفي الكافي قدم الى المتوكّل رجل نصرانيّ فجر بامرأة مسلمة فأراد ان يقيم عليه الحدّ فأسلم فقيل قد هدم ايمانه شركه وفعله وقيل يضرب ثلاثة حدود وقيل غير ذلك فأرسل المتوكّل الى الهادي عليه السلام وسأله عن ذلك فكتب عليه السلام يضرب حتّى يموت فأنكروا ذلك وقالوا هذا شيء لم ينطق به كتاب ولم تجئ به سنّة فسلوه ثانياً البيان فكتب هاتين الآيتين بعد البسملة فأمر به المتوكّل فضرب حتّى مات.  في ثواب الأعمال والمجمع عن الباقر عليه السلام قال من قرأ حم المؤمن في كلّ ليلة غفر الله له ما تقدّم من ذنبه وما تأخّر والزمه كلمة التقوى وجعل الآخرة خيراً له من الدنيا.  وعن الصادق عليه السلام الحواميم رياحين القرآن.
